[Licensing::Module] Trying to connect to existing licensing client channel...
Built from '6000.5/staging' branch; Version is '6000.5.8f1 (5cb7df797b7d) revision 6076383'; Using compiler version '194234433'; Build Type 'Release'
[Licensing::IpcConnector] Channel LicenseClient-minht doesn't exist
OS: 'Windows 11  (10.0.26200) CoreSingleLanguage' Language: 'en' Physical Memory: 32345 MB
BatchMode: 1, IsHumanControllingUs: 0, StartBugReporterOnCrash: 0, Is64bit: 1
System  architecture: x64
Process architecture: x64
Date: 2026-10-07T08:59:04Z
[Licensing::Module] Successfully launched the LicensingClient (PId: 6716)
[Licensing::IpcConnector] Successfully connected to: "LicenseClient-minht" at "2026-10-07T08:59:04.6673975Z"
[Licensing::Client] Code 10 while verifying Licensing Client signature (process Id: 6716, path: "C:/Program Files/Unity/Hub/Editor/6000.5.8f1/Editor/Data/Resources/Licensing/Client/Unity.Licensing.Client.exe")
[Licensing::Module] LicensingClient has failed validation; ignoring
[Licensing::Client] Handshaking with LicensingClient:
  Version:                 1.18.1+9fbee8e
  Session Id:              6be0abf1bee847b89ae7763b524b86ed
  Correlation Id:          5f28ba24898191945f6a2ea9112521e2
  External correlation Id: 6508369102280138681
  Machine Id:              gaoNjVOiA5/w7c0j7NjRnkSH0Fg=
[Licensing::Module] Successfully connected to LicensingClient on channel: "LicenseClient-minht" (connect: 0.25s, validation: 0.21s, handshake: 0.07s)
[Licensing::IpcConnector] Successfully connected to: "LicenseClient-minht-notifications" at "2026-10-07T08:59:04.9505009Z"
[Licensing::Module] Connected to LicensingClient (PId: 6716, launch time: 0.02, total connection time: 0.53s)
[Licensing::Module] Error: Access token is unavailable; failed to update
[Licensing::Client] Successfully resolved entitlement details
[Licensing::Module] License group:
  Id: F4-84B2-AJYW-2F6S-HS3K-XXXX
  Product: Unity Personal
  Type: ULF
  Expiration: 2026-11-13T09:58:39Z
[Licensing::Module] License group:
  Id: 18968483178885-UnityPersXXXX
  Product: Unity Personal
  Type: Assigned
  Expiration: Unlimited
[Licensing::Client] Successfully updated license, isAsync: True, time: 0.01
[Licensing::Client] Successfully resolved entitlement details
[Licensing::Module] License group:
  Id: F4-84B2-AJYW-2F6S-HS3K-XXXX
  Product: Unity Personal
  Type: ULF
  Expiration: 2026-11-13T09:58:39Z
[Licensing::Module] License group:
  Id: 18968483178885-UnityPersXXXX
  Product: Unity Personal
  Type: Assigned
  Expiration: Unlimited
[Licensing::Module] Licensing Background thread has ended after 0.63s

COMMAND LINE ARGUMENTS:
C:\Program Files\Unity\Hub\Editor\6000.5.8f1\Editor\Unity.exe
-batchmode
-nographics
-noUpm
-quit
-projectPath
D:/WORK/RESEARCH/POVGame/boxer-ramirez-unity/unity/BoxerP0
-executeMethod
BoxerP0.Editor.Round2Build.Web
-logFile
D:/WORK/RESEARCH/POVGame/boxer-ramirez-unity/evidence/ramirez-unity-round2/build-final-retry.log
Successfully changed project path to: D:/WORK/RESEARCH/POVGame/boxer-ramirez-unity/unity/BoxerP0
D:/WORK/RESEARCH/POVGame/boxer-ramirez-unity/unity/BoxerP0
[UnityMemory] Configuration Parameters - Can be set up in boot.config
    "memorysetup-temp-allocator-size-gi-baking-worker=262144"
    "memorysetup-temp-allocator-size-gi-baking-worker=262144"
    "memorysetup-temp-allocator-size-gi-baking-worker=262144"
    "memorysetup-temp-allocator-size-gi-baking-worker=262144"
    "memorysetup-temp-allocator-size-gi-baking-worker=262144"
    "memorysetup-temp-allocator-size-nav-mesh-worker=65536"
    "memorysetup-temp-allocator-size-audio-worker=65536"
    "memorysetup-temp-allocator-size-cloud-worker=32768"
    "memorysetup-temp-allocator-size-gfx=262144"
    "memorysetup-temp-allocator-size-preload-manager=33554432"
    "memorysetup-allocator-temp-initial-block-size-main=262144"
    "memorysetup-allocator-temp-initial-block-size-worker=262144"
    "memorysetup-temp-allocator-size-job-worker=262144"
    "memorysetup-temp-allocator-size-background-worker=32768"
    "memorysetup-bucket-allocator-granularity=16"
    "memorysetup-bucket-allocator-bucket-count=8"
    "memorysetup-bucket-allocator-block-size=33554432"
    "memorysetup-bucket-allocator-block-count=8"
    "memorysetup-main-allocator-block-size=16777216"
    "memorysetup-thread-allocator-block-size=16777216"
    "memorysetup-main-allocator-mimalloc-enabled=0"
    "memorysetup-gfx-main-allocator-block-size=16777216"
    "memorysetup-gfx-thread-allocator-block-size=16777216"
    "memorysetup-cache-allocator-block-size=4194304"
    "memorysetup-typetree-allocator-block-size=2097152"
    "memorysetup-profiler-bucket-allocator-granularity=16"
    "memorysetup-profiler-bucket-allocator-bucket-count=8"
    "memorysetup-profiler-bucket-allocator-block-size=33554432"
    "memorysetup-profiler-bucket-allocator-block-count=8"
    "memorysetup-profiler-allocator-block-size=16777216"
    "memorysetup-profiler-editor-allocator-block-size=1048576"
    "memorysetup-temp-allocator-size-main=16777216"
    "memorysetup-job-temp-allocator-block-size=2097152"
    "memorysetup-job-temp-allocator-block-size-background=1048576"
    "memorysetup-job-temp-allocator-reduction-small-platforms=262144"
Logging is directed to a specific file, skipping project log.Player connection [23280]  Target information:

Player connection [23280]  * "[IP] 172.25.96.1 [Port] 55504 [Flags] 2 [Guid] 933751944 [EditorId] 933751944 [Version] 1048832 [Id] WindowsEditor(7,DESKTOP-4PSD0G2) [Debug] 1 [PackageName] WindowsEditor [ProjectName] Editor" 

Player connection [23280]  * "[IP] 192.168.1.18 [Port] 55504 [Flags] 2 [Guid] 933751944 [EditorId] 933751944 [Version] 1048832 [Id] WindowsEditor(7,DESKTOP-4PSD0G2) [Debug] 1 [PackageName] WindowsEditor [ProjectName] Editor" 

Player connection [23280] Host joined multi-casting on [225.0.0.222:54997]...
Player connection [23280] Host joined alternative multi-casting on [225.0.0.222:34997]...
Input System module state changed to: Initialized.
[Physics::Module] Initialized fallback backend.
[Physics::Module] Id: 0xdecafbad
Library Redirect Path: Library/
[Physics::Module] Selected backend.
[Physics::Module] Name: PhysX
[Physics::Module] Id: 0xf2b8ea05
[Physics::Module] SDK Version: 4.1.2
[Physics::Module] Integration Version: 1.0.0
[Physics::Module] Threading Mode: Multi-Threaded
Initialize engine version: 6000.5.8f1 (5cb7df797b7d)
[Subsystems] Discovering subsystems at path C:/Program Files/Unity/Hub/Editor/6000.5.8f1/Editor/Data/Resources/UnitySubsystems
[Subsystems] Discovering subsystems at path D:/WORK/RESEARCH/POVGame/boxer-ramirez-unity/unity/BoxerP0/Assets
Forcing GfxDevice: Null
GfxDevice: creating device client; kGfxThreadingModeNonThreaded
NullGfxDevice:
    Version:  NULL 1.0 [1.0]
    Renderer: Null Device
    Vendor:   Unity Technologies
Initialize mono
Mono path[0] = 'C:/Program Files/Unity/Hub/Editor/6000.5.8f1/Editor/Data/Managed'
Mono path[1] = 'C:/Program Files/Unity/Hub/Editor/6000.5.8f1/Editor/Data/BCLExtensions/runtime/netstandard2.1'
Mono path[2] = 'C:/Program Files/Unity/Hub/Editor/6000.5.8f1/Editor/Data/MonoBleedingEdge/lib/mono/unityjit-win32'
Mono config path = 'C:/Program Files/Unity/Hub/Editor/6000.5.8f1/Editor/Data/MonoBleedingEdge/etc'
Using monoOptions --debugger-agent=transport=dt_socket,embedding=1,server=y,suspend=n,address=127.0.0.1:56516
CodeReloadManager initialized
ImportWorker Server TCP listen port: 0
AcceleratorClientConnectionCallback - disconnected - :0
Begin MonoManager ReloadAssembly
Registering precompiled unity dll's ...
Register platform support module: C:/Program Files/Unity/Hub/Editor/6000.5.8f1/Editor/Data/PlaybackEngines/WebGLSupport/UnityEditor.WebGL.Extensions.dll
Register platform support module: C:/Program Files/Unity/Hub/Editor/6000.5.8f1/Editor/Data/PlaybackEngines/WindowsStandaloneSupport/UnityEditor.WindowsStandalone.Extensions.dll
Registered in 0.001897 seconds.
Native extension for WindowsStandalone target not found
Native extension for WebGL target not found
Package Manager log level set to [2]
[Package Manager] Failed to launch server process. Reason: Unity was launched with the -noUpm command-line argument
[Package Manager] Unable to send message (not connected to server process).
[Package Manager] Cannot connect to Unity Package Manager local server
ScheduleIndexationOnStartup MainProcess:False IndexOnStartup:True
Mono: successfully reloaded assembly
- Finished resetting the current domain, in  0.461 seconds
Domain Reload Profiling: 971ms
	BeginReloadAssembly (163ms)
		CreateAndSetChildDomain (34ms)
	RebuildCommonClasses (5ms)
	RebuildNativeTypeToScriptingClass (17ms)
	initialDomainReloadingComplete (65ms)
	LoadAllAssembliesAndSetupDomain (260ms)
		LoadAssemblies (124ms)
		AnalyzeDomain (184ms)
			TypeCache.Refresh (182ms)
				TypeCache.ScanAssembly (169ms)
	FinalizeReload (462ms)
		SetupLoadedEditorAssemblies (0ms)
			InitializePlatformSupportModulesInManaged (3ms)
			BeforeProcessingInitializeOnLoad (80ms)
			ProcessInitializeOnLoadAttributes (102ms)
			ProcessInitializeOnLoadMethodAttributes (214ms)
[Licensing::Client] Successfully resolved entitlement details
[Licensing::Module] License group:
  Id: F4-84B2-AJYW-2F6S-HS3K-XXXX
  Product: Unity Personal
  Type: ULF
  Expiration: 2026-11-13T09:59:06Z
[Licensing::Module] License group:
  Id: 18968483178885-UnityPersXXXX
  Product: Unity Personal
  Type: Assigned
  Expiration: Unlimited
Application.AssetDatabase Initial Refresh Start
Starting: C:\Program Files\Unity\Hub\Editor\6000.5.8f1\Editor\Data\Tools\BuildPipeline\bee_backend.exe --ipc --defer-dag-verification --dagfile="Library/Bee/2000b0aE.dag" --continue-on-failure --profile="Library/Bee/backend1.traceevents" ScriptAssemblies
WorkingDir: D:/WORK/RESEARCH/POVGame/boxer-ramirez-unity/unity/BoxerP0
DisplayProgressbar: Compiling Scripts
ExitCode: 0 Duration: 0s105ms
*** Tundra build success (0.03 seconds), 0 items updated, 169 evaluated
AssetDatabase: script compilation time: 2.318436s
Total cache size 15393888
Total cache size after purge 15393888, took 00:00:00.0367290
Begin MonoManager ReloadAssembly
Native extension for WindowsStandalone target not found
Native extension for WebGL target not found
[Package Manager] Failed to launch server process. Reason: Unity was launched with the -noUpm command-line argument
[Package Manager] Unable to send message (not connected to server process).
[Package Manager] Cannot connect to Unity Package Manager local server
ScheduleIndexationOnStartup MainProcess:True IndexOnStartup:True
Mono: successfully reloaded assembly
- Finished resetting the current domain, in  0.456 seconds
Domain Reload Profiling: 774ms
	BeginReloadAssembly (187ms)
		DisableScriptedObjects (20ms)
		CreateAndSetChildDomain (36ms)
	RebuildCommonClasses (8ms)
	RebuildNativeTypeToScriptingClass (14ms)
	initialDomainReloadingComplete (36ms)
	LoadAllAssembliesAndSetupDomain (72ms)
		LoadAssemblies (98ms)
		AnalyzeDomain (8ms)
			TypeCache.Refresh (5ms)
	FinalizeReload (458ms)
		SetupLoadedEditorAssemblies (0ms)
			BeforeProcessingInitializeOnLoad (71ms)
			ProcessInitializeOnLoadAttributes (77ms)
			ProcessInitializeOnLoadMethodAttributes (71ms)
			AfterProcessingInitializeOnLoad (7ms)
		AwakeInstancesAfterBackupRestoration (30ms)
Importing 'GUID: d00c93fd34b0abe49a334af5f111422f - Path: Assets/Scenes/Phase0Boxer.unity' with importer (DefaultImporter)
Imported 'GUID: d00c93fd34b0abe49a334af5f111422f' -> (Import Result ID: 'c7f9de529a8034ec347a790f0060c8f6') in 0.006 seconds [static dependencies only]. Details - ImportResultOutputID=c49193a4f5988da42816871b830c47ac DependenciesID=5954b3ba9cbd4f96edaf9b8bbaa8be54 StaticDependenciesID=ffddb033611be80e4a33395a721d7672 
Starting new worker id: 0 with log in D:/WORK/RESEARCH/POVGame/boxer-ramirez-unity/unity/BoxerP0/Logs/AssetImportWorkerHW0.log

Asset Pipeline Refresh (id=31f752d242443534ba42d0d2d411d5df): Total: 3.291 seconds - Initiated by InitialRefreshV2(ForceSynchronousImport)
	(Values over 0.05ms)
	Summary:
		Imports: total=1 (actual=1, local cache=0, cache server=0)
		Asset DB Process Time: managed=1 ms, native=575 ms
		Asset DB Callback time: managed=43 ms, native=3 ms
		Scripting: domain reloads=1, domain reload time=341 ms, compile time=2321 ms, other=5 ms
		Project Asset Count: scripts=36, non-scripts=30
		Asset File Changes: new=0, changed=0, moved=0, deleted=0
		Scan Filter Count: 0
	ApplyChangesToAssetFolders: 0.130ms
	Scan: 32.567ms
	Collect global state as custom dependencies: 6.903ms
	CategorizeScriptCompilationAssets: 0.112ms
	ProcessAssetsWithTransientArtifactChanges: 1.403ms
	CategorizeAssets: 0.360ms
	CompileScripts: 2320.535ms
	ImportOutOfDateAssets: 502.318ms (458.708ms without children)
		ImportManagerImport: 7.815ms (1.159ms without children)
		UnloadImportedAssets: 0.619ms
		ImportSchedulerStart: 35.155ms
	PostProcessAllAssets: 44.893ms
		VCAutoAddAssetPostprocess 1.205ms
		MonoPostProcessAllAssets: 43.367ms
			AssetPostprocessor.OnPostprocessAllAssets 11.228ms
			StyleCatalogPostProcessor.OnPostprocessAllAssets 6.927ms
			WindowAssetPostprocessingWatcher.OnPostprocessAllAssets 6.005ms
			BuilderAssetPostprocessor.OnPostprocessAllAssets 4.123ms
			AssetChangedListener.OnPostprocessAllAssets 1.919ms
			SyncVS.PostprocessSyncProject 1.355ms
			RetainedModeAssetPostprocessor.OnPostprocessAllAssets 0.946ms
			EditModeScopePostprocessor.OnPostprocessAllAssets 0.867ms
			SpeedTree9Postprocessor.OnPostprocessAllAssets 0.704ms
			ArtifactBrowserPostProcessor.OnPostprocessAllAssets 0.631ms
			TextAssetPostProcessor.OnPostprocessAllAssets 0.520ms
			ReferencedClipsPostProcessor.OnPostprocessAllAssets 0.252ms
			AudioMixerPostprocessor.OnPostprocessAllAssets 0.244ms
			AssetEvents.OnPostprocessAllAssets 0.206ms
			TerrainToolbarOverlayPostProcessor.OnPostprocessAllAssets 0.168ms
			SpeedTreePostProcessor.OnPostprocessAllAssets 0.154ms
			AssetDatabaseCallbacks.OnPostprocessAllAssets 0.125ms
			ScenarioDriftAssetsTracker.OnPostprocessAllAssets 0.114ms
			ConfigAssetsTracker.OnPostprocessAllAssets 0.097ms
			RenderPipelineGlobalSettingsPostprocessor.OnPostprocessAllAssets 0.081ms
			AudioContainerPostProcessor.OnPostprocessAllAssets 0.071ms
	PostAssetChangesProfiler: 1.842ms
	UnloadStreamsBegin: 1.503ms
	Untracked: 375.199ms

Application.AssetDatabase Initial Refresh End
Scanning for USB devices : 3.944ms
Initializing Unity extensions:
[MODES] ModeService[none].Initialize
[MODES] ModeService[none].LoadModes
[MODES] Loading mode Default (0) for mode-current-id-Boxer P0
Unloading 5 Unused Serialized files (Serialized files now loaded: 0)
Unloading 70 unused Assets / (0.6 MB). Loaded Objects now: 861.
Memory consumption went from 196.7 MB to 196.1 MB.
Total: 4.159300 ms (FindLiveObjects: 0.052200 ms CreateObjectMapping: 0.015800 ms MarkObjects: 3.863700 ms  DeleteObjects: 0.224300 ms)

Unloading 0 Unused Serialized files (Serialized files now loaded: 0)
Unloading 0 unused Assets / (0 B). Loaded Objects now: 861.
Memory consumption went from 196.0 MB to 196.0 MB.
Total: 3.248600 ms (FindLiveObjects: 0.036800 ms CreateObjectMapping: 0.013000 ms MarkObjects: 3.194000 ms  DeleteObjects: 0.003500 ms)

Importing 'GUID: d00c93fd34b0abe49a334af5f111422f - Path: Assets/Scenes/Phase0Boxer.unity' with importer (DefaultImporter)
Imported 'GUID: d00c93fd34b0abe49a334af5f111422f' -> (Import Result ID: 'fc4133a28db8ec2ad2881ad056997358') in 0.001 seconds [static dependencies only]. Details - ImportResultOutputID=c49193a4f5988da42816871b830c47ac DependenciesID=6770721756f1cbfdf34cbfe9228dfc10 StaticDependenciesID=714a1581afdc951a51fd59f09a85f145 
Asset Pipeline Refresh (id=4a0addb761a29eb4aabf8c48f5510f65): Total: 0.060 seconds - Initiated by StopAssetImportingV2(NoUpdateAssetOptions)
P0_SCENE_BUILT=Assets/Scenes/Phase0Boxer.unity
UnityEngine.Debug:ExtractStackTraceNoAlloc (byte*,int,string)
UnityEngine.StackTraceUtility:ExtractStackTrace ()
UnityEngine.DebugLogHandler:Internal_Log (UnityEngine.LogType,UnityEngine.LogOption,string,UnityEngine.Object)
UnityEngine.DebugLogHandler:LogFormat (UnityEngine.LogType,UnityEngine.Object,string,object[])
UnityEngine.Logger:Log (UnityEngine.LogType,object)
UnityEngine.Debug:Log (object)
BoxerP0.Editor.Phase0SceneBuilder:Build () (at Assets/Editor/Phase0SceneBuilder.cs:32)
BoxerP0.Editor.Round2Build:Web () (at Assets/Editor/Round2Build.cs:26)

(Filename: Assets/Editor/Phase0SceneBuilder.cs Line: 32)

AcceleratorClientConnectionCallback - disconnected - :0
Importing 'GUID: 00000000000000004000000000000000 - Path: ProjectSettings/ProjectSettings.asset' with importer (LibraryAssetImporter)
Imported 'GUID: 00000000000000004000000000000000' -> (Import Result ID: 'c10c201b5b3dd9c67f276e1fa82ca4aa') in 0.001 seconds [static dependencies only]. Details - ImportResultOutputID=276a810dac73e1f29404d5e5f692e214 DependenciesID=864dcf9c1bb2002321d498434ff704c5 StaticDependenciesID=b0d311969d07c1e533222cd3fa5b3833 
Asset Pipeline Refresh (id=9230228563289744c94637abdfe0d548): Total: 0.011 seconds - Initiated by StopAssetImportingV2(NoUpdateAssetOptions)
Launched and connected shader compiler UnityShaderCompiler.exe after 0.10 seconds
Curl error 7: Failed to connect to config.uca.cloud.unity3d.com port 443 after 2071 ms: Could not connect to server
Starting: C:\Program Files\Unity\Hub\Editor\6000.5.8f1\Editor\Data\Tools\BuildPipeline\bee_backend.exe --ipc --defer-dag-verification --dagfile="Library/Bee/2000b0aESkipCompile.dag" --continue-on-failure --profile="Library/Bee/backend1.traceevents" ScriptAssembliesAndTypeDB
WorkingDir: D:/WORK/RESEARCH/POVGame/boxer-ramirez-unity/unity/BoxerP0
ExitCode: 0 Duration: 0s834ms
[2/3        0s] BuildPlayerDataGenerator Library/BuildPlayerData/Editor/TypeDb-All.json
*** Tundra build success (0.77 seconds), 1 items updated, 3 evaluated
Asset Pipeline Refresh (id=a7c78b4efced5d244bb866483ad6cb5e): Total: 0.004 seconds - Initiated by RefreshV2(NoUpdateAssetOptions)
[ScriptCompilation] Requested script compilation because: Recompiling scripts for player build.
BuildPlayer: start building target 20
Total cache size 15393888
Total cache size after purge 15393888, took 00:00:00.0348775
Starting: C:\Program Files\Unity\Hub\Editor\6000.5.8f1\Editor\Data\Tools\BuildPipeline\bee_backend.exe --ipc --defer-dag-verification --dagfile="Library/Bee/2000b0aP.dag" --continue-on-failure --profile="Library/Bee/backend1.traceevents" ScriptAssembliesAndTypeDB
WorkingDir: D:/WORK/RESEARCH/POVGame/boxer-ramirez-unity/unity/BoxerP0
Assets\Scripts\BoxerVisualShell.cs(56,26): warning CS0618: 'Object.FindFirstObjectByType<T>()' is obsolete: 'FindFirstObjectByType has been deprecated because it relies on instance ID ordering. Use FindAnyObjectByType instead, which does not depend on ordering.'
Assets\Scripts\BoxerVisualShell.cs(57,22): warning CS0618: 'Object.FindFirstObjectByType<T>()' is obsolete: 'FindFirstObjectByType has been deprecated because it relies on instance ID ordering. Use FindAnyObjectByType instead, which does not depend on ordering.'
Assets\Scripts\BoxerVisualShell.cs(58,25): warning CS0618: 'Object.FindFirstObjectByType<T>()' is obsolete: 'FindFirstObjectByType has been deprecated because it relies on instance ID ordering. Use FindAnyObjectByType instead, which does not depend on ordering.'
Assets\Scripts\EVVisualShell.cs(55,26): warning CS0618: 'Object.FindFirstObjectByType<T>()' is obsolete: 'FindFirstObjectByType has been deprecated because it relies on instance ID ordering. Use FindAnyObjectByType instead, which does not depend on ordering.'
Assets\Scripts\EVVisualShell.cs(56,24): warning CS0618: 'Object.FindFirstObjectByType<T>()' is obsolete: 'FindFirstObjectByType has been deprecated because it relies on instance ID ordering. Use FindAnyObjectByType instead, which does not depend on ordering.'
Assets\Scripts\Blender3DVisualFollower.cs(85,25): warning CS0618: 'Object.FindFirstObjectByType<T>()' is obsolete: 'FindFirstObjectByType has been deprecated because it relies on instance ID ordering. Use FindAnyObjectByType instead, which does not depend on ordering.'
Assets\Scripts\Blender3DVisualFollower.cs(86,23): warning CS0618: 'Object.FindFirstObjectByType<T>()' is obsolete: 'FindFirstObjectByType has been deprecated because it relies on instance ID ordering. Use FindAnyObjectByType instead, which does not depend on ordering.'
Assets\Scripts\BoxerVisualShell.cs(204,64): warning CS0618: 'FindObjectsSortMode' is obsolete: 'FindObjectsSortMode has been deprecated. Use the FindObjectsByType overloads that do not take a FindObjectsSortMode parameter.'
Assets\Scripts\BoxerVisualShell.cs(204,34): warning CS0618: 'Object.FindObjectsByType<T>(FindObjectsSortMode)' is obsolete: 'FindObjectsByType with FindObjectsSortMode parameter has been deprecated. Use FindObjectsByType<T>() or FindObjectsByType<T>(FindObjectsInactive) instead. InstanceID will be replaced in the future with EntityId and previous sort order cannot be maintained.'
Assets\Scripts\BoxerInput.cs(74,13): warning CS0162: Unreachable code detected
Assets\Scripts\BoxerInput.cs(129,13): warning CS0162: Unreachable code detected
Assets\Scripts\BoxerBootstrap.cs(339,17): warning CS0618: 'Object.FindFirstObjectByType<T>()' is obsolete: 'FindFirstObjectByType has been deprecated because it relies on instance ID ordering. Use FindAnyObjectByType instead, which does not depend on ordering.'
Assets\Scripts\P1PunchGuide.cs(22,26): warning CS0618: 'Object.FindFirstObjectByType<T>()' is obsolete: 'FindFirstObjectByType has been deprecated because it relies on instance ID ordering. Use FindAnyObjectByType instead, which does not depend on ordering.'
Assets\Scripts\P1PunchGuide.cs(45,17): warning CS0618: 'Object.FindFirstObjectByType<T>()' is obsolete: 'FindFirstObjectByType has been deprecated because it relies on instance ID ordering. Use FindAnyObjectByType instead, which does not depend on ordering.'
Assets\Scripts\P1VCombatPresentation.cs(77,26): warning CS0618: 'Object.FindFirstObjectByType<T>()' is obsolete: 'FindFirstObjectByType has been deprecated because it relies on instance ID ordering. Use FindAnyObjectByType instead, which does not depend on ordering.'
Assets\Scripts\P1VCombatPresentation.cs(78,22): warning CS0618: 'Object.FindFirstObjectByType<T>()' is obsolete: 'FindFirstObjectByType has been deprecated because it relies on instance ID ordering. Use FindAnyObjectByType instead, which does not depend on ordering.'
Assets\Scripts\P1VCombatPresentation.cs(79,23): warning CS0618: 'Object.FindFirstObjectByType<T>()' is obsolete: 'FindFirstObjectByType has been deprecated because it relies on instance ID ordering. Use FindAnyObjectByType instead, which does not depend on ordering.'
Assets\Scripts\P1VCombatPresentation.cs(80,25): warning CS0618: 'Object.FindFirstObjectByType<T>()' is obsolete: 'FindFirstObjectByType has been deprecated because it relies on instance ID ordering. Use FindAnyObjectByType instead, which does not depend on ordering.'
Assets\Scripts\P1VCombatPresentation.cs(81,26): warning CS0618: 'Object.FindFirstObjectByType<T>()' is obsolete: 'FindFirstObjectByType has been deprecated because it relies on instance ID ordering. Use FindAnyObjectByType instead, which does not depend on ordering.'
Assets\Scripts\P1VCombatPresentation.cs(82,38): warning CS0618: 'Object.FindFirstObjectByType<T>()' is obsolete: 'FindFirstObjectByType has been deprecated because it relies on instance ID ordering. Use FindAnyObjectByType instead, which does not depend on ordering.'
Assets\Scripts\EVVisualShell.cs(419,65): warning CS0618: 'FindObjectsSortMode' is obsolete: 'FindObjectsSortMode has been deprecated. Use the FindObjectsByType overloads that do not take a FindObjectsSortMode parameter.'
Assets\Scripts\EVVisualShell.cs(419,37): warning CS0618: 'Object.FindObjectsByType<T>(FindObjectsSortMode)' is obsolete: 'FindObjectsByType with FindObjectsSortMode parameter has been deprecated. Use FindObjectsByType<T>() or FindObjectsByType<T>(FindObjectsInactive) instead. InstanceID will be replaced in the future with EntityId and previous sort order cannot be maintained.'
Assets\Scripts\OpponentLegEmbodiment.cs(21,40): warning CS0414: The field 'OpponentLegEmbodiment._footLength' is assigned but its value is never used
Assets\Scripts\OpponentLegEmbodiment.cs(19,40): warning CS0414: The field 'OpponentLegEmbodiment._thighLength' is assigned but its value is never used
Assets\Scripts\OpponentLegEmbodiment.cs(20,40): warning CS0414: The field 'OpponentLegEmbodiment._shinLength' is assigned but its value is never used
Assets\Scripts\ArmVisualEmbodiment.cs(85,40): warning CS0414: The field 'ArmVisualEmbodiment._upperArmLength' is assigned but its value is never used
Assets\Scripts\ArmVisualEmbodiment.cs(86,40): warning CS0414: The field 'ArmVisualEmbodiment._forearmLength' is assigned but its value is never used
Assets\Scripts\OpponentLegEmbodiment.cs(17,40): warning CS0414: The field 'OpponentLegEmbodiment._pelvisHeight' is assigned but its value is never used
Total cache size 15393888
Total cache size after purge 15393888, took 00:00:00.0208868
ExitCode: 0 Duration: 10s
[BUSY       6s] Csc Library/Bee/artifacts/2000b0aP.dag/Assembly-CSharp.dll (+2 others)
[85/90      9s] Csc Library/Bee/artifacts/2000b0aP.dag/Assembly-CSharp.dll (+2 others)
Assets\Scripts\BoxerVisualShell.cs(56,26): warning CS0618: 'Object.FindFirstObjectByType<T>()' is obsolete: 'FindFirstObjectByType has been deprecated because it relies on instance ID ordering. Use FindAnyObjectByType instead, which does not depend on ordering.'

Assets\Scripts\BoxerVisualShell.cs(57,22): warning CS0618: 'Object.FindFirstObjectByType<T>()' is obsolete: 'FindFirstObjectByType has been deprecated because it relies on instance ID ordering. Use FindAnyObjectByType instead, which does not depend on ordering.'

Assets\Scripts\BoxerVisualShell.cs(58,25): warning CS0618: 'Object.FindFirstObjectByType<T>()' is obsolete: 'FindFirstObjectByType has been deprecated because it relies on instance ID ordering. Use FindAnyObjectByType instead, which does not depend on ordering.'

Assets\Scripts\EVVisualShell.cs(55,26): warning CS0618: 'Object.FindFirstObjectByType<T>()' is obsolete: 'FindFirstObjectByType has been deprecated because it relies on instance ID ordering. Use FindAnyObjectByType instead, which does not depend on ordering.'

Assets\Scripts\EVVisualShell.cs(56,24): warning CS0618: 'Object.FindFirstObjectByType<T>()' is obsolete: 'FindFirstObjectByType has been deprecated because it relies on instance ID ordering. Use FindAnyObjectByType instead, which does not depend on ordering.'

Assets\Scripts\Blender3DVisualFollower.cs(85,25): warning CS0618: 'Object.FindFirstObjectByType<T>()' is obsolete: 'FindFirstObjectByType has been deprecated because it relies on instance ID ordering. Use FindAnyObjectByType instead, which does not depend on ordering.'

Assets\Scripts\Blender3DVisualFollower.cs(86,23): warning CS0618: 'Object.FindFirstObjectByType<T>()' is obsolete: 'FindFirstObjectByType has been deprecated because it relies on instance ID ordering. Use FindAnyObjectByType instead, which does not depend on ordering.'

Assets\Scripts\BoxerVisualShell.cs(204,64): warning CS0618: 'FindObjectsSortMode' is obsolete: 'FindObjectsSortMode has been deprecated. Use the FindObjectsByType overloads that do not take a FindObjectsSortMode parameter.'

Assets\Scripts\BoxerVisualShell.cs(204,34): warning CS0618: 'Object.FindObjectsByType<T>(FindObjectsSortMode)' is obsolete: 'FindObjectsByType with FindObjectsSortMode parameter has been deprecated. Use FindObjectsByType<T>() or FindObjectsByType<T>(FindObjectsInactive) instead. InstanceID will be replaced in the future with EntityId and previous sort order cannot be maintained.'

Assets\Scripts\BoxerInput.cs(74,13): warning CS0162: Unreachable code detected

Assets\Scripts\BoxerInput.cs(129,13): warning CS0162: Unreachable code detected

Assets\Scripts\BoxerBootstrap.cs(339,17): warning CS0618: 'Object.FindFirstObjectByType<T>()' is obsolete: 'FindFirstObjectByType has been deprecated because it relies on instance ID ordering. Use FindAnyObjectByType instead, which does not depend on ordering.'

Assets\Scripts\P1PunchGuide.cs(22,26): warning CS0618: 'Object.FindFirstObjectByType<T>()' is obsolete: 'FindFirstObjectByType has been deprecated because it relies on instance ID ordering. Use FindAnyObjectByType instead, which does not depend on ordering.'

Assets\Scripts\P1PunchGuide.cs(45,17): warning CS0618: 'Object.FindFirstObjectByType<T>()' is obsolete: 'FindFirstObjectByType has been deprecated because it relies on instance ID ordering. Use FindAnyObjectByType instead, which does not depend on ordering.'

Assets\Scripts\P1VCombatPresentation.cs(77,26): warning CS0618: 'Object.FindFirstObjectByType<T>()' is obsolete: 'FindFirstObjectByType has been deprecated because it relies on instance ID ordering. Use FindAnyObjectByType instead, which does not depend on ordering.'

Assets\Scripts\P1VCombatPresentation.cs(78,22): warning CS0618: 'Object.FindFirstObjectByType<T>()' is obsolete: 'FindFirstObjectByType has been deprecated because it relies on instance ID ordering. Use FindAnyObjectByType instead, which does not depend on ordering.'

Assets\Scripts\P1VCombatPresentation.cs(79,23): warning CS0618: 'Object.FindFirstObjectByType<T>()' is obsolete: 'FindFirstObjectByType has been deprecated because it relies on instance ID ordering. Use FindAnyObjectByType instead, which does not depend on ordering.'

Assets\Scripts\P1VCombatPresentation.cs(80,25): warning CS0618: 'Object.FindFirstObjectByType<T>()' is obsolete: 'FindFirstObjectByType has been deprecated because it relies on instance ID ordering. Use FindAnyObjectByType instead, which does not depend on ordering.'

Assets\Scripts\P1VCombatPresentation.cs(81,26): warning CS0618: 'Object.FindFirstObjectByType<T>()' is obsolete: 'FindFirstObjectByType has been deprecated because it relies on instance ID ordering. Use FindAnyObjectByType instead, which does not depend on ordering.'

Assets\Scripts\P1VCombatPresentation.cs(82,38): warning CS0618: 'Object.FindFirstObjectByType<T>()' is obsolete: 'FindFirstObjectByType has been deprecated because it relies on instance ID ordering. Use FindAnyObjectByType instead, which does not depend on ordering.'

Assets\Scripts\EVVisualShell.cs(419,65): warning CS0618: 'FindObjectsSortMode' is obsolete: 'FindObjectsSortMode has been deprecated. Use the FindObjectsByType overloads that do not take a FindObjectsSortMode parameter.'

Assets\Scripts\EVVisualShell.cs(419,37): warning CS0618: 'Object.FindObjectsByType<T>(FindObjectsSortMode)' is obsolete: 'FindObjectsByType with FindObjectsSortMode parameter has been deprecated. Use FindObjectsByType<T>() or FindObjectsByType<T>(FindObjectsInactive) instead. InstanceID will be replaced in the future with EntityId and previous sort order cannot be maintained.'

Assets\Scripts\OpponentLegEmbodiment.cs(21,40): warning CS0414: The field 'OpponentLegEmbodiment._footLength' is assigned but its value is never used

Assets\Scripts\OpponentLegEmbodiment.cs(19,40): warning CS0414: The field 'OpponentLegEmbodiment._thighLength' is assigned but its value is never used

Assets\Scripts\OpponentLegEmbodiment.cs(20,40): warning CS0414: The field 'OpponentLegEmbodiment._shinLength' is assigned but its value is never used

Assets\Scripts\ArmVisualEmbodiment.cs(85,40): warning CS0414: The field 'ArmVisualEmbodiment._upperArmLength' is assigned but its value is never used

Assets\Scripts\ArmVisualEmbodiment.cs(86,40): warning CS0414: The field 'ArmVisualEmbodiment._forearmLength' is assigned but its value is never used

Assets\Scripts\OpponentLegEmbodiment.cs(17,40): warning CS0414: The field 'OpponentLegEmbodiment._pelvisHeight' is assigned but its value is never used
[86/90      0s] CopyFiles Library/Bee/PlayerScriptAssemblies/Assembly-CSharp.pdb
[87/90      0s] CopyFiles Library/Bee/PlayerScriptAssemblies/Assembly-CSharp.dll
[89/90      0s] BuildPlayerDataGenerator Library/BuildPlayerData/Player/RuntimeInitializeOnLoads.json (+1 other)
*** Tundra build success (10.60 seconds), 4 items updated, 90 evaluated
Rebuilding Data files because Assets/Scenes/Phase0Boxer.unity is dirty (hash)


Mono dependencies included in the build
Dependency assembly - Mono.Security.dll
Dependency assembly - System.Text.Encodings.Web.dll
Dependency assembly - System.Globalization.dll
Dependency assembly - I18N.MidEast.dll
Dependency assembly - mscorlib.dll
Dependency assembly - System.Text.Json.dll
Dependency assembly - System.Security.Cryptography.Hashing.Algorithms.dll
Dependency assembly - System.Windows.dll
Dependency assembly - System.Diagnostics.Debug.dll
Dependency assembly - System.Security.Principal.Windows.dll
Dependency assembly - System.ComponentModel.EventBasedAsync.dll
Dependency assembly - System.Collections.Concurrent.dll
Dependency assembly - System.Reflection.Emit.dll
Dependency assembly - System.Threading.ThreadPool.dll
Dependency assembly - System.Xml.XmlDocument.dll
Dependency assembly - System.Threading.Tasks.dll
Dependency assembly - System.Security.Cryptography.Encryption.ECDsa.dll
Dependency assembly - System.Collections.Immutable.dll
Dependency assembly - System.Reflection.Extensions.dll
Dependency assembly - System.Xaml.dll
Dependency assembly - I18N.dll
Dependency assembly - System.Xml.Xsl.Primitives.dll
Dependency assembly - System.ServiceModel.NetTcp.dll
Dependency assembly - System.Data.Entity.dll
Dependency assembly - System.ComponentModel.DataAnnotations.dll
Dependency assembly - System.Net.WebSockets.Client.dll
Dependency assembly - System.Data.Services.dll
Dependency assembly - I18N.West.dll
Dependency assembly - System.Numerics.Vectors.dll
Dependency assembly - System.Security.dll
Dependency assembly - System.Diagnostics.TraceEvent.dll
Dependency assembly - Assembly-CSharp.dll
Dependency assembly - System.Diagnostics.TextWriterTraceListener.dll
Dependency assembly - System.Reflection.dll
Dependency assembly - System.Drawing.Primitives.dll
Dependency assembly - System.ComponentModel.dll
Dependency assembly - System.Xml.XPath.XDocument.dll
Dependency assembly - System.Configuration.dll
Dependency assembly - System.Security.Cryptography.Encryption.Aes.dll
Dependency assembly - System.IO.Compression.FileSystem.dll
Dependency assembly - System.ServiceModel.Web.dll
Dependency assembly - Microsoft.Extensions.Logging.Abstractions.dll
Dependency assembly - System.Collections.dll
Dependency assembly - System.IO.FileSystem.DriveInfo.dll
Dependency assembly - Microsoft.CSharp.dll
Dependency assembly - System.Xml.XDocument.dll
Dependency assembly - System.Web.RegularExpressions.dll
Dependency assembly - System.Security.Cryptography.ProtectedData.dll
Dependency assembly - System.Security.Cryptography.RSA.dll
Dependency assembly - System.IO.dll
Dependency assembly - System.ServiceModel.Security.dll
Dependency assembly - System.Runtime.InteropServices.WindowsRuntime.dll
Dependency assembly - System.Drawing.Design.dll
Dependency assembly - System.Resources.ReaderWriter.dll
Dependency assembly - System.Web.Extensions.Design.dll
Dependency assembly - System.Runtime.Numerics.dll
Dependency assembly - System.Security.Cryptography.Cng.dll
Dependency assembly - System.Text.RegularExpressions.dll
Dependency assembly - System.Drawing.dll
Dependency assembly - System.Net.ServicePoint.dll
Dependency assembly - System.Text.Encoding.dll
Dependency assembly - Microsoft.Win32.Registry.dll
Dependency assembly - System.Web.Services.dll
Dependency assembly - System.Data.Services.Client.dll
Dependency assembly - System.ServiceProcess.dll
Dependency assembly - System.Reflection.Emit.ILGeneration.dll
Dependency assembly - System.Core.dll
Dependency assembly - System.Xml.Serialization.dll
Dependency assembly - System.Runtime.Serialization.Json.dll
Dependency assembly - System.Text.Encoding.CodePages.dll
Dependency assembly - System.ComponentModel.Primitives.dll
Dependency assembly - System.Linq.Parallel.dll
Dependency assembly - System.Management.dll
Dependency assembly - System.IO.Compression.dll
Dependency assembly - System.Net.WebSockets.dll
Dependency assembly - System.Runtime.Serialization.Xml.dll
Dependency assembly - System.Net.Http.WebRequest.dll
Dependency assembly - System.ValueTuple.dll
Dependency assembly - System.Security.Cryptography.Encoding.dll
Dependency assembly - System.Text.Encoding.Extensions.dll
Dependency assembly - System.Windows.Forms.DataVisualization.dll
Dependency assembly - System.Net.dll
Dependency assembly - System.Threading.Thread.dll
Dependency assembly - System.Security.Cryptography.Encryption.dll
Dependency assembly - System.ComponentModel.TypeConverter.dll
Dependency assembly - Microsoft.Extensions.DependencyInjection.Abstractions.dll
Dependency assembly - System.Diagnostics.Contracts.dll
Dependency assembly - System.Threading.Overlapped.dll
Dependency assembly - System.IO.FileSystem.AccessControl.dll
Dependency assembly - System.IO.FileSystem.Watcher.dll
Dependency assembly - System.Runtime.Serialization.dll
Dependency assembly - System.Threading.Timer.dll
Dependency assembly - System.Security.Cryptography.RandomNumberGenerator.dll
Dependency assembly - System.Net.WebHeaderCollection.dll
Dependency assembly - System.Runtime.dll
Dependency assembly - System.Net.Sockets.dll
Dependency assembly - System.Configuration.Install.dll
Dependency assembly - System.Xml.dll
Dependency assembly - System.Diagnostics.DiagnosticSource.dll
Dependency assembly - System.Resources.Reader.dll
Dependency assembly - System.Threading.Tasks.Parallel.dll
Dependency assembly - System.Linq.dll
Dependency assembly - System.Data.Common.dll
Dependency assembly - System.Runtime.Serialization.Primitives.dll
Dependency assembly - System.Security.Cryptography.OpenSsl.dll
Dependency assembly - System.DirectoryServices.Protocols.dll
Dependency assembly - System.Transactions.dll
Dependency assembly - System.Runtime.Handles.dll
Dependency assembly - System.Xml.Linq.dll
Dependency assembly - System.AppContext.dll
Dependency assembly - System.Linq.Expressions.dll
Dependency assembly - System.IO.IsolatedStorage.dll
Dependency assembly - System.Globalization.Extensions.dll
Dependency assembly - I18N.Other.dll
Dependency assembly - Microsoft.Win32.Primitives.dll
Dependency assembly - System.Reflection.Metadata.dll
Dependency assembly - System.Runtime.Loader.dll
Dependency assembly - System.Dynamic.Runtime.dll
Dependency assembly - System.Security.SecureString.dll
Dependency assembly - System.ServiceProcess.ServiceController.dll
Dependency assembly - System.Reflection.Context.dll
Dependency assembly - System.Net.Requests.dll
Dependency assembly - System.Net.Primitives.dll
Dependency assembly - System.Runtime.CompilerServices.Unsafe.dll
Dependency assembly - System.Diagnostics.Process.dll
Dependency assembly - System.Net.HttpListener.dll
Dependency assembly - System.Xml.ReaderWriter.dll
Dependency assembly - Accessibility.dll
Dependency assembly - System.ComponentModel.Composition.dll
Dependency assembly - System.IO.FileSystem.dll
Dependency assembly - System.Diagnostics.Tracing.dll
Dependency assembly - System.Web.dll
Dependency assembly - System.Xml.XmlSerializer.dll
Dependency assembly - System.Net.AuthenticationManager.dll
Dependency assembly - System.ServiceModel.Primitives.dll
Dependency assembly - System.Security.Cryptography.DeriveBytes.dll
Dependency assembly - System.Data.DataSetExtensions.dll
Dependency assembly - System.Resources.ResourceManager.dll
Dependency assembly - System.Net.Ping.dll
Dependency assembly - System.Xml.XPath.dll
Dependency assembly - System.Reflection.Emit.Lightweight.dll
Dependency assembly - System.Data.dll
Dependency assembly - System.Diagnostics.StackTrace.dll
Dependency assembly - System.Globalization.Calendars.dll
Dependency assembly - System.ComponentModel.Annotations.dll
Dependency assembly - System.ServiceModel.Internals.dll
Dependency assembly - System.Runtime.InteropServices.dll
Dependency assembly - System.Security.Cryptography.Pkcs.dll
Dependency assembly - System.ServiceModel.Http.dll
Dependency assembly - System.Web.ApplicationServices.dll
Dependency assembly - System.Threading.Tasks.Extensions.dll
Dependency assembly - System.Net.Cache.dll
Dependency assembly - System.Net.Mail.dll
Dependency assembly - System.Threading.AccessControl.dll
Dependency assembly - System.Runtime.CompilerServices.VisualC.dll
Dependency assembly - System.Reflection.Primitives.dll
Dependency assembly - I18N.CJK.dll
Dependency assembly - System.Runtime.Caching.dll
Dependency assembly - System.ServiceModel.Duplex.dll
Dependency assembly - Mono.Data.Tds.dll
Dependency assembly - System.Reflection.TypeExtensions.dll
Dependency assembly - System.Messaging.dll
Dependency assembly - System.Security.Claims.dll
Dependency assembly - System.Memory.dll
Dependency assembly - netstandard.dll
Dependency assembly - System.Diagnostics.FileVersionInfo.dll
Dependency assembly - System.ServiceModel.dll
Dependency assembly - System.ObjectModel.dll
Dependency assembly - System.IO.Compression.ZipFile.dll
Dependency assembly - Microsoft.Bcl.AsyncInterfaces.dll
Dependency assembly - System.Data.OracleClient.dll
Dependency assembly - System.Net.NetworkInformation.dll
Dependency assembly - System.Security.Cryptography.X509Certificates.dll
Dependency assembly - System.dll
Dependency assembly - System.Data.Linq.dll
Dependency assembly - System.Web.Extensions.dll
Dependency assembly - System.Xml.XPath.XmlDocument.dll
Dependency assembly - System.Net.Http.dll
Dependency assembly - System.ServiceModel.Discovery.dll
Dependency assembly - System.Numerics.dll
Dependency assembly - System.Web.DynamicData.dll
Dependency assembly - System.Runtime.Serialization.Formatters.Soap.dll
Dependency assembly - System.EnterpriseServices.dll
Dependency assembly - System.IO.MemoryMappedFiles.dll
Dependency assembly - System.ServiceModel.Routing.dll
Dependency assembly - System.Reflection.DispatchProxy.dll
Dependency assembly - System.Threading.dll
Dependency assembly - I18N.Rare.dll
Dependency assembly - System.Buffers.dll
Dependency assembly - System.Security.Cryptography.Primitives.dll
Dependency assembly - System.Security.AccessControl.dll
Dependency assembly - System.Design.dll
Dependency assembly - System.Collections.Specialized.dll
Dependency assembly - System.IO.Hashing.dll
Dependency assembly - System.Runtime.DurableInstancing.dll
Dependency assembly - System.IdentityModel.Selectors.dll
Dependency assembly - System.IdentityModel.dll
Dependency assembly - System.Diagnostics.TraceSource.dll
Dependency assembly - System.IO.Pipes.dll
Dependency assembly - System.Runtime.Remoting.dll
Dependency assembly - System.Diagnostics.Tools.dll
Dependency assembly - System.Runtime.InteropServices.RuntimeInformation.dll
Dependency assembly - System.IO.UnmanagedMemoryStream.dll
Dependency assembly - System.Security.Cryptography.Encryption.ECDiffieHellman.dll
Dependency assembly - System.ServiceModel.Activation.dll
Dependency assembly - System.DirectoryServices.dll
Dependency assembly - System.Security.Cryptography.Hashing.dll
Dependency assembly - System.Net.NameResolution.dll
Dependency assembly - System.Data.SqlClient.dll
Dependency assembly - System.Json.dll
Dependency assembly - Mono.Data.Sqlite.dll
Dependency assembly - System.Linq.Queryable.dll
Dependency assembly - System.Resources.Writer.dll
Dependency assembly - System.Runtime.Serialization.Formatters.dll
Dependency assembly - System.Windows.Forms.dll
Dependency assembly - Microsoft.Win32.Registry.AccessControl.dll
Dependency assembly - System.Net.Security.dll
Dependency assembly - System.Collections.NonGeneric.dll
Dependency assembly - System.Security.Principal.dll
Dependency assembly - System.Console.dll
Dependency assembly - System.IO.FileSystem.Primitives.dll
Dependency assembly - System.Security.Cryptography.Csp.dll
Dependency assembly - System.Runtime.Extensions.dll
Dependency assembly - System.Security.Cryptography.Algorithms.dll
Dependency assembly - System.Net.Utilities.dll

Opening scene 'Assets/Scenes/Phase0Boxer.unity'
Unloading 2 Unused Serialized files (Serialized files now loaded: 0)
Loaded scene 'Assets/Scenes/Phase0Boxer.unity'
	Deserialize:            0.508 ms
	Integration:            18.852 ms
	Integration of assets:  0.002 ms
	Thread Wait Time:       88.883 ms
	Total Operation Time:   108.246 ms
Unloading 24 unused Assets / (0.8 MB). Loaded Objects now: 877.
Memory consumption went from 205.4 MB to 204.5 MB.
Total: 5.716900 ms (FindLiveObjects: 0.044100 ms CreateObjectMapping: 0.012100 ms MarkObjects: 5.173300 ms  DeleteObjects: 0.486500 ms)

Unloading 24 Unused Serialized files (Serialized files now loaded: 0)
Unloading 261 unused Assets / (1.2 MB). Loaded Objects now: 880.
Memory consumption went from 260.0 MB to 258.8 MB.
Total: 8.439400 ms (FindLiveObjects: 0.041200 ms CreateObjectMapping: 0.022700 ms MarkObjects: 7.864700 ms  DeleteObjects: 0.509700 ms)

Unloading 0 Unused Serialized files (Serialized files now loaded: 0)
Unloading 0 unused Assets / (40.8 KB). Loaded Objects now: 880.
Memory consumption went from 258.8 MB to 258.8 MB.
Total: 4.057300 ms (FindLiveObjects: 0.049900 ms CreateObjectMapping: 0.011400 ms MarkObjects: 3.982100 ms  DeleteObjects: 0.012300 ms)

Unloading 1 Unused Serialized files (Serialized files now loaded: 0)
Unloading 179 unused Assets / (150.8 MB). Loaded Objects now: 880.
Memory consumption went from 402.7 MB to 251.9 MB.
Total: 29.495700 ms (FindLiveObjects: 0.035900 ms CreateObjectMapping: 0.019800 ms MarkObjects: 8.851800 ms  DeleteObjects: 20.585900 ms)

Compiling shader "Standard"
  Pass "FORWARD" (vp)
    Target graphics API: gles3
    Full variant space:         664
    After settings filtering:   664
    After built-in stripping:   8
    After scriptable stripping: 8
    Processed in 0.01 seconds
  Pass "FORWARD_DELTA" (vp)
    Target graphics API: gles3
    Full variant space:         188
    After settings filtering:   188
    After built-in stripping:   13
    After scriptable stripping: 13
    Processed in 0.00 seconds
  Pass "ShadowCaster" (vp)
    Target graphics API: gles3
    Full variant space:         4
    After settings filtering:   4
    After built-in stripping:   2
    After scriptable stripping: 2
    Processed in 0.00 seconds
  Pass "DEFERRED" (vp)
    Target graphics API: gles3
    Full variant space:         76
    After settings filtering:   76
    After built-in stripping:   4
    After scriptable stripping: 4
    Processed in 0.00 seconds
  Pass "FORWARD" (vp)
    Target graphics API: gles3
    Full variant space:         208
    After settings filtering:   208
    After built-in stripping:   8
    After scriptable stripping: 8
    Processed in 0.00 seconds
  Pass "FORWARD_DELTA" (vp)
    Target graphics API: gles3
    Full variant space:         140
    After settings filtering:   140
    After built-in stripping:   10
    After scriptable stripping: 10
    Processed in 0.00 seconds
  Pass "ShadowCaster" (vp)
    Target graphics API: gles3
    Full variant space:         2
    After settings filtering:   2
    After built-in stripping:   2
    After scriptable stripping: 2
    Processed in 0.00 seconds
  Pass FORWARD (vp, gles3) finished in 0.03 seconds. Local cache hits 8 (0.15s CPU time), remote cache hits 0 (0.00s CPU time), compiled 0 variants (0.00s CPU time), skipped 0 variants.
    Prepared data for serialisation in 0.00s
  Pass FORWARD_DELTA (vp, gles3) finished in 0.06 seconds. Local cache hits 13 (0.18s CPU time), remote cache hits 0 (0.00s CPU time), compiled 0 variants (0.00s CPU time), skipped 0 variants.
    Prepared data for serialisation in 0.00s
  Pass ShadowCaster (vp, gles3) finished in 0.04 seconds. Local cache hits 2 (0.02s CPU time), remote cache hits 0 (0.00s CPU time), compiled 0 variants (0.00s CPU time), skipped 0 variants.
    Prepared data for serialisation in 0.00s
  Pass DEFERRED (vp, gles3) finished in 0.08 seconds. Local cache hits 4 (0.11s CPU time), remote cache hits 0 (0.00s CPU time), compiled 0 variants (0.00s CPU time), skipped 0 variants.
    Prepared data for serialisation in 0.00s
  Pass FORWARD (vp, gles3) finished in 0.08 seconds. Local cache hits 8 (0.14s CPU time), remote cache hits 0 (0.00s CPU time), compiled 0 variants (0.00s CPU time), skipped 0 variants.
    Prepared data for serialisation in 0.00s
  Pass FORWARD_DELTA (vp, gles3) finished in 0.07 seconds. Local cache hits 10 (0.18s CPU time), remote cache hits 0 (0.00s CPU time), compiled 0 variants (0.00s CPU time), skipped 0 variants.
    Prepared data for serialisation in 0.00s
  Pass ShadowCaster (vp, gles3) finished in 0.03 seconds. Local cache hits 2 (0.00s CPU time), remote cache hits 0 (0.00s CPU time), compiled 0 variants (0.00s CPU time), skipped 0 variants.
    Prepared data for serialisation in 0.00s
Serialized binary data for shader Standard in 0.00s
    gles3 (total internal programs: 47, unique: 39)
Compiling shader "Boxer/EVBackdrop"
  Pass "" (vp)
    Target graphics API: gles3
    Full variant space:         1
    After settings filtering:   1
    After built-in stripping:   1
    After scriptable stripping: 1
    Processed in 0.00 seconds
  Pass  (vp, gles3) finished in 0.01 seconds. Local cache hits 1 (0.01s CPU time), remote cache hits 0 (0.00s CPU time), compiled 0 variants (0.00s CPU time), skipped 0 variants.
    Prepared data for serialisation in 0.00s
Serialized binary data for shader Boxer/EVBackdrop in 0.00s
    gles3 (total internal programs: 1, unique: 1)
Compiling shader "Boxer/EVSurface"
  Pass "" (vp)
    Target graphics API: gles3
    Full variant space:         1
    After settings filtering:   1
    After built-in stripping:   1
    After scriptable stripping: 1
    Processed in 0.00 seconds
  Pass  (vp, gles3) finished in 0.01 seconds. Local cache hits 1 (0.01s CPU time), remote cache hits 0 (0.00s CPU time), compiled 0 variants (0.00s CPU time), skipped 0 variants.
    Prepared data for serialisation in 0.00s
Serialized binary data for shader Boxer/EVSurface in 0.00s
    gles3 (total internal programs: 1, unique: 1)
Compiling shader "Boxer/Round2Surface"
  Pass "" (vp)
    Target graphics API: gles3
    Full variant space:         1
    After settings filtering:   1
    After built-in stripping:   1
    After scriptable stripping: 1
    Processed in 0.00 seconds
  Pass  (vp, gles3) finished in 0.01 seconds. Local cache hits 1 (0.01s CPU time), remote cache hits 0 (0.00s CPU time), compiled 0 variants (0.00s CPU time), skipped 0 variants.
    Prepared data for serialisation in 0.00s
Serialized binary data for shader Boxer/Round2Surface in 0.00s
    gles3 (total internal programs: 1, unique: 1)
Compiling shader "Boxer/P0UnlitColor"
  Pass "" (vp)
    Target graphics API: gles3
    Full variant space:         1
    After settings filtering:   1
    After built-in stripping:   1
    After scriptable stripping: 1
    Processed in 0.00 seconds
  Pass  (vp, gles3) finished in 0.00 seconds. Local cache hits 1 (0.00s CPU time), remote cache hits 0 (0.00s CPU time), compiled 0 variants (0.00s CPU time), skipped 0 variants.
    Prepared data for serialisation in 0.00s
Serialized binary data for shader Boxer/P0UnlitColor in 0.00s
    gles3 (total internal programs: 1, unique: 1)
Compiling shader "Boxer/EVText"
  Pass "" (vp)
    Target graphics API: gles3
    Full variant space:         1
    After settings filtering:   1
    After built-in stripping:   1
    After scriptable stripping: 1
    Processed in 0.00 seconds
  Pass  (vp, gles3) finished in 0.00 seconds. Local cache hits 1 (0.00s CPU time), remote cache hits 0 (0.00s CPU time), compiled 0 variants (0.00s CPU time), skipped 0 variants.
    Prepared data for serialisation in 0.00s
Serialized binary data for shader Boxer/EVText in 0.00s
    gles3 (total internal programs: 1, unique: 1)
Compiling shader "Boxer/P1VChromaKey"
  Pass "" (vp)
    Target graphics API: gles3
    Full variant space:         1
    After settings filtering:   1
    After built-in stripping:   1
    After scriptable stripping: 1
    Processed in 0.00 seconds
  Pass  (vp, gles3) finished in 0.01 seconds. Local cache hits 1 (0.01s CPU time), remote cache hits 0 (0.00s CPU time), compiled 0 variants (0.00s CPU time), skipped 0 variants.
    Prepared data for serialisation in 0.00s
Serialized binary data for shader Boxer/P1VChromaKey in 0.00s
    gles3 (total internal programs: 1, unique: 1)
Compiling shader "Skybox/Procedural"
  Pass "" (vp)
    Target graphics API: gles3
    Full variant space:         3
    After settings filtering:   3
    After built-in stripping:   3
    After scriptable stripping: 3
    Processed in 0.00 seconds
  Pass  (vp, gles3) finished in 0.01 seconds. Local cache hits 3 (0.02s CPU time), remote cache hits 0 (0.00s CPU time), compiled 0 variants (0.00s CPU time), skipped 0 variants.
    Prepared data for serialisation in 0.00s
Serialized binary data for shader Skybox/Procedural in 0.00s
    gles3 (total internal programs: 3, unique: 3)
Compiling shader "Legacy Shaders/VertexLit"
  Pass "" (vp)
    Target graphics API: gles3
    Full variant space:         12
    After settings filtering:   12
    After built-in stripping:   3
    After scriptable stripping: 3
    Processed in 0.00 seconds
  Pass "" (vp)
    Target graphics API: gles3
    Full variant space:         4
    After settings filtering:   4
    After built-in stripping:   1
    After scriptable stripping: 1
    Processed in 0.00 seconds
  Pass "ShadowCaster" (vp)
    Target graphics API: gles3
    Full variant space:         4
    After settings filtering:   4
    After built-in stripping:   2
    After scriptable stripping: 2
    Processed in 0.00 seconds
  Pass  (vp, gles3) finished in 0.02 seconds. Local cache hits 3 (0.04s CPU time), remote cache hits 0 (0.00s CPU time), compiled 0 variants (0.00s CPU time), skipped 0 variants.
    Prepared data for serialisation in 0.00s
  Pass  (vp, gles3) finished in 0.02 seconds. Local cache hits 1 (0.01s CPU time), remote cache hits 0 (0.00s CPU time), compiled 0 variants (0.00s CPU time), skipped 0 variants.
    Prepared data for serialisation in 0.00s
  Pass ShadowCaster (vp, gles3) finished in 0.02 seconds. Local cache hits 2 (0.02s CPU time), remote cache hits 0 (0.00s CPU time), compiled 0 variants (0.00s CPU time), skipped 0 variants.
    Prepared data for serialisation in 0.00s
Serialized binary data for shader Legacy Shaders/VertexLit in 0.00s
    gles3 (total internal programs: 6, unique: 6)
Compiling shader "Legacy Shaders/Diffuse"
  Pass "FORWARD" (vp)
    Target graphics API: gles3
    Full variant space:         664
    After settings filtering:   664
    After built-in stripping:   8
    After scriptable stripping: 8
    Processed in 0.00 seconds
  Pass "FORWARD" (vp)
    Target graphics API: gles3
    Full variant space:         20
    After settings filtering:   20
    After built-in stripping:   5
    After scriptable stripping: 5
    Processed in 0.00 seconds
  Pass "DEFERRED" (vp)
    Target graphics API: gles3
    Full variant space:         76
    After settings filtering:   76
    After built-in stripping:   4
    After scriptable stripping: 4
    Processed in 0.00 seconds
  Pass FORWARD (vp, gles3) finished in 0.02 seconds. Local cache hits 8 (0.09s CPU time), remote cache hits 0 (0.00s CPU time), compiled 0 variants (0.00s CPU time), skipped 0 variants.
    Prepared data for serialisation in 0.00s
  Pass FORWARD (vp, gles3) finished in 0.02 seconds. Local cache hits 5 (0.07s CPU time), remote cache hits 0 (0.00s CPU time), compiled 0 variants (0.00s CPU time), skipped 0 variants.
    Prepared data for serialisation in 0.00s
  Pass DEFERRED (vp, gles3) finished in 0.02 seconds. Local cache hits 4 (0.04s CPU time), remote cache hits 0 (0.00s CPU time), compiled 0 variants (0.00s CPU time), skipped 0 variants.
    Prepared data for serialisation in 0.00s
Serialized binary data for shader Legacy Shaders/Diffuse in 0.00s
    gles3 (total internal programs: 17, unique: 17)
Compiling shader "Hidden/Internal-StencilWrite"
  Pass "" (vp)
    Target graphics API: gles3
    Full variant space:         1
    After settings filtering:   1
    After built-in stripping:   1
    After scriptable stripping: 1
    Processed in 0.00 seconds
  Pass  (vp, gles3) finished in 0.00 seconds. Local cache hits 1 (0.00s CPU time), remote cache hits 0 (0.00s CPU time), compiled 0 variants (0.00s CPU time), skipped 0 variants.
    Prepared data for serialisation in 0.00s
Serialized binary data for shader Hidden/Internal-StencilWrite in 0.00s
    gles3 (total internal programs: 1, unique: 1)
Compiling shader "Hidden/Internal-DepthNormalsTexture"
  Pass "" (vp)
    Target graphics API: gles3
    Full variant space:         1
    After settings filtering:   1
    After built-in stripping:   1
    After scriptable stripping: 1
    Processed in 0.00 seconds
  Pass "" (vp)
    Target graphics API: gles3
    Full variant space:         1
    After settings filtering:   1
    After built-in stripping:   1
    After scriptable stripping: 1
    Processed in 0.00 seconds
  Pass "" (vp)
    Target graphics API: gles3
    Full variant space:         1
    After settings filtering:   1
    After built-in stripping:   1
    After scriptable stripping: 1
    Processed in 0.00 seconds
  Pass "" (vp)
    Target graphics API: gles3
    Full variant space:         1
    After settings filtering:   1
    After built-in stripping:   1
    After scriptable stripping: 1
    Processed in 0.00 seconds
  Pass "" (vp)
    Target graphics API: gles3
    Full variant space:         1
    After settings filtering:   1
    After built-in stripping:   1
    After scriptable stripping: 1
    Processed in 0.00 seconds
  Pass "" (vp)
    Target graphics API: gles3
    Full variant space:         1
    After settings filtering:   1
    After built-in stripping:   1
    After scriptable stripping: 1
    Processed in 0.00 seconds
  Pass "" (vp)
    Target graphics API: gles3
    Full variant space:         1
    After settings filtering:   1
    After built-in stripping:   1
    After scriptable stripping: 1
    Processed in 0.00 seconds
  Pass "" (vp)
    Target graphics API: gles3
    Full variant space:         1
    After settings filtering:   1
    After built-in stripping:   1
    After scriptable stripping: 1
    Processed in 0.00 seconds
  Pass "" (vp)
    Target graphics API: gles3
    Full variant space:         1
    After settings filtering:   1
    After built-in stripping:   1
    After scriptable stripping: 1
    Processed in 0.00 seconds
  Pass "" (vp)
    Target graphics API: gles3
    Full variant space:         1
    After settings filtering:   1
    After built-in stripping:   1
    After scriptable stripping: 1
    Processed in 0.00 seconds
  Pass  (vp, gles3) finished in 0.01 seconds. Local cache hits 1 (0.01s CPU time), remote cache hits 0 (0.00s CPU time), compiled 0 variants (0.00s CPU time), skipped 0 variants.
    Prepared data for serialisation in 0.00s
  Pass  (vp, gles3) finished in 0.02 seconds. Local cache hits 1 (0.02s CPU time), remote cache hits 0 (0.00s CPU time), compiled 0 variants (0.00s CPU time), skipped 0 variants.
    Prepared data for serialisation in 0.00s
  Pass  (vp, gles3) finished in 0.02 seconds. Local cache hits 1 (0.01s CPU time), remote cache hits 0 (0.00s CPU time), compiled 0 variants (0.00s CPU time), skipped 0 variants.
    Prepared data for serialisation in 0.00s
  Pass  (vp, gles3) finished in 0.02 seconds. Local cache hits 1 (0.01s CPU time), remote cache hits 0 (0.00s CPU time), compiled 0 variants (0.00s CPU time), skipped 0 variants.
    Prepared data for serialisation in 0.00s
  Pass  (vp, gles3) finished in 0.01 seconds. Local cache hits 1 (0.01s CPU time), remote cache hits 0 (0.00s CPU time), compiled 0 variants (0.00s CPU time), skipped 0 variants.
    Prepared data for serialisation in 0.00s
  Pass  (vp, gles3) finished in 0.01 seconds. Local cache hits 1 (0.01s CPU time), remote cache hits 0 (0.00s CPU time), compiled 0 variants (0.00s CPU time), skipped 0 variants.
    Prepared data for serialisation in 0.00s
  Pass  (vp, gles3) finished in 0.01 seconds. Local cache hits 1 (0.01s CPU time), remote cache hits 0 (0.00s CPU time), compiled 0 variants (0.00s CPU time), skipped 0 variants.
    Prepared data for serialisation in 0.00s
  Pass  (vp, gles3) finished in 0.01 seconds. Local cache hits 1 (0.01s CPU time), remote cache hits 0 (0.00s CPU time), compiled 0 variants (0.00s CPU time), skipped 0 variants.
    Prepared data for serialisation in 0.00s
  Pass  (vp, gles3) finished in 0.01 seconds. Local cache hits 1 (0.01s CPU time), remote cache hits 0 (0.00s CPU time), compiled 0 variants (0.00s CPU time), skipped 0 variants.
    Prepared data for serialisation in 0.00s
  Pass  (vp, gles3) finished in 0.01 seconds. Local cache hits 1 (0.01s CPU time), remote cache hits 0 (0.00s CPU time), compiled 0 variants (0.00s CPU time), skipped 0 variants.
    Prepared data for serialisation in 0.00s
Serialized binary data for shader Hidden/Internal-DepthNormalsTexture in 0.00s
    gles3 (total internal programs: 10, unique: 10)
Compiling shader "Hidden/Internal-ScreenSpaceShadows"
  Pass "" (vp)
    Target graphics API: gles3
    Full variant space:         4
    After settings filtering:   4
    After built-in stripping:   4
    After scriptable stripping: 4
    Processed in 0.00 seconds
  Pass "" (vp)
    Target graphics API: gles3
    Full variant space:         4
    After settings filtering:   4
    After built-in stripping:   4
    After scriptable stripping: 4
    Processed in 0.00 seconds
  Pass "" (vp)
    Target graphics API: gles3
    Full variant space:         4
    After settings filtering:   4
    After built-in stripping:   4
    After scriptable stripping: 4
    Processed in 0.00 seconds
  Pass "" (vp)
    Target graphics API: gles3
    Full variant space:         4
    After settings filtering:   4
    After built-in stripping:   4
    After scriptable stripping: 4
    Processed in 0.00 seconds
  Pass  (vp, gles3) finished in 0.02 seconds. Local cache hits 4 (0.06s CPU time), remote cache hits 0 (0.00s CPU time), compiled 0 variants (0.00s CPU time), skipped 0 variants.
    Prepared data for serialisation in 0.00s
  Pass  (vp, gles3) finished in 0.02 seconds. Local cache hits 4 (0.04s CPU time), remote cache hits 0 (0.00s CPU time), compiled 0 variants (0.00s CPU time), skipped 0 variants.
    Prepared data for serialisation in 0.00s
  Pass  (vp, gles3) finished in 0.02 seconds. Local cache hits 4 (0.04s CPU time), remote cache hits 0 (0.00s CPU time), compiled 0 variants (0.00s CPU time), skipped 0 variants.
    Prepared data for serialisation in 0.00s
  Pass  (vp, gles3) finished in 0.01 seconds. Local cache hits 4 (0.03s CPU time), remote cache hits 0 (0.00s CPU time), compiled 0 variants (0.00s CPU time), skipped 0 variants.
    Prepared data for serialisation in 0.00s
Serialized binary data for shader Hidden/Internal-ScreenSpaceShadows in 0.00s
    gles3 (total internal programs: 16, unique: 16)
Compiling shader "Hidden/Internal-CombineDepthNormals"
  Pass "" (vp)
    Target graphics API: gles3
    Full variant space:         1
    After settings filtering:   1
    After built-in stripping:   1
    After scriptable stripping: 1
    Processed in 0.00 seconds
  Pass  (vp, gles3) finished in 0.00 seconds. Local cache hits 1 (0.00s CPU time), remote cache hits 0 (0.00s CPU time), compiled 0 variants (0.00s CPU time), skipped 0 variants.
    Prepared data for serialisation in 0.00s
Serialized binary data for shader Hidden/Internal-CombineDepthNormals in 0.00s
    gles3 (total internal programs: 1, unique: 1)
Compiling shader "Hidden/BlitCopy"
  Pass "" (vp)
    Target graphics API: gles3
    Full variant space:         1
    After settings filtering:   1
    After built-in stripping:   1
    After scriptable stripping: 1
    Processed in 0.00 seconds
  Pass  (vp, gles3) finished in 0.00 seconds. Local cache hits 1 (0.00s CPU time), remote cache hits 0 (0.00s CPU time), compiled 0 variants (0.00s CPU time), skipped 0 variants.
    Prepared data for serialisation in 0.00s
Serialized binary data for shader Hidden/BlitCopy in 0.00s
    gles3 (total internal programs: 1, unique: 1)
Compiling shader "Hidden/BlitCopyDepth"
  Pass "" (vp)
    Target graphics API: gles3
    Full variant space:         1
    After settings filtering:   1
    After built-in stripping:   1
    After scriptable stripping: 1
    Processed in 0.00 seconds
  Pass  (vp, gles3) finished in 0.01 seconds. Local cache hits 1 (0.01s CPU time), remote cache hits 0 (0.00s CPU time), compiled 0 variants (0.00s CPU time), skipped 0 variants.
    Prepared data for serialisation in 0.00s
Serialized binary data for shader Hidden/BlitCopyDepth in 0.00s
    gles3 (total internal programs: 1, unique: 1)
Compiling shader "Hidden/ConvertTexture"
  Pass "" (vp)
    Target graphics API: gles3
    Full variant space:         1
    After settings filtering:   1
    After built-in stripping:   1
    After scriptable stripping: 1
    Processed in 0.00 seconds
  Pass  (vp, gles3) finished in 0.01 seconds. Local cache hits 1 (0.01s CPU time), remote cache hits 0 (0.00s CPU time), compiled 0 variants (0.00s CPU time), skipped 0 variants.
    Prepared data for serialisation in 0.00s
Serialized binary data for shader Hidden/ConvertTexture in 0.00s
    gles3 (total internal programs: 1, unique: 1)
Compiling shader "Hidden/Internal-DeferredShading"
  Pass "" (vp)
    Target graphics API: gles3
    Full variant space:         94
    After settings filtering:   94
    After built-in stripping:   26
    After scriptable stripping: 26
    Processed in 0.00 seconds
  Pass "" (vp)
    Target graphics API: gles3
    Full variant space:         1
    After settings filtering:   1
    After built-in stripping:   1
    After scriptable stripping: 1
    Processed in 0.00 seconds
  Pass  (vp, gles3) finished in 0.04 seconds. Local cache hits 26 (0.27s CPU time), remote cache hits 0 (0.00s CPU time), compiled 0 variants (0.00s CPU time), skipped 0 variants.
    Prepared data for serialisation in 0.00s
  Pass  (vp, gles3) finished in 0.01 seconds. Local cache hits 1 (0.01s CPU time), remote cache hits 0 (0.00s CPU time), compiled 0 variants (0.00s CPU time), skipped 0 variants.
    Prepared data for serialisation in 0.00s
Serialized binary data for shader Hidden/Internal-DeferredShading in 0.00s
    gles3 (total internal programs: 27, unique: 27)
Compiling shader "Hidden/Internal-DeferredReflections"
  Pass "" (vp)
    Target graphics API: gles3
    Full variant space:         1
    After settings filtering:   1
    After built-in stripping:   1
    After scriptable stripping: 1
    Processed in 0.00 seconds
  Pass "" (vp)
    Target graphics API: gles3
    Full variant space:         2
    After settings filtering:   2
    After built-in stripping:   2
    After scriptable stripping: 2
    Processed in 0.00 seconds
  Pass  (vp, gles3) finished in 0.01 seconds. Local cache hits 1 (0.01s CPU time), remote cache hits 0 (0.00s CPU time), compiled 0 variants (0.00s CPU time), skipped 0 variants.
    Prepared data for serialisation in 0.00s
  Pass  (vp, gles3) finished in 0.01 seconds. Local cache hits 2 (0.01s CPU time), remote cache hits 0 (0.00s CPU time), compiled 0 variants (0.00s CPU time), skipped 0 variants.
    Prepared data for serialisation in 0.00s
Serialized binary data for shader Hidden/Internal-DeferredReflections in 0.00s
    gles3 (total internal programs: 3, unique: 3)
Compiling shader "Hidden/Internal-MotionVectors"
  Pass "" (vp)
    Target graphics API: gles3
    Full variant space:         1
    After settings filtering:   1
    After built-in stripping:   1
    After scriptable stripping: 1
    Processed in 0.00 seconds
  Pass "" (vp)
    Target graphics API: gles3
    Full variant space:         1
    After settings filtering:   1
    After built-in stripping:   1
    After scriptable stripping: 1
    Processed in 0.00 seconds
  Pass "" (vp)
    Target graphics API: gles3
    Full variant space:         1
    After settings filtering:   1
    After built-in stripping:   1
    After scriptable stripping: 1
    Processed in 0.00 seconds
  Pass  (vp, gles3) finished in 0.01 seconds. Local cache hits 1 (0.01s CPU time), remote cache hits 0 (0.00s CPU time), compiled 0 variants (0.00s CPU time), skipped 0 variants.
    Prepared data for serialisation in 0.00s
  Pass  (vp, gles3) finished in 0.01 seconds. Local cache hits 1 (0.01s CPU time), remote cache hits 0 (0.00s CPU time), compiled 0 variants (0.00s CPU time), skipped 0 variants.
    Prepared data for serialisation in 0.00s
  Pass  (vp, gles3) finished in 0.01 seconds. Local cache hits 1 (0.01s CPU time), remote cache hits 0 (0.00s CPU time), compiled 0 variants (0.00s CPU time), skipped 0 variants.
    Prepared data for serialisation in 0.00s
Serialized binary data for shader Hidden/Internal-MotionVectors in 0.00s
    gles3 (total internal programs: 3, unique: 3)
Compiling shader "Hidden/Internal-Flare"
  Pass "" (vp)
    Target graphics API: gles3
    Full variant space:         1
    After settings filtering:   1
    After built-in stripping:   1
    After scriptable stripping: 1
    Processed in 0.00 seconds
  Pass  (vp, gles3) finished in 0.01 seconds. Local cache hits 1 (0.01s CPU time), remote cache hits 0 (0.00s CPU time), compiled 0 variants (0.00s CPU time), skipped 0 variants.
    Prepared data for serialisation in 0.00s
Serialized binary data for shader Hidden/Internal-Flare in 0.00s
    gles3 (total internal programs: 1, unique: 1)
Compiling shader "Hidden/Internal-Halo"
  Pass "" (vp)
    Target graphics API: gles3
    Full variant space:         4
    After settings filtering:   4
    After built-in stripping:   1
    After scriptable stripping: 1
    Processed in 0.00 seconds
  Pass  (vp, gles3) finished in 0.01 seconds. Local cache hits 1 (0.01s CPU time), remote cache hits 0 (0.00s CPU time), compiled 0 variants (0.00s CPU time), skipped 0 variants.
    Prepared data for serialisation in 0.00s
Serialized binary data for shader Hidden/Internal-Halo in 0.00s
    gles3 (total internal programs: 1, unique: 1)
Compiling shader "Hidden/BlitCopyWithDepth"
  Pass "" (vp)
    Target graphics API: gles3
    Full variant space:         1
    After settings filtering:   1
    After built-in stripping:   1
    After scriptable stripping: 1
    Processed in 0.00 seconds
  Pass  (vp, gles3) finished in 0.01 seconds. Local cache hits 1 (0.01s CPU time), remote cache hits 0 (0.00s CPU time), compiled 0 variants (0.00s CPU time), skipped 0 variants.
    Prepared data for serialisation in 0.00s
Serialized binary data for shader Hidden/BlitCopyWithDepth in 0.00s
    gles3 (total internal programs: 1, unique: 1)
Compiling shader "Hidden/BlitToDepth"
  Pass "" (vp)
    Target graphics API: gles3
    Full variant space:         1
    After settings filtering:   1
    After built-in stripping:   1
    After scriptable stripping: 1
    Processed in 0.00 seconds
  Pass  (vp, gles3) finished in 0.01 seconds. Local cache hits 1 (0.01s CPU time), remote cache hits 0 (0.00s CPU time), compiled 0 variants (0.00s CPU time), skipped 0 variants.
    Prepared data for serialisation in 0.00s
Serialized binary data for shader Hidden/BlitToDepth in 0.00s
    gles3 (total internal programs: 1, unique: 1)
Compiling shader "Hidden/BlitToDepth_MSAA"
  Pass "" (vp)
    Target graphics API: gles3
    Full variant space:         1
    After settings filtering:   1
    After built-in stripping:   1
    After scriptable stripping: 1
    Processed in 0.00 seconds
  Pass  (vp, gles3) finished in 0.01 seconds. Local cache hits 1 (0.01s CPU time), remote cache hits 0 (0.00s CPU time), compiled 0 variants (0.00s CPU time), skipped 0 variants.
    Prepared data for serialisation in 0.00s
Serialized binary data for shader Hidden/BlitToDepth_MSAA in 0.00s
    gles3 (total internal programs: 1, unique: 1)
Compiling shader "Hidden/BlitCopyHDRTonemap"
  Pass "" (vp)
    Target graphics API: gles3
    Full variant space:         1
    After settings filtering:   1
    After built-in stripping:   1
    After scriptable stripping: 1
    Processed in 0.00 seconds
  Pass  (vp, gles3) finished in 0.02 seconds. Local cache hits 1 (0.02s CPU time), remote cache hits 0 (0.00s CPU time), compiled 0 variants (0.00s CPU time), skipped 0 variants.
    Prepared data for serialisation in 0.00s
Serialized binary data for shader Hidden/BlitCopyHDRTonemap in 0.00s
    gles3 (total internal programs: 1, unique: 1)
Compiling shader "Hidden/Internal-DebugPattern"
  Pass "Target Color and DepthStencil" (vp)
    Target graphics API: gles3
    Full variant space:         1
    After settings filtering:   1
    After built-in stripping:   1
    After scriptable stripping: 1
    Processed in 0.00 seconds
  Pass "Target only Color" (vp)
    Target graphics API: gles3
    Full variant space:         1
    After settings filtering:   1
    After built-in stripping:   1
    After scriptable stripping: 1
    Processed in 0.00 seconds
  Pass "Target only DepthStencil" (vp)
    Target graphics API: gles3
    Full variant space:         1
    After settings filtering:   1
    After built-in stripping:   1
    After scriptable stripping: 1
    Processed in 0.00 seconds
  Pass Target Color and DepthStencil (vp, gles3) finished in 0.01 seconds. Local cache hits 1 (0.01s CPU time), remote cache hits 0 (0.00s CPU time), compiled 0 variants (0.00s CPU time), skipped 0 variants.
    Prepared data for serialisation in 0.00s
  Pass Target only Color (vp, gles3) finished in 0.01 seconds. Local cache hits 1 (0.01s CPU time), remote cache hits 0 (0.00s CPU time), compiled 0 variants (0.00s CPU time), skipped 0 variants.
    Prepared data for serialisation in 0.00s
  Pass Target only DepthStencil (vp, gles3) finished in 0.01 seconds. Local cache hits 1 (0.01s CPU time), remote cache hits 0 (0.00s CPU time), compiled 0 variants (0.00s CPU time), skipped 0 variants.
    Prepared data for serialisation in 0.00s
Serialized binary data for shader Hidden/Internal-DebugPattern in 0.00s
    gles3 (total internal programs: 3, unique: 3)
Compiling shader "Hidden/Internal-GUITextureClip"
  Pass "" (vp)
    Target graphics API: gles3
    Full variant space:         1
    After settings filtering:   1
    After built-in stripping:   1
    After scriptable stripping: 1
    Processed in 0.00 seconds
  Pass "" (vp)
    Target graphics API: gles3
    Full variant space:         1
    After settings filtering:   1
    After built-in stripping:   1
    After scriptable stripping: 1
    Processed in 0.00 seconds
  Pass  (vp, gles3) finished in 0.01 seconds. Local cache hits 1 (0.01s CPU time), remote cache hits 0 (0.00s CPU time), compiled 0 variants (0.00s CPU time), skipped 0 variants.
    Prepared data for serialisation in 0.00s
  Pass  (vp, gles3) finished in 0.01 seconds. Local cache hits 1 (0.01s CPU time), remote cache hits 0 (0.00s CPU time), compiled 0 variants (0.00s CPU time), skipped 0 variants.
    Prepared data for serialisation in 0.00s
Serialized binary data for shader Hidden/Internal-GUITextureClip in 0.00s
    gles3 (total internal programs: 2, unique: 1)
Compiling shader "Hidden/Internal-GUITextureClipText"
  Pass "" (vp)
    Target graphics API: gles3
    Full variant space:         1
    After settings filtering:   1
    After built-in stripping:   1
    After scriptable stripping: 1
    Processed in 0.00 seconds
  Pass "" (vp)
    Target graphics API: gles3
    Full variant space:         1
    After settings filtering:   1
    After built-in stripping:   1
    After scriptable stripping: 1
    Processed in 0.00 seconds
  Pass  (vp, gles3) finished in 0.01 seconds. Local cache hits 1 (0.01s CPU time), remote cache hits 0 (0.00s CPU time), compiled 0 variants (0.00s CPU time), skipped 0 variants.
    Prepared data for serialisation in 0.00s
  Pass  (vp, gles3) finished in 0.01 seconds. Local cache hits 1 (0.00s CPU time), remote cache hits 0 (0.00s CPU time), compiled 0 variants (0.00s CPU time), skipped 0 variants.
    Prepared data for serialisation in 0.00s
Serialized binary data for shader Hidden/Internal-GUITextureClipText in 0.00s
    gles3 (total internal programs: 2, unique: 1)
Compiling shader "Hidden/Internal-GUITexture"
  Pass "" (vp)
    Target graphics API: gles3
    Full variant space:         1
    After settings filtering:   1
    After built-in stripping:   1
    After scriptable stripping: 1
    Processed in 0.00 seconds
  Pass "" (vp)
    Target graphics API: gles3
    Full variant space:         1
    After settings filtering:   1
    After built-in stripping:   1
    After scriptable stripping: 1
    Processed in 0.00 seconds
  Pass  (vp, gles3) finished in 0.01 seconds. Local cache hits 1 (0.01s CPU time), remote cache hits 0 (0.00s CPU time), compiled 0 variants (0.00s CPU time), skipped 0 variants.
    Prepared data for serialisation in 0.00s
  Pass  (vp, gles3) finished in 0.01 seconds. Local cache hits 1 (0.01s CPU time), remote cache hits 0 (0.00s CPU time), compiled 0 variants (0.00s CPU time), skipped 0 variants.
    Prepared data for serialisation in 0.00s
Serialized binary data for shader Hidden/Internal-GUITexture in 0.00s
    gles3 (total internal programs: 2, unique: 1)
Compiling shader "Hidden/Internal-GUITextureBlit"
  Pass "" (vp)
    Target graphics API: gles3
    Full variant space:         1
    After settings filtering:   1
    After built-in stripping:   1
    After scriptable stripping: 1
    Processed in 0.00 seconds
  Pass "" (vp)
    Target graphics API: gles3
    Full variant space:         1
    After settings filtering:   1
    After built-in stripping:   1
    After scriptable stripping: 1
    Processed in 0.00 seconds
  Pass  (vp, gles3) finished in 0.01 seconds. Local cache hits 1 (0.01s CPU time), remote cache hits 0 (0.00s CPU time), compiled 0 variants (0.00s CPU time), skipped 0 variants.
    Prepared data for serialisation in 0.00s
  Pass  (vp, gles3) finished in 0.01 seconds. Local cache hits 1 (0.01s CPU time), remote cache hits 0 (0.00s CPU time), compiled 0 variants (0.00s CPU time), skipped 0 variants.
    Prepared data for serialisation in 0.00s
Serialized binary data for shader Hidden/Internal-GUITextureBlit in 0.00s
    gles3 (total internal programs: 2, unique: 1)
Compiling shader "Hidden/Internal-GUIRoundedRect"
  Pass "" (vp)
    Target graphics API: gles3
    Full variant space:         1
    After settings filtering:   1
    After built-in stripping:   1
    After scriptable stripping: 1
    Processed in 0.00 seconds
  Pass "" (vp)
    Target graphics API: gles3
    Full variant space:         1
    After settings filtering:   1
    After built-in stripping:   1
    After scriptable stripping: 1
    Processed in 0.00 seconds
  Pass  (vp, gles3) finished in 0.01 seconds. Local cache hits 1 (0.01s CPU time), remote cache hits 0 (0.00s CPU time), compiled 0 variants (0.00s CPU time), skipped 0 variants.
    Prepared data for serialisation in 0.00s
  Pass  (vp, gles3) finished in 0.01 seconds. Local cache hits 1 (0.00s CPU time), remote cache hits 0 (0.00s CPU time), compiled 0 variants (0.00s CPU time), skipped 0 variants.
    Prepared data for serialisation in 0.00s
Serialized binary data for shader Hidden/Internal-GUIRoundedRect in 0.00s
    gles3 (total internal programs: 2, unique: 1)
Compiling shader "Hidden/Internal-GUIRoundedRectWithColorPerBorder"
  Pass "" (vp)
    Target graphics API: gles3
    Full variant space:         1
    After settings filtering:   1
    After built-in stripping:   1
    After scriptable stripping: 1
    Processed in 0.00 seconds
  Pass "" (vp)
    Target graphics API: gles3
    Full variant space:         1
    After settings filtering:   1
    After built-in stripping:   1
    After scriptable stripping: 1
    Processed in 0.00 seconds
  Pass  (vp, gles3) finished in 0.01 seconds. Local cache hits 1 (0.01s CPU time), remote cache hits 0 (0.00s CPU time), compiled 0 variants (0.00s CPU time), skipped 0 variants.
    Prepared data for serialisation in 0.00s
  Pass  (vp, gles3) finished in 0.01 seconds. Local cache hits 1 (0.01s CPU time), remote cache hits 0 (0.00s CPU time), compiled 0 variants (0.00s CPU time), skipped 0 variants.
    Prepared data for serialisation in 0.00s
Serialized binary data for shader Hidden/Internal-GUIRoundedRectWithColorPerBorder in 0.00s
    gles3 (total internal programs: 2, unique: 1)
Compiling shader "Hidden/Internal-UIRDefault"
  Pass "" (vp)
    Target graphics API: gles3
    Full variant space:         40
    After settings filtering:   40
    After built-in stripping:   40
    After scriptable stripping: 40
    Processed in 0.00 seconds
  Pass  (vp, gles3) finished in 0.08 seconds. Local cache hits 40 (0.56s CPU time), remote cache hits 0 (0.00s CPU time), compiled 0 variants (0.00s CPU time), skipped 0 variants.
    Prepared data for serialisation in 0.00s
Serialized binary data for shader Hidden/Internal-UIRDefault in 0.00s
    gles3 (total internal programs: 40, unique: 40)
Compiling shader "Hidden/Internal-UIRAtlasBlitCopy"
  Pass "" (vp)
    Target graphics API: gles3
    Full variant space:         1
    After settings filtering:   1
    After built-in stripping:   1
    After scriptable stripping: 1
    Processed in 0.00 seconds
  Pass  (vp, gles3) finished in 0.01 seconds. Local cache hits 1 (0.01s CPU time), remote cache hits 0 (0.00s CPU time), compiled 0 variants (0.00s CPU time), skipped 0 variants.
    Prepared data for serialisation in 0.00s
Serialized binary data for shader Hidden/Internal-UIRAtlasBlitCopy in 0.00s
    gles3 (total internal programs: 1, unique: 1)
Compiling shader "Sprites/Default"
  Pass "" (vp)
    Target graphics API: gles3
    Full variant space:         8
    After settings filtering:   8
    After built-in stripping:   4
    After scriptable stripping: 4
    Processed in 0.00 seconds
  Pass  (vp, gles3) finished in 0.01 seconds. Local cache hits 4 (0.05s CPU time), remote cache hits 0 (0.00s CPU time), compiled 0 variants (0.00s CPU time), skipped 0 variants.
    Prepared data for serialisation in 0.00s
Serialized binary data for shader Sprites/Default in 0.00s
    gles3 (total internal programs: 4, unique: 4)
Compiling shader "Sprites/Mask"
  Pass "" (vp)
    Target graphics API: gles3
    Full variant space:         4
    After settings filtering:   4
    After built-in stripping:   4
    After scriptable stripping: 4
    Processed in 0.00 seconds
  Pass  (vp, gles3) finished in 0.01 seconds. Local cache hits 4 (0.02s CPU time), remote cache hits 0 (0.00s CPU time), compiled 0 variants (0.00s CPU time), skipped 0 variants.
    Prepared data for serialisation in 0.00s
Serialized binary data for shader Sprites/Mask in 0.00s
    gles3 (total internal programs: 4, unique: 4)
Compiling shader "UI/Default"
  Pass "Default" (vp)
    Target graphics API: gles3
    Full variant space:         4
    After settings filtering:   4
    After built-in stripping:   4
    After scriptable stripping: 4
    Processed in 0.00 seconds
  Pass "XRMotionVectors" (vp)
    Target graphics API: gles3
    Full variant space:         4
    After settings filtering:   4
    After built-in stripping:   4
    After scriptable stripping: 4
    Processed in 0.00 seconds
  Pass Default (vp, gles3) finished in 0.02 seconds. Local cache hits 4 (0.05s CPU time), remote cache hits 0 (0.00s CPU time), compiled 0 variants (0.00s CPU time), skipped 0 variants.
    Prepared data for serialisation in 0.00s
  Pass XRMotionVectors (vp, gles3) finished in 0.02 seconds. Local cache hits 4 (0.04s CPU time), remote cache hits 0 (0.00s CPU time), compiled 0 variants (0.00s CPU time), skipped 0 variants.
    Prepared data for serialisation in 0.00s
Serialized binary data for shader UI/Default in 0.00s
    gles3 (total internal programs: 8, unique: 8)
Compiling shader "UI/DefaultETC1"
  Pass "Default" (vp)
    Target graphics API: gles3
    Full variant space:         4
    After settings filtering:   4
    After built-in stripping:   4
    After scriptable stripping: 4
    Processed in 0.00 seconds
  Pass "XRMotionVectors" (vp)
    Target graphics API: gles3
    Full variant space:         4
    After settings filtering:   4
    After built-in stripping:   4
    After scriptable stripping: 4
    Processed in 0.00 seconds
  Pass Default (vp, gles3) finished in 0.02 seconds. Local cache hits 4 (0.05s CPU time), remote cache hits 0 (0.00s CPU time), compiled 0 variants (0.00s CPU time), skipped 0 variants.
    Prepared data for serialisation in 0.00s
  Pass XRMotionVectors (vp, gles3) finished in 0.01 seconds. Local cache hits 4 (0.05s CPU time), remote cache hits 0 (0.00s CPU time), compiled 0 variants (0.00s CPU time), skipped 0 variants.
    Prepared data for serialisation in 0.00s
Serialized binary data for shader UI/DefaultETC1 in 0.00s
    gles3 (total internal programs: 8, unique: 8)
Compiling shader "Hidden/CubeBlur"
  Pass "" (vp)
    Target graphics API: gles3
    Full variant space:         1
    After settings filtering:   1
    After built-in stripping:   1
    After scriptable stripping: 1
    Processed in 0.00 seconds
  Pass "" (vp)
    Target graphics API: gles3
    Full variant space:         1
    After settings filtering:   1
    After built-in stripping:   1
    After scriptable stripping: 1
    Processed in 0.00 seconds
  Pass  (vp, gles3) finished in 0.01 seconds. Local cache hits 1 (0.01s CPU time), remote cache hits 0 (0.00s CPU time), compiled 0 variants (0.00s CPU time), skipped 0 variants.
    Prepared data for serialisation in 0.00s
  Pass  (vp, gles3) finished in 0.00 seconds. Local cache hits 1 (0.00s CPU time), remote cache hits 0 (0.00s CPU time), compiled 0 variants (0.00s CPU time), skipped 0 variants.
    Prepared data for serialisation in 0.00s
Serialized binary data for shader Hidden/CubeBlur in 0.00s
    gles3 (total internal programs: 2, unique: 2)
Compiling shader "Hidden/CubeCopy"
  Pass "" (vp)
    Target graphics API: gles3
    Full variant space:         1
    After settings filtering:   1
    After built-in stripping:   1
    After scriptable stripping: 1
    Processed in 0.00 seconds
  Pass "" (vp)
    Target graphics API: gles3
    Full variant space:         1
    After settings filtering:   1
    After built-in stripping:   1
    After scriptable stripping: 1
    Processed in 0.00 seconds
  Pass  (vp, gles3) finished in 0.01 seconds. Local cache hits 1 (0.01s CPU time), remote cache hits 0 (0.00s CPU time), compiled 0 variants (0.00s CPU time), skipped 0 variants.
    Prepared data for serialisation in 0.00s
  Pass  (vp, gles3) finished in 0.01 seconds. Local cache hits 1 (0.00s CPU time), remote cache hits 0 (0.00s CPU time), compiled 0 variants (0.00s CPU time), skipped 0 variants.
    Prepared data for serialisation in 0.00s
Serialized binary data for shader Hidden/CubeCopy in 0.00s
    gles3 (total internal programs: 2, unique: 1)
Compiling shader "Hidden/CubeBlend"
  Pass "" (vp)
    Target graphics API: gles3
    Full variant space:         1
    After settings filtering:   1
    After built-in stripping:   1
    After scriptable stripping: 1
    Processed in 0.00 seconds
  Pass "" (vp)
    Target graphics API: gles3
    Full variant space:         1
    After settings filtering:   1
    After built-in stripping:   1
    After scriptable stripping: 1
    Processed in 0.00 seconds
  Pass  (vp, gles3) finished in 0.01 seconds. Local cache hits 1 (0.01s CPU time), remote cache hits 0 (0.00s CPU time), compiled 0 variants (0.00s CPU time), skipped 0 variants.
    Prepared data for serialisation in 0.00s
  Pass  (vp, gles3) finished in 0.01 seconds. Local cache hits 1 (0.00s CPU time), remote cache hits 0 (0.00s CPU time), compiled 0 variants (0.00s CPU time), skipped 0 variants.
    Prepared data for serialisation in 0.00s
Serialized binary data for shader Hidden/CubeBlend in 0.00s
    gles3 (total internal programs: 2, unique: 1)
Compiling shader "Hidden/VR/BlitTexArraySlice"
  Pass "" (vp)
    Target graphics API: gles3
    Full variant space:         1
    After settings filtering:   1
    After built-in stripping:   1
    After scriptable stripping: 1
    Processed in 0.00 seconds
  Pass  (vp, gles3) finished in 0.01 seconds. Local cache hits 1 (0.01s CPU time), remote cache hits 0 (0.00s CPU time), compiled 0 variants (0.00s CPU time), skipped 0 variants.
    Prepared data for serialisation in 0.00s
Serialized binary data for shader Hidden/VR/BlitTexArraySlice in 0.00s
    gles3 (total internal programs: 1, unique: 1)
Compiling shader "Hidden/Internal-ODSWorldTexture"
  Pass "" (vp)
    Target graphics API: gles3
    Full variant space:         1
    After settings filtering:   1
    After built-in stripping:   1
    After scriptable stripping: 1
    Processed in 0.00 seconds
  Pass "" (vp)
    Target graphics API: gles3
    Full variant space:         1
    After settings filtering:   1
    After built-in stripping:   1
    After scriptable stripping: 1
    Processed in 0.00 seconds
  Pass "" (vp)
    Target graphics API: gles3
    Full variant space:         1
    After settings filtering:   1
    After built-in stripping:   1
    After scriptable stripping: 1
    Processed in 0.00 seconds
  Pass "" (vp)
    Target graphics API: gles3
    Full variant space:         1
    After settings filtering:   1
    After built-in stripping:   1
    After scriptable stripping: 1
    Processed in 0.00 seconds
  Pass "" (vp)
    Target graphics API: gles3
    Full variant space:         1
    After settings filtering:   1
    After built-in stripping:   1
    After scriptable stripping: 1
    Processed in 0.00 seconds
  Pass "" (vp)
    Target graphics API: gles3
    Full variant space:         1
    After settings filtering:   1
    After built-in stripping:   1
    After scriptable stripping: 1
    Processed in 0.00 seconds
  Pass "" (vp)
    Target graphics API: gles3
    Full variant space:         1
    After settings filtering:   1
    After built-in stripping:   1
    After scriptable stripping: 1
    Processed in 0.00 seconds
  Pass "" (vp)
    Target graphics API: gles3
    Full variant space:         1
    After settings filtering:   1
    After built-in stripping:   1
    After scriptable stripping: 1
    Processed in 0.00 seconds
  Pass "" (vp)
    Target graphics API: gles3
    Full variant space:         1
    After settings filtering:   1
    After built-in stripping:   1
    After scriptable stripping: 1
    Processed in 0.00 seconds
  Pass "" (vp)
    Target graphics API: gles3
    Full variant space:         1
    After settings filtering:   1
    After built-in stripping:   1
    After scriptable stripping: 1
    Processed in 0.00 seconds
  Pass  (vp, gles3) finished in 0.01 seconds. Local cache hits 1 (0.01s CPU time), remote cache hits 0 (0.00s CPU time), compiled 0 variants (0.00s CPU time), skipped 0 variants.
    Prepared data for serialisation in 0.00s
  Pass  (vp, gles3) finished in 0.01 seconds. Local cache hits 1 (0.01s CPU time), remote cache hits 0 (0.00s CPU time), compiled 0 variants (0.00s CPU time), skipped 0 variants.
    Prepared data for serialisation in 0.00s
  Pass  (vp, gles3) finished in 0.01 seconds. Local cache hits 1 (0.01s CPU time), remote cache hits 0 (0.00s CPU time), compiled 0 variants (0.00s CPU time), skipped 0 variants.
    Prepared data for serialisation in 0.00s
  Pass  (vp, gles3) finished in 0.01 seconds. Local cache hits 1 (0.01s CPU time), remote cache hits 0 (0.00s CPU time), compiled 0 variants (0.00s CPU time), skipped 0 variants.
    Prepared data for serialisation in 0.00s
  Pass  (vp, gles3) finished in 0.01 seconds. Local cache hits 1 (0.01s CPU time), remote cache hits 0 (0.00s CPU time), compiled 0 variants (0.00s CPU time), skipped 0 variants.
    Prepared data for serialisation in 0.00s
  Pass  (vp, gles3) finished in 0.01 seconds. Local cache hits 1 (0.01s CPU time), remote cache hits 0 (0.00s CPU time), compiled 0 variants (0.00s CPU time), skipped 0 variants.
    Prepared data for serialisation in 0.00s
  Pass  (vp, gles3) finished in 0.01 seconds. Local cache hits 1 (0.01s CPU time), remote cache hits 0 (0.00s CPU time), compiled 0 variants (0.00s CPU time), skipped 0 variants.
    Prepared data for serialisation in 0.00s
  Pass  (vp, gles3) finished in 0.01 seconds. Local cache hits 1 (0.01s CPU time), remote cache hits 0 (0.00s CPU time), compiled 0 variants (0.00s CPU time), skipped 0 variants.
    Prepared data for serialisation in 0.00s
  Pass  (vp, gles3) finished in 0.01 seconds. Local cache hits 1 (0.01s CPU time), remote cache hits 0 (0.00s CPU time), compiled 0 variants (0.00s CPU time), skipped 0 variants.
    Prepared data for serialisation in 0.00s
  Pass  (vp, gles3) finished in 0.01 seconds. Local cache hits 1 (0.01s CPU time), remote cache hits 0 (0.00s CPU time), compiled 0 variants (0.00s CPU time), skipped 0 variants.
    Prepared data for serialisation in 0.00s
Serialized binary data for shader Hidden/Internal-ODSWorldTexture in 0.00s
    gles3 (total internal programs: 10, unique: 9)
Compiling shader "Hidden/Internal-CubemapToEquirect"
  Pass "" (vp)
    Target graphics API: gles3
    Full variant space:         1
    After settings filtering:   1
    After built-in stripping:   1
    After scriptable stripping: 1
    Processed in 0.00 seconds
  Pass  (vp, gles3) finished in 0.01 seconds. Local cache hits 1 (0.01s CPU time), remote cache hits 0 (0.00s CPU time), compiled 0 variants (0.00s CPU time), skipped 0 variants.
    Prepared data for serialisation in 0.00s
Serialized binary data for shader Hidden/Internal-CubemapToEquirect in 0.00s
    gles3 (total internal programs: 1, unique: 1)
Compiling shader "Hidden/VR/BlitFromTex2DToTexArraySlice"
  Pass "" (vp)
    Target graphics API: gles3
    Full variant space:         1
    After settings filtering:   1
    After built-in stripping:   1
    After scriptable stripping: 1
    Processed in 0.00 seconds
  Pass "" (vp)
    Target graphics API: gles3
    Full variant space:         1
    After settings filtering:   1
    After built-in stripping:   1
    After scriptable stripping: 1
    Processed in 0.00 seconds
  Pass  (vp, gles3) finished in 0.01 seconds. Local cache hits 1 (0.01s CPU time), remote cache hits 0 (0.00s CPU time), compiled 0 variants (0.00s CPU time), skipped 0 variants.
    Prepared data for serialisation in 0.00s
  Pass  (vp, gles3) finished in 0.01 seconds. Local cache hits 1 (0.01s CPU time), remote cache hits 0 (0.00s CPU time), compiled 0 variants (0.00s CPU time), skipped 0 variants.
    Prepared data for serialisation in 0.00s
Serialized binary data for shader Hidden/VR/BlitFromTex2DToTexArraySlice in 0.00s
    gles3 (total internal programs: 2, unique: 2)
Compiling shader "Hidden/VideoComposite"
  Pass "Default" (vp)
    Target graphics API: gles3
    Full variant space:         1
    After settings filtering:   1
    After built-in stripping:   1
    After scriptable stripping: 1
    Processed in 0.00 seconds
  Pass Default (vp, gles3) finished in 0.01 seconds. Local cache hits 1 (0.01s CPU time), remote cache hits 0 (0.00s CPU time), compiled 0 variants (0.00s CPU time), skipped 0 variants.
    Prepared data for serialisation in 0.00s
Serialized binary data for shader Hidden/VideoComposite in 0.00s
    gles3 (total internal programs: 1, unique: 1)
Compiling shader "Hidden/TextCore/Distance Field SSD"
  Pass "" (vp)
    Target graphics API: gles3
    Full variant space:         1
    After settings filtering:   1
    After built-in stripping:   1
    After scriptable stripping: 1
    Processed in 0.00 seconds
  Pass  (vp, gles3) finished in 0.01 seconds. Local cache hits 1 (0.01s CPU time), remote cache hits 0 (0.00s CPU time), compiled 0 variants (0.00s CPU time), skipped 0 variants.
    Prepared data for serialisation in 0.00s
Serialized binary data for shader Hidden/TextCore/Distance Field SSD in 0.00s
    gles3 (total internal programs: 1, unique: 1)
Compiling shader "Hidden/Physics2D/SDF_CircleGeometry"
  Pass "" (vp)
    Target graphics API: gles3
    Full variant space:         2
    After settings filtering:   2
    After built-in stripping:   1
    After scriptable stripping: 1
    Processed in 0.00 seconds
  Pass  (vp, gles3) finished in 0.01 seconds. Local cache hits 1 (0.01s CPU time), remote cache hits 0 (0.00s CPU time), compiled 0 variants (0.00s CPU time), skipped 0 variants.
    Prepared data for serialisation in 0.00s
Serialized binary data for shader Hidden/Physics2D/SDF_CircleGeometry in 0.00s
    gles3 (total internal programs: 1, unique: 1)
Compiling shader "Hidden/Physics2D/SDF_CapsuleGeometry"
  Pass "" (vp)
    Target graphics API: gles3
    Full variant space:         2
    After settings filtering:   2
    After built-in stripping:   1
    After scriptable stripping: 1
    Processed in 0.00 seconds
  Pass  (vp, gles3) finished in 0.01 seconds. Local cache hits 1 (0.01s CPU time), remote cache hits 0 (0.00s CPU time), compiled 0 variants (0.00s CPU time), skipped 0 variants.
    Prepared data for serialisation in 0.00s
Serialized binary data for shader Hidden/Physics2D/SDF_CapsuleGeometry in 0.00s
    gles3 (total internal programs: 1, unique: 1)
Compiling shader "Hidden/Physics2D/SDF_PolygonGeometry"
  Pass "" (vp)
    Target graphics API: gles3
    Full variant space:         2
    After settings filtering:   2
    After built-in stripping:   1
    After scriptable stripping: 1
    Processed in 0.00 seconds
  Pass  (vp, gles3) finished in 0.01 seconds. Local cache hits 1 (0.01s CPU time), remote cache hits 0 (0.00s CPU time), compiled 0 variants (0.00s CPU time), skipped 0 variants.
    Prepared data for serialisation in 0.00s
Serialized binary data for shader Hidden/Physics2D/SDF_PolygonGeometry in 0.00s
    gles3 (total internal programs: 1, unique: 1)
Compiling shader "Hidden/Physics2D/SDF_Line"
  Pass "" (vp)
    Target graphics API: gles3
    Full variant space:         2
    After settings filtering:   2
    After built-in stripping:   1
    After scriptable stripping: 1
    Processed in 0.00 seconds
  Pass  (vp, gles3) finished in 0.01 seconds. Local cache hits 1 (0.01s CPU time), remote cache hits 0 (0.00s CPU time), compiled 0 variants (0.00s CPU time), skipped 0 variants.
    Prepared data for serialisation in 0.00s
Serialized binary data for shader Hidden/Physics2D/SDF_Line in 0.00s
    gles3 (total internal programs: 1, unique: 1)
Compiling shader "Hidden/Physics2D/SDF_Point"
  Pass "" (vp)
    Target graphics API: gles3
    Full variant space:         2
    After settings filtering:   2
    After built-in stripping:   1
    After scriptable stripping: 1
    Processed in 0.00 seconds
  Pass  (vp, gles3) finished in 0.00 seconds. Local cache hits 1 (0.00s CPU time), remote cache hits 0 (0.00s CPU time), compiled 0 variants (0.00s CPU time), skipped 0 variants.
    Prepared data for serialisation in 0.00s
Serialized binary data for shader Hidden/Physics2D/SDF_Point in 0.00s
    gles3 (total internal programs: 1, unique: 1)
Curl error 7: Failed to connect to cdp.cloud.unity3d.com port 443 after 2190 ms: Could not connect to server

***Player size statistics***
Level 0 'Assets/Scenes/Phase0Boxer.unity' uses 35.5 MB compressed / 55.8 MB uncompressed.
Total compressed size 35.6 MB. Total uncompressed size 55.8 MB.
SpriteAtlasDatabase::Cleanup
Starting: C:\Program Files\Unity\Hub\Editor\6000.5.8f1\Editor\Data\Tools\BuildPipeline\bee_backend.exe --ipc --dagfile="Library/Bee/Playere3a70677.dag" --profile="Library/Bee/backend1.traceevents" Player
WorkingDir: D:/WORK/RESEARCH/POVGame/boxer-ramirez-unity/unity/BoxerP0
Starting: C:\Program Files\Unity\Hub\Editor\6000.5.8f1\Editor\Data\netcorerun\netcorerun.exe "C:\Program Files\Unity\Hub\Editor\6000.5.8f1\Editor\Data\PlaybackEngines\WebGLSupport\WebGLPlayerBuildProgram.exe" "C:/Program Files/Unity/Hub/Editor/6000.5.8f1/Editor/Data/PlaybackEngines/WebGLSupport/Bee;C:/Program Files/Unity/Hub/Editor/6000.5.8f1/Editor/Data/Tools/BuildPipeline" "Library/Bee/Playere3a70677.dag.json" "Library/Bee/Playere3a70677-inputdata.json" "Library\Bee\buildprogram0.traceevents"
WorkingDir: D:/WORK/RESEARCH/POVGame/boxer-ramirez-unity/unity/BoxerP0
ExitCode: 4 Duration: 0s71ms
DisplayProgressbar: Incremental Player Build
ExitCode: 0 Duration: 9s540ms
Starting: C:\Program Files\Unity\Hub\Editor\6000.5.8f1\Editor\Data\Tools\BuildPipeline\bee_backend.exe --ipc --dagfile="Library/Bee/Playere3a70677.dag" --dagfilejson="Library\Bee\Playere3a70677.dag.json" --profile="Library/Bee/backend2.traceevents" Player
WorkingDir: D:/WORK/RESEARCH/POVGame/boxer-ramirez-unity/unity/BoxerP0
[OnDemand] Worker 0: WorkerState(Connecting), ImporterState(Initializing) worker timed out connecting with editor - while handling importAddress Guid(00000000000000000000000000000000) Importer(-2,00000000000000000000000000000000) - path  - see the AssetImportWorker log for worker 0 at /Logs.
Starting: C:\Program Files\Unity\Hub\Editor\6000.5.8f1\Editor\Data\netcorerun\netcorerun.exe "C:\Program Files\Unity\Hub\Editor\6000.5.8f1\Editor\Data\PlaybackEngines\WebGLSupport\WebGLPlayerBuildProgram.exe" "C:/Program Files/Unity/Hub/Editor/6000.5.8f1/Editor/Data/PlaybackEngines/WebGLSupport/Bee;C:/Program Files/Unity/Hub/Editor/6000.5.8f1/Editor/Data/Tools/BuildPipeline" "Library/Bee/Playere3a70677.dag.json" "Library/Bee/Playere3a70677-inputdata.json" "Library\Bee\buildprogram1.traceevents"
WorkingDir: D:/WORK/RESEARCH/POVGame/boxer-ramirez-unity/unity/BoxerP0
ExitCode: 4 Duration: 4m:18s
ExitCode: 0 Duration: 0s461ms
Starting: C:\Program Files\Unity\Hub\Editor\6000.5.8f1\Editor\Data\Tools\BuildPipeline\bee_backend.exe --ipc --dagfile="Library/Bee/Playere3a70677.dag" --dagfilejson="Library\Bee\Playere3a70677.dag.json" --profile="Library/Bee/backend3.traceevents" Player
WorkingDir: D:/WORK/RESEARCH/POVGame/boxer-ramirez-unity/unity/BoxerP0
Starting: C:\Program Files\Unity\Hub\Editor\6000.5.8f1\Editor\Data\netcorerun\netcorerun.exe "C:\Program Files\Unity\Hub\Editor\6000.5.8f1\Editor\Data\PlaybackEngines\WebGLSupport\WebGLPlayerBuildProgram.exe" "C:/Program Files/Unity/Hub/Editor/6000.5.8f1/Editor/Data/PlaybackEngines/WebGLSupport/Bee;C:/Program Files/Unity/Hub/Editor/6000.5.8f1/Editor/Data/Tools/BuildPipeline" "Library/Bee/Playere3a70677.dag.json" "Library/Bee/Playere3a70677-inputdata.json" "Library\Bee\buildprogram2.traceevents"
WorkingDir: D:/WORK/RESEARCH/POVGame/boxer-ramirez-unity/unity/BoxerP0
ExitCode: 4 Duration: 0s758ms
ExitCode: 0 Duration: 0s431ms
Starting: C:\Program Files\Unity\Hub\Editor\6000.5.8f1\Editor\Data\Tools\BuildPipeline\bee_backend.exe --ipc --dagfile="Library/Bee/Playere3a70677.dag" --dagfilejson="Library\Bee\Playere3a70677.dag.json" --profile="Library/Bee/backend4.traceevents" Player
WorkingDir: D:/WORK/RESEARCH/POVGame/boxer-ramirez-unity/unity/BoxerP0
ExitCode: 0 Duration: 0s359ms
[websockify wrapper] Start node and websockify.js
Total cache size 15393888
Total cache size after purge 15393888, took 00:00:00.0243729
[Licensing::Client] Successfully resolved entitlement details
[Licensing::Module] License group:
  Id: F4-84B2-AJYW-2F6S-HS3K-XXXX
  Product: Unity Personal
  Type: ULF
  Expiration: 2026-11-13T09:59:06Z
[Licensing::Module] License group:
  Id: 18968483178885-UnityPersXXXX
  Product: Unity Personal
  Type: Assigned
  Expiration: Unlimited

-------------------------------------------------------------------------------
Build Report
Uncompressed usage by category (Percentages based on user generated assets only):
Textures               33.8 mb	 61.0% 
Meshes                 21.3 mb	 38.4% 
Animations             0.0 kb	 0.0% 
Sounds                 0.0 kb	 0.0% 
Shaders                81.7 kb	 0.1% 
Other Assets           202.1 kb	 0.4% 
Levels                 0.0 kb	 0.0% 
File headers           9.5 kb	 0.0% 
Total User Assets      55.3 mb	 100.0% 
Complete build size    56.0 mb
Used Assets and files from the Resources folder, sorted by uncompressed size:
 21.2 mb	 37.9% Assets/Resources/Boxer3D/Ramirez_UAT3.fbx
 7.6 mb	 13.5% Assets/Resources/EV/ReferenceSegments/player-glove.png
 6.0 mb	 10.7% Assets/Resources/EV/RamirezHead.png
 6.0 mb	 10.7% Assets/Resources/EV/GloveLeather.png
 4.5 mb	 8.0% Assets/Resources/P1V/player-glove-left-chroma.png
 2.7 mb	 4.8% Built-in Texture2D: Splash Screen Unity Logo
 1.3 mb	 2.3% Assets/Resources/EV/ReferenceSegments/ramirez-shorts.png
 768.1 kb	 1.3% Assets/Resources/P1V/ramirez-straight-chroma.png
 768.1 kb	 1.3% Assets/Resources/P1V/ramirez-hook-chroma.png
 768.1 kb	 1.3% Assets/Resources/P1V/ramirez-guard-chroma.png
 768.1 kb	 1.3% Assets/Resources/P1V/championship-arena.png
 569.8 kb	 1.0% Resources/unity_builtin_extra
 523.9 kb	 0.9% Assets/Resources/EV/ReferenceSegments/ramirez-thigh.png
 487.9 kb	 0.9% Assets/Resources/EV/ReferenceSegments/ramirez-boot.png
 414.0 kb	 0.7% Assets/Resources/EV/ReferenceSegments/ramirez-torso.png
 370.9 kb	 0.6% Assets/Resources/EV/ReferenceSegments/ramirez-shin.png
 346.2 kb	 0.6% Assets/Resources/EV/ReferenceSegments/ramirez-head.png
 168.4 kb	 0.3% Assets/Resources/Fonts/Oswald.ttf
 127.3 kb	 0.2% Assets/Resources/EV/ReferenceSegments/ramirez-arm.png
 107.9 kb	 0.2% Assets/Resources/Boxer3D/PlayerPOVGlove_UAT3.fbx
 68.0 kb	 0.1% Assets/Resources/EV/ReferenceSegments/ramirez-glove.png
 6.0 kb	 0.0% Assets/Resources/EVSurface.shader
 4.1 kb	 0.0% Assets/Resources/BoxerP1VChromaKey.shader
 4.1 kb	 0.0% Assets/Resources/BoxerRound2Surface.shader
 3.6 kb	 0.0% Assets/Resources/EVText.shader
 3.5 kb	 0.0% Assets/Resources/EVBackdrop.shader
 3.4 kb	 0.0% Assets/Resources/BoxerP0UnlitColor.shader
 0.4 kb	 0.0% Built-in Sprite: 
 0.1 kb	 0.0% Assets/Scripts/P1StraightBodyCouplingMath.cs
 0.1 kb	 0.0% Assets/Scripts/P1WholeBodyRecoveryMath.cs
 0.1 kb	 0.0% Assets/Scripts/P1VCombatPresentation.cs
 0.1 kb	 0.0% Assets/Scripts/P1CombatObservability.cs
 0.1 kb	 0.0% Assets/Scripts/OpponentLegEmbodiment.cs
 0.1 kb	 0.0% Assets/Scripts/Blender3DVisualFollower.cs
 0.1 kb	 0.0% Assets/Scripts/RamirezAcceptedRig.cs
 0.1 kb	 0.0% Assets/Scripts/P1WeightTransferMath.cs
 0.1 kb	 0.0% Assets/Scripts/P1OpponentAttributes.cs
 0.1 kb	 0.0% Assets/Scripts/P1CounterGeometry.cs
 0.1 kb	 0.0% Assets/Scripts/P1BodyRotationMath.cs
 0.1 kb	 0.0% Assets/Scripts/ArmVisualEmbodiment.cs
 0.1 kb	 0.0% Assets/Scripts/Round2Footwork.cs
 0.1 kb	 0.0% Assets/Scripts/Round2CombatRig.cs
 0.1 kb	 0.0% Assets/Scripts/Phase0Telemetry.cs
 0.1 kb	 0.0% Assets/Scripts/Phase0Model.cs
 0.1 kb	 0.0% Assets/Scripts/P1PunchMechanics.cs
 0.1 kb	 0.0% Assets/Scripts/OpponentBoxer.cs
 0.1 kb	 0.0% Assets/Scripts/EVVisualShell.cs
 0.1 kb	 0.0% Assets/Scripts/BoxerVisualShell.cs
 0.1 kb	 0.0% Assets/Scripts/BoxerFeedback.cs
 0.1 kb	 0.0% Assets/Scripts/BoxerBootstrap.cs
 0.1 kb	 0.0% Assets/Scripts/Round2Motion.cs
 0.1 kb	 0.0% Assets/Scripts/PlayerBoxer.cs
 0.1 kb	 0.0% Assets/Scripts/P1PunchGuide.cs
 0.1 kb	 0.0% Assets/Scripts/BoxerInput.cs
-------------------------------------------------------------------------------
Unloading 25 Unused Serialized files (Serialized files now loaded: 0)
Unloading 226 unused Assets / (348.4 KB). Loaded Objects now: 909.
Memory consumption went from 235.4 MB to 235.0 MB.
Total: 7.590100 ms (FindLiveObjects: 0.131300 ms CreateObjectMapping: 0.024700 ms MarkObjects: 7.124400 ms  DeleteObjects: 0.307500 ms)

DisplayProgressNotification: Build Successful
Build Finished, Result: Success.
##utp:{"success":true,"type":"PlayerBuildInfo","version":2,"phase":"Immediate","time":1791363869956,"processId":27516,"steps":[{"description":"Preprocess Player","duration":6},{"description":"Prepare For Build","duration":0},{"description":"ProducePlayerScriptAssemblies","duration":34168},{"description":"Verify Build setup","duration":25},{"description":"Prepare assets for target platform","duration":0},{"description":"Prepare splash screen","duration":6},{"description":"Build scripts DLLs","duration":56},{"description":"Building scenes","duration":228},{"description":"Build GlobalGameManagers file","duration":206},{"description":"Writing asset files","duration":323},{"description":"Building Resources/unity_builtin_extra","duration":551},{"description":"Creating compressed player package","duration":4723},{"description":"Write data build dirty tracking information","duration":18},{"description":"Postprocess built player","duration":278857}],"duration":319167}
Unloading 0 Unused Serialized files (Serialized files now loaded: 0)
Loaded scene 'Temp/__Backupscenes/0.backup'
	Deserialize:            0.688 ms
	Integration:            6.688 ms
	Integration of assets:  0.003 ms
	Thread Wait Time:       0.020 ms
	Total Operation Time:   7.400 ms
Unloading 0 unused Assets / (0 B). Loaded Objects now: 907.
Memory consumption went from 228.4 MB to 228.4 MB.
Total: 7.764700 ms (FindLiveObjects: 0.060900 ms CreateObjectMapping: 0.014400 ms MarkObjects: 7.681900 ms  DeleteObjects: 0.005500 ms)

[websockify wrapper] Proxying from :35020 to localhost:34999
ROUND2_WEB_BUILD_SUCCESS
source_sha=4940f8061eaf1ed58bcf5356a1bce4817de6eab0
art_source_sha=3e4e13c4b4451cb542e068652508ec12e248225f
blend_sha256=419466859d7f119f98d7e69dc2673f0b378dbf5a892f0e2a6d7254cbc974af12
productVersion=r2-4940f8061eaf1ed58bcf5356a1bce4817de6eab0
unity=6000.5.8f1
result=Succeeded
build_seconds=319.4527153
total_bytes=58694742
contact=shared_anatomical_pose_relative_sphere_sweep_240Hz
presentation=accepted_ramirez_native_rig_readonly_mapping_no_bottom_controls
desktop_validation=explicit_query_flag_synthetic_no_sensor_claim
fbx_sha256=c2958f4085cb83cdbd0c05a13beec79b2b21d253fe5bc5521bc5ae7fc18188b6
index.html=7d9e9add62ec3282f35b7df6146786c7c952bda03724b96961ab6d9e6a7cd99e
Build/boxer-round2.data=32a9a9015f59fa4b823d48ee11d3bd0348d91b7fd443db077998f3e90afe4173
Build/boxer-round2.framework.js=799a99c317831405e815dcfa114f1a3d11a0ce6cd2af13d2198693dd7555487d
Build/boxer-round2.loader.js=9961e0e69a1003c375e52549f05dff6a6851a4def9b47d3a5f4edab1e6d5aef7
Build/boxer-round2.wasm=41cf50e390180906bfc4893f93aef492bfcf8d8aaff1539af84d3eb8c9ef643c
TemplateData/style.css=227ec384516a47fbbf70a4d05e8e3804ea8f063009d42d8c570b72909f6c6b76
UnityEngine.Debug:ExtractStackTraceNoAlloc (byte*,int,string)
UnityEngine.StackTraceUtility:ExtractStackTrace ()
UnityEngine.DebugLogHandler:Internal_Log (UnityEngine.LogType,UnityEngine.LogOption,string,UnityEngine.Object)
UnityEngine.DebugLogHandler:LogFormat (UnityEngine.LogType,UnityEngine.Object,string,object[])
UnityEngine.Logger:Log (UnityEngine.LogType,object)
UnityEngine.Debug:Log (object)
BoxerP0.Editor.Round2Build:Web () (at Assets/Editor/Round2Build.cs:59)

(Filename: Assets/Editor/Round2Build.cs Line: 59)

AcceleratorClientConnectionCallback - disconnected - :0
Importing 'GUID: 00000000000000004000000000000000 - Path: ProjectSettings/ProjectSettings.asset' with importer (LibraryAssetImporter)
Imported 'GUID: 00000000000000004000000000000000' -> (Import Result ID: '7b3b197356205a854c1c89f2d58ca1d9') in 0.001 seconds [static dependencies only]. Details - ImportResultOutputID=276a810dac73e1f29404d5e5f692e214 DependenciesID=f87e6d600c4756dc56c29c0995261892 StaticDependenciesID=82b4367a0f43409a1e90036ccedd2477 
Starting new worker id: 1 with log in D:/WORK/RESEARCH/POVGame/boxer-ramirez-unity/unity/BoxerP0/Logs/AssetImportWorkerHW1.log

Asset Pipeline Refresh (id=6e5519ba68f0f614b998180a4ececb87): Total: 0.356 seconds - Initiated by StopAssetImportingV2(NoUpdateAssetOptions)
	(Values over 0.05ms)
	Summary:
		Imports: total=1 (actual=1, local cache=0, cache server=0)
		Asset DB Process Time: managed=0 ms, native=355 ms
		Asset DB Callback time: managed=0 ms, native=0 ms
		Scripting: domain reloads=0, domain reload time=0 ms, compile time=0 ms, other=0 ms
		Project Asset Count: scripts=36, non-scripts=30
		Asset File Changes: new=0, changed=1, moved=0, deleted=0
		Scan Filter Count: 1
	Scan: 8.555ms
	Collect global state as custom dependencies: 0.574ms
	CategorizeAssets: 0.063ms
	ImportOutOfDateAssets: 344.039ms (1.041ms without children)
		ImportManagerImport: 1.077ms (0.052ms without children)
		UnloadImportedAssets: 0.168ms
		ImportSchedulerStart: 341.741ms
	PostProcessAllAssets: 0.379ms
		MonoPostProcessAllAssets: 0.267ms
			AssetPostprocessor.OnPostprocessAllAssets 0.063ms
	PostAssetChangesProfiler: 0.051ms
	Untracked: 1.901ms

Asset Pipeline Refresh (id=43a46400e7629f44599685100694bc95): Total: 0.030 seconds - Initiated by RefreshV2(NoUpdateAssetOptions)
Batchmode quit successfully invoked - shutting down!
[websockify wrapper] Kill
[websockify wrapper] Process killed
[Physics::Module] Cleanup current backend.
[Physics::Module] Id: 0xf2b8ea05
Input System module state changed to: ShutdownInProgress.
Input Polling Thread exited.
Input System module state changed to: Shutdown.
[Licensing::IpcConnector] LicenseClient-minht-notifications channel disconnected successfully.
[Licensing::IpcConnector] LicenseClient-minht channel disconnected successfully.
AcceleratorClientConnectionCallback - disconnected - :0
Cleanup mono
CodeReloadManager destroyed
[websockify wrapper] Kill
Exiting batchmode successfully now!
Exiting without the bug reporter. Application will terminate with return code 0