[Licensing::Module] Trying to connect to existing licensing client channel...
Built from '6000.5/staging' branch; Version is '6000.5.8f1 (5cb7df797b7d) revision 6076383'; Using compiler version '194234433'; Build Type 'Release'
[Licensing::IpcConnector] Channel LicenseClient-minht doesn't exist
OS: 'Windows 11  (10.0.26200) CoreSingleLanguage' Language: 'en' Physical Memory: 32345 MB
BatchMode: 1, IsHumanControllingUs: 0, StartBugReporterOnCrash: 0, Is64bit: 1
System  architecture: x64
Process architecture: x64
Date: 2026-10-06T21:44:36Z
[Licensing::Module] Successfully launched the LicensingClient (PId: 2520)
[Licensing::IpcConnector] Successfully connected to: "LicenseClient-minht" at "2026-10-06T21:44:37.2135563Z"

COMMAND LINE ARGUMENTS:
C:\Program Files\Unity\Hub\Editor\6000.5.8f1\Editor\Unity.exe
-batchmode
-nographics
-noUpm
-projectPath
D:\WORK\RESEARCH\POVGame\boxer-ramirez-unity\unity\BoxerP0
-executeMethod
BoxerP0.Editor.Round2Build.Web
-logFile
D:\WORK\RESEARCH\POVGame\boxer-ramirez-unity\evidence\ramirez-unity-round2\build-retry.log
Successfully changed project path to: D:\WORK\RESEARCH\POVGame\boxer-ramirez-unity\unity\BoxerP0
D:/WORK/RESEARCH/POVGame/boxer-ramirez-unity/unity/BoxerP0
[UnityMemory] Configuration Parameters - Can be set up in boot.config
    "memorysetup-temp-allocator-size-gi-baking-worker=262144"
    "memorysetup-temp-allocator-size-gi-baking-worker=262144"
    "memorysetup-temp-allocator-size-gi-baking-worker=262144"
    "memorysetup-temp-allocator-size-gi-baking-worker=262144"
    "memorysetup-temp-allocator-size-gi-baking-worker=262144"
    "memorysetup-temp-allocator-size-nav-mesh-worker=65536"
    "memorysetup-temp-allocator-size-audio-worker=65536"
    "memorysetup-temp-allocator-size-cloud-worker=32768"
    "memorysetup-temp-allocator-size-gfx=262144"
    "memorysetup-temp-allocator-size-preload-manager=33554432"
    "memorysetup-allocator-temp-initial-block-size-main=262144"
    "memorysetup-allocator-temp-initial-block-size-worker=262144"
    "memorysetup-temp-allocator-size-job-worker=262144"
    "memorysetup-temp-allocator-size-background-worker=32768"
    "memorysetup-bucket-allocator-granularity=16"
    "memorysetup-bucket-allocator-bucket-count=8"
    "memorysetup-bucket-allocator-block-size=33554432"
    "memorysetup-bucket-allocator-block-count=8"
    "memorysetup-main-allocator-block-size=16777216"
    "memorysetup-thread-allocator-block-size=16777216"
    "memorysetup-main-allocator-mimalloc-enabled=0"
    "memorysetup-gfx-main-allocator-block-size=16777216"
    "memorysetup-gfx-thread-allocator-block-size=16777216"
    "memorysetup-cache-allocator-block-size=4194304"
    "memorysetup-typetree-allocator-block-size=2097152"
    "memorysetup-profiler-bucket-allocator-granularity=16"
    "memorysetup-profiler-bucket-allocator-bucket-count=8"
    "memorysetup-profiler-bucket-allocator-block-size=33554432"
    "memorysetup-profiler-bucket-allocator-block-count=8"
    "memorysetup-profiler-allocator-block-size=16777216"
    "memorysetup-profiler-editor-allocator-block-size=1048576"
    "memorysetup-temp-allocator-size-main=16777216"
    "memorysetup-job-temp-allocator-block-size=2097152"
    "memorysetup-job-temp-allocator-block-size-background=1048576"
    "memorysetup-job-temp-allocator-reduction-small-platforms=262144"
Logging is directed to a specific file, skipping project log.Player connection [17096]  Target information:

Player connection [17096]  * "[IP] 172.25.96.1 [Port] 55504 [Flags] 2 [Guid] 727811441 [EditorId] 727811441 [Version] 1048832 [Id] WindowsEditor(7,DESKTOP-4PSD0G2) [Debug] 1 [PackageName] WindowsEditor [ProjectName] Editor" 

Player connection [17096]  * "[IP] 192.168.1.18 [Port] 55504 [Flags] 2 [Guid] 727811441 [EditorId] 727811441 [Version] 1048832 [Id] WindowsEditor(7,DESKTOP-4PSD0G2) [Debug] 1 [PackageName] WindowsEditor [ProjectName] Editor" 

Player connection [17096] Host joined multi-casting on [225.0.0.222:54997]...
Player connection [17096] Host joined alternative multi-casting on [225.0.0.222:34997]...
Input System module state changed to: Initialized.
[Physics::Module] Initialized fallback backend.
[Physics::Module] Id: 0xdecafbad
[Licensing::Client] Code 10 while verifying Licensing Client signature (process Id: 2520, path: "C:/Program Files/Unity/Hub/Editor/6000.5.8f1/Editor/Data/Resources/Licensing/Client/Unity.Licensing.Client.exe")
[Licensing::Module] LicensingClient has failed validation; ignoring
Library Redirect Path: Library/
[Physics::Module] Selected backend.
[Physics::Module] Name: PhysX
[Physics::Module] Id: 0xf2b8ea05
[Physics::Module] SDK Version: 4.1.2
[Physics::Module] Integration Version: 1.0.0
[Physics::Module] Threading Mode: Multi-Threaded
Initialize engine version: 6000.5.8f1 (5cb7df797b7d)
[Subsystems] Discovering subsystems at path C:/Program Files/Unity/Hub/Editor/6000.5.8f1/Editor/Data/Resources/UnitySubsystems
[Subsystems] Discovering subsystems at path D:/WORK/RESEARCH/POVGame/boxer-ramirez-unity/unity/BoxerP0/Assets
Forcing GfxDevice: Null
GfxDevice: creating device client; kGfxThreadingModeNonThreaded
NullGfxDevice:
    Version:  NULL 1.0 [1.0]
    Renderer: Null Device
    Vendor:   Unity Technologies
[Licensing::Client] Handshaking with LicensingClient:
  Version:                 1.18.1+9fbee8e
  Session Id:              8bbef59c8b65468e811b88a657892e13
  Correlation Id:          bccea937ed57176c2814a4c47b306ce7
  External correlation Id: 3263425660383657507
  Machine Id:              gaoNjVOiA5/w7c0j7NjRnkSH0Fg=
[Licensing::Module] Successfully connected to LicensingClient on channel: "LicenseClient-minht" (connect: 0.38s, validation: 0.69s, handshake: 0.13s)
[Licensing::IpcConnector] Successfully connected to: "LicenseClient-minht-notifications" at "2026-10-06T21:44:38.0364747Z"
[Licensing::Module] Connected to LicensingClient (PId: 2520, launch time: 0.01, total connection time: 1.20s)
[Licensing::Module] Error: Access token is unavailable; failed to update
Initialize mono
Mono path[0] = 'C:/Program Files/Unity/Hub/Editor/6000.5.8f1/Editor/Data/Managed'
Mono path[1] = 'C:/Program Files/Unity/Hub/Editor/6000.5.8f1/Editor/Data/BCLExtensions/runtime/netstandard2.1'
Mono path[2] = 'C:/Program Files/Unity/Hub/Editor/6000.5.8f1/Editor/Data/MonoBleedingEdge/lib/mono/unityjit-win32'
Mono config path = 'C:/Program Files/Unity/Hub/Editor/6000.5.8f1/Editor/Data/MonoBleedingEdge/etc'
Using monoOptions --debugger-agent=transport=dt_socket,embedding=1,server=y,suspend=n,address=127.0.0.1:56728
[Licensing::Client] Successfully resolved entitlement details
[Licensing::Module] License group:
  Id: F4-84B2-AJYW-2F6S-HS3K-XXXX
  Product: Unity Personal
  Type: ULF
  Expiration: 2026-11-12T22:41:45Z
[Licensing::Module] License group:
  Id: 18968483178885-UnityPersXXXX
  Product: Unity Personal
  Type: Assigned
  Expiration: Unlimited
CodeReloadManager initialized
ImportWorker Server TCP listen port: 0
AcceleratorClientConnectionCallback - disconnected - :0
[Licensing::Client] Successfully updated license, isAsync: True, time: 0.02
[Licensing::Client] Successfully resolved entitlement details
[Licensing::Module] License group:
  Id: F4-84B2-AJYW-2F6S-HS3K-XXXX
  Product: Unity Personal
  Type: ULF
  Expiration: 2026-11-12T22:41:45Z
[Licensing::Module] License group:
  Id: 18968483178885-UnityPersXXXX
  Product: Unity Personal
  Type: Assigned
  Expiration: Unlimited
[Licensing::Module] Licensing Background thread has ended after 1.30s
Begin MonoManager ReloadAssembly
Registering precompiled unity dll's ...
Register platform support module: C:/Program Files/Unity/Hub/Editor/6000.5.8f1/Editor/Data/PlaybackEngines/WebGLSupport/UnityEditor.WebGL.Extensions.dll
Register platform support module: C:/Program Files/Unity/Hub/Editor/6000.5.8f1/Editor/Data/PlaybackEngines/WindowsStandaloneSupport/UnityEditor.WindowsStandalone.Extensions.dll
Registered in 0.006912 seconds.
Native extension for WindowsStandalone target not found
Native extension for WebGL target not found
Package Manager log level set to [2]
[Package Manager] Failed to launch server process. Reason: Unity was launched with the -noUpm command-line argument
[Package Manager] Unable to send message (not connected to server process).
[Package Manager] Cannot connect to Unity Package Manager local server
ScheduleIndexationOnStartup MainProcess:False IndexOnStartup:False
Mono: successfully reloaded assembly
- Finished resetting the current domain, in  1.310 seconds
Domain Reload Profiling: 2732ms
	BeginReloadAssembly (389ms)
		CreateAndSetChildDomain (15ms)
	RebuildCommonClasses (12ms)
	RebuildNativeTypeToScriptingClass (30ms)
	initialDomainReloadingComplete (209ms)
	LoadAllAssembliesAndSetupDomain (781ms)
		LoadAssemblies (368ms)
		AnalyzeDomain (594ms)
			TypeCache.Refresh (592ms)
				TypeCache.ScanAssembly (562ms)
	FinalizeReload (1312ms)
		SetupLoadedEditorAssemblies (0ms)
			InitializePlatformSupportModulesInManaged (7ms)
			BeforeProcessingInitializeOnLoad (206ms)
			ProcessInitializeOnLoadAttributes (256ms)
			ProcessInitializeOnLoadMethodAttributes (656ms)
[Licensing::Client] Successfully resolved entitlement details
[Licensing::Module] License group:
  Id: F4-84B2-AJYW-2F6S-HS3K-XXXX
  Product: Unity Personal
  Type: ULF
  Expiration: 2026-11-12T22:44:38Z
[Licensing::Module] License group:
  Id: 18968483178885-UnityPersXXXX
  Product: Unity Personal
  Type: Assigned
  Expiration: Unlimited
Application.AssetDatabase Initial Refresh Start
Connectivity with IL Post Processor runner cannot be established yet. Retrying.Starting: C:\Program Files\Unity\Hub\Editor\6000.5.8f1\Editor\Data\Tools\BuildPipeline\bee_backend.exe --ipc --defer-dag-verification --dagfile="Library/Bee/1900b0aE.dag" --continue-on-failure --profile="Library/Bee/backend1.traceevents" ScriptAssemblies
WorkingDir: D:/WORK/RESEARCH/POVGame/boxer-ramirez-unity/unity/BoxerP0
[Licensing::Client] Successfully resolved entitlement details
[Licensing::Module] License group:
  Id: F4-84B2-AJYW-2F6S-HS3K-XXXX
  Product: Unity Personal
  Type: ULF
  Expiration: 2026-11-12T22:44:38Z
[Licensing::Module] License group:
  Id: 18968483178885-UnityPersXXXX
  Product: Unity Personal
  Type: Assigned
  Expiration: Unlimited
DisplayProgressbar: Compiling Scripts
ExitCode: 0 Duration: 0s118ms
*** Tundra build success (0.05 seconds), 0 items updated, 168 evaluated
AssetDatabase: script compilation time: 75.724836s
Total cache size 15393888
Begin MonoManager ReloadAssembly
Total cache size after purge 15393888, took 00:00:00.0878424
Native extension for WindowsStandalone target not found
Native extension for WebGL target not found
[Package Manager] Failed to launch server process. Reason: Unity was launched with the -noUpm command-line argument
[Package Manager] Unable to send message (not connected to server process).
[Package Manager] Cannot connect to Unity Package Manager local server
ScheduleIndexationOnStartup MainProcess:True IndexOnStartup:True
Mono: successfully reloaded assembly
- Finished resetting the current domain, in  0.720 seconds
Domain Reload Profiling: 1261ms
	BeginReloadAssembly (321ms)
		DisableScriptedObjects (40ms)
		CreateAndSetChildDomain (61ms)
	RebuildCommonClasses (17ms)
	RebuildNativeTypeToScriptingClass (25ms)
	initialDomainReloadingComplete (58ms)
	LoadAllAssembliesAndSetupDomain (116ms)
		LoadAssemblies (155ms)
		AnalyzeDomain (12ms)
			TypeCache.Refresh (6ms)
			BuildScriptInfoCaches (3ms)
	FinalizeReload (724ms)
		SetupLoadedEditorAssemblies (0ms)
			InitializePlatformSupportModulesInManaged (3ms)
			BeforeProcessingInitializeOnLoad (116ms)
			ProcessInitializeOnLoadAttributes (122ms)
			ProcessInitializeOnLoadMethodAttributes (150ms)
			AfterProcessingInitializeOnLoad (11ms)
		AwakeInstancesAfterBackupRestoration (36ms)
Importing 'GUID: d00c93fd34b0abe49a334af5f111422f - Path: Assets/Scenes/Phase0Boxer.unity' with importer (DefaultImporter)
Imported 'GUID: d00c93fd34b0abe49a334af5f111422f' -> (Import Result ID: 'c7f9de529a8034ec347a790f0060c8f6') in 0.008 seconds [static dependencies only]. Details - ImportResultOutputID=c49193a4f5988da42816871b830c47ac DependenciesID=5954b3ba9cbd4f96edaf9b8bbaa8be54 StaticDependenciesID=ffddb033611be80e4a33395a721d7672 
Starting new worker id: 0 with log in D:/WORK/RESEARCH/POVGame/boxer-ramirez-unity/unity/BoxerP0/Logs/AssetImportWorkerHW0.log

Asset Pipeline Refresh (id=94ab950e46c6b0948adb221676be0323): Total: 77.284 seconds - Initiated by InitialRefreshV2(ForceSynchronousImport)
	(Values over 0.05ms)
	Summary:
		Imports: total=1 (actual=1, local cache=0, cache server=0)
		Asset DB Process Time: managed=2 ms, native=878 ms
		Asset DB Callback time: managed=54 ms, native=4 ms
		Scripting: domain reloads=1, domain reload time=600 ms, compile time=75728 ms, other=14 ms
		Project Asset Count: scripts=36, non-scripts=30
		Asset File Changes: new=0, changed=0, moved=0, deleted=0
		Scan Filter Count: 0
	ApplyChangesToAssetFolders: 0.281ms
	Scan: 56.729ms
	Collect global state as custom dependencies: 13.152ms
	CategorizeScriptCompilationAssets: 0.219ms
	ProcessAssetsWithTransientArtifactChanges: 1.461ms
	CategorizeAssets: 0.442ms
	CompileScripts: 75728.484ms
	ImportOutOfDateAssets: 756.278ms (725.709ms without children)
		ImportManagerImport: 9.745ms (1.232ms without children)
		UnloadImportedAssets: 0.175ms
		ImportSchedulerStart: 20.621ms
	PostProcessAllAssets: 56.705ms
		VCAutoAddAssetPostprocess 1.429ms
		MonoPostProcessAllAssets: 54.842ms
			AssetPostprocessor.OnPostprocessAllAssets 12.680ms
			StyleCatalogPostProcessor.OnPostprocessAllAssets 9.788ms
			WindowAssetPostprocessingWatcher.OnPostprocessAllAssets 8.392ms
			BuilderAssetPostprocessor.OnPostprocessAllAssets 5.472ms
			AssetChangedListener.OnPostprocessAllAssets 2.144ms
			SyncVS.PostprocessSyncProject 1.537ms
			RetainedModeAssetPostprocessor.OnPostprocessAllAssets 1.237ms
			EditModeScopePostprocessor.OnPostprocessAllAssets 0.950ms
			SpeedTree9Postprocessor.OnPostprocessAllAssets 0.830ms
			TextAssetPostProcessor.OnPostprocessAllAssets 0.634ms
			ArtifactBrowserPostProcessor.OnPostprocessAllAssets 0.504ms
			AudioMixerPostprocessor.OnPostprocessAllAssets 0.299ms
			ReferencedClipsPostProcessor.OnPostprocessAllAssets 0.291ms
			AssetEvents.OnPostprocessAllAssets 0.238ms
			AssetDatabaseCallbacks.OnPostprocessAllAssets 0.204ms
			TerrainToolbarOverlayPostProcessor.OnPostprocessAllAssets 0.201ms
			SpeedTreePostProcessor.OnPostprocessAllAssets 0.172ms
			ScenarioDriftAssetsTracker.OnPostprocessAllAssets 0.144ms
			ConfigAssetsTracker.OnPostprocessAllAssets 0.142ms
			RenderPipelineGlobalSettingsPostprocessor.OnPostprocessAllAssets 0.104ms
			AudioContainerPostProcessor.OnPostprocessAllAssets 0.078ms
	PostAssetChangesProfiler: 2.424ms
	UnloadStreamsBegin: 2.581ms
	PersistCurrentRevisions: 0.072ms
	Untracked: 661.811ms

Application.AssetDatabase Initial Refresh End
Scanning for USB devices : 2.405ms
Initializing Unity extensions:
[MODES] ModeService[none].Initialize
[MODES] ModeService[none].LoadModes
[MODES] Loading mode Default (0) for mode-current-id-Boxer P0
Unloading 5 Unused Serialized files (Serialized files now loaded: 0)
Unloading 70 unused Assets / (0.6 MB). Loaded Objects now: 858.
Memory consumption went from 194.9 MB to 194.3 MB.
Total: 5.816800 ms (FindLiveObjects: 0.074500 ms CreateObjectMapping: 0.018700 ms MarkObjects: 5.453800 ms  DeleteObjects: 0.263800 ms)

Unloading 0 Unused Serialized files (Serialized files now loaded: 0)
Unloading 0 unused Assets / (0 B). Loaded Objects now: 858.
Memory consumption went from 194.3 MB to 194.3 MB.
Total: 4.709100 ms (FindLiveObjects: 0.048100 ms CreateObjectMapping: 0.013100 ms MarkObjects: 4.640300 ms  DeleteObjects: 0.005500 ms)

Importing 'GUID: d00c93fd34b0abe49a334af5f111422f - Path: Assets/Scenes/Phase0Boxer.unity' with importer (DefaultImporter)
Imported 'GUID: d00c93fd34b0abe49a334af5f111422f' -> (Import Result ID: '7f100dd1c6c0bedfebf0e6741fb227d3') in 0.001 seconds [static dependencies only]. Details - ImportResultOutputID=c49193a4f5988da42816871b830c47ac DependenciesID=21e3d54569f055a659320c0d0885a122 StaticDependenciesID=519c6966b548dd55dce07ca321ebad2f 
Asset Pipeline Refresh (id=46643bb650e79524db72a3065d36fcaf): Total: 0.021 seconds - Initiated by StopAssetImportingV2(NoUpdateAssetOptions)
P0_SCENE_BUILT=Assets/Scenes/Phase0Boxer.unity
UnityEngine.Debug:ExtractStackTraceNoAlloc (byte*,int,string)
UnityEngine.StackTraceUtility:ExtractStackTrace ()
UnityEngine.DebugLogHandler:Internal_Log (UnityEngine.LogType,UnityEngine.LogOption,string,UnityEngine.Object)
UnityEngine.DebugLogHandler:LogFormat (UnityEngine.LogType,UnityEngine.Object,string,object[])
UnityEngine.Logger:Log (UnityEngine.LogType,object)
UnityEngine.Debug:Log (object)
BoxerP0.Editor.Phase0SceneBuilder:Build () (at Assets/Editor/Phase0SceneBuilder.cs:32)
BoxerP0.Editor.Round2Build:Web () (at Assets/Editor/Round2Build.cs:26)

(Filename: Assets/Editor/Phase0SceneBuilder.cs Line: 32)

AcceleratorClientConnectionCallback - disconnected - :0
Importing 'GUID: 00000000000000004000000000000000 - Path: ProjectSettings/ProjectSettings.asset' with importer (LibraryAssetImporter)
Imported 'GUID: 00000000000000004000000000000000' -> (Import Result ID: '5ca488f0c7a656e6c71e283189634160') in 0.001 seconds [static dependencies only]. Details - ImportResultOutputID=276a810dac73e1f29404d5e5f692e214 DependenciesID=eb5980b12fffe46bdb2ea351305d6f34 StaticDependenciesID=737a0063a757ea72cdb8d7bd5e959140 
Asset Pipeline Refresh (id=d54f97cca6ee8974f80c1ac6f86f88b4): Total: 0.008 seconds - Initiated by StopAssetImportingV2(NoUpdateAssetOptions)
Launched and connected shader compiler UnityShaderCompiler.exe after 0.04 seconds
Starting: C:\Program Files\Unity\Hub\Editor\6000.5.8f1\Editor\Data\Tools\BuildPipeline\bee_backend.exe --ipc --defer-dag-verification --dagfile="Library/Bee/1900b0aESkipCompile.dag" --continue-on-failure --profile="Library/Bee/backend1.traceevents" ScriptAssembliesAndTypeDB
WorkingDir: D:/WORK/RESEARCH/POVGame/boxer-ramirez-unity/unity/BoxerP0
ExitCode: 4 Duration: 0s90ms
[             ] Require frontend run.  Library/Bee/1900b0aESkipCompile.dag couldn't be loaded
Starting: C:\Program Files\Unity\Hub\Editor\6000.5.8f1\Editor\Data\netcorerun\netcorerun.exe "C:\Program Files\Unity\Hub\Editor\6000.5.8f1\Editor\Data\Tools\BuildPipeline\ScriptCompilationBuildProgram.exe" "Library/Bee/1900b0aESkipCompile.dag.json" "Library/Bee/1900b0aESkipCompile-inputdata.json" "Library\Bee\buildprogram0.traceevents"
WorkingDir: D:/WORK/RESEARCH/POVGame/boxer-ramirez-unity/unity/BoxerP0
ExitCode: 0 Duration: 0s210ms
Starting: C:\Program Files\Unity\Hub\Editor\6000.5.8f1\Editor\Data\Tools\BuildPipeline\bee_backend.exe --ipc --defer-dag-verification --dagfile="Library/Bee/1900b0aESkipCompile.dag" --continue-on-failure --dagfilejson="Library\Bee\1900b0aESkipCompile.dag.json" --profile="Library/Bee/backend2.traceevents" ScriptAssembliesAndTypeDB
WorkingDir: D:/WORK/RESEARCH/POVGame/boxer-ramirez-unity/unity/BoxerP0
ExitCode: 0 Duration: 0s798ms
Finished compiling graph: 4 nodes, 5 flattened edges (5 ToBuild, 0 ToUse), maximum node priority 3
[2/3        0s] BuildPlayerDataGenerator Library/BuildPlayerData/Editor/TypeDb-All.json
*** Tundra build success (0.76 seconds), 1 items updated, 3 evaluated
Asset Pipeline Refresh (id=8d85d25a40bff1b4680b453c65568d41): Total: 0.005 seconds - Initiated by RefreshV2(NoUpdateAssetOptions)
[ScriptCompilation] Requested script compilation because: Recompiling scripts for player build.
BuildPlayer: start building target 20
Total cache size 15393888
Total cache size after purge 15393888, took 00:00:00.0355327
Starting: C:\Program Files\Unity\Hub\Editor\6000.5.8f1\Editor\Data\Tools\BuildPipeline\bee_backend.exe --ipc --defer-dag-verification --dagfile="Library/Bee/2000b0aP.dag" --continue-on-failure --profile="Library/Bee/backend1.traceevents" ScriptAssembliesAndTypeDB
WorkingDir: D:/WORK/RESEARCH/POVGame/boxer-ramirez-unity/unity/BoxerP0
Starting: C:\Program Files\Unity\Hub\Editor\6000.5.8f1\Editor\Data\netcorerun\netcorerun.exe "C:\Program Files\Unity\Hub\Editor\6000.5.8f1\Editor\Data\Tools\BuildPipeline\ScriptCompilationBuildProgram.exe" "Library/Bee/2000b0aP.dag.json" "Library/Bee/2000b0aP-inputdata.json" "Library\Bee\buildprogram0.traceevents"
ExitCode: 4 Duration: 0s53ms
[             ] Require frontend run.  Library/Bee/2000b0aP.dag couldn't be loaded
WorkingDir: D:/WORK/RESEARCH/POVGame/boxer-ramirez-unity/unity/BoxerP0
ExitCode: 0 Duration: 0s249ms
Starting: C:\Program Files\Unity\Hub\Editor\6000.5.8f1\Editor\Data\Tools\BuildPipeline\bee_backend.exe --ipc --defer-dag-verification --dagfile="Library/Bee/2000b0aP.dag" --continue-on-failure --dagfilejson="Library\Bee\2000b0aP.dag.json" --profile="Library/Bee/backend2.traceevents" ScriptAssembliesAndTypeDB
WorkingDir: D:/WORK/RESEARCH/POVGame/boxer-ramirez-unity/unity/BoxerP0
Assets\Scripts\BoxerVisualShell.cs(56,26): warning CS0618: 'Object.FindFirstObjectByType<T>()' is obsolete: 'FindFirstObjectByType has been deprecated because it relies on instance ID ordering. Use FindAnyObjectByType instead, which does not depend on ordering.'
Assets\Scripts\BoxerVisualShell.cs(57,22): warning CS0618: 'Object.FindFirstObjectByType<T>()' is obsolete: 'FindFirstObjectByType has been deprecated because it relies on instance ID ordering. Use FindAnyObjectByType instead, which does not depend on ordering.'
Assets\Scripts\BoxerVisualShell.cs(58,25): warning CS0618: 'Object.FindFirstObjectByType<T>()' is obsolete: 'FindFirstObjectByType has been deprecated because it relies on instance ID ordering. Use FindAnyObjectByType instead, which does not depend on ordering.'
Assets\Scripts\Blender3DVisualFollower.cs(85,25): warning CS0618: 'Object.FindFirstObjectByType<T>()' is obsolete: 'FindFirstObjectByType has been deprecated because it relies on instance ID ordering. Use FindAnyObjectByType instead, which does not depend on ordering.'
Assets\Scripts\Blender3DVisualFollower.cs(86,23): warning CS0618: 'Object.FindFirstObjectByType<T>()' is obsolete: 'FindFirstObjectByType has been deprecated because it relies on instance ID ordering. Use FindAnyObjectByType instead, which does not depend on ordering.'
Assets\Scripts\EVVisualShell.cs(55,26): warning CS0618: 'Object.FindFirstObjectByType<T>()' is obsolete: 'FindFirstObjectByType has been deprecated because it relies on instance ID ordering. Use FindAnyObjectByType instead, which does not depend on ordering.'
Assets\Scripts\EVVisualShell.cs(56,24): warning CS0618: 'Object.FindFirstObjectByType<T>()' is obsolete: 'FindFirstObjectByType has been deprecated because it relies on instance ID ordering. Use FindAnyObjectByType instead, which does not depend on ordering.'
Assets\Scripts\BoxerInput.cs(74,13): warning CS0162: Unreachable code detected
Assets\Scripts\BoxerVisualShell.cs(204,64): warning CS0618: 'FindObjectsSortMode' is obsolete: 'FindObjectsSortMode has been deprecated. Use the FindObjectsByType overloads that do not take a FindObjectsSortMode parameter.'
Assets\Scripts\BoxerVisualShell.cs(204,34): warning CS0618: 'Object.FindObjectsByType<T>(FindObjectsSortMode)' is obsolete: 'FindObjectsByType with FindObjectsSortMode parameter has been deprecated. Use FindObjectsByType<T>() or FindObjectsByType<T>(FindObjectsInactive) instead. InstanceID will be replaced in the future with EntityId and previous sort order cannot be maintained.'
Assets\Scripts\BoxerInput.cs(129,13): warning CS0162: Unreachable code detected
Assets\Scripts\BoxerBootstrap.cs(339,17): warning CS0618: 'Object.FindFirstObjectByType<T>()' is obsolete: 'FindFirstObjectByType has been deprecated because it relies on instance ID ordering. Use FindAnyObjectByType instead, which does not depend on ordering.'
Assets\Scripts\P1VCombatPresentation.cs(77,26): warning CS0618: 'Object.FindFirstObjectByType<T>()' is obsolete: 'FindFirstObjectByType has been deprecated because it relies on instance ID ordering. Use FindAnyObjectByType instead, which does not depend on ordering.'
Assets\Scripts\P1VCombatPresentation.cs(78,22): warning CS0618: 'Object.FindFirstObjectByType<T>()' is obsolete: 'FindFirstObjectByType has been deprecated because it relies on instance ID ordering. Use FindAnyObjectByType instead, which does not depend on ordering.'
Assets\Scripts\P1VCombatPresentation.cs(79,23): warning CS0618: 'Object.FindFirstObjectByType<T>()' is obsolete: 'FindFirstObjectByType has been deprecated because it relies on instance ID ordering. Use FindAnyObjectByType instead, which does not depend on ordering.'
Assets\Scripts\P1VCombatPresentation.cs(80,25): warning CS0618: 'Object.FindFirstObjectByType<T>()' is obsolete: 'FindFirstObjectByType has been deprecated because it relies on instance ID ordering. Use FindAnyObjectByType instead, which does not depend on ordering.'
Assets\Scripts\P1VCombatPresentation.cs(81,26): warning CS0618: 'Object.FindFirstObjectByType<T>()' is obsolete: 'FindFirstObjectByType has been deprecated because it relies on instance ID ordering. Use FindAnyObjectByType instead, which does not depend on ordering.'
Assets\Scripts\P1VCombatPresentation.cs(82,38): warning CS0618: 'Object.FindFirstObjectByType<T>()' is obsolete: 'FindFirstObjectByType has been deprecated because it relies on instance ID ordering. Use FindAnyObjectByType instead, which does not depend on ordering.'
Assets\Scripts\P1PunchGuide.cs(22,26): warning CS0618: 'Object.FindFirstObjectByType<T>()' is obsolete: 'FindFirstObjectByType has been deprecated because it relies on instance ID ordering. Use FindAnyObjectByType instead, which does not depend on ordering.'
Assets\Scripts\P1PunchGuide.cs(45,17): warning CS0618: 'Object.FindFirstObjectByType<T>()' is obsolete: 'FindFirstObjectByType has been deprecated because it relies on instance ID ordering. Use FindAnyObjectByType instead, which does not depend on ordering.'
Assets\Scripts\EVVisualShell.cs(419,65): warning CS0618: 'FindObjectsSortMode' is obsolete: 'FindObjectsSortMode has been deprecated. Use the FindObjectsByType overloads that do not take a FindObjectsSortMode parameter.'
Assets\Scripts\EVVisualShell.cs(419,37): warning CS0618: 'Object.FindObjectsByType<T>(FindObjectsSortMode)' is obsolete: 'FindObjectsByType with FindObjectsSortMode parameter has been deprecated. Use FindObjectsByType<T>() or FindObjectsByType<T>(FindObjectsInactive) instead. InstanceID will be replaced in the future with EntityId and previous sort order cannot be maintained.'
Assets\Scripts\OpponentLegEmbodiment.cs(19,40): warning CS0414: The field 'OpponentLegEmbodiment._thighLength' is assigned but its value is never used
Assets\Scripts\ArmVisualEmbodiment.cs(86,40): warning CS0414: The field 'ArmVisualEmbodiment._forearmLength' is assigned but its value is never used
Assets\Scripts\OpponentLegEmbodiment.cs(20,40): warning CS0414: The field 'OpponentLegEmbodiment._shinLength' is assigned but its value is never used
Assets\Scripts\ArmVisualEmbodiment.cs(85,40): warning CS0414: The field 'ArmVisualEmbodiment._upperArmLength' is assigned but its value is never used
Assets\Scripts\OpponentLegEmbodiment.cs(17,40): warning CS0414: The field 'OpponentLegEmbodiment._pelvisHeight' is assigned but its value is never used
Assets\Scripts\OpponentLegEmbodiment.cs(21,40): warning CS0414: The field 'OpponentLegEmbodiment._footLength' is assigned but its value is never used
Total cache size 15393888
Total cache size after purge 15393888, took 00:00:00.0264918
ExitCode: 0 Duration: 11s
Finished compiling graph: 90 nodes, 261 flattened edges (257 ToBuild, 2 ToUse), maximum node priority 14
[ 1/89      0s] MovedFromExtractor Library/Bee/artifacts/mvdfrm/UnityEngine.dll_FA8A618B02971637.mvfrm
[ 2/89      0s] MovedFromExtractor Library/Bee/artifacts/mvdfrm/UnityEngine.WindModule.dll_4E9AAD84CB616167.mvfrm
[ 3/89      0s] MovedFromExtractor Library/Bee/artifacts/mvdfrm/UnityEngine.VFXModule.dll_A3A66C0DC28A634D.mvfrm
[ 4/89      0s] MovedFromExtractor Library/Bee/artifacts/mvdfrm/UnityEngine.AIModule.dll_AE9EBBED424009C7.mvfrm
[ 5/89      0s] MovedFromExtractor Library/Bee/artifacts/mvdfrm/UnityEngine.AdaptivePerformanceModule.dll_1AE9F914A954892F.mvfrm
[ 6/89      0s] MovedFromExtractor Library/Bee/artifacts/mvdfrm/UnityEngine.AccessibilityModule.dll_D5D331BF4BED4343.mvfrm
[ 7/89      0s] MovedFromExtractor Library/Bee/artifacts/mvdfrm/UnityEngine.XRModule.dll_2FA343A4C97BE249.mvfrm
[ 8/89      0s] MovedFromExtractor Library/Bee/artifacts/mvdfrm/UnityEngine.UnityAnalyticsCommonModule.dll_300F122749F1941B.mvfrm
[ 9/89      0s] MovedFromExtractor Library/Bee/artifacts/mvdfrm/UnityEngine.UnityWebRequestWWWModule.dll_F5EEF2DB5523F446.mvfrm
[10/89      0s] MovedFromExtractor Library/Bee/artifacts/mvdfrm/UnityEngine.UnityWebRequestTextureModule.dll_E4196B660123E2CA.mvfrm
[11/89      0s] MovedFromExtractor Library/Bee/artifacts/mvdfrm/UnityEngine.UnityWebRequestAudioModule.dll_0CCCA8C1B673C055.mvfrm
[12/89      0s] MovedFromExtractor Library/Bee/artifacts/mvdfrm/UnityEngine.UnityWebRequestModule.dll_ECC939BF2B726355.mvfrm
[13/89      0s] MovedFromExtractor Library/Bee/artifacts/mvdfrm/UnityEngine.VectorGraphicsModule.dll_9B1D5B5642EE432D.mvfrm
[14/89      0s] MovedFromExtractor Library/Bee/artifacts/mvdfrm/UnityEngine.VehiclesModule.dll_53DC882B57FCD036.mvfrm
[15/89      0s] MovedFromExtractor Library/Bee/artifacts/mvdfrm/UnityEngine.UnityCurlModule.dll_072860806B8B0B16.mvfrm
[16/89      0s] MovedFromExtractor Library/Bee/artifacts/mvdfrm/UnityEngine.UnityWebRequestAssetBundleModule.dll_9BF760ED8A2569B1.mvfrm
[17/89      0s] MovedFromExtractor Library/Bee/artifacts/mvdfrm/UnityEngine.UnityConnectModule.dll_3BAA4C09241310B4.mvfrm
[18/89      0s] MovedFromExtractor Library/Bee/artifacts/mvdfrm/UnityEngine.UnityConsentModule.dll_0D4FE335311DA704.mvfrm
[19/89      0s] MovedFromExtractor Library/Bee/artifacts/mvdfrm/UnityEngine.VideoModule.dll_FCBD4DB0167EA380.mvfrm
[20/89      0s] MovedFromExtractor Library/Bee/artifacts/mvdfrm/UnityEngine.UnityAnalyticsModule.dll_237595EB5D0F1EE0.mvfrm
[21/89      0s] MovedFromExtractor Library/Bee/artifacts/mvdfrm/UnityEngine.UmbraModule.dll_5288755DE113334E.mvfrm
[22/89      0s] MovedFromExtractor Library/Bee/artifacts/mvdfrm/Unity.Scripting.dll_AF87AB6A94EC537E.mvfrm
[23/89      0s] MovedFromExtractor Library/Bee/artifacts/mvdfrm/UnityEngine.UIModule.dll_AA125A1A9E870F73.mvfrm
[24/89      0s] MovedFromExtractor Library/Bee/artifacts/mvdfrm/UnityEngine.U2DRuntimeModule.dll_94061ACCEC089790.mvfrm
[25/89      0s] MovedFromExtractor Library/Bee/artifacts/mvdfrm/UnityEngine.TextRenderingModule.dll_7911DA8B16CC5024.mvfrm
[26/89      0s] MovedFromExtractor Library/Bee/artifacts/mvdfrm/UnityEngine.UIElementsModule.dll_C7682B6E1ED95D7A.mvfrm
[27/89      0s] MovedFromExtractor Library/Bee/artifacts/mvdfrm/UnityEngine.TextCoreFontEngineModule.dll_E344770DD5E07EBC.mvfrm
[28/89      0s] MovedFromExtractor Library/Bee/artifacts/mvdfrm/UnityEngine.TerrainPhysicsModule.dll_0450CDF4CA2AC771.mvfrm
[29/89      0s] MovedFromExtractor Library/Bee/artifacts/mvdfrm/UnityEngine.TilemapModule.dll_1E6C7FAAFD01B603.mvfrm
[30/89      0s] MovedFromExtractor Library/Bee/artifacts/mvdfrm/UnityEngine.SubstanceModule.dll_654BC0E89651CE75.mvfrm
[31/89      0s] MovedFromExtractor Library/Bee/artifacts/mvdfrm/UnityEngine.TerrainModule.dll_7F701829E544D4FA.mvfrm
[32/89      0s] MovedFromExtractor Library/Bee/artifacts/mvdfrm/UnityEngine.TLSModule.dll_22C7D39EEC1CF9E0.mvfrm
[33/89      0s] MovedFromExtractor Library/Bee/artifacts/mvdfrm/UnityEngine.TextCoreTextEngineModule.dll_2B2CAD7F656437DA.mvfrm
[34/89      0s] MovedFromExtractor Library/Bee/artifacts/mvdfrm/UnityEngine.SpriteShapeModule.dll_C7D6C60A10291781.mvfrm
[35/89      0s] MovedFromExtractor Library/Bee/artifacts/mvdfrm/UnityEngine.StreamingModule.dll_88A0AC9F4AFED067.mvfrm
[36/89      0s] MovedFromExtractor Library/Bee/artifacts/mvdfrm/UnityEngine.SubsystemsModule.dll_C329CA061BAD2183.mvfrm
[37/89      0s] MovedFromExtractor Library/Bee/artifacts/mvdfrm/UnityEngine.SpriteMaskModule.dll_587C63A44D653970.mvfrm
[38/89      0s] MovedFromExtractor Library/Bee/artifacts/mvdfrm/UnityEngine.ShaderVariantAnalyticsModule.dll_A4D38916ACF01E45.mvfrm
[39/89      0s] MovedFromExtractor Library/Bee/artifacts/mvdfrm/UnityEngine.ScriptingModule.dll_EB2D18157AFEC7DC.mvfrm
[40/89      1s] MovedFromExtractor Library/Bee/artifacts/mvdfrm/UnityEngine.RuntimeInitializeOnLoadManagerInitializerModule.dll_EC5029D8ADCFFD87.mvfrm
[41/89      1s] MovedFromExtractor Library/Bee/artifacts/mvdfrm/UnityEngine.SharedInternalsModule.dll_5F3B70EA97ABC426.mvfrm
[42/89      1s] MovedFromExtractor Library/Bee/artifacts/mvdfrm/UnityEngine.ScreenCaptureModule.dll_4FD268805F94D02F.mvfrm
[43/89      1s] MovedFromExtractor Library/Bee/artifacts/mvdfrm/UnityEngine.RenderAs2DModule.dll_DDC2F2D87E3B5269.mvfrm
[44/89      1s] MovedFromExtractor Library/Bee/artifacts/mvdfrm/UnityEngine.PhysicsBackendPhysXModule.dll_F4FDE0A18C10CBEE.mvfrm
[45/89      1s] MovedFromExtractor Library/Bee/artifacts/mvdfrm/UnityEngine.PropertiesModule.dll_9C8B30529EE10832.mvfrm
[46/89      0s] MovedFromExtractor Library/Bee/artifacts/mvdfrm/UnityEngine.PhysicsCore2DModule.dll_C397096AAA92382D.mvfrm
[47/89      0s] MovedFromExtractor Library/Bee/artifacts/mvdfrm/UnityEngine.PhysicsModule.dll_65299CBB0F868C0C.mvfrm
[48/89      0s] MovedFromExtractor Library/Bee/artifacts/mvdfrm/UnityEngine.Physics2DModule.dll_20B1AF3F9C7410BE.mvfrm
[49/89      0s] MovedFromExtractor Library/Bee/artifacts/mvdfrm/UnityEngine.PerformanceReportingModule.dll_94D054E33008F5BD.mvfrm
[50/89      0s] MovedFromExtractor Library/Bee/artifacts/mvdfrm/UnityEngine.ParticleSystemModule.dll_03D62521B0E7CCE4.mvfrm
[51/89      0s] MovedFromExtractor Library/Bee/artifacts/mvdfrm/UnityEngine.MultiplayerModule.dll_2E1DB53C134E6CEF.mvfrm
[52/89      0s] MovedFromExtractor Library/Bee/artifacts/mvdfrm/UnityEngine.MarshallingModule.dll_56DE37443EAF0CC9.mvfrm
[53/89      0s] MovedFromExtractor Library/Bee/artifacts/mvdfrm/UnityEngine.LocalizationModule.dll_0C340762728ED5C8.mvfrm
[54/89      0s] MovedFromExtractor Library/Bee/artifacts/mvdfrm/UnityEngine.JSONSerializeModule.dll_35EABAFB4B28A3CD.mvfrm
[55/89      0s] MovedFromExtractor Library/Bee/artifacts/mvdfrm/UnityEngine.MathematicsModule.dll_D38A4688CEFED6AB.mvfrm
[56/89      0s] MovedFromExtractor Library/Bee/artifacts/mvdfrm/UnityEngine.InputModule.dll_3E2990F5CA24AC7F.mvfrm
[57/89      0s] MovedFromExtractor Library/Bee/artifacts/mvdfrm/UnityEngine.InputLegacyModule.dll_3FBAB3CDF2789568.mvfrm
[58/89      0s] MovedFromExtractor Library/Bee/artifacts/mvdfrm/UnityEngine.InputForUIModule.dll_72024B2D8C1640B2.mvfrm
[59/89      0s] MovedFromExtractor Library/Bee/artifacts/mvdfrm/UnityEngine.ImageConversionModule.dll_DB2A3215207DC8D6.mvfrm
[60/89      0s] MovedFromExtractor Library/Bee/artifacts/mvdfrm/UnityEngine.IdentifiersModule.dll_86FF20A51CFFAD8F.mvfrm
[61/89      1s] MovedFromExtractor Library/Bee/artifacts/mvdfrm/UnityEngine.IMGUIModule.dll_101368AC1A1E1BBC.mvfrm
[62/89      1s] MovedFromExtractor Library/Bee/artifacts/mvdfrm/UnityEngine.HotReloadModule.dll_55547D54D6AA34AB.mvfrm
[63/89      1s] MovedFromExtractor Library/Bee/artifacts/mvdfrm/UnityEngine.GameCenterModule.dll_6F4FF1142BF5A3F6.mvfrm
[64/89      1s] MovedFromExtractor Library/Bee/artifacts/mvdfrm/UnityEngine.HierarchyCoreModule.dll_4CEDCE99BA9A9C39.mvfrm
[65/89      1s] MovedFromExtractor Library/Bee/artifacts/mvdfrm/UnityEngine.HierarchyModule.dll_A8E03AEAC479352A.mvfrm
[66/89      1s] MovedFromExtractor Library/Bee/artifacts/mvdfrm/UnityEngine.GraphicsStateCollectionSerializerModule.dll_E74442FAD0DF812B.mvfrm
[67/89      2s] MovedFromExtractor Library/Bee/artifacts/mvdfrm/UnityEngine.GridModule.dll_B5BCEE4A527F78F5.mvfrm
[68/89      0s] MovedFromExtractor Library/Bee/artifacts/mvdfrm/UnityEngine.GIModule.dll_46DB04FADDEEF1E1.mvfrm
[69/89      0s] MovedFromExtractor Library/Bee/artifacts/mvdfrm/UnityEngine.DirectorModule.dll_DC198EABDDD3009B.mvfrm
[70/89      0s] MovedFromExtractor Library/Bee/artifacts/mvdfrm/UnityEngine.DSPGraphModule.dll_E16AF0155033D1BC.mvfrm
[71/89      0s] MovedFromExtractor Library/Bee/artifacts/mvdfrm/UnityEngine.ContentLoadModule.dll_478BF1F029098764.mvfrm
[72/89      0s] WriteText Library/Bee/artifacts/2000b0aP.dag/Assembly-CSharp.rsp2
[73/89      0s] WriteText Library/Bee/artifacts/2000b0aP.dag/Assembly-CSharp.UnityAdditionalFile.txt
[74/89      0s] WriteText Library/Bee/artifacts/2000b0aP.dag/Assembly-CSharp.dll.mvfrm.rsp
[75/89      0s] WriteText Library/Bee/artifacts/2000b0aP.dag/Assembly-CSharp.rsp
[76/89      0s] MovedFromExtractor Library/Bee/artifacts/mvdfrm/UnityEngine.CrashReportingModule.dll_B0C3DBD542D64156.mvfrm
[77/89      0s] MovedFromExtractor Library/Bee/artifacts/mvdfrm/UnityEngine.AssetBundleModule.dll_AE7598AF5A86DF77.mvfrm
[78/89      0s] MovedFromExtractor Library/Bee/artifacts/mvdfrm/UnityEngine.ClothModule.dll_3E9C26402E0966BF.mvfrm
[79/89      0s] MovedFromExtractor Library/Bee/artifacts/mvdfrm/UnityEngine.CoreModule.dll_D84BD25C3A2AE2FE.mvfrm
[80/89      0s] MovedFromExtractor Library/Bee/artifacts/mvdfrm/UnityEngine.AnimationModule.dll_D40BBF4EFB771929.mvfrm
[81/89      0s] MovedFromExtractor Library/Bee/artifacts/mvdfrm/UnityEngine.AudioModule.dll_D7B3C94553EC87DB.mvfrm
[82/89      0s] MovedFromExtractor Library/Bee/artifacts/mvdfrm/UnityEngine.AndroidJNIModule.dll_4502A6F965B4B305.mvfrm
[83/89      0s] MovedFromExtractor-Combine Library/Bee/artifacts/2000b0aP.dag/Assembly-CSharp.dll.mvfrm
[84/89      2s] Csc Library/Bee/artifacts/2000b0aP.dag/Assembly-CSharp.dll (+2 others)
Assets\Scripts\BoxerVisualShell.cs(56,26): warning CS0618: 'Object.FindFirstObjectByType<T>()' is obsolete: 'FindFirstObjectByType has been deprecated because it relies on instance ID ordering. Use FindAnyObjectByType instead, which does not depend on ordering.'

Assets\Scripts\BoxerVisualShell.cs(57,22): warning CS0618: 'Object.FindFirstObjectByType<T>()' is obsolete: 'FindFirstObjectByType has been deprecated because it relies on instance ID ordering. Use FindAnyObjectByType instead, which does not depend on ordering.'

Assets\Scripts\BoxerVisualShell.cs(58,25): warning CS0618: 'Object.FindFirstObjectByType<T>()' is obsolete: 'FindFirstObjectByType has been deprecated because it relies on instance ID ordering. Use FindAnyObjectByType instead, which does not depend on ordering.'

Assets\Scripts\Blender3DVisualFollower.cs(85,25): warning CS0618: 'Object.FindFirstObjectByType<T>()' is obsolete: 'FindFirstObjectByType has been deprecated because it relies on instance ID ordering. Use FindAnyObjectByType instead, which does not depend on ordering.'

Assets\Scripts\Blender3DVisualFollower.cs(86,23): warning CS0618: 'Object.FindFirstObjectByType<T>()' is obsolete: 'FindFirstObjectByType has been deprecated because it relies on instance ID ordering. Use FindAnyObjectByType instead, which does not depend on ordering.'

Assets\Scripts\EVVisualShell.cs(55,26): warning CS0618: 'Object.FindFirstObjectByType<T>()' is obsolete: 'FindFirstObjectByType has been deprecated because it relies on instance ID ordering. Use FindAnyObjectByType instead, which does not depend on ordering.'

Assets\Scripts\EVVisualShell.cs(56,24): warning CS0618: 'Object.FindFirstObjectByType<T>()' is obsolete: 'FindFirstObjectByType has been deprecated because it relies on instance ID ordering. Use FindAnyObjectByType instead, which does not depend on ordering.'

Assets\Scripts\BoxerInput.cs(74,13): warning CS0162: Unreachable code detected

Assets\Scripts\BoxerVisualShell.cs(204,64): warning CS0618: 'FindObjectsSortMode' is obsolete: 'FindObjectsSortMode has been deprecated. Use the FindObjectsByType overloads that do not take a FindObjectsSortMode parameter.'

Assets\Scripts\BoxerVisualShell.cs(204,34): warning CS0618: 'Object.FindObjectsByType<T>(FindObjectsSortMode)' is obsolete: 'FindObjectsByType with FindObjectsSortMode parameter has been deprecated. Use FindObjectsByType<T>() or FindObjectsByType<T>(FindObjectsInactive) instead. InstanceID will be replaced in the future with EntityId and previous sort order cannot be maintained.'

Assets\Scripts\BoxerInput.cs(129,13): warning CS0162: Unreachable code detected

Assets\Scripts\BoxerBootstrap.cs(339,17): warning CS0618: 'Object.FindFirstObjectByType<T>()' is obsolete: 'FindFirstObjectByType has been deprecated because it relies on instance ID ordering. Use FindAnyObjectByType instead, which does not depend on ordering.'

Assets\Scripts\P1VCombatPresentation.cs(77,26): warning CS0618: 'Object.FindFirstObjectByType<T>()' is obsolete: 'FindFirstObjectByType has been deprecated because it relies on instance ID ordering. Use FindAnyObjectByType instead, which does not depend on ordering.'

Assets\Scripts\P1VCombatPresentation.cs(78,22): warning CS0618: 'Object.FindFirstObjectByType<T>()' is obsolete: 'FindFirstObjectByType has been deprecated because it relies on instance ID ordering. Use FindAnyObjectByType instead, which does not depend on ordering.'

Assets\Scripts\P1VCombatPresentation.cs(79,23): warning CS0618: 'Object.FindFirstObjectByType<T>()' is obsolete: 'FindFirstObjectByType has been deprecated because it relies on instance ID ordering. Use FindAnyObjectByType instead, which does not depend on ordering.'

Assets\Scripts\P1VCombatPresentation.cs(80,25): warning CS0618: 'Object.FindFirstObjectByType<T>()' is obsolete: 'FindFirstObjectByType has been deprecated because it relies on instance ID ordering. Use FindAnyObjectByType instead, which does not depend on ordering.'

Assets\Scripts\P1VCombatPresentation.cs(81,26): warning CS0618: 'Object.FindFirstObjectByType<T>()' is obsolete: 'FindFirstObjectByType has been deprecated because it relies on instance ID ordering. Use FindAnyObjectByType instead, which does not depend on ordering.'

Assets\Scripts\P1VCombatPresentation.cs(82,38): warning CS0618: 'Object.FindFirstObjectByType<T>()' is obsolete: 'FindFirstObjectByType has been deprecated because it relies on instance ID ordering. Use FindAnyObjectByType instead, which does not depend on ordering.'

Assets\Scripts\P1PunchGuide.cs(22,26): warning CS0618: 'Object.FindFirstObjectByType<T>()' is obsolete: 'FindFirstObjectByType has been deprecated because it relies on instance ID ordering. Use FindAnyObjectByType instead, which does not depend on ordering.'

Assets\Scripts\P1PunchGuide.cs(45,17): warning CS0618: 'Object.FindFirstObjectByType<T>()' is obsolete: 'FindFirstObjectByType has been deprecated because it relies on instance ID ordering. Use FindAnyObjectByType instead, which does not depend on ordering.'

Assets\Scripts\EVVisualShell.cs(419,65): warning CS0618: 'FindObjectsSortMode' is obsolete: 'FindObjectsSortMode has been deprecated. Use the FindObjectsByType overloads that do not take a FindObjectsSortMode parameter.'

Assets\Scripts\EVVisualShell.cs(419,37): warning CS0618: 'Object.FindObjectsByType<T>(FindObjectsSortMode)' is obsolete: 'FindObjectsByType with FindObjectsSortMode parameter has been deprecated. Use FindObjectsByType<T>() or FindObjectsByType<T>(FindObjectsInactive) instead. InstanceID will be replaced in the future with EntityId and previous sort order cannot be maintained.'

Assets\Scripts\OpponentLegEmbodiment.cs(19,40): warning CS0414: The field 'OpponentLegEmbodiment._thighLength' is assigned but its value is never used

Assets\Scripts\ArmVisualEmbodiment.cs(86,40): warning CS0414: The field 'ArmVisualEmbodiment._forearmLength' is assigned but its value is never used

Assets\Scripts\OpponentLegEmbodiment.cs(20,40): warning CS0414: The field 'OpponentLegEmbodiment._shinLength' is assigned but its value is never used

Assets\Scripts\ArmVisualEmbodiment.cs(85,40): warning CS0414: The field 'ArmVisualEmbodiment._upperArmLength' is assigned but its value is never used

Assets\Scripts\OpponentLegEmbodiment.cs(17,40): warning CS0414: The field 'OpponentLegEmbodiment._pelvisHeight' is assigned but its value is never used

Assets\Scripts\OpponentLegEmbodiment.cs(21,40): warning CS0414: The field 'OpponentLegEmbodiment._footLength' is assigned but its value is never used
[85/89      0s] CopyFiles Library/Bee/PlayerScriptAssemblies/Assembly-CSharp.pdb
[86/89      0s] CopyFiles Library/Bee/PlayerScriptAssemblies/Assembly-CSharp.dll
[88/89      0s] BuildPlayerDataGenerator Library/BuildPlayerData/Player/RuntimeInitializeOnLoads.json (+1 other)
*** Tundra build success (11.22 seconds), 87 items updated, 89 evaluated
[Licensing::Client] Successfully resolved entitlement details
[Licensing::Module] License group:
  Id: F4-84B2-AJYW-2F6S-HS3K-XXXX
  Product: Unity Personal
  Type: ULF
  Expiration: 2026-11-12T22:44:38Z
[Licensing::Module] License group:
  Id: 18968483178885-UnityPersXXXX
  Product: Unity Personal
  Type: Assigned
  Expiration: Unlimited
Importing 'GUID: 5130f7edd2ec4440a922496fe06933fb - Path: Assets/Resources/EV/RamirezHead.png' with importer (TextureImporter)
Imported 'GUID: 5130f7edd2ec4440a922496fe06933fb' -> (Import Result ID: '37923d181348f36c9b8a62d59e7a8d95') in 0.071 seconds [static and dynamic dependencies]. Details - ImportResultOutputID=3fd2526aaafb45ee0d9574203a4e2d8a DependenciesID=92b8c95e3cc8216ee7c37c58fe7e85a1 StaticDependenciesID=b6193bc6c9789a7ebd17e4d2957c9cca 
Importing 'GUID: 227586691d614fd2bae7b86a35ea72a9 - Path: Assets/Resources/EV/ReferenceSegments/ramirez-arm.png' with importer (TextureImporter)
Imported 'GUID: 227586691d614fd2bae7b86a35ea72a9' -> (Import Result ID: '0ed1d80dd9b739820089c354f4037c73') in 0.003 seconds [static and dynamic dependencies]. Details - ImportResultOutputID=64587f35a5ff8f23e315779fa634d3eb DependenciesID=a464e82665dbf5c78e3f82ceccd49f99 StaticDependenciesID=9d0d48d956331168bee5c4ce0b0b1535 
Importing 'GUID: b2d350f795eb40d884850e84e8715822 - Path: Assets/Resources/EV/ReferenceSegments/player-glove.png' with importer (TextureImporter)
Imported 'GUID: b2d350f795eb40d884850e84e8715822' -> (Import Result ID: 'd6a30e4c9a9e4f10ccf06d13e993d311') in 0.056 seconds [static and dynamic dependencies]. Details - ImportResultOutputID=03a58bde0c83de6efab0d3be3a176759 DependenciesID=631f7d9145279d20d4c509328d2d716d StaticDependenciesID=1344abdd619b543fc99ee38b75c0687f 
Importing 'GUID: c2c3c8b6f3ca452aaa555987f4b08019 - Path: Assets/Resources/EV/GloveLeather.png' with importer (TextureImporter)
Imported 'GUID: c2c3c8b6f3ca452aaa555987f4b08019' -> (Import Result ID: 'f1b6ba5acf4fc7adec7dc1044394187e') in 0.056 seconds [static and dynamic dependencies]. Details - ImportResultOutputID=40534d0a83c3f3e1128857b5e700db80 DependenciesID=a364f168eabb2e35c1fb29d239ece755 StaticDependenciesID=3f5fe06527617bc064aee1e0bdd7f583 
Importing 'GUID: 4393cda7a71646d69d651d90555734d6 - Path: Assets/Resources/P1V/player-glove-left-chroma.png' with importer (TextureImporter)
Imported 'GUID: 4393cda7a71646d69d651d90555734d6' -> (Import Result ID: 'ea96cc20d6a6404fb8a2b31f66c2fb8f') in 0.159 seconds [static and dynamic dependencies]. Details - ImportResultOutputID=39f13d494bb0fc92a9d0d73c0808fe6a DependenciesID=f0f9acb937efcaeaf327e35598e0889f StaticDependenciesID=778fb533007d7219d3dbbd1cd8e4a7b4 
Importing 'GUID: 63dc8337266841ffbf6e6e953cf496e9 - Path: Assets/Resources/EV/ReferenceSegments/ramirez-glove.png' with importer (TextureImporter)
Imported 'GUID: 63dc8337266841ffbf6e6e953cf496e9' -> (Import Result ID: '54886a032ccb527b4e7253612448ef78') in 0.006 seconds [static and dynamic dependencies]. Details - ImportResultOutputID=1fee707e2220414b5a33a4481b0ffc82 DependenciesID=ad1978ca2d314e8392fcbf3ecc100f7b StaticDependenciesID=69639d6adb03fcf0cc428060a8bf2daf 
Importing 'GUID: f33716f5579449f3ac395cd7be3f159d - Path: Assets/Resources/EV/ReferenceSegments/ramirez-shorts.png' with importer (TextureImporter)
Imported 'GUID: f33716f5579449f3ac395cd7be3f159d' -> (Import Result ID: '64363d8e3b3aec317c834171a1cde150') in 0.037 seconds [static and dynamic dependencies]. Details - ImportResultOutputID=02482821e7878dc8c5fc748bf62191fe DependenciesID=67b48ff83512ab3d6f344c04515bd32f StaticDependenciesID=5262c78aea039b33d3d7b9d82f0e6dd1 
Importing 'GUID: 753b16b451814f6fb4870ea8c632d137 - Path: Assets/Resources/P1V/ramirez-guard-chroma.png' with importer (TextureImporter)
Imported 'GUID: 753b16b451814f6fb4870ea8c632d137' -> (Import Result ID: '5747da8a5f59dcf04e50513958301ff6') in 0.053 seconds [static and dynamic dependencies]. Details - ImportResultOutputID=a6a7eba847e0c4caf772cbaa4b78b5ce DependenciesID=dcaaa217f8b544e46a384c6c557337f4 StaticDependenciesID=e244b57b7ddfc461a353ffb6d25c117f 
Importing 'GUID: 36e0bcaf8a884b7fa68d8f8c84416a0d - Path: Assets/Resources/P1V/championship-arena.png' with importer (TextureImporter)
Imported 'GUID: 36e0bcaf8a884b7fa68d8f8c84416a0d' -> (Import Result ID: '9855a32afd48a9bd3edfab3d32424fbd') in 0.048 seconds [static and dynamic dependencies]. Details - ImportResultOutputID=6b6d7b07825c8756b51673797d4cebd7 DependenciesID=ad3fd0d2cf19c640028a4c5633ec3cbe StaticDependenciesID=aa2077bccc6220637af6d67444124f8c 
Importing 'GUID: 874de781927947689f8b649dd2ab8eac - Path: Assets/Resources/EV/ReferenceSegments/ramirez-boot.png' with importer (TextureImporter)
Imported 'GUID: 874de781927947689f8b649dd2ab8eac' -> (Import Result ID: 'ffa731e54a207c314e07433951e2106f') in 0.005 seconds [static and dynamic dependencies]. Details - ImportResultOutputID=75948f1b384f71f270f52926fa183bc9 DependenciesID=11daa32b9ab72d31d86cb1b402202388 StaticDependenciesID=a0fa7f4cf9a491c37f3a7d3492d67353 
Importing 'GUID: c76bd6df32b049fabe54b50237ffad36 - Path: Assets/Resources/EV/ReferenceSegments/ramirez-shin.png' with importer (TextureImporter)
Imported 'GUID: c76bd6df32b049fabe54b50237ffad36' -> (Import Result ID: '9ff509921cd6aba28dfd0c56cd61f81d') in 0.005 seconds [static and dynamic dependencies]. Details - ImportResultOutputID=e33e20e411bf86fa555e8c662a3798e1 DependenciesID=5c534a9fef3bbc055d03eb5b6a847616 StaticDependenciesID=b030d4322872d93b7ab530592337a564 
Importing 'GUID: 68612ac80f554e4e8d1f9c56aff44ed0 - Path: Assets/Resources/EV/ReferenceSegments/ramirez-head.png' with importer (TextureImporter)
Imported 'GUID: 68612ac80f554e4e8d1f9c56aff44ed0' -> (Import Result ID: 'e1292ffd1116f84d299e2acc4da9587c') in 0.004 seconds [static and dynamic dependencies]. Details - ImportResultOutputID=ffe1e9e18a94d08640725ad610b219fb DependenciesID=17ce51bc69e0e44a610f08feeb6d71e2 StaticDependenciesID=765f4e7e6a5b9e086520453a47f1e469 
Importing 'GUID: 295d21c28aaa472e9170caae87a54fcc - Path: Assets/Resources/EV/ReferenceSegments/ramirez-torso.png' with importer (TextureImporter)
Imported 'GUID: 295d21c28aaa472e9170caae87a54fcc' -> (Import Result ID: '88d6bff736b3fc0043a1b328d6911da3') in 0.006 seconds [static and dynamic dependencies]. Details - ImportResultOutputID=79759d19f97cadc6a77918a43c1d19a2 DependenciesID=e203730fa3cf134656ac21baeeb98435 StaticDependenciesID=f23e0e26b4af32bbc9cb8034cdb9e4dd 
Importing 'GUID: 59257bcded5c41e1b056c42c77c12513 - Path: Assets/Resources/P1V/ramirez-hook-chroma.png' with importer (TextureImporter)
Imported 'GUID: 59257bcded5c41e1b056c42c77c12513' -> (Import Result ID: 'd24e4afaceb47611f66d69db82b4e935') in 0.044 seconds [static and dynamic dependencies]. Details - ImportResultOutputID=d2579eb4257f5987c6443913d779f1e3 DependenciesID=65b781a62d893553aa1ddebd9bb4960d StaticDependenciesID=ea475f66c7fcb34d1dcdfd3935a424e1 
Importing 'GUID: ca918942f34c4658867a508a5aaa84a9 - Path: Assets/Resources/EV/ReferenceSegments/ramirez-thigh.png' with importer (TextureImporter)
Imported 'GUID: ca918942f34c4658867a508a5aaa84a9' -> (Import Result ID: 'c5e9ef86373c75fe08ec4356acd94ef9') in 0.005 seconds [static and dynamic dependencies]. Details - ImportResultOutputID=c7cea8368ea03ae4dc89899dc79e6fc2 DependenciesID=1b705608b9a89393931a866c1ffea40e StaticDependenciesID=ee1a4bf3e5eb40a8715df819084c1214 
Importing 'GUID: 8bfabf7215b04c6eaff1c99a67bf7493 - Path: Assets/Resources/P1V/ramirez-straight-chroma.png' with importer (TextureImporter)
Imported 'GUID: 8bfabf7215b04c6eaff1c99a67bf7493' -> (Import Result ID: 'dcca1a532e6ac75665f8b9e0a87580eb') in 0.042 seconds [static and dynamic dependencies]. Details - ImportResultOutputID=a351899f10e1b0d16cf183106ece4a4c DependenciesID=0e25d8dea041a356d4b631a5629a3dcd StaticDependenciesID=1f6079255f7c254428dab1ae83b1d70c 
Importing 'GUID: f4f4f0e768414c49bcc9d86bd20d51d5 - Path: Assets/Resources/Fonts/Oswald.ttf' with importer (TrueTypeFontImporter)
Imported 'GUID: f4f4f0e768414c49bcc9d86bd20d51d5' -> (Import Result ID: 'e36fa2b9dab287670865f06e5d8f44cb') in 0.004 seconds [static and dynamic dependencies]. Details - ImportResultOutputID=37e360ee6aaf775476b610d4dfd2a853 DependenciesID=0c5de984b083c696bd241abfe983efe0 StaticDependenciesID=9948c0571bfcba0261537915b0eab16b 

Asset Pipeline Refresh (id=bb5726fcfa737f043b826140a72fbe71): Total: 0.645 seconds - Initiated by RefreshV2(NoUpdateAssetOptions)
	(Values over 0.05ms)
	Summary:
		Imports: total=17 (actual=17, local cache=0, cache server=0)
		Asset DB Process Time: managed=4 ms, native=638 ms
		Asset DB Callback time: managed=1 ms, native=0 ms
		Scripting: domain reloads=0, domain reload time=0 ms, compile time=0 ms, other=0 ms
		Project Asset Count: scripts=36, non-scripts=30
		Asset File Changes: new=0, changed=0, moved=0, deleted=0
		Scan Filter Count: 0
	Collect global state as custom dependencies: 6.179ms
	CategorizeAssets: 0.172ms
	ImportOutOfDateAssets: 609.552ms (0.180ms without children)
		ImportManagerImport: 608.654ms (0.499ms without children)
			UpdateCategorizedAssets: 0.051ms
		UnloadImportedAssets: 0.174ms
		ImportSchedulerStart: 0.523ms
	PostProcessAllAssets: 2.329ms
		MonoPostProcessAllAssets: 1.957ms
			TextAssetPostProcessor.OnPostprocessAllAssets 1.299ms
			AssetChangedListener.OnPostprocessAllAssets 0.324ms
			AssetPostprocessor.OnPostprocessAllAssets 0.119ms
	PostAssetChangesProfiler: 0.051ms
	Untracked: 25.714ms

Asset Pipeline Refresh (id=3f4624c5031b91d468f13ec5e6918d45): Total: 0.002 seconds - Initiated by RefreshV2(NoUpdateAssetOptions)


Mono dependencies included in the build
Dependency assembly - Mono.Security.dll
Dependency assembly - System.Text.Encodings.Web.dll
Dependency assembly - System.Globalization.dll
Dependency assembly - I18N.MidEast.dll
Dependency assembly - mscorlib.dll
Dependency assembly - System.Text.Json.dll
Dependency assembly - System.Security.Cryptography.Hashing.Algorithms.dll
Dependency assembly - System.Windows.dll
Dependency assembly - System.Diagnostics.Debug.dll
Dependency assembly - System.Security.Principal.Windows.dll
Dependency assembly - System.ComponentModel.EventBasedAsync.dll
Dependency assembly - System.Collections.Concurrent.dll
Dependency assembly - System.Reflection.Emit.dll
Dependency assembly - System.Threading.ThreadPool.dll
Dependency assembly - System.Xml.XmlDocument.dll
Dependency assembly - System.Threading.Tasks.dll
Dependency assembly - System.Security.Cryptography.Encryption.ECDsa.dll
Dependency assembly - System.Collections.Immutable.dll
Dependency assembly - System.Reflection.Extensions.dll
Dependency assembly - System.Xaml.dll
Dependency assembly - I18N.dll
Dependency assembly - System.Xml.Xsl.Primitives.dll
Dependency assembly - System.ServiceModel.NetTcp.dll
Dependency assembly - System.Data.Entity.dll
Dependency assembly - System.ComponentModel.DataAnnotations.dll
Dependency assembly - System.Net.WebSockets.Client.dll
Dependency assembly - System.Data.Services.dll
Dependency assembly - I18N.West.dll
Dependency assembly - System.Numerics.Vectors.dll
Dependency assembly - System.Security.dll
Dependency assembly - System.Diagnostics.TraceEvent.dll
Dependency assembly - Assembly-CSharp.dll
Dependency assembly - System.Diagnostics.TextWriterTraceListener.dll
Dependency assembly - System.Reflection.dll
Dependency assembly - System.Drawing.Primitives.dll
Dependency assembly - System.ComponentModel.dll
Dependency assembly - System.Xml.XPath.XDocument.dll
Dependency assembly - System.Configuration.dll
Dependency assembly - System.Security.Cryptography.Encryption.Aes.dll
Dependency assembly - System.IO.Compression.FileSystem.dll
Dependency assembly - System.ServiceModel.Web.dll
Dependency assembly - Microsoft.Extensions.Logging.Abstractions.dll
Dependency assembly - System.Collections.dll
Dependency assembly - System.IO.FileSystem.DriveInfo.dll
Dependency assembly - Microsoft.CSharp.dll
Dependency assembly - System.Xml.XDocument.dll
Dependency assembly - System.Web.RegularExpressions.dll
Dependency assembly - System.Security.Cryptography.ProtectedData.dll
Dependency assembly - System.Security.Cryptography.RSA.dll
Dependency assembly - System.IO.dll
Dependency assembly - System.ServiceModel.Security.dll
Dependency assembly - System.Runtime.InteropServices.WindowsRuntime.dll
Dependency assembly - System.Drawing.Design.dll
Dependency assembly - System.Resources.ReaderWriter.dll
Dependency assembly - System.Web.Extensions.Design.dll
Dependency assembly - System.Runtime.Numerics.dll
Dependency assembly - System.Security.Cryptography.Cng.dll
Dependency assembly - System.Text.RegularExpressions.dll
Dependency assembly - System.Drawing.dll
Dependency assembly - System.Net.ServicePoint.dll
Dependency assembly - System.Text.Encoding.dll
Dependency assembly - Microsoft.Win32.Registry.dll
Dependency assembly - System.Web.Services.dll
Dependency assembly - System.Data.Services.Client.dll
Dependency assembly - System.ServiceProcess.dll
Dependency assembly - System.Reflection.Emit.ILGeneration.dll
Dependency assembly - System.Core.dll
Dependency assembly - System.Xml.Serialization.dll
Dependency assembly - System.Runtime.Serialization.Json.dll
Dependency assembly - System.Text.Encoding.CodePages.dll
Dependency assembly - System.ComponentModel.Primitives.dll
Dependency assembly - System.Linq.Parallel.dll
Dependency assembly - System.Management.dll
Dependency assembly - System.IO.Compression.dll
Dependency assembly - System.Net.WebSockets.dll
Dependency assembly - System.Runtime.Serialization.Xml.dll
Dependency assembly - System.Net.Http.WebRequest.dll
Dependency assembly - System.ValueTuple.dll
Dependency assembly - System.Security.Cryptography.Encoding.dll
Dependency assembly - System.Text.Encoding.Extensions.dll
Dependency assembly - System.Windows.Forms.DataVisualization.dll
Dependency assembly - System.Net.dll
Dependency assembly - System.Threading.Thread.dll
Dependency assembly - System.Security.Cryptography.Encryption.dll
Dependency assembly - System.ComponentModel.TypeConverter.dll
Dependency assembly - Microsoft.Extensions.DependencyInjection.Abstractions.dll
Dependency assembly - System.Diagnostics.Contracts.dll
Dependency assembly - System.Threading.Overlapped.dll
Dependency assembly - System.IO.FileSystem.AccessControl.dll
Dependency assembly - System.IO.FileSystem.Watcher.dll
Dependency assembly - System.Runtime.Serialization.dll
Dependency assembly - System.Threading.Timer.dll
Dependency assembly - System.Security.Cryptography.RandomNumberGenerator.dll
Dependency assembly - System.Net.WebHeaderCollection.dll
Dependency assembly - System.Runtime.dll
Dependency assembly - System.Net.Sockets.dll
Dependency assembly - System.Configuration.Install.dll
Dependency assembly - System.Xml.dll
Dependency assembly - System.Diagnostics.DiagnosticSource.dll
Dependency assembly - System.Resources.Reader.dll
Dependency assembly - System.Threading.Tasks.Parallel.dll
Dependency assembly - System.Linq.dll
Dependency assembly - System.Data.Common.dll
Dependency assembly - System.Runtime.Serialization.Primitives.dll
Dependency assembly - System.Security.Cryptography.OpenSsl.dll
Dependency assembly - System.DirectoryServices.Protocols.dll
Dependency assembly - System.Transactions.dll
Dependency assembly - System.Runtime.Handles.dll
Dependency assembly - System.Xml.Linq.dll
Dependency assembly - System.AppContext.dll
Dependency assembly - System.Linq.Expressions.dll
Dependency assembly - System.IO.IsolatedStorage.dll
Dependency assembly - System.Globalization.Extensions.dll
Dependency assembly - I18N.Other.dll
Dependency assembly - Microsoft.Win32.Primitives.dll
Dependency assembly - System.Reflection.Metadata.dll
Dependency assembly - System.Runtime.Loader.dll
Dependency assembly - System.Dynamic.Runtime.dll
Dependency assembly - System.Security.SecureString.dll
Dependency assembly - System.ServiceProcess.ServiceController.dll
Dependency assembly - System.Reflection.Context.dll
Dependency assembly - System.Net.Requests.dll
Dependency assembly - System.Net.Primitives.dll
Dependency assembly - System.Runtime.CompilerServices.Unsafe.dll
Dependency assembly - System.Diagnostics.Process.dll
Dependency assembly - System.Net.HttpListener.dll
Dependency assembly - System.Xml.ReaderWriter.dll
Dependency assembly - Accessibility.dll
Dependency assembly - System.ComponentModel.Composition.dll
Dependency assembly - System.IO.FileSystem.dll
Dependency assembly - System.Diagnostics.Tracing.dll
Dependency assembly - System.Web.dll
Dependency assembly - System.Xml.XmlSerializer.dll
Dependency assembly - System.Net.AuthenticationManager.dll
Dependency assembly - System.ServiceModel.Primitives.dll
Dependency assembly - System.Security.Cryptography.DeriveBytes.dll
Dependency assembly - System.Data.DataSetExtensions.dll
Dependency assembly - System.Resources.ResourceManager.dll
Dependency assembly - System.Net.Ping.dll
Dependency assembly - System.Xml.XPath.dll
Dependency assembly - System.Reflection.Emit.Lightweight.dll
Dependency assembly - System.Data.dll
Dependency assembly - System.Diagnostics.StackTrace.dll
Dependency assembly - System.Globalization.Calendars.dll
Dependency assembly - System.ComponentModel.Annotations.dll
Dependency assembly - System.ServiceModel.Internals.dll
Dependency assembly - System.Runtime.InteropServices.dll
Dependency assembly - System.Security.Cryptography.Pkcs.dll
Dependency assembly - System.ServiceModel.Http.dll
Dependency assembly - System.Web.ApplicationServices.dll
Dependency assembly - System.Threading.Tasks.Extensions.dll
Dependency assembly - System.Net.Cache.dll
Dependency assembly - System.Net.Mail.dll
Dependency assembly - System.Threading.AccessControl.dll
Dependency assembly - System.Runtime.CompilerServices.VisualC.dll
Dependency assembly - System.Reflection.Primitives.dll
Dependency assembly - I18N.CJK.dll
Dependency assembly - System.Runtime.Caching.dll
Dependency assembly - System.ServiceModel.Duplex.dll
Dependency assembly - Mono.Data.Tds.dll
Dependency assembly - System.Reflection.TypeExtensions.dll
Dependency assembly - System.Messaging.dll
Dependency assembly - System.Security.Claims.dll
Dependency assembly - System.Memory.dll
Dependency assembly - netstandard.dll
Dependency assembly - System.Diagnostics.FileVersionInfo.dll
Dependency assembly - System.ServiceModel.dll
Dependency assembly - System.ObjectModel.dll
Dependency assembly - System.IO.Compression.ZipFile.dll
Dependency assembly - Microsoft.Bcl.AsyncInterfaces.dll
Dependency assembly - System.Data.OracleClient.dll
Dependency assembly - System.Net.NetworkInformation.dll
Dependency assembly - System.Security.Cryptography.X509Certificates.dll
Dependency assembly - System.dll
Dependency assembly - System.Data.Linq.dll
Dependency assembly - System.Web.Extensions.dll
Dependency assembly - System.Xml.XPath.XmlDocument.dll
Dependency assembly - System.Net.Http.dll
Dependency assembly - System.ServiceModel.Discovery.dll
Dependency assembly - System.Numerics.dll
Dependency assembly - System.Web.DynamicData.dll
Dependency assembly - System.Runtime.Serialization.Formatters.Soap.dll
Dependency assembly - System.EnterpriseServices.dll
Dependency assembly - System.IO.MemoryMappedFiles.dll
Dependency assembly - System.ServiceModel.Routing.dll
Dependency assembly - System.Reflection.DispatchProxy.dll
Dependency assembly - System.Threading.dll
Dependency assembly - I18N.Rare.dll
Dependency assembly - System.Buffers.dll
Dependency assembly - System.Security.Cryptography.Primitives.dll
Dependency assembly - System.Security.AccessControl.dll
Dependency assembly - System.Design.dll
Dependency assembly - System.Collections.Specialized.dll
Dependency assembly - System.IO.Hashing.dll
Dependency assembly - System.Runtime.DurableInstancing.dll
Dependency assembly - System.IdentityModel.Selectors.dll
Dependency assembly - System.IdentityModel.dll
Dependency assembly - System.Diagnostics.TraceSource.dll
Dependency assembly - System.IO.Pipes.dll
Dependency assembly - System.Runtime.Remoting.dll
Dependency assembly - System.Diagnostics.Tools.dll
Dependency assembly - System.Runtime.InteropServices.RuntimeInformation.dll
Dependency assembly - System.IO.UnmanagedMemoryStream.dll
Dependency assembly - System.Security.Cryptography.Encryption.ECDiffieHellman.dll
Dependency assembly - System.ServiceModel.Activation.dll
Dependency assembly - System.DirectoryServices.dll
Dependency assembly - System.Security.Cryptography.Hashing.dll
Dependency assembly - System.Net.NameResolution.dll
Dependency assembly - System.Data.SqlClient.dll
Dependency assembly - System.Json.dll
Dependency assembly - Mono.Data.Sqlite.dll
Dependency assembly - System.Linq.Queryable.dll
Dependency assembly - System.Resources.Writer.dll
Dependency assembly - System.Runtime.Serialization.Formatters.dll
Dependency assembly - System.Windows.Forms.dll
Dependency assembly - Microsoft.Win32.Registry.AccessControl.dll
Dependency assembly - System.Net.Security.dll
Dependency assembly - System.Collections.NonGeneric.dll
Dependency assembly - System.Security.Principal.dll
Dependency assembly - System.Console.dll
Dependency assembly - System.IO.FileSystem.Primitives.dll
Dependency assembly - System.Security.Cryptography.Csp.dll
Dependency assembly - System.Runtime.Extensions.dll
Dependency assembly - System.Security.Cryptography.Algorithms.dll
Dependency assembly - System.Net.Utilities.dll

Opening scene 'Assets/Scenes/Phase0Boxer.unity'
Unloading 1 Unused Serialized files (Serialized files now loaded: 0)
Loaded scene 'Assets/Scenes/Phase0Boxer.unity'
	Deserialize:            2.375 ms
	Integration:            3.423 ms
	Integration of assets:  0.003 ms
	Thread Wait Time:       0.016 ms
	Total Operation Time:   5.817 ms
Unloading 26 unused Assets / (0.8 MB). Loaded Objects now: 895.
Memory consumption went from 214.1 MB to 213.3 MB.
Total: 4.734500 ms (FindLiveObjects: 0.054500 ms CreateObjectMapping: 0.014600 ms MarkObjects: 4.343800 ms  DeleteObjects: 0.320100 ms)

Unloading 23 Unused Serialized files (Serialized files now loaded: 0)
Unloading 261 unused Assets / (1.2 MB). Loaded Objects now: 897.
Memory consumption went from 257.7 MB to 256.5 MB.
Total: 5.781100 ms (FindLiveObjects: 0.050100 ms CreateObjectMapping: 0.026300 ms MarkObjects: 4.740800 ms  DeleteObjects: 0.962400 ms)

Unloading 0 Unused Serialized files (Serialized files now loaded: 0)
Unloading 0 unused Assets / (0 B). Loaded Objects now: 897.
Memory consumption went from 256.5 MB to 256.5 MB.
Total: 5.132600 ms (FindLiveObjects: 0.055100 ms CreateObjectMapping: 0.013700 ms MarkObjects: 5.056700 ms  DeleteObjects: 0.005200 ms)

Unloading 1 Unused Serialized files (Serialized files now loaded: 0)
Unloading 179 unused Assets / (150.8 MB). Loaded Objects now: 897.
Memory consumption went from 400.7 MB to 249.9 MB.
Total: 24.047400 ms (FindLiveObjects: 0.042000 ms CreateObjectMapping: 0.022000 ms MarkObjects: 4.756200 ms  DeleteObjects: 19.225700 ms)

Compiling shader "Standard"
  Pass "FORWARD" (vp)
    Target graphics API: gles3
    Full variant space:         664
    After settings filtering:   664
    After built-in stripping:   8
    After scriptable stripping: 8
    Processed in 0.01 seconds
  Pass "FORWARD_DELTA" (vp)
    Target graphics API: gles3
    Full variant space:         188
    After settings filtering:   188
    After built-in stripping:   13
    After scriptable stripping: 13
    Processed in 0.00 seconds
  Pass "ShadowCaster" (vp)
    Target graphics API: gles3
    Full variant space:         4
    After settings filtering:   4
    After built-in stripping:   2
    After scriptable stripping: 2
    Processed in 0.00 seconds
  Pass "DEFERRED" (vp)
    Target graphics API: gles3
    Full variant space:         76
    After settings filtering:   76
    After built-in stripping:   4
    After scriptable stripping: 4
    Processed in 0.00 seconds
  Pass "FORWARD" (vp)
    Target graphics API: gles3
    Full variant space:         208
    After settings filtering:   208
    After built-in stripping:   8
    After scriptable stripping: 8
    Processed in 0.00 seconds
  Pass "FORWARD_DELTA" (vp)
    Target graphics API: gles3
    Full variant space:         140
    After settings filtering:   140
    After built-in stripping:   10
    After scriptable stripping: 10
    Processed in 0.00 seconds
  Pass "ShadowCaster" (vp)
    Target graphics API: gles3
    Full variant space:         2
    After settings filtering:   2
    After built-in stripping:   2
    After scriptable stripping: 2
    Processed in 0.00 seconds
Launched and connected shader compiler UnityShaderCompiler.exe after 0.05 seconds
Launched and connected shader compiler UnityShaderCompiler.exe after 0.02 seconds
Launched and connected shader compiler UnityShaderCompiler.exe after 0.03 seconds
Launched and connected shader compiler UnityShaderCompiler.exe after 0.06 seconds
Launched and connected shader compiler UnityShaderCompiler.exe after 0.11 seconds
Launched and connected shader compiler UnityShaderCompiler.exe after 0.10 seconds
Launched and connected shader compiler UnityShaderCompiler.exe after 0.10 seconds
  Pass FORWARD (vp, gles3) finished in 1.17 seconds. Local cache hits 0 (0.00s CPU time), remote cache hits 0 (0.00s CPU time), compiled 8 variants (4.16s CPU time), skipped 0 variants.
    Prepared data for serialisation in 0.00s
  Pass FORWARD_DELTA (vp, gles3) finished in 1.00 seconds. Local cache hits 0 (0.00s CPU time), remote cache hits 0 (0.00s CPU time), compiled 13 variants (1.22s CPU time), skipped 0 variants.
    Prepared data for serialisation in 0.00s
  Pass ShadowCaster (vp, gles3) finished in 0.66 seconds. Local cache hits 0 (0.00s CPU time), remote cache hits 0 (0.00s CPU time), compiled 2 variants (0.06s CPU time), skipped 0 variants.
    Prepared data for serialisation in 0.00s
  Pass DEFERRED (vp, gles3) finished in 0.63 seconds. Local cache hits 0 (0.00s CPU time), remote cache hits 0 (0.00s CPU time), compiled 4 variants (0.36s CPU time), skipped 0 variants.
    Prepared data for serialisation in 0.00s
  Pass FORWARD (vp, gles3) finished in 0.59 seconds. Local cache hits 0 (0.00s CPU time), remote cache hits 0 (0.00s CPU time), compiled 8 variants (1.24s CPU time), skipped 0 variants.
    Prepared data for serialisation in 0.00s
  Pass FORWARD_DELTA (vp, gles3) finished in 0.38 seconds. Local cache hits 0 (0.00s CPU time), remote cache hits 0 (0.00s CPU time), compiled 10 variants (1.09s CPU time), skipped 0 variants.
    Prepared data for serialisation in 0.00s
  Pass ShadowCaster (vp, gles3) finished in 0.23 seconds. Local cache hits 0 (0.00s CPU time), remote cache hits 0 (0.00s CPU time), compiled 2 variants (0.07s CPU time), skipped 0 variants.
    Prepared data for serialisation in 0.00s
Serialized binary data for shader Standard in 0.00s
    gles3 (total internal programs: 47, unique: 39)
Compiling shader "Boxer/EVBackdrop"
  Pass "" (vp)
    Target graphics API: gles3
    Full variant space:         1
    After settings filtering:   1
    After built-in stripping:   1
    After scriptable stripping: 1
    Processed in 0.00 seconds
  Pass  (vp, gles3) finished in 0.07 seconds. Local cache hits 0 (0.00s CPU time), remote cache hits 0 (0.00s CPU time), compiled 1 variants (0.07s CPU time), skipped 0 variants.
    Prepared data for serialisation in 0.00s
Serialized binary data for shader Boxer/EVBackdrop in 0.00s
    gles3 (total internal programs: 1, unique: 1)
Compiling shader "Boxer/EVSurface"
  Pass "" (vp)
    Target graphics API: gles3
    Full variant space:         1
    After settings filtering:   1
    After built-in stripping:   1
    After scriptable stripping: 1
    Processed in 0.00 seconds
  Pass  (vp, gles3) finished in 0.24 seconds. Local cache hits 0 (0.00s CPU time), remote cache hits 0 (0.00s CPU time), compiled 1 variants (0.24s CPU time), skipped 0 variants.
    Prepared data for serialisation in 0.00s
Serialized binary data for shader Boxer/EVSurface in 0.00s
    gles3 (total internal programs: 1, unique: 1)
Compiling shader "Boxer/Round2Surface"
  Pass "" (vp)
    Target graphics API: gles3
    Full variant space:         1
    After settings filtering:   1
    After built-in stripping:   1
    After scriptable stripping: 1
    Processed in 0.00 seconds
Curl error 7: Failed to connect to config.uca.cloud.unity3d.com port 443 after 2310 ms: Could not connect to server
  Pass  (vp, gles3) finished in 0.25 seconds. Local cache hits 0 (0.00s CPU time), remote cache hits 0 (0.00s CPU time), compiled 1 variants (0.25s CPU time), skipped 0 variants.
    Prepared data for serialisation in 0.00s
Serialized binary data for shader Boxer/Round2Surface in 0.00s
    gles3 (total internal programs: 1, unique: 1)
Compiling shader "Boxer/P0UnlitColor"
  Pass "" (vp)
    Target graphics API: gles3
    Full variant space:         1
    After settings filtering:   1
    After built-in stripping:   1
    After scriptable stripping: 1
    Processed in 0.00 seconds
  Pass  (vp, gles3) finished in 0.11 seconds. Local cache hits 0 (0.00s CPU time), remote cache hits 0 (0.00s CPU time), compiled 1 variants (0.11s CPU time), skipped 0 variants.
    Prepared data for serialisation in 0.00s
Serialized binary data for shader Boxer/P0UnlitColor in 0.00s
    gles3 (total internal programs: 1, unique: 1)
Compiling shader "Boxer/EVText"
  Pass "" (vp)
    Target graphics API: gles3
    Full variant space:         1
    After settings filtering:   1
    After built-in stripping:   1
    After scriptable stripping: 1
    Processed in 0.00 seconds
  Pass  (vp, gles3) finished in 0.08 seconds. Local cache hits 0 (0.00s CPU time), remote cache hits 0 (0.00s CPU time), compiled 1 variants (0.08s CPU time), skipped 0 variants.
    Prepared data for serialisation in 0.00s
Serialized binary data for shader Boxer/EVText in 0.00s
    gles3 (total internal programs: 1, unique: 1)
Compiling shader "Boxer/P1VChromaKey"
  Pass "" (vp)
    Target graphics API: gles3
    Full variant space:         1
    After settings filtering:   1
    After built-in stripping:   1
    After scriptable stripping: 1
    Processed in 0.00 seconds
  Pass  (vp, gles3) finished in 0.10 seconds. Local cache hits 0 (0.00s CPU time), remote cache hits 0 (0.00s CPU time), compiled 1 variants (0.10s CPU time), skipped 0 variants.
    Prepared data for serialisation in 0.00s
Serialized binary data for shader Boxer/P1VChromaKey in 0.00s
    gles3 (total internal programs: 1, unique: 1)
Compiling shader "Skybox/Procedural"
  Pass "" (vp)
    Target graphics API: gles3
    Full variant space:         3
    After settings filtering:   3
    After built-in stripping:   3
    After scriptable stripping: 3
    Processed in 0.00 seconds
  Pass  (vp, gles3) finished in 0.26 seconds. Local cache hits 0 (0.00s CPU time), remote cache hits 0 (0.00s CPU time), compiled 3 variants (0.43s CPU time), skipped 0 variants.
    Prepared data for serialisation in 0.00s
Serialized binary data for shader Skybox/Procedural in 0.00s
    gles3 (total internal programs: 3, unique: 3)
Compiling shader "Legacy Shaders/VertexLit"
  Pass "" (vp)
    Target graphics API: gles3
    Full variant space:         12
    After settings filtering:   12
    After built-in stripping:   3
    After scriptable stripping: 3
    Processed in 0.00 seconds
  Pass "" (vp)
    Target graphics API: gles3
    Full variant space:         4
    After settings filtering:   4
    After built-in stripping:   1
    After scriptable stripping: 1
    Processed in 0.00 seconds
  Pass "ShadowCaster" (vp)
    Target graphics API: gles3
    Full variant space:         4
    After settings filtering:   4
    After built-in stripping:   2
    After scriptable stripping: 2
    Processed in 0.00 seconds
  Pass  (vp, gles3) finished in 0.07 seconds. Local cache hits 0 (0.00s CPU time), remote cache hits 0 (0.00s CPU time), compiled 3 variants (0.19s CPU time), skipped 0 variants.
    Prepared data for serialisation in 0.00s
  Pass  (vp, gles3) finished in 0.07 seconds. Local cache hits 0 (0.00s CPU time), remote cache hits 0 (0.00s CPU time), compiled 1 variants (0.02s CPU time), skipped 0 variants.
    Prepared data for serialisation in 0.00s
  Pass ShadowCaster (vp, gles3) finished in 0.05 seconds. Local cache hits 0 (0.00s CPU time), remote cache hits 0 (0.00s CPU time), compiled 2 variants (0.06s CPU time), skipped 0 variants.
    Prepared data for serialisation in 0.00s
Serialized binary data for shader Legacy Shaders/VertexLit in 0.00s
    gles3 (total internal programs: 6, unique: 6)
Compiling shader "Legacy Shaders/Diffuse"
  Pass "FORWARD" (vp)
    Target graphics API: gles3
    Full variant space:         664
    After settings filtering:   664
    After built-in stripping:   8
    After scriptable stripping: 8
    Processed in 0.00 seconds
  Pass "FORWARD" (vp)
    Target graphics API: gles3
    Full variant space:         20
    After settings filtering:   20
    After built-in stripping:   5
    After scriptable stripping: 5
    Processed in 0.00 seconds
  Pass "DEFERRED" (vp)
    Target graphics API: gles3
    Full variant space:         76
    After settings filtering:   76
    After built-in stripping:   4
    After scriptable stripping: 4
    Processed in 0.00 seconds
  Pass FORWARD (vp, gles3) finished in 0.53 seconds. Local cache hits 0 (0.00s CPU time), remote cache hits 0 (0.00s CPU time), compiled 8 variants (1.25s CPU time), skipped 0 variants.
    Prepared data for serialisation in 0.00s
  Pass FORWARD (vp, gles3) finished in 0.45 seconds. Local cache hits 0 (0.00s CPU time), remote cache hits 0 (0.00s CPU time), compiled 5 variants (0.51s CPU time), skipped 0 variants.
    Prepared data for serialisation in 0.00s
  Pass DEFERRED (vp, gles3) finished in 0.40 seconds. Local cache hits 0 (0.00s CPU time), remote cache hits 0 (0.00s CPU time), compiled 4 variants (0.24s CPU time), skipped 0 variants.
    Prepared data for serialisation in 0.00s
Serialized binary data for shader Legacy Shaders/Diffuse in 0.00s
    gles3 (total internal programs: 17, unique: 17)
Compiling shader "Hidden/Internal-StencilWrite"
  Pass "" (vp)
    Target graphics API: gles3
    Full variant space:         1
    After settings filtering:   1
    After built-in stripping:   1
    After scriptable stripping: 1
    Processed in 0.00 seconds
  Pass  (vp, gles3) finished in 0.03 seconds. Local cache hits 0 (0.00s CPU time), remote cache hits 0 (0.00s CPU time), compiled 1 variants (0.03s CPU time), skipped 0 variants.
    Prepared data for serialisation in 0.00s
Serialized binary data for shader Hidden/Internal-StencilWrite in 0.00s
    gles3 (total internal programs: 1, unique: 1)
Compiling shader "Hidden/Internal-DepthNormalsTexture"
  Pass "" (vp)
    Target graphics API: gles3
    Full variant space:         1
    After settings filtering:   1
    After built-in stripping:   1
    After scriptable stripping: 1
    Processed in 0.00 seconds
  Pass "" (vp)
    Target graphics API: gles3
    Full variant space:         1
    After settings filtering:   1
    After built-in stripping:   1
    After scriptable stripping: 1
    Processed in 0.00 seconds
  Pass "" (vp)
    Target graphics API: gles3
    Full variant space:         1
    After settings filtering:   1
    After built-in stripping:   1
    After scriptable stripping: 1
    Processed in 0.00 seconds
  Pass "" (vp)
    Target graphics API: gles3
    Full variant space:         1
    After settings filtering:   1
    After built-in stripping:   1
    After scriptable stripping: 1
    Processed in 0.00 seconds
  Pass "" (vp)
    Target graphics API: gles3
    Full variant space:         1
    After settings filtering:   1
    After built-in stripping:   1
    After scriptable stripping: 1
    Processed in 0.00 seconds
  Pass "" (vp)
    Target graphics API: gles3
    Full variant space:         1
    After settings filtering:   1
    After built-in stripping:   1
    After scriptable stripping: 1
    Processed in 0.00 seconds
  Pass "" (vp)
    Target graphics API: gles3
    Full variant space:         1
    After settings filtering:   1
    After built-in stripping:   1
    After scriptable stripping: 1
    Processed in 0.00 seconds
  Pass "" (vp)
    Target graphics API: gles3
    Full variant space:         1
    After settings filtering:   1
    After built-in stripping:   1
    After scriptable stripping: 1
    Processed in 0.00 seconds
  Pass "" (vp)
    Target graphics API: gles3
    Full variant space:         1
    After settings filtering:   1
    After built-in stripping:   1
    After scriptable stripping: 1
    Processed in 0.00 seconds
  Pass "" (vp)
    Target graphics API: gles3
    Full variant space:         1
    After settings filtering:   1
    After built-in stripping:   1
    After scriptable stripping: 1
    Processed in 0.00 seconds
  Pass  (vp, gles3) finished in 0.05 seconds. Local cache hits 0 (0.00s CPU time), remote cache hits 0 (0.00s CPU time), compiled 1 variants (0.03s CPU time), skipped 0 variants.
    Prepared data for serialisation in 0.00s
  Pass  (vp, gles3) finished in 0.09 seconds. Local cache hits 0 (0.00s CPU time), remote cache hits 0 (0.00s CPU time), compiled 1 variants (0.08s CPU time), skipped 0 variants.
    Prepared data for serialisation in 0.00s
  Pass  (vp, gles3) finished in 0.09 seconds. Local cache hits 0 (0.00s CPU time), remote cache hits 0 (0.00s CPU time), compiled 1 variants (0.09s CPU time), skipped 0 variants.
    Prepared data for serialisation in 0.00s
  Pass  (vp, gles3) finished in 0.10 seconds. Local cache hits 0 (0.00s CPU time), remote cache hits 0 (0.00s CPU time), compiled 1 variants (0.10s CPU time), skipped 0 variants.
    Prepared data for serialisation in 0.00s
  Pass  (vp, gles3) finished in 0.10 seconds. Local cache hits 0 (0.00s CPU time), remote cache hits 0 (0.00s CPU time), compiled 1 variants (0.07s CPU time), skipped 0 variants.
    Prepared data for serialisation in 0.00s
  Pass  (vp, gles3) finished in 0.10 seconds. Local cache hits 0 (0.00s CPU time), remote cache hits 0 (0.00s CPU time), compiled 1 variants (0.08s CPU time), skipped 0 variants.
    Prepared data for serialisation in 0.00s
  Pass  (vp, gles3) finished in 0.10 seconds. Local cache hits 0 (0.00s CPU time), remote cache hits 0 (0.00s CPU time), compiled 1 variants (0.07s CPU time), skipped 0 variants.
    Prepared data for serialisation in 0.00s
  Pass  (vp, gles3) finished in 0.10 seconds. Local cache hits 0 (0.00s CPU time), remote cache hits 0 (0.00s CPU time), compiled 1 variants (0.07s CPU time), skipped 0 variants.
    Prepared data for serialisation in 0.00s
  Pass  (vp, gles3) finished in 0.08 seconds. Local cache hits 0 (0.00s CPU time), remote cache hits 0 (0.00s CPU time), compiled 1 variants (0.08s CPU time), skipped 0 variants.
    Prepared data for serialisation in 0.00s
  Pass  (vp, gles3) finished in 0.12 seconds. Local cache hits 0 (0.00s CPU time), remote cache hits 0 (0.00s CPU time), compiled 1 variants (0.12s CPU time), skipped 0 variants.
    Prepared data for serialisation in 0.00s
Serialized binary data for shader Hidden/Internal-DepthNormalsTexture in 0.00s
    gles3 (total internal programs: 10, unique: 10)
Compiling shader "Hidden/Internal-ScreenSpaceShadows"
  Pass "" (vp)
    Target graphics API: gles3
    Full variant space:         4
    After settings filtering:   4
    After built-in stripping:   4
    After scriptable stripping: 4
    Processed in 0.00 seconds
  Pass "" (vp)
    Target graphics API: gles3
    Full variant space:         4
    After settings filtering:   4
    After built-in stripping:   4
    After scriptable stripping: 4
    Processed in 0.00 seconds
  Pass "" (vp)
    Target graphics API: gles3
    Full variant space:         4
    After settings filtering:   4
    After built-in stripping:   4
    After scriptable stripping: 4
    Processed in 0.00 seconds
  Pass "" (vp)
    Target graphics API: gles3
    Full variant space:         4
    After settings filtering:   4
    After built-in stripping:   4
    After scriptable stripping: 4
    Processed in 0.00 seconds
  Pass  (vp, gles3) finished in 0.28 seconds. Local cache hits 0 (0.00s CPU time), remote cache hits 0 (0.00s CPU time), compiled 4 variants (0.79s CPU time), skipped 0 variants.
    Prepared data for serialisation in 0.00s
  Pass  (vp, gles3) finished in 0.28 seconds. Local cache hits 0 (0.00s CPU time), remote cache hits 0 (0.00s CPU time), compiled 4 variants (0.41s CPU time), skipped 0 variants.
    Prepared data for serialisation in 0.00s
  Pass  (vp, gles3) finished in 0.33 seconds. Local cache hits 0 (0.00s CPU time), remote cache hits 0 (0.00s CPU time), compiled 4 variants (0.61s CPU time), skipped 0 variants.
    Prepared data for serialisation in 0.00s
  Pass  (vp, gles3) finished in 0.42 seconds. Local cache hits 0 (0.00s CPU time), remote cache hits 0 (0.00s CPU time), compiled 4 variants (1.34s CPU time), skipped 0 variants.
    Prepared data for serialisation in 0.00s
Serialized binary data for shader Hidden/Internal-ScreenSpaceShadows in 0.00s
    gles3 (total internal programs: 16, unique: 16)
Compiling shader "Hidden/Internal-CombineDepthNormals"
  Pass "" (vp)
    Target graphics API: gles3
    Full variant space:         1
    After settings filtering:   1
    After built-in stripping:   1
    After scriptable stripping: 1
    Processed in 0.00 seconds
  Pass  (vp, gles3) finished in 0.08 seconds. Local cache hits 0 (0.00s CPU time), remote cache hits 0 (0.00s CPU time), compiled 1 variants (0.08s CPU time), skipped 0 variants.
    Prepared data for serialisation in 0.00s
Serialized binary data for shader Hidden/Internal-CombineDepthNormals in 0.00s
    gles3 (total internal programs: 1, unique: 1)
Compiling shader "Hidden/BlitCopy"
  Pass "" (vp)
    Target graphics API: gles3
    Full variant space:         1
    After settings filtering:   1
    After built-in stripping:   1
    After scriptable stripping: 1
    Processed in 0.00 seconds
  Pass  (vp, gles3) finished in 0.05 seconds. Local cache hits 0 (0.00s CPU time), remote cache hits 0 (0.00s CPU time), compiled 1 variants (0.05s CPU time), skipped 0 variants.
    Prepared data for serialisation in 0.00s
Serialized binary data for shader Hidden/BlitCopy in 0.00s
    gles3 (total internal programs: 1, unique: 1)
Compiling shader "Hidden/BlitCopyDepth"
  Pass "" (vp)
    Target graphics API: gles3
    Full variant space:         1
    After settings filtering:   1
    After built-in stripping:   1
    After scriptable stripping: 1
    Processed in 0.00 seconds
  Pass  (vp, gles3) finished in 0.05 seconds. Local cache hits 0 (0.00s CPU time), remote cache hits 0 (0.00s CPU time), compiled 1 variants (0.05s CPU time), skipped 0 variants.
    Prepared data for serialisation in 0.00s
Serialized binary data for shader Hidden/BlitCopyDepth in 0.00s
    gles3 (total internal programs: 1, unique: 1)
Compiling shader "Hidden/ConvertTexture"
  Pass "" (vp)
    Target graphics API: gles3
    Full variant space:         1
    After settings filtering:   1
    After built-in stripping:   1
    After scriptable stripping: 1
    Processed in 0.00 seconds
  Pass  (vp, gles3) finished in 0.09 seconds. Local cache hits 0 (0.00s CPU time), remote cache hits 0 (0.00s CPU time), compiled 1 variants (0.09s CPU time), skipped 0 variants.
    Prepared data for serialisation in 0.00s
Serialized binary data for shader Hidden/ConvertTexture in 0.00s
    gles3 (total internal programs: 1, unique: 1)
Compiling shader "Hidden/Internal-DeferredShading"
  Pass "" (vp)
    Target graphics API: gles3
    Full variant space:         94
    After settings filtering:   94
    After built-in stripping:   26
    After scriptable stripping: 26
    Processed in 0.00 seconds
  Pass "" (vp)
    Target graphics API: gles3
    Full variant space:         1
    After settings filtering:   1
    After built-in stripping:   1
    After scriptable stripping: 1
    Processed in 0.00 seconds
  Pass  (vp, gles3) finished in 1.53 seconds. Local cache hits 0 (0.00s CPU time), remote cache hits 0 (0.00s CPU time), compiled 26 variants (11.50s CPU time), skipped 0 variants.
    Prepared data for serialisation in 0.00s
  Pass  (vp, gles3) finished in 0.15 seconds. Local cache hits 0 (0.00s CPU time), remote cache hits 0 (0.00s CPU time), compiled 1 variants (0.06s CPU time), skipped 0 variants.
    Prepared data for serialisation in 0.00s
Serialized binary data for shader Hidden/Internal-DeferredShading in 0.00s
    gles3 (total internal programs: 27, unique: 27)
Compiling shader "Hidden/Internal-DeferredReflections"
  Pass "" (vp)
    Target graphics API: gles3
    Full variant space:         1
    After settings filtering:   1
    After built-in stripping:   1
    After scriptable stripping: 1
    Processed in 0.00 seconds
  Pass "" (vp)
    Target graphics API: gles3
    Full variant space:         2
    After settings filtering:   2
    After built-in stripping:   2
    After scriptable stripping: 2
    Processed in 0.00 seconds
  Pass  (vp, gles3) finished in 0.09 seconds. Local cache hits 0 (0.00s CPU time), remote cache hits 0 (0.00s CPU time), compiled 1 variants (0.09s CPU time), skipped 0 variants.
    Prepared data for serialisation in 0.00s
  Pass  (vp, gles3) finished in 0.09 seconds. Local cache hits 0 (0.00s CPU time), remote cache hits 0 (0.00s CPU time), compiled 2 variants (0.08s CPU time), skipped 0 variants.
    Prepared data for serialisation in 0.00s
Serialized binary data for shader Hidden/Internal-DeferredReflections in 0.00s
    gles3 (total internal programs: 3, unique: 3)
Compiling shader "Hidden/Internal-MotionVectors"
  Pass "" (vp)
    Target graphics API: gles3
    Full variant space:         1
    After settings filtering:   1
    After built-in stripping:   1
    After scriptable stripping: 1
    Processed in 0.00 seconds
  Pass "" (vp)
    Target graphics API: gles3
    Full variant space:         1
    After settings filtering:   1
    After built-in stripping:   1
    After scriptable stripping: 1
    Processed in 0.00 seconds
  Pass "" (vp)
    Target graphics API: gles3
    Full variant space:         1
    After settings filtering:   1
    After built-in stripping:   1
    After scriptable stripping: 1
    Processed in 0.00 seconds
  Pass  (vp, gles3) finished in 0.06 seconds. Local cache hits 0 (0.00s CPU time), remote cache hits 0 (0.00s CPU time), compiled 1 variants (0.06s CPU time), skipped 0 variants.
    Prepared data for serialisation in 0.00s
  Pass  (vp, gles3) finished in 0.06 seconds. Local cache hits 0 (0.00s CPU time), remote cache hits 0 (0.00s CPU time), compiled 1 variants (0.05s CPU time), skipped 0 variants.
    Prepared data for serialisation in 0.00s
  Pass  (vp, gles3) finished in 0.06 seconds. Local cache hits 0 (0.00s CPU time), remote cache hits 0 (0.00s CPU time), compiled 1 variants (0.05s CPU time), skipped 0 variants.
    Prepared data for serialisation in 0.00s
Serialized binary data for shader Hidden/Internal-MotionVectors in 0.00s
    gles3 (total internal programs: 3, unique: 3)
Compiling shader "Hidden/Internal-Flare"
  Pass "" (vp)
    Target graphics API: gles3
    Full variant space:         1
    After settings filtering:   1
    After built-in stripping:   1
    After scriptable stripping: 1
    Processed in 0.00 seconds
  Pass  (vp, gles3) finished in 0.03 seconds. Local cache hits 0 (0.00s CPU time), remote cache hits 0 (0.00s CPU time), compiled 1 variants (0.03s CPU time), skipped 0 variants.
    Prepared data for serialisation in 0.00s
Serialized binary data for shader Hidden/Internal-Flare in 0.00s
    gles3 (total internal programs: 1, unique: 1)
Compiling shader "Hidden/Internal-Halo"
  Pass "" (vp)
    Target graphics API: gles3
    Full variant space:         4
    After settings filtering:   4
    After built-in stripping:   1
    After scriptable stripping: 1
    Processed in 0.00 seconds
  Pass  (vp, gles3) finished in 0.03 seconds. Local cache hits 0 (0.00s CPU time), remote cache hits 0 (0.00s CPU time), compiled 1 variants (0.03s CPU time), skipped 0 variants.
    Prepared data for serialisation in 0.00s
Serialized binary data for shader Hidden/Internal-Halo in 0.00s
    gles3 (total internal programs: 1, unique: 1)
Compiling shader "Hidden/BlitCopyWithDepth"
  Pass "" (vp)
    Target graphics API: gles3
    Full variant space:         1
    After settings filtering:   1
    After built-in stripping:   1
    After scriptable stripping: 1
    Processed in 0.00 seconds
  Pass  (vp, gles3) finished in 0.03 seconds. Local cache hits 0 (0.00s CPU time), remote cache hits 0 (0.00s CPU time), compiled 1 variants (0.03s CPU time), skipped 0 variants.
    Prepared data for serialisation in 0.00s
Serialized binary data for shader Hidden/BlitCopyWithDepth in 0.00s
    gles3 (total internal programs: 1, unique: 1)
Compiling shader "Hidden/BlitToDepth"
  Pass "" (vp)
    Target graphics API: gles3
    Full variant space:         1
    After settings filtering:   1
    After built-in stripping:   1
    After scriptable stripping: 1
    Processed in 0.00 seconds
  Pass  (vp, gles3) finished in 0.03 seconds. Local cache hits 0 (0.00s CPU time), remote cache hits 0 (0.00s CPU time), compiled 1 variants (0.03s CPU time), skipped 0 variants.
    Prepared data for serialisation in 0.00s
Serialized binary data for shader Hidden/BlitToDepth in 0.00s
    gles3 (total internal programs: 1, unique: 1)
Compiling shader "Hidden/BlitToDepth_MSAA"
  Pass "" (vp)
    Target graphics API: gles3
    Full variant space:         1
    After settings filtering:   1
    After built-in stripping:   1
    After scriptable stripping: 1
    Processed in 0.00 seconds
  Pass  (vp, gles3) finished in 0.03 seconds. Local cache hits 0 (0.00s CPU time), remote cache hits 0 (0.00s CPU time), compiled 1 variants (0.03s CPU time), skipped 0 variants.
    Prepared data for serialisation in 0.00s
Serialized binary data for shader Hidden/BlitToDepth_MSAA in 0.00s
    gles3 (total internal programs: 1, unique: 1)
Compiling shader "Hidden/BlitCopyHDRTonemap"
  Pass "" (vp)
    Target graphics API: gles3
    Full variant space:         1
    After settings filtering:   1
    After built-in stripping:   1
    After scriptable stripping: 1
    Processed in 0.00 seconds
  Pass  (vp, gles3) finished in 0.05 seconds. Local cache hits 0 (0.00s CPU time), remote cache hits 0 (0.00s CPU time), compiled 1 variants (0.05s CPU time), skipped 0 variants.
    Prepared data for serialisation in 0.00s
Serialized binary data for shader Hidden/BlitCopyHDRTonemap in 0.00s
    gles3 (total internal programs: 1, unique: 1)
Compiling shader "Hidden/Internal-DebugPattern"
  Pass "Target Color and DepthStencil" (vp)
    Target graphics API: gles3
    Full variant space:         1
    After settings filtering:   1
    After built-in stripping:   1
    After scriptable stripping: 1
    Processed in 0.00 seconds
  Pass "Target only Color" (vp)
    Target graphics API: gles3
    Full variant space:         1
    After settings filtering:   1
    After built-in stripping:   1
    After scriptable stripping: 1
    Processed in 0.00 seconds
  Pass "Target only DepthStencil" (vp)
    Target graphics API: gles3
    Full variant space:         1
    After settings filtering:   1
    After built-in stripping:   1
    After scriptable stripping: 1
    Processed in 0.00 seconds
  Pass Target Color and DepthStencil (vp, gles3) finished in 0.03 seconds. Local cache hits 0 (0.00s CPU time), remote cache hits 0 (0.00s CPU time), compiled 1 variants (0.03s CPU time), skipped 0 variants.
    Prepared data for serialisation in 0.00s
  Pass Target only Color (vp, gles3) finished in 0.04 seconds. Local cache hits 0 (0.00s CPU time), remote cache hits 0 (0.00s CPU time), compiled 1 variants (0.04s CPU time), skipped 0 variants.
    Prepared data for serialisation in 0.00s
  Pass Target only DepthStencil (vp, gles3) finished in 0.04 seconds. Local cache hits 0 (0.00s CPU time), remote cache hits 0 (0.00s CPU time), compiled 1 variants (0.03s CPU time), skipped 0 variants.
    Prepared data for serialisation in 0.00s
Serialized binary data for shader Hidden/Internal-DebugPattern in 0.00s
    gles3 (total internal programs: 3, unique: 3)
Compiling shader "Hidden/Internal-GUITextureClip"
  Pass "" (vp)
    Target graphics API: gles3
    Full variant space:         1
    After settings filtering:   1
    After built-in stripping:   1
    After scriptable stripping: 1
    Processed in 0.00 seconds
  Pass "" (vp)
    Target graphics API: gles3
    Full variant space:         1
    After settings filtering:   1
    After built-in stripping:   1
    After scriptable stripping: 1
    Processed in 0.00 seconds
  Pass  (vp, gles3) finished in 0.05 seconds. Local cache hits 0 (0.00s CPU time), remote cache hits 0 (0.00s CPU time), compiled 1 variants (0.05s CPU time), skipped 0 variants.
    Prepared data for serialisation in 0.00s
  Pass  (vp, gles3) finished in 0.05 seconds. Local cache hits 0 (0.00s CPU time), remote cache hits 0 (0.00s CPU time), compiled 1 variants (0.04s CPU time), skipped 0 variants.
    Prepared data for serialisation in 0.00s
Serialized binary data for shader Hidden/Internal-GUITextureClip in 0.00s
    gles3 (total internal programs: 2, unique: 1)
Compiling shader "Hidden/Internal-GUITextureClipText"
  Pass "" (vp)
    Target graphics API: gles3
    Full variant space:         1
    After settings filtering:   1
    After built-in stripping:   1
    After scriptable stripping: 1
    Processed in 0.00 seconds
  Pass "" (vp)
    Target graphics API: gles3
    Full variant space:         1
    After settings filtering:   1
    After built-in stripping:   1
    After scriptable stripping: 1
    Processed in 0.00 seconds
  Pass  (vp, gles3) finished in 0.03 seconds. Local cache hits 0 (0.00s CPU time), remote cache hits 0 (0.00s CPU time), compiled 1 variants (0.03s CPU time), skipped 0 variants.
    Prepared data for serialisation in 0.00s
  Pass  (vp, gles3) finished in 0.04 seconds. Local cache hits 0 (0.00s CPU time), remote cache hits 0 (0.00s CPU time), compiled 1 variants (0.04s CPU time), skipped 0 variants.
    Prepared data for serialisation in 0.00s
Serialized binary data for shader Hidden/Internal-GUITextureClipText in 0.00s
    gles3 (total internal programs: 2, unique: 1)
Compiling shader "Hidden/Internal-GUITexture"
  Pass "" (vp)
    Target graphics API: gles3
    Full variant space:         1
    After settings filtering:   1
    After built-in stripping:   1
    After scriptable stripping: 1
    Processed in 0.00 seconds
  Pass "" (vp)
    Target graphics API: gles3
    Full variant space:         1
    After settings filtering:   1
    After built-in stripping:   1
    After scriptable stripping: 1
    Processed in 0.00 seconds
  Pass  (vp, gles3) finished in 0.04 seconds. Local cache hits 0 (0.00s CPU time), remote cache hits 0 (0.00s CPU time), compiled 1 variants (0.04s CPU time), skipped 0 variants.
    Prepared data for serialisation in 0.00s
  Pass  (vp, gles3) finished in 0.04 seconds. Local cache hits 0 (0.00s CPU time), remote cache hits 0 (0.00s CPU time), compiled 1 variants (0.03s CPU time), skipped 0 variants.
    Prepared data for serialisation in 0.00s
Serialized binary data for shader Hidden/Internal-GUITexture in 0.00s
    gles3 (total internal programs: 2, unique: 1)
Compiling shader "Hidden/Internal-GUITextureBlit"
  Pass "" (vp)
    Target graphics API: gles3
    Full variant space:         1
    After settings filtering:   1
    After built-in stripping:   1
    After scriptable stripping: 1
    Processed in 0.00 seconds
  Pass "" (vp)
    Target graphics API: gles3
    Full variant space:         1
    After settings filtering:   1
    After built-in stripping:   1
    After scriptable stripping: 1
    Processed in 0.00 seconds
  Pass  (vp, gles3) finished in 0.08 seconds. Local cache hits 0 (0.00s CPU time), remote cache hits 0 (0.00s CPU time), compiled 1 variants (0.08s CPU time), skipped 0 variants.
    Prepared data for serialisation in 0.00s
  Pass  (vp, gles3) finished in 0.08 seconds. Local cache hits 0 (0.00s CPU time), remote cache hits 0 (0.00s CPU time), compiled 1 variants (0.07s CPU time), skipped 0 variants.
    Prepared data for serialisation in 0.00s
Serialized binary data for shader Hidden/Internal-GUITextureBlit in 0.00s
    gles3 (total internal programs: 2, unique: 1)
Compiling shader "Hidden/Internal-GUIRoundedRect"
  Pass "" (vp)
    Target graphics API: gles3
    Full variant space:         1
    After settings filtering:   1
    After built-in stripping:   1
    After scriptable stripping: 1
    Processed in 0.00 seconds
  Pass "" (vp)
    Target graphics API: gles3
    Full variant space:         1
    After settings filtering:   1
    After built-in stripping:   1
    After scriptable stripping: 1
    Processed in 0.00 seconds
  Pass  (vp, gles3) finished in 0.14 seconds. Local cache hits 0 (0.00s CPU time), remote cache hits 0 (0.00s CPU time), compiled 1 variants (0.14s CPU time), skipped 0 variants.
    Prepared data for serialisation in 0.00s
  Pass  (vp, gles3) finished in 0.14 seconds. Local cache hits 0 (0.00s CPU time), remote cache hits 0 (0.00s CPU time), compiled 1 variants (0.13s CPU time), skipped 0 variants.
    Prepared data for serialisation in 0.00s
Serialized binary data for shader Hidden/Internal-GUIRoundedRect in 0.00s
    gles3 (total internal programs: 2, unique: 1)
Compiling shader "Hidden/Internal-GUIRoundedRectWithColorPerBorder"
  Pass "" (vp)
    Target graphics API: gles3
    Full variant space:         1
    After settings filtering:   1
    After built-in stripping:   1
    After scriptable stripping: 1
    Processed in 0.00 seconds
  Pass "" (vp)
    Target graphics API: gles3
    Full variant space:         1
    After settings filtering:   1
    After built-in stripping:   1
    After scriptable stripping: 1
    Processed in 0.00 seconds
  Pass  (vp, gles3) finished in 0.08 seconds. Local cache hits 0 (0.00s CPU time), remote cache hits 0 (0.00s CPU time), compiled 1 variants (0.08s CPU time), skipped 0 variants.
    Prepared data for serialisation in 0.00s
  Pass  (vp, gles3) finished in 0.08 seconds. Local cache hits 0 (0.00s CPU time), remote cache hits 0 (0.00s CPU time), compiled 1 variants (0.08s CPU time), skipped 0 variants.
    Prepared data for serialisation in 0.00s
Serialized binary data for shader Hidden/Internal-GUIRoundedRectWithColorPerBorder in 0.00s
    gles3 (total internal programs: 2, unique: 1)
Compiling shader "Hidden/Internal-UIRDefault"
  Pass "" (vp)
    Target graphics API: gles3
    Full variant space:         40
    After settings filtering:   40
    After built-in stripping:   40
    After scriptable stripping: 40
    Processed in 0.00 seconds
  Pass  (vp, gles3) finished in 3.18 seconds. Local cache hits 0 (0.00s CPU time), remote cache hits 0 (0.00s CPU time), compiled 40 variants (24.32s CPU time), skipped 0 variants.
    Prepared data for serialisation in 0.00s
Serialized binary data for shader Hidden/Internal-UIRDefault in 0.00s
    gles3 (total internal programs: 40, unique: 40)
Compiling shader "Hidden/Internal-UIRAtlasBlitCopy"
  Pass "" (vp)
    Target graphics API: gles3
    Full variant space:         1
    After settings filtering:   1
    After built-in stripping:   1
    After scriptable stripping: 1
    Processed in 0.00 seconds
  Pass  (vp, gles3) finished in 0.10 seconds. Local cache hits 0 (0.00s CPU time), remote cache hits 0 (0.00s CPU time), compiled 1 variants (0.10s CPU time), skipped 0 variants.
    Prepared data for serialisation in 0.00s
Serialized binary data for shader Hidden/Internal-UIRAtlasBlitCopy in 0.00s
    gles3 (total internal programs: 1, unique: 1)
Compiling shader "Sprites/Default"
  Pass "" (vp)
    Target graphics API: gles3
    Full variant space:         8
    After settings filtering:   8
    After built-in stripping:   4
    After scriptable stripping: 4
    Processed in 0.00 seconds
  Pass  (vp, gles3) finished in 0.07 seconds. Local cache hits 0 (0.00s CPU time), remote cache hits 0 (0.00s CPU time), compiled 4 variants (0.23s CPU time), skipped 0 variants.
    Prepared data for serialisation in 0.00s
Serialized binary data for shader Sprites/Default in 0.00s
    gles3 (total internal programs: 4, unique: 4)
Compiling shader "Sprites/Mask"
  Pass "" (vp)
    Target graphics API: gles3
    Full variant space:         4
    After settings filtering:   4
    After built-in stripping:   4
    After scriptable stripping: 4
    Processed in 0.00 seconds
  Pass  (vp, gles3) finished in 0.07 seconds. Local cache hits 0 (0.00s CPU time), remote cache hits 0 (0.00s CPU time), compiled 4 variants (0.23s CPU time), skipped 0 variants.
    Prepared data for serialisation in 0.00s
Serialized binary data for shader Sprites/Mask in 0.00s
    gles3 (total internal programs: 4, unique: 4)
Compiling shader "UI/Default"
  Pass "Default" (vp)
    Target graphics API: gles3
    Full variant space:         4
    After settings filtering:   4
    After built-in stripping:   4
    After scriptable stripping: 4
    Processed in 0.00 seconds
  Pass "XRMotionVectors" (vp)
    Target graphics API: gles3
    Full variant space:         4
    After settings filtering:   4
    After built-in stripping:   4
    After scriptable stripping: 4
    Processed in 0.00 seconds
  Pass Default (vp, gles3) finished in 0.17 seconds. Local cache hits 0 (0.00s CPU time), remote cache hits 0 (0.00s CPU time), compiled 4 variants (0.63s CPU time), skipped 0 variants.
    Prepared data for serialisation in 0.00s
  Pass XRMotionVectors (vp, gles3) finished in 0.32 seconds. Local cache hits 0 (0.00s CPU time), remote cache hits 0 (0.00s CPU time), compiled 4 variants (0.91s CPU time), skipped 0 variants.
    Prepared data for serialisation in 0.00s
Serialized binary data for shader UI/Default in 0.00s
    gles3 (total internal programs: 8, unique: 8)
Compiling shader "UI/DefaultETC1"
  Pass "Default" (vp)
    Target graphics API: gles3
    Full variant space:         4
    After settings filtering:   4
    After built-in stripping:   4
    After scriptable stripping: 4
    Processed in 0.00 seconds
  Pass "XRMotionVectors" (vp)
    Target graphics API: gles3
    Full variant space:         4
    After settings filtering:   4
    After built-in stripping:   4
    After scriptable stripping: 4
    Processed in 0.00 seconds
  Pass Default (vp, gles3) finished in 0.21 seconds. Local cache hits 0 (0.00s CPU time), remote cache hits 0 (0.00s CPU time), compiled 4 variants (0.77s CPU time), skipped 0 variants.
    Prepared data for serialisation in 0.00s
  Pass XRMotionVectors (vp, gles3) finished in 0.24 seconds. Local cache hits 0 (0.00s CPU time), remote cache hits 0 (0.00s CPU time), compiled 4 variants (0.92s CPU time), skipped 0 variants.
    Prepared data for serialisation in 0.00s
Serialized binary data for shader UI/DefaultETC1 in 0.00s
    gles3 (total internal programs: 8, unique: 8)
Compiling shader "Hidden/CubeBlur"
  Pass "" (vp)
    Target graphics API: gles3
    Full variant space:         1
    After settings filtering:   1
    After built-in stripping:   1
    After scriptable stripping: 1
    Processed in 0.00 seconds
  Pass "" (vp)
    Target graphics API: gles3
    Full variant space:         1
    After settings filtering:   1
    After built-in stripping:   1
    After scriptable stripping: 1
    Processed in 0.00 seconds
  Pass  (vp, gles3) finished in 0.14 seconds. Local cache hits 0 (0.00s CPU time), remote cache hits 0 (0.00s CPU time), compiled 1 variants (0.14s CPU time), skipped 0 variants.
    Prepared data for serialisation in 0.00s
  Pass  (vp, gles3) finished in 0.14 seconds. Local cache hits 0 (0.00s CPU time), remote cache hits 0 (0.00s CPU time), compiled 1 variants (0.04s CPU time), skipped 0 variants.
    Prepared data for serialisation in 0.00s
Serialized binary data for shader Hidden/CubeBlur in 0.00s
    gles3 (total internal programs: 2, unique: 2)
Compiling shader "Hidden/CubeCopy"
  Pass "" (vp)
    Target graphics API: gles3
    Full variant space:         1
    After settings filtering:   1
    After built-in stripping:   1
    After scriptable stripping: 1
    Processed in 0.00 seconds
  Pass "" (vp)
    Target graphics API: gles3
    Full variant space:         1
    After settings filtering:   1
    After built-in stripping:   1
    After scriptable stripping: 1
    Processed in 0.00 seconds
  Pass  (vp, gles3) finished in 0.09 seconds. Local cache hits 0 (0.00s CPU time), remote cache hits 0 (0.00s CPU time), compiled 1 variants (0.09s CPU time), skipped 0 variants.
    Prepared data for serialisation in 0.00s
  Pass  (vp, gles3) finished in 0.10 seconds. Local cache hits 0 (0.00s CPU time), remote cache hits 0 (0.00s CPU time), compiled 1 variants (0.10s CPU time), skipped 0 variants.
    Prepared data for serialisation in 0.00s
Serialized binary data for shader Hidden/CubeCopy in 0.00s
    gles3 (total internal programs: 2, unique: 1)
Compiling shader "Hidden/CubeBlend"
  Pass "" (vp)
    Target graphics API: gles3
    Full variant space:         1
    After settings filtering:   1
    After built-in stripping:   1
    After scriptable stripping: 1
    Processed in 0.00 seconds
  Pass "" (vp)
    Target graphics API: gles3
    Full variant space:         1
    After settings filtering:   1
    After built-in stripping:   1
    After scriptable stripping: 1
    Processed in 0.00 seconds
  Pass  (vp, gles3) finished in 0.08 seconds. Local cache hits 0 (0.00s CPU time), remote cache hits 0 (0.00s CPU time), compiled 1 variants (0.08s CPU time), skipped 0 variants.
    Prepared data for serialisation in 0.00s
  Pass  (vp, gles3) finished in 0.10 seconds. Local cache hits 0 (0.00s CPU time), remote cache hits 0 (0.00s CPU time), compiled 1 variants (0.10s CPU time), skipped 0 variants.
    Prepared data for serialisation in 0.00s
Serialized binary data for shader Hidden/CubeBlend in 0.00s
    gles3 (total internal programs: 2, unique: 1)
Compiling shader "Hidden/VR/BlitTexArraySlice"
  Pass "" (vp)
    Target graphics API: gles3
    Full variant space:         1
    After settings filtering:   1
    After built-in stripping:   1
    After scriptable stripping: 1
    Processed in 0.00 seconds
  Pass  (vp, gles3) finished in 0.04 seconds. Local cache hits 0 (0.00s CPU time), remote cache hits 0 (0.00s CPU time), compiled 1 variants (0.04s CPU time), skipped 0 variants.
    Prepared data for serialisation in 0.00s
Serialized binary data for shader Hidden/VR/BlitTexArraySlice in 0.00s
    gles3 (total internal programs: 1, unique: 1)
Compiling shader "Hidden/Internal-ODSWorldTexture"
  Pass "" (vp)
    Target graphics API: gles3
    Full variant space:         1
    After settings filtering:   1
    After built-in stripping:   1
    After scriptable stripping: 1
    Processed in 0.00 seconds
  Pass "" (vp)
    Target graphics API: gles3
    Full variant space:         1
    After settings filtering:   1
    After built-in stripping:   1
    After scriptable stripping: 1
    Processed in 0.00 seconds
  Pass "" (vp)
    Target graphics API: gles3
    Full variant space:         1
    After settings filtering:   1
    After built-in stripping:   1
    After scriptable stripping: 1
    Processed in 0.00 seconds
  Pass "" (vp)
    Target graphics API: gles3
    Full variant space:         1
    After settings filtering:   1
    After built-in stripping:   1
    After scriptable stripping: 1
    Processed in 0.00 seconds
  Pass "" (vp)
    Target graphics API: gles3
    Full variant space:         1
    After settings filtering:   1
    After built-in stripping:   1
    After scriptable stripping: 1
    Processed in 0.00 seconds
  Pass "" (vp)
    Target graphics API: gles3
    Full variant space:         1
    After settings filtering:   1
    After built-in stripping:   1
    After scriptable stripping: 1
    Processed in 0.00 seconds
  Pass "" (vp)
    Target graphics API: gles3
    Full variant space:         1
    After settings filtering:   1
    After built-in stripping:   1
    After scriptable stripping: 1
    Processed in 0.00 seconds
  Pass "" (vp)
    Target graphics API: gles3
    Full variant space:         1
    After settings filtering:   1
    After built-in stripping:   1
    After scriptable stripping: 1
    Processed in 0.00 seconds
  Pass "" (vp)
    Target graphics API: gles3
    Full variant space:         1
    After settings filtering:   1
    After built-in stripping:   1
    After scriptable stripping: 1
    Processed in 0.00 seconds
  Pass "" (vp)
    Target graphics API: gles3
    Full variant space:         1
    After settings filtering:   1
    After built-in stripping:   1
    After scriptable stripping: 1
    Processed in 0.00 seconds
  Pass  (vp, gles3) finished in 0.07 seconds. Local cache hits 0 (0.00s CPU time), remote cache hits 0 (0.00s CPU time), compiled 1 variants (0.07s CPU time), skipped 0 variants.
    Prepared data for serialisation in 0.00s
  Pass  (vp, gles3) finished in 0.09 seconds. Local cache hits 0 (0.00s CPU time), remote cache hits 0 (0.00s CPU time), compiled 1 variants (0.09s CPU time), skipped 0 variants.
    Prepared data for serialisation in 0.00s
  Pass  (vp, gles3) finished in 0.22 seconds. Local cache hits 0 (0.00s CPU time), remote cache hits 0 (0.00s CPU time), compiled 1 variants (0.22s CPU time), skipped 0 variants.
    Prepared data for serialisation in 0.00s
  Pass  (vp, gles3) finished in 0.25 seconds. Local cache hits 0 (0.00s CPU time), remote cache hits 0 (0.00s CPU time), compiled 1 variants (0.25s CPU time), skipped 0 variants.
    Prepared data for serialisation in 0.00s
  Pass  (vp, gles3) finished in 0.25 seconds. Local cache hits 0 (0.00s CPU time), remote cache hits 0 (0.00s CPU time), compiled 1 variants (0.12s CPU time), skipped 0 variants.
    Prepared data for serialisation in 0.00s
  Pass  (vp, gles3) finished in 0.25 seconds. Local cache hits 0 (0.00s CPU time), remote cache hits 0 (0.00s CPU time), compiled 1 variants (0.11s CPU time), skipped 0 variants.
    Prepared data for serialisation in 0.00s
  Pass  (vp, gles3) finished in 0.25 seconds. Local cache hits 0 (0.00s CPU time), remote cache hits 0 (0.00s CPU time), compiled 1 variants (0.11s CPU time), skipped 0 variants.
    Prepared data for serialisation in 0.00s
  Pass  (vp, gles3) finished in 0.18 seconds. Local cache hits 0 (0.00s CPU time), remote cache hits 0 (0.00s CPU time), compiled 1 variants (0.13s CPU time), skipped 0 variants.
    Prepared data for serialisation in 0.00s
  Pass  (vp, gles3) finished in 0.17 seconds. Local cache hits 0 (0.00s CPU time), remote cache hits 0 (0.00s CPU time), compiled 1 variants (0.17s CPU time), skipped 0 variants.
    Prepared data for serialisation in 0.00s
  Pass  (vp, gles3) finished in 0.17 seconds. Local cache hits 0 (0.00s CPU time), remote cache hits 0 (0.00s CPU time), compiled 1 variants (0.17s CPU time), skipped 0 variants.
    Prepared data for serialisation in 0.00s
Serialized binary data for shader Hidden/Internal-ODSWorldTexture in 0.00s
    gles3 (total internal programs: 10, unique: 9)
Compiling shader "Hidden/Internal-CubemapToEquirect"
  Pass "" (vp)
    Target graphics API: gles3
    Full variant space:         1
    After settings filtering:   1
    After built-in stripping:   1
    After scriptable stripping: 1
    Processed in 0.00 seconds
  Pass  (vp, gles3) finished in 0.03 seconds. Local cache hits 0 (0.00s CPU time), remote cache hits 0 (0.00s CPU time), compiled 1 variants (0.03s CPU time), skipped 0 variants.
    Prepared data for serialisation in 0.00s
Serialized binary data for shader Hidden/Internal-CubemapToEquirect in 0.00s
    gles3 (total internal programs: 1, unique: 1)
Compiling shader "Hidden/VR/BlitFromTex2DToTexArraySlice"
  Pass "" (vp)
    Target graphics API: gles3
    Full variant space:         1
    After settings filtering:   1
    After built-in stripping:   1
    After scriptable stripping: 1
    Processed in 0.00 seconds
  Pass "" (vp)
    Target graphics API: gles3
    Full variant space:         1
    After settings filtering:   1
    After built-in stripping:   1
    After scriptable stripping: 1
    Processed in 0.00 seconds
  Pass  (vp, gles3) finished in 0.08 seconds. Local cache hits 0 (0.00s CPU time), remote cache hits 0 (0.00s CPU time), compiled 1 variants (0.08s CPU time), skipped 0 variants.
    Prepared data for serialisation in 0.00s
  Pass  (vp, gles3) finished in 0.11 seconds. Local cache hits 0 (0.00s CPU time), remote cache hits 0 (0.00s CPU time), compiled 1 variants (0.11s CPU time), skipped 0 variants.
    Prepared data for serialisation in 0.00s
Serialized binary data for shader Hidden/VR/BlitFromTex2DToTexArraySlice in 0.00s
    gles3 (total internal programs: 2, unique: 2)
Compiling shader "Hidden/VideoComposite"
  Pass "Default" (vp)
    Target graphics API: gles3
    Full variant space:         1
    After settings filtering:   1
    After built-in stripping:   1
    After scriptable stripping: 1
    Processed in 0.00 seconds
  Pass Default (vp, gles3) finished in 0.03 seconds. Local cache hits 0 (0.00s CPU time), remote cache hits 0 (0.00s CPU time), compiled 1 variants (0.03s CPU time), skipped 0 variants.
    Prepared data for serialisation in 0.00s
Serialized binary data for shader Hidden/VideoComposite in 0.00s
    gles3 (total internal programs: 1, unique: 1)
Compiling shader "Hidden/TextCore/Distance Field SSD"
  Pass "" (vp)
    Target graphics API: gles3
    Full variant space:         1
    After settings filtering:   1
    After built-in stripping:   1
    After scriptable stripping: 1
    Processed in 0.00 seconds
  Pass  (vp, gles3) finished in 0.05 seconds. Local cache hits 0 (0.00s CPU time), remote cache hits 0 (0.00s CPU time), compiled 1 variants (0.05s CPU time), skipped 0 variants.
    Prepared data for serialisation in 0.00s
Serialized binary data for shader Hidden/TextCore/Distance Field SSD in 0.00s
    gles3 (total internal programs: 1, unique: 1)
Compiling shader "Hidden/Physics2D/SDF_CircleGeometry"
  Pass "" (vp)
    Target graphics API: gles3
    Full variant space:         2
    After settings filtering:   2
    After built-in stripping:   1
    After scriptable stripping: 1
    Processed in 0.00 seconds
  Pass  (vp, gles3) finished in 0.06 seconds. Local cache hits 0 (0.00s CPU time), remote cache hits 0 (0.00s CPU time), compiled 1 variants (0.06s CPU time), skipped 0 variants.
    Prepared data for serialisation in 0.00s
Serialized binary data for shader Hidden/Physics2D/SDF_CircleGeometry in 0.00s
    gles3 (total internal programs: 1, unique: 1)
Compiling shader "Hidden/Physics2D/SDF_CapsuleGeometry"
  Pass "" (vp)
    Target graphics API: gles3
    Full variant space:         2
    After settings filtering:   2
    After built-in stripping:   1
    After scriptable stripping: 1
    Processed in 0.00 seconds
  Pass  (vp, gles3) finished in 0.12 seconds. Local cache hits 0 (0.00s CPU time), remote cache hits 0 (0.00s CPU time), compiled 1 variants (0.12s CPU time), skipped 0 variants.
    Prepared data for serialisation in 0.00s
Serialized binary data for shader Hidden/Physics2D/SDF_CapsuleGeometry in 0.00s
    gles3 (total internal programs: 1, unique: 1)
Compiling shader "Hidden/Physics2D/SDF_PolygonGeometry"
  Pass "" (vp)
    Target graphics API: gles3
    Full variant space:         2
    After settings filtering:   2
    After built-in stripping:   1
    After scriptable stripping: 1
    Processed in 0.00 seconds
  Pass  (vp, gles3) finished in 0.29 seconds. Local cache hits 0 (0.00s CPU time), remote cache hits 0 (0.00s CPU time), compiled 1 variants (0.29s CPU time), skipped 0 variants.
    Prepared data for serialisation in 0.00s
Serialized binary data for shader Hidden/Physics2D/SDF_PolygonGeometry in 0.00s
    gles3 (total internal programs: 1, unique: 1)
Compiling shader "Hidden/Physics2D/SDF_Line"
  Pass "" (vp)
    Target graphics API: gles3
    Full variant space:         2
    After settings filtering:   2
    After built-in stripping:   1
    After scriptable stripping: 1
    Processed in 0.00 seconds
  Pass  (vp, gles3) finished in 0.04 seconds. Local cache hits 0 (0.00s CPU time), remote cache hits 0 (0.00s CPU time), compiled 1 variants (0.04s CPU time), skipped 0 variants.
    Prepared data for serialisation in 0.00s
Serialized binary data for shader Hidden/Physics2D/SDF_Line in 0.00s
    gles3 (total internal programs: 1, unique: 1)
Compiling shader "Hidden/Physics2D/SDF_Point"
  Pass "" (vp)
    Target graphics API: gles3
    Full variant space:         2
    After settings filtering:   2
    After built-in stripping:   1
    After scriptable stripping: 1
    Processed in 0.00 seconds
  Pass  (vp, gles3) finished in 0.14 seconds. Local cache hits 0 (0.00s CPU time), remote cache hits 0 (0.00s CPU time), compiled 1 variants (0.14s CPU time), skipped 0 variants.
    Prepared data for serialisation in 0.00s
Serialized binary data for shader Hidden/Physics2D/SDF_Point in 0.00s
    gles3 (total internal programs: 1, unique: 1)

***Player size statistics***
Level 0 'Assets/Scenes/Phase0Boxer.unity' uses 35.5 MB compressed / 55.8 MB uncompressed.
Total compressed size 35.6 MB. Total uncompressed size 55.8 MB.
SpriteAtlasDatabase::Cleanup
Starting: C:\Program Files\Unity\Hub\Editor\6000.5.8f1\Editor\Data\Tools\BuildPipeline\bee_backend.exe --ipc --dagfile="Library/Bee/Playere3a70677.dag" --profile="Library/Bee/backend1.traceevents" Player
WorkingDir: D:/WORK/RESEARCH/POVGame/boxer-ramirez-unity/unity/BoxerP0
Starting: C:\Program Files\Unity\Hub\Editor\6000.5.8f1\Editor\Data\netcorerun\netcorerun.exe "C:\Program Files\Unity\Hub\Editor\6000.5.8f1\Editor\Data\PlaybackEngines\WebGLSupport\WebGLPlayerBuildProgram.exe" "C:/Program Files/Unity/Hub/Editor/6000.5.8f1/Editor/Data/PlaybackEngines/WebGLSupport/Bee;C:/Program Files/Unity/Hub/Editor/6000.5.8f1/Editor/Data/Tools/BuildPipeline" "Library/Bee/Playere3a70677.dag.json" "Library/Bee/Playere3a70677-inputdata.json" "Library\Bee\buildprogram0.traceevents"
WorkingDir: D:/WORK/RESEARCH/POVGame/boxer-ramirez-unity/unity/BoxerP0
ExitCode: 4 Duration: 0s48ms
DisplayProgressbar: Incremental Player Build
ExitCode: 0 Duration: 2s985ms
Starting: C:\Program Files\Unity\Hub\Editor\6000.5.8f1\Editor\Data\Tools\BuildPipeline\bee_backend.exe --ipc --dagfile="Library/Bee/Playere3a70677.dag" --dagfilejson="Library\Bee\Playere3a70677.dag.json" --profile="Library/Bee/backend2.traceevents" Player
WorkingDir: D:/WORK/RESEARCH/POVGame/boxer-ramirez-unity/unity/BoxerP0
Starting: C:\Program Files\Unity\Hub\Editor\6000.5.8f1\Editor\Data\netcorerun\netcorerun.exe "C:\Program Files\Unity\Hub\Editor\6000.5.8f1\Editor\Data\PlaybackEngines\WebGLSupport\WebGLPlayerBuildProgram.exe" "C:/Program Files/Unity/Hub/Editor/6000.5.8f1/Editor/Data/PlaybackEngines/WebGLSupport/Bee;C:/Program Files/Unity/Hub/Editor/6000.5.8f1/Editor/Data/Tools/BuildPipeline" "Library/Bee/Playere3a70677.dag.json" "Library/Bee/Playere3a70677-inputdata.json" "Library\Bee\buildprogram1.traceevents"
WorkingDir: D:/WORK/RESEARCH/POVGame/boxer-ramirez-unity/unity/BoxerP0
ExitCode: 4 Duration: 47s
ExitCode: 0 Duration: 0s449ms
Starting: C:\Program Files\Unity\Hub\Editor\6000.5.8f1\Editor\Data\Tools\BuildPipeline\bee_backend.exe --ipc --dagfile="Library/Bee/Playere3a70677.dag" --dagfilejson="Library\Bee\Playere3a70677.dag.json" --profile="Library/Bee/backend3.traceevents" Player
WorkingDir: D:/WORK/RESEARCH/POVGame/boxer-ramirez-unity/unity/BoxerP0
Starting: C:\Program Files\Unity\Hub\Editor\6000.5.8f1\Editor\Data\netcorerun\netcorerun.exe "C:\Program Files\Unity\Hub\Editor\6000.5.8f1\Editor\Data\PlaybackEngines\WebGLSupport\WebGLPlayerBuildProgram.exe" "C:/Program Files/Unity/Hub/Editor/6000.5.8f1/Editor/Data/PlaybackEngines/WebGLSupport/Bee;C:/Program Files/Unity/Hub/Editor/6000.5.8f1/Editor/Data/Tools/BuildPipeline" "Library/Bee/Playere3a70677.dag.json" "Library/Bee/Playere3a70677-inputdata.json" "Library\Bee\buildprogram2.traceevents"
WorkingDir: D:/WORK/RESEARCH/POVGame/boxer-ramirez-unity/unity/BoxerP0
ExitCode: 4 Duration: 7s828ms
ExitCode: 0 Duration: 0s561ms
Starting: C:\Program Files\Unity\Hub\Editor\6000.5.8f1\Editor\Data\Tools\BuildPipeline\bee_backend.exe --ipc --dagfile="Library/Bee/Playere3a70677.dag" --dagfilejson="Library\Bee\Playere3a70677.dag.json" --profile="Library/Bee/backend4.traceevents" Player
WorkingDir: D:/WORK/RESEARCH/POVGame/boxer-ramirez-unity/unity/BoxerP0
[OnDemand] Worker 0: WorkerState(Connecting), ImporterState(Initializing) worker timed out connecting with editor - while handling importAddress Guid(00000000000000000000000000000000) Importer(-2,00000000000000000000000000000000) - path  - see the AssetImportWorker log for worker 0 at /Logs.
Starting: C:\Program Files\Unity\Hub\Editor\6000.5.8f1\Editor\Data\netcorerun\netcorerun.exe "C:\Program Files\Unity\Hub\Editor\6000.5.8f1\Editor\Data\PlaybackEngines\WebGLSupport\WebGLPlayerBuildProgram.exe" "C:/Program Files/Unity/Hub/Editor/6000.5.8f1/Editor/Data/PlaybackEngines/WebGLSupport/Bee;C:/Program Files/Unity/Hub/Editor/6000.5.8f1/Editor/Data/Tools/BuildPipeline" "Library/Bee/Playere3a70677.dag.json" "Library/Bee/Playere3a70677-inputdata.json" "Library\Bee\buildprogram3.traceevents"
WorkingDir: D:/WORK/RESEARCH/POVGame/boxer-ramirez-unity/unity/BoxerP0
ExitCode: 4 Duration: 5m:30s
ExitCode: 0 Duration: 0s560ms
Starting: C:\Program Files\Unity\Hub\Editor\6000.5.8f1\Editor\Data\Tools\BuildPipeline\bee_backend.exe --ipc --dagfile="Library/Bee/Playere3a70677.dag" --dagfilejson="Library\Bee\Playere3a70677.dag.json" --profile="Library/Bee/backend5.traceevents" Player
WorkingDir: D:/WORK/RESEARCH/POVGame/boxer-ramirez-unity/unity/BoxerP0
Starting: C:\Program Files\Unity\Hub\Editor\6000.5.8f1\Editor\Data\netcorerun\netcorerun.exe "C:\Program Files\Unity\Hub\Editor\6000.5.8f1\Editor\Data\PlaybackEngines\WebGLSupport\WebGLPlayerBuildProgram.exe" "C:/Program Files/Unity/Hub/Editor/6000.5.8f1/Editor/Data/PlaybackEngines/WebGLSupport/Bee;C:/Program Files/Unity/Hub/Editor/6000.5.8f1/Editor/Data/Tools/BuildPipeline" "Library/Bee/Playere3a70677.dag.json" "Library/Bee/Playere3a70677-inputdata.json" "Library\Bee\buildprogram4.traceevents"
WorkingDir: D:/WORK/RESEARCH/POVGame/boxer-ramirez-unity/unity/BoxerP0
ExitCode: 4 Duration: 0s858ms
ExitCode: 0 Duration: 0s861ms
Starting: C:\Program Files\Unity\Hub\Editor\6000.5.8f1\Editor\Data\Tools\BuildPipeline\bee_backend.exe --ipc --dagfile="Library/Bee/Playere3a70677.dag" --dagfilejson="Library\Bee\Playere3a70677.dag.json" --profile="Library/Bee/backend6.traceevents" Player
WorkingDir: D:/WORK/RESEARCH/POVGame/boxer-ramirez-unity/unity/BoxerP0
ExitCode: 0 Duration: 0s450ms
[websockify wrapper] Start node and websockify.js
Total cache size 15393888
Total cache size after purge 15393888, took 00:00:00.0371947
[Licensing::Client] Successfully resolved entitlement details
[Licensing::Module] License group:
  Id: F4-84B2-AJYW-2F6S-HS3K-XXXX
  Product: Unity Personal
  Type: ULF
  Expiration: 2026-11-12T22:44:38Z
[Licensing::Module] License group:
  Id: 18968483178885-UnityPersXXXX
  Product: Unity Personal
  Type: Assigned
  Expiration: Unlimited

-------------------------------------------------------------------------------
Build Report
Uncompressed usage by category (Percentages based on user generated assets only):
Textures               33.8 mb	 61.0% 
Meshes                 21.3 mb	 38.4% 
Animations             0.0 kb	 0.0% 
Sounds                 0.0 kb	 0.0% 
Shaders                81.7 kb	 0.1% 
Other Assets           202.1 kb	 0.4% 
Levels                 0.0 kb	 0.0% 
File headers           9.5 kb	 0.0% 
Total User Assets      55.3 mb	 100.0% 
Complete build size    56.0 mb
Used Assets and files from the Resources folder, sorted by uncompressed size:
 21.2 mb	 37.9% Assets/Resources/Boxer3D/Ramirez_UAT3.fbx
 7.6 mb	 13.5% Assets/Resources/EV/ReferenceSegments/player-glove.png
 6.0 mb	 10.7% Assets/Resources/EV/RamirezHead.png
 6.0 mb	 10.7% Assets/Resources/EV/GloveLeather.png
 4.5 mb	 8.0% Assets/Resources/P1V/player-glove-left-chroma.png
 2.7 mb	 4.8% Built-in Texture2D: Splash Screen Unity Logo
 1.3 mb	 2.3% Assets/Resources/EV/ReferenceSegments/ramirez-shorts.png
 768.1 kb	 1.3% Assets/Resources/P1V/ramirez-straight-chroma.png
 768.1 kb	 1.3% Assets/Resources/P1V/ramirez-hook-chroma.png
 768.1 kb	 1.3% Assets/Resources/P1V/ramirez-guard-chroma.png
 768.1 kb	 1.3% Assets/Resources/P1V/championship-arena.png
 569.8 kb	 1.0% Resources/unity_builtin_extra
 523.9 kb	 0.9% Assets/Resources/EV/ReferenceSegments/ramirez-thigh.png
 487.9 kb	 0.9% Assets/Resources/EV/ReferenceSegments/ramirez-boot.png
 414.0 kb	 0.7% Assets/Resources/EV/ReferenceSegments/ramirez-torso.png
 370.9 kb	 0.6% Assets/Resources/EV/ReferenceSegments/ramirez-shin.png
 346.2 kb	 0.6% Assets/Resources/EV/ReferenceSegments/ramirez-head.png
 168.4 kb	 0.3% Assets/Resources/Fonts/Oswald.ttf
 127.3 kb	 0.2% Assets/Resources/EV/ReferenceSegments/ramirez-arm.png
 107.9 kb	 0.2% Assets/Resources/Boxer3D/PlayerPOVGlove_UAT3.fbx
 68.0 kb	 0.1% Assets/Resources/EV/ReferenceSegments/ramirez-glove.png
 6.0 kb	 0.0% Assets/Resources/EVSurface.shader
 4.1 kb	 0.0% Assets/Resources/BoxerP1VChromaKey.shader
 4.1 kb	 0.0% Assets/Resources/BoxerRound2Surface.shader
 3.6 kb	 0.0% Assets/Resources/EVText.shader
 3.5 kb	 0.0% Assets/Resources/EVBackdrop.shader
 3.4 kb	 0.0% Assets/Resources/BoxerP0UnlitColor.shader
 0.4 kb	 0.0% Built-in Sprite: 
 0.1 kb	 0.0% Assets/Scripts/P1StraightBodyCouplingMath.cs
 0.1 kb	 0.0% Assets/Scripts/P1WholeBodyRecoveryMath.cs
 0.1 kb	 0.0% Assets/Scripts/P1VCombatPresentation.cs
 0.1 kb	 0.0% Assets/Scripts/P1CombatObservability.cs
 0.1 kb	 0.0% Assets/Scripts/OpponentLegEmbodiment.cs
 0.1 kb	 0.0% Assets/Scripts/Blender3DVisualFollower.cs
 0.1 kb	 0.0% Assets/Scripts/RamirezAcceptedRig.cs
 0.1 kb	 0.0% Assets/Scripts/P1WeightTransferMath.cs
 0.1 kb	 0.0% Assets/Scripts/P1OpponentAttributes.cs
 0.1 kb	 0.0% Assets/Scripts/P1CounterGeometry.cs
 0.1 kb	 0.0% Assets/Scripts/P1BodyRotationMath.cs
 0.1 kb	 0.0% Assets/Scripts/ArmVisualEmbodiment.cs
 0.1 kb	 0.0% Assets/Scripts/Round2Footwork.cs
 0.1 kb	 0.0% Assets/Scripts/Round2CombatRig.cs
 0.1 kb	 0.0% Assets/Scripts/Phase0Telemetry.cs
 0.1 kb	 0.0% Assets/Scripts/Phase0Model.cs
 0.1 kb	 0.0% Assets/Scripts/P1PunchMechanics.cs
 0.1 kb	 0.0% Assets/Scripts/OpponentBoxer.cs
 0.1 kb	 0.0% Assets/Scripts/EVVisualShell.cs
 0.1 kb	 0.0% Assets/Scripts/BoxerVisualShell.cs
 0.1 kb	 0.0% Assets/Scripts/BoxerFeedback.cs
 0.1 kb	 0.0% Assets/Scripts/BoxerBootstrap.cs
 0.1 kb	 0.0% Assets/Scripts/Round2Motion.cs
 0.1 kb	 0.0% Assets/Scripts/PlayerBoxer.cs
 0.1 kb	 0.0% Assets/Scripts/P1PunchGuide.cs
 0.1 kb	 0.0% Assets/Scripts/BoxerInput.cs
-------------------------------------------------------------------------------
[Licensing::Client] Successfully resolved entitlement details
[Licensing::Module] License group:
  Id: F4-84B2-AJYW-2F6S-HS3K-XXXX
  Product: Unity Personal
  Type: ULF
  Expiration: 2026-11-12T22:44:38Z
[Licensing::Module] License group:
  Id: 18968483178885-UnityPersXXXX
  Product: Unity Personal
  Type: Assigned
  Expiration: Unlimited
Unloading 25 Unused Serialized files (Serialized files now loaded: 0)
Unloading 226 unused Assets / (348.4 KB). Loaded Objects now: 926.
Memory consumption went from 233.6 MB to 233.2 MB.
Total: 14.590400 ms (FindLiveObjects: 0.139500 ms CreateObjectMapping: 0.028300 ms MarkObjects: 14.100100 ms  DeleteObjects: 0.319900 ms)

DisplayProgressNotification: Build Successful
Build Finished, Result: Success.
##utp:{"success":true,"type":"PlayerBuildInfo","version":2,"phase":"Immediate","time":1791323598904,"processId":19728,"steps":[{"description":"Preprocess Player","duration":10},{"description":"Prepare For Build","duration":1},{"description":"ProducePlayerScriptAssemblies","duration":13179},{"description":"Verify Build setup","duration":15},{"description":"Prepare assets for target platform","duration":694},{"description":"Prepare splash screen","duration":30},{"description":"Build scripts DLLs","duration":80},{"description":"Building scenes","duration":61},{"description":"Build GlobalGameManagers file","duration":487},{"description":"Writing asset files","duration":2485},{"description":"Building Resources/unity_builtin_extra","duration":9651},{"description":"Creating compressed player package","duration":6084},{"description":"Write data build dirty tracking information","duration":16},{"description":"Postprocess built player","duration":407076}],"duration":439869}
Unloading 0 Unused Serialized files (Serialized files now loaded: 0)
Loaded scene 'Temp/__Backupscenes/0.backup'
	Deserialize:            0.845 ms
	Integration:            4.727 ms
	Integration of assets:  0.002 ms
	Thread Wait Time:       0.073 ms
	Total Operation Time:   5.646 ms
Unloading 0 unused Assets / (Unknown). Loaded Objects now: 924.
Memory consumption went from 226.4 MB to 226.4 MB.
Total: 11.271700 ms (FindLiveObjects: 0.057700 ms CreateObjectMapping: 0.014900 ms MarkObjects: 11.191200 ms  DeleteObjects: 0.006300 ms)

[websockify wrapper] Proxying from :35020 to localhost:34999
ROUND2_WEB_BUILD_SUCCESS
source_sha=66f7a41a4179a192e80e6b8ec5d02420e418c465
art_source_sha=3e4e13c4b4451cb542e068652508ec12e248225f
blend_sha256=419466859d7f119f98d7e69dc2673f0b378dbf5a892f0e2a6d7254cbc974af12
productVersion=r2-66f7a41a4179a192e80e6b8ec5d02420e418c465
unity=6000.5.8f1
result=Succeeded
build_seconds=440.3362
total_bytes=58694965
contact=shared_anatomical_pose_relative_sphere_sweep_240Hz
presentation=accepted_ramirez_native_rig_readonly_mapping_no_bottom_controls
desktop_validation=explicit_query_flag_synthetic_no_sensor_claim
fbx_sha256=c2958f4085cb83cdbd0c05a13beec79b2b21d253fe5bc5521bc5ae7fc18188b6
index.html=6a7e9ca73a78c3b31deb444b4858965b789d794d9dba3830651e03f41900abcf
Build/boxer-round2.data=68c8bcc1e108f495a49e32b1c2413ad5efa64a8ee49699734a4fa7ca2d46436f
Build/boxer-round2.framework.js=799a99c317831405e815dcfa114f1a3d11a0ce6cd2af13d2198693dd7555487d
Build/boxer-round2.loader.js=9d7bc60a5edbf4cf7dd5b2ba363cd293081f2bbf817adcb2ea72de611de030ea
Build/boxer-round2.wasm=f0e06f81c3ac0d9e1c7d18de69766ca67603828833ef9516b8f270475e0e495d
TemplateData/style.css=227ec384516a47fbbf70a4d05e8e3804ea8f063009d42d8c570b72909f6c6b76
UnityEngine.Debug:ExtractStackTraceNoAlloc (byte*,int,string)
UnityEngine.StackTraceUtility:ExtractStackTrace ()
UnityEngine.DebugLogHandler:Internal_Log (UnityEngine.LogType,UnityEngine.LogOption,string,UnityEngine.Object)
UnityEngine.DebugLogHandler:LogFormat (UnityEngine.LogType,UnityEngine.Object,string,object[])
UnityEngine.Logger:Log (UnityEngine.LogType,object)
UnityEngine.Debug:Log (object)
BoxerP0.Editor.Round2Build:Web () (at Assets/Editor/Round2Build.cs:59)

(Filename: Assets/Editor/Round2Build.cs Line: 59)

AcceleratorClientConnectionCallback - disconnected - :0
Importing 'GUID: 00000000000000004000000000000000 - Path: ProjectSettings/ProjectSettings.asset' with importer (LibraryAssetImporter)
Imported 'GUID: 00000000000000004000000000000000' -> (Import Result ID: '7b3b197356205a854c1c89f2d58ca1d9') in 0.001 seconds [static dependencies only]. Details - ImportResultOutputID=276a810dac73e1f29404d5e5f692e214 DependenciesID=f87e6d600c4756dc56c29c0995261892 StaticDependenciesID=82b4367a0f43409a1e90036ccedd2477 
Starting new worker id: 1 with log in D:/WORK/RESEARCH/POVGame/boxer-ramirez-unity/unity/BoxerP0/Logs/AssetImportWorkerHW1.log
Asset Pipeline Refresh (id=f1dc1df5d8b812e439c4721f6988b724): Total: 0.055 seconds - Initiated by StopAssetImportingV2(NoUpdateAssetOptions)
Asset Pipeline Refresh (id=b1f661ca56e6e9c4fab5c50508b60cb6): Total: 0.037 seconds - Initiated by RefreshV2(NoUpdateAssetOptions)
Microsoft Media Foundation video decoding to texture disabled: graphics device is Null, only Direct3D 11 and Direct3D 12 (only on desktop) are supported for hardware-accelerated video decoding.
[Project] Loading completed in 523.907 seconds
	Project init time: 				81.081 seconds
		Template init time: 		0.000 seconds
		Package Manager init time: 		0.000 seconds
		Asset Database init time: 		0.632 seconds
		Global illumination init time: 	0.005 seconds
		Assemblies load time: 			2.837 seconds
		Unity extensions init time: 	0.001 seconds
		Asset Database refresh time: 	77.284 seconds
	Scene opening time: 			442.301 seconds
##utp:{"type":"ProjectInfo","version":2,"phase":"Immediate","time":1791323600724,"processId":19728,"projectLoad":523.9073559,"projectInit":81.0812898,"templateInit":0.0,"packageManagerInit":0.0,"assetDatabaseInit":0.6323934,"globalIlluminationInit":0.004775,"assembliesLoad":2.8374057,"unityExtensionsInit":0.0005265,"assetDatabaseRefresh":77.284295,"sceneOpening":442.3007936}
##utp:{"type":"EditorInfo","version":2,"phase":"Immediate","time":1791323600724,"processId":19728,"editorVersion":"6000.5.8f1 (5cb7df797b7d)","branch":"6000.5/staging","buildType":"Release","platform":"Windows"}
Start Indexing on Editor startup
[Indexing] Starting Initial Indexing for Assets
[UnityConnectServicesConfig] config is NOT valid, switching to default
Starting new worker id: 2 with log in D:/WORK/RESEARCH/POVGame/boxer-ramirez-unity/unity/BoxerP0/Logs/AssetImportWorkerHW2.log
Created GICache directory at C:/Users/minht/AppData/LocalLow/Unity/Caches/GiCache. Took: 0.228s, timestamps: [523.911 - 524.139]
Curl error 7: Failed to connect to cdp.cloud.unity3d.com port 443 after 2315 ms: Could not connect to server
Curl error 7: Failed to connect to cdp.cloud.unity3d.com port 443 after 2252 ms: Could not connect to server
Curl error 7: Failed to connect to cdp.cloud.unity3d.com port 443 after 2279 ms: Could not connect to server
TrimDiskCacheJob: Current cache size 0mb
Curl error 7: Failed to connect to cdp.cloud.unity3d.com port 443 after 2441 ms: Could not connect to server
Curl error 7: Failed to connect to cdp.cloud.unity3d.com port 443 after 2304 ms: Could not connect to server
