[Licensing::Module] Trying to connect to existing licensing client channel...
Built from '6000.5/staging' branch; Version is '6000.5.8f1 (5cb7df797b7d) revision 6076383'; Using compiler version '194234433'; Build Type 'Release'
[Licensing::IpcConnector] Channel LicenseClient-minht doesn't exist
OS: 'Windows 11  (10.0.26300) CoreSingleLanguage' Language: 'en' Physical Memory: 32345 MB
BatchMode: 1, IsHumanControllingUs: 0, StartBugReporterOnCrash: 0, Is64bit: 1
System  architecture: x64
Process architecture: x64
Date: 2026-10-10T12:07:42Z
[Licensing::Module] Successfully launched the LicensingClient (PId: 28408)

COMMAND LINE ARGUMENTS:
C:\Program Files\Unity\Hub\Editor\6000.5.8f1\Editor\Unity.exe
-batchmode
-nographics
-quit
-projectPath
D:\WORK\RESEARCH\POVGame\boxer-wave1\unity\BoxerP0
-executeMethod
BoxerP0.Editor.Round2Build.Web
-logFile
D:\WORK\RESEARCH\POVGame\boxer-wave1\evidence\wave1\arena-surround\web-build.log
Successfully changed project path to: D:\WORK\RESEARCH\POVGame\boxer-wave1\unity\BoxerP0
D:/WORK/RESEARCH/POVGame/boxer-wave1/unity/BoxerP0
[UnityMemory] Configuration Parameters - Can be set up in boot.config
    "memorysetup-temp-allocator-size-gi-baking-worker=262144"
    "memorysetup-temp-allocator-size-gi-baking-worker=262144"
    "memorysetup-temp-allocator-size-gi-baking-worker=262144"
    "memorysetup-temp-allocator-size-gi-baking-worker=262144"
    "memorysetup-temp-allocator-size-gi-baking-worker=262144"
    "memorysetup-temp-allocator-size-nav-mesh-worker=65536"
    "memorysetup-temp-allocator-size-audio-worker=65536"
    "memorysetup-temp-allocator-size-cloud-worker=32768"
    "memorysetup-temp-allocator-size-gfx=262144"
    "memorysetup-temp-allocator-size-preload-manager=33554432"
    "memorysetup-allocator-temp-initial-block-size-main=262144"
    "memorysetup-allocator-temp-initial-block-size-worker=262144"
    "memorysetup-temp-allocator-size-job-worker=262144"
    "memorysetup-temp-allocator-size-background-worker=32768"
    "memorysetup-bucket-allocator-granularity=16"
    "memorysetup-bucket-allocator-bucket-count=8"
    "memorysetup-bucket-allocator-block-size=33554432"
    "memorysetup-bucket-allocator-block-count=8"
    "memorysetup-main-allocator-block-size=16777216"
    "memorysetup-thread-allocator-block-size=16777216"
    "memorysetup-main-allocator-mimalloc-enabled=0"
    "memorysetup-gfx-main-allocator-block-size=16777216"
    "memorysetup-gfx-thread-allocator-block-size=16777216"
    "memorysetup-cache-allocator-block-size=4194304"
    "memorysetup-typetree-allocator-block-size=2097152"
    "memorysetup-profiler-bucket-allocator-granularity=16"
    "memorysetup-profiler-bucket-allocator-bucket-count=8"
    "memorysetup-profiler-bucket-allocator-block-size=33554432"
    "memorysetup-profiler-bucket-allocator-block-count=8"
    "memorysetup-profiler-allocator-block-size=16777216"
    "memorysetup-profiler-editor-allocator-block-size=1048576"
    "memorysetup-temp-allocator-size-main=16777216"
    "memorysetup-job-temp-allocator-block-size=2097152"
    "memorysetup-job-temp-allocator-block-size-background=1048576"
    "memorysetup-job-temp-allocator-reduction-small-platforms=262144"
Logging is directed to a specific file, skipping project log.Player connection [29592]  Target information:

Player connection [29592]  * "[IP] 172.25.96.1 [Port] 55504 [Flags] 2 [Guid] 923956127 [EditorId] 923956127 [Version] 1048832 [Id] WindowsEditor(7,DESKTOP-4PSD0G2) [Debug] 1 [PackageName] WindowsEditor [ProjectName] Editor" 

Player connection [29592]  * "[IP] 192.168.1.18 [Port] 55504 [Flags] 2 [Guid] 923956127 [EditorId] 923956127 [Version] 1048832 [Id] WindowsEditor(7,DESKTOP-4PSD0G2) [Debug] 1 [PackageName] WindowsEditor [ProjectName] Editor" 

Player connection [29592] Host joined multi-casting on [225.0.0.222:54997]...
Player connection [29592] Host joined alternative multi-casting on [225.0.0.222:34997]...
Input System module state changed to: Initialized.
[Physics::Module] Initialized fallback backend.
[Physics::Module] Id: 0xdecafbad
[Licensing::IpcConnector] Successfully connected to: "LicenseClient-minht" at "2026-10-10T12:07:42.7036841Z"
[Licensing::Client] Code 10 while verifying Licensing Client signature (process Id: 28408, path: "C:/Program Files/Unity/Hub/Editor/6000.5.8f1/Editor/Data/Resources/Licensing/Client/Unity.Licensing.Client.exe")
[Licensing::Module] LicensingClient has failed validation; ignoring
[Package Manager] Connected to IPC stream "Upm-27944" after 0.4 seconds.
[Licensing::Module] Licensing is not yet initialized.
[Licensing::Client] Handshaking with LicensingClient:
  Version:                 1.18.1+9fbee8e
  Session Id:              ca3cfffd45e146e7937ca823e24c9ab2
  Correlation Id:          73e6b393dc63949b6aef159b64532e33
  External correlation Id: 588455614600892739
  Machine Id:              gaoNjVOiA5/w7c0j7NjRnkSH0Fg=
[Licensing::Module] Successfully connected to LicensingClient on channel: "LicenseClient-minht" (connect: 0.25s, validation: 0.23s, handshake: 0.16s)
[Licensing::IpcConnector] Successfully connected to: "LicenseClient-minht-notifications" at "2026-10-10T12:07:43.0946282Z"
[Licensing::Module] Connected to LicensingClient (PId: 28408, launch time: 0.00, total connection time: 0.64s)
[Licensing::Module] Error: Access token is unavailable; failed to update
[Licensing::Client] Successfully resolved entitlement details
[Licensing::Module] License group:
  Id: F4-84B2-AJYW-2F6S-HS3K-XXXX
  Product: Unity Personal
  Type: ULF
  Expiration: 2026-11-16T13:06:59Z
[Licensing::Module] License group:
  Id: 18968483178885-UnityPersXXXX
  Product: Unity Personal
  Type: Assigned
  Expiration: Unlimited
[Licensing::Client] Successfully updated license, isAsync: True, time: 0.01
[Licensing::Client] Successfully resolved entitlement details
[Licensing::Module] License group:
  Id: F4-84B2-AJYW-2F6S-HS3K-XXXX
  Product: Unity Personal
  Type: ULF
  Expiration: 2026-11-16T13:06:59Z
[Licensing::Module] License group:
  Id: 18968483178885-UnityPersXXXX
  Product: Unity Personal
  Type: Assigned
  Expiration: Unlimited
[Licensing::Module] Licensing Background thread has ended after 0.69s
[Licensing::Module] Licensing is initialized (took 0.06s).
[Licensing::Client] Successfully resolved entitlement details
[Licensing::Module] License group:
  Id: F4-84B2-AJYW-2F6S-HS3K-XXXX
  Product: Unity Personal
  Type: ULF
  Expiration: 2026-11-16T13:06:59Z
[Licensing::Module] License group:
  Id: 18968483178885-UnityPersXXXX
  Product: Unity Personal
  Type: Assigned
  Expiration: Unlimited
Library Redirect Path: Library/
[Physics::Module] Selected backend.
[Physics::Module] Name: PhysX
[Physics::Module] Id: 0xf2b8ea05
[Physics::Module] SDK Version: 4.1.2
[Physics::Module] Integration Version: 1.0.0
[Physics::Module] Threading Mode: Multi-Threaded
Artifact Garbage Collection - Removed 1 unused hashed content files
Initialize engine version: 6000.5.8f1 (5cb7df797b7d)
[Subsystems] Discovering subsystems at path C:/Program Files/Unity/Hub/Editor/6000.5.8f1/Editor/Data/Resources/UnitySubsystems
[Subsystems] Discovering subsystems at path D:/WORK/RESEARCH/POVGame/boxer-wave1/unity/BoxerP0/Assets
Forcing GfxDevice: Null
GfxDevice: creating device client; kGfxThreadingModeNonThreaded
NullGfxDevice:
    Version:  NULL 1.0 [1.0]
    Renderer: Null Device
    Vendor:   Unity Technologies
Initialize mono
Mono path[0] = 'C:/Program Files/Unity/Hub/Editor/6000.5.8f1/Editor/Data/Managed'
Mono path[1] = 'C:/Program Files/Unity/Hub/Editor/6000.5.8f1/Editor/Data/BCLExtensions/runtime/netstandard2.1'
Mono path[2] = 'C:/Program Files/Unity/Hub/Editor/6000.5.8f1/Editor/Data/MonoBleedingEdge/lib/mono/unityjit-win32'
Mono config path = 'C:/Program Files/Unity/Hub/Editor/6000.5.8f1/Editor/Data/MonoBleedingEdge/etc'
Using monoOptions --debugger-agent=transport=dt_socket,embedding=1,server=y,suspend=n,address=127.0.0.1:56944
CodeReloadManager initialized
ImportWorker Server TCP listen port: 0
AcceleratorClientConnectionCallback - disconnected - :0
Begin MonoManager ReloadAssembly
Registering precompiled unity dll's ...
Register platform support module: C:/Program Files/Unity/Hub/Editor/6000.5.8f1/Editor/Data/PlaybackEngines/WebGLSupport/UnityEditor.WebGL.Extensions.dll
Register platform support module: C:/Program Files/Unity/Hub/Editor/6000.5.8f1/Editor/Data/PlaybackEngines/WindowsStandaloneSupport/UnityEditor.WindowsStandalone.Extensions.dll
Registered in 0.002203 seconds.
Native extension for WindowsStandalone target not found
Native extension for WebGL target not found
Package Manager log level set to [2]
ScheduleIndexationOnStartup MainProcess:False IndexOnStartup:False
Mono: successfully reloaded assembly
- Finished resetting the current domain, in  0.491 seconds
Domain Reload Profiling: 981ms
	BeginReloadAssembly (147ms)
		CreateAndSetChildDomain (14ms)
	RebuildCommonClasses (4ms)
	RebuildNativeTypeToScriptingClass (15ms)
	initialDomainReloadingComplete (66ms)
	LoadAllAssembliesAndSetupDomain (257ms)
		LoadAssemblies (129ms)
		AnalyzeDomain (187ms)
			TypeCache.Refresh (185ms)
				TypeCache.ScanAssembly (172ms)
	FinalizeReload (492ms)
		SetupLoadedEditorAssemblies (0ms)
			BeforeProcessingInitializeOnLoad (88ms)
			ProcessInitializeOnLoadAttributes (91ms)
			ProcessInitializeOnLoadMethodAttributes (249ms)
[Licensing::Client] Successfully resolved entitlement details
[Licensing::Module] License group:
  Id: F4-84B2-AJYW-2F6S-HS3K-XXXX
  Product: Unity Personal
  Type: ULF
  Expiration: 2026-11-16T13:07:44Z
[Licensing::Module] License group:
  Id: 18968483178885-UnityPersXXXX
  Product: Unity Personal
  Type: Assigned
  Expiration: Unlimited
Application.AssetDatabase Initial Refresh Start
[Package Manager] Restoring resolved packages state from cache
[Licensing::Client] Successfully resolved entitlement details
[Package Manager] Registered 37 packages:
  Built-in packages:
    com.unity.multiplayer.center@1.0.1 (location: D:\WORK\RESEARCH\POVGame\boxer-wave1\unity\BoxerP0\Library\PackageCache\com.unity.multiplayer.center@b860850997d0)
    com.unity.modules.accessibility@1.0.0 (location: D:\WORK\RESEARCH\POVGame\boxer-wave1\unity\BoxerP0\Library\PackageCache\com.unity.modules.accessibility)
    com.unity.modules.adaptiveperformance@1.0.0 (location: D:\WORK\RESEARCH\POVGame\boxer-wave1\unity\BoxerP0\Library\PackageCache\com.unity.modules.adaptiveperformance)
    com.unity.modules.ai@1.0.0 (location: D:\WORK\RESEARCH\POVGame\boxer-wave1\unity\BoxerP0\Library\PackageCache\com.unity.modules.ai)
    com.unity.modules.androidjni@1.0.0 (location: D:\WORK\RESEARCH\POVGame\boxer-wave1\unity\BoxerP0\Library\PackageCache\com.unity.modules.androidjni)
    com.unity.modules.animation@1.0.0 (location: D:\WORK\RESEARCH\POVGame\boxer-wave1\unity\BoxerP0\Library\PackageCache\com.unity.modules.animation)
    com.unity.modules.assetbundle@1.0.0 (location: D:\WORK\RESEARCH\POVGame\boxer-wave1\unity\BoxerP0\Library\PackageCache\com.unity.modules.assetbundle)
    com.unity.modules.audio@1.0.0 (location: D:\WORK\RESEARCH\POVGame\boxer-wave1\unity\BoxerP0\Library\PackageCache\com.unity.modules.audio)
    com.unity.modules.cloth@1.0.0 (location: D:\WORK\RESEARCH\POVGame\boxer-wave1\unity\BoxerP0\Library\PackageCache\com.unity.modules.cloth)
    com.unity.modules.director@1.0.0 (location: D:\WORK\RESEARCH\POVGame\boxer-wave1\unity\BoxerP0\Library\PackageCache\com.unity.modules.director)
    com.unity.modules.imageconversion@1.0.0 (location: D:\WORK\RESEARCH\POVGame\boxer-wave1\unity\BoxerP0\Library\PackageCache\com.unity.modules.imageconversion)
    com.unity.modules.imgui@1.0.0 (location: D:\WORK\RESEARCH\POVGame\boxer-wave1\unity\BoxerP0\Library\PackageCache\com.unity.modules.imgui)
    com.unity.modules.jsonserialize@1.0.0 (location: D:\WORK\RESEARCH\POVGame\boxer-wave1\unity\BoxerP0\Library\PackageCache\com.unity.modules.jsonserialize)
    com.unity.modules.particlesystem@1.0.0 (location: D:\WORK\RESEARCH\POVGame\boxer-wave1\unity\BoxerP0\Library\PackageCache\com.unity.modules.particlesystem)
    com.unity.modules.physics@1.0.0 (location: D:\WORK\RESEARCH\POVGame\boxer-wave1\unity\BoxerP0\Library\PackageCache\com.unity.modules.physics)
    com.unity.modules.physics2d@1.0.0 (location: D:\WORK\RESEARCH\POVGame\boxer-wave1\unity\BoxerP0\Library\PackageCache\com.unity.modules.physics2d)
    com.unity.modules.physicscore2d@1.0.0 (location: D:\WORK\RESEARCH\POVGame\boxer-wave1\unity\BoxerP0\Library\PackageCache\com.unity.modules.physicscore2d)
    com.unity.modules.screencapture@1.0.0 (location: D:\WORK\RESEARCH\POVGame\boxer-wave1\unity\BoxerP0\Library\PackageCache\com.unity.modules.screencapture)
    com.unity.modules.terrain@1.0.0 (location: D:\WORK\RESEARCH\POVGame\boxer-wave1\unity\BoxerP0\Library\PackageCache\com.unity.modules.terrain)
    com.unity.modules.terrainphysics@1.0.0 (location: D:\WORK\RESEARCH\POVGame\boxer-wave1\unity\BoxerP0\Library\PackageCache\com.unity.modules.terrainphysics)
    com.unity.modules.tilemap@1.0.0 (location: D:\WORK\RESEARCH\POVGame\boxer-wave1\unity\BoxerP0\Library\PackageCache\com.unity.modules.tilemap)
    com.unity.modules.ui@1.0.0 (location: D:\WORK\RESEARCH\POVGame\boxer-wave1\unity\BoxerP0\Library\PackageCache\com.unity.modules.ui)
    com.unity.modules.uielements@1.0.0 (location: D:\WORK\RESEARCH\POVGame\boxer-wave1\unity\BoxerP0\Library\PackageCache\com.unity.modules.uielements)
    com.unity.modules.umbra@1.0.0 (location: D:\WORK\RESEARCH\POVGame\boxer-wave1\unity\BoxerP0\Library\PackageCache\com.unity.modules.umbra)
    com.unity.modules.unityanalytics@1.0.0 (location: D:\WORK\RESEARCH\POVGame\boxer-wave1\unity\BoxerP0\Library\PackageCache\com.unity.modules.unityanalytics)
    com.unity.modules.unitywebrequest@1.0.0 (location: D:\WORK\RESEARCH\POVGame\boxer-wave1\unity\BoxerP0\Library\PackageCache\com.unity.modules.unitywebrequest)
    com.unity.modules.unitywebrequestassetbundle@1.0.0 (location: D:\WORK\RESEARCH\POVGame\boxer-wave1\unity\BoxerP0\Library\PackageCache\com.unity.modules.unitywebrequestassetbundle)
    com.unity.modules.unitywebrequestaudio@1.0.0 (location: D:\WORK\RESEARCH\POVGame\boxer-wave1\unity\BoxerP0\Library\PackageCache\com.unity.modules.unitywebrequestaudio)
    com.unity.modules.unitywebrequesttexture@1.0.0 (location: D:\WORK\RESEARCH\POVGame\boxer-wave1\unity\BoxerP0\Library\PackageCache\com.unity.modules.unitywebrequesttexture)
    com.unity.modules.unitywebrequestwww@1.0.0 (location: D:\WORK\RESEARCH\POVGame\boxer-wave1\unity\BoxerP0\Library\PackageCache\com.unity.modules.unitywebrequestwww)
    com.unity.modules.vectorgraphics@1.0.0 (location: D:\WORK\RESEARCH\POVGame\boxer-wave1\unity\BoxerP0\Library\PackageCache\com.unity.modules.vectorgraphics)
    com.unity.modules.vehicles@1.0.0 (location: D:\WORK\RESEARCH\POVGame\boxer-wave1\unity\BoxerP0\Library\PackageCache\com.unity.modules.vehicles)
    com.unity.modules.video@1.0.0 (location: D:\WORK\RESEARCH\POVGame\boxer-wave1\unity\BoxerP0\Library\PackageCache\com.unity.modules.video)
    com.unity.modules.wind@1.0.0 (location: D:\WORK\RESEARCH\POVGame\boxer-wave1\unity\BoxerP0\Library\PackageCache\com.unity.modules.wind)
    com.unity.modules.xr@1.0.0 (location: D:\WORK\RESEARCH\POVGame\boxer-wave1\unity\BoxerP0\Library\PackageCache\com.unity.modules.xr)
    com.unity.modules.subsystems@1.0.0 (location: D:\WORK\RESEARCH\POVGame\boxer-wave1\unity\BoxerP0\Library\PackageCache\com.unity.modules.subsystems)
    com.unity.modules.hierarchycore@1.0.0 (location: D:\WORK\RESEARCH\POVGame\boxer-wave1\unity\BoxerP0\Library\PackageCache\com.unity.modules.hierarchycore)
[Subsystems] No new subsystems found in resolved package list.
[Package Manager] Done registering packages in 0.01 seconds
Starting: C:\Program Files\Unity\Hub\Editor\6000.5.8f1\Editor\Data\Tools\BuildPipeline\bee_backend.exe --ipc --defer-dag-verification --dagfile="Library/Bee/2000b0aE.dag" --continue-on-failure --profile="Library/Bee/backend1.traceevents" ScriptAssemblies
WorkingDir: D:/WORK/RESEARCH/POVGame/boxer-wave1/unity/BoxerP0
DisplayProgressbar: Compiling Scripts
ExitCode: 0 Duration: 0s84ms
*** Tundra build success (0.05 seconds), 0 items updated, 187 evaluated
Total cache size 15393888
AssetDatabase: script compilation time: 0.563330s
Total cache size after purge 15393888, took 00:00:00.0273291
Begin MonoManager ReloadAssembly
Native extension for WindowsStandalone target not found
Native extension for WebGL target not found
ScheduleIndexationOnStartup MainProcess:True IndexOnStartup:True
Mono: successfully reloaded assembly
- Finished resetting the current domain, in  0.437 seconds
Domain Reload Profiling: 785ms
	BeginReloadAssembly (187ms)
		DisableScriptedObjects (20ms)
		CreateAndSetChildDomain (32ms)
	RebuildCommonClasses (6ms)
	RebuildNativeTypeToScriptingClass (12ms)
	initialDomainReloadingComplete (38ms)
	LoadAllAssembliesAndSetupDomain (104ms)
		LoadAssemblies (91ms)
		AnalyzeDomain (12ms)
			TypeCache.Refresh (7ms)
			BuildScriptInfoCaches (3ms)
	FinalizeReload (439ms)
		SetupLoadedEditorAssemblies (0ms)
			BeforeProcessingInitializeOnLoad (74ms)
			ProcessInitializeOnLoadAttributes (74ms)
			ProcessInitializeOnLoadMethodAttributes (72ms)
			AfterProcessingInitializeOnLoad (6ms)
		AwakeInstancesAfterBackupRestoration (31ms)
Importing 'GUID: d00c93fd34b0abe49a334af5f111422f - Path: Assets/Scenes/Phase0Boxer.unity' with importer (DefaultImporter)
Imported 'GUID: d00c93fd34b0abe49a334af5f111422f' -> (Import Result ID: '509b52e93b5ea66ef032b51e26382a71') in 0.006 seconds [static dependencies only]. Details - ImportResultOutputID=c49193a4f5988da42816871b830c47ac DependenciesID=f9ef2fc976543cfc2095964830838e1e StaticDependenciesID=e57633a729cea2bd1b6d7f5512448d6a 
Starting new worker id: 0 with log in D:/WORK/RESEARCH/POVGame/boxer-wave1/unity/BoxerP0/Logs/AssetImportWorkerHW0.log

Asset Pipeline Refresh (id=3c1fea85304ed354584953d39c46d3ce): Total: 1.572 seconds - Initiated by InitialRefreshV2(ForceSynchronousImport)
	(Values over 0.05ms)
	Summary:
		Imports: total=1 (actual=1, local cache=0, cache server=0)
		Asset DB Process Time: managed=1 ms, native=559 ms
		Asset DB Callback time: managed=44 ms, native=15 ms
		Scripting: domain reloads=1, domain reload time=374 ms, compile time=567 ms, other=8 ms
		Project Asset Count: scripts=131, non-scripts=124
		Asset File Changes: new=0, changed=1, moved=0, deleted=0
		Scan Filter Count: 0
	InvokePackagesCallback: 13.623ms
	ApplyChangesToAssetFolders: 0.587ms
	Scan: 43.380ms
	Collect global state as custom dependencies: 7.809ms
	OnSourceAssetsModified: 0.654ms
	CategorizeScriptCompilationAssets: 0.321ms
	ProcessAssetsWithTransientArtifactChanges: 3.717ms
	CategorizeAssets: 1.921ms
	CompileScripts: 567.232ms
	ImportOutOfDateAssets: 467.999ms (442.404ms without children)
		ImportManagerImport: 7.439ms (1.099ms without children)
		UnloadImportedAssets: 0.120ms
		ImportSchedulerStart: 17.989ms
	PostProcessAllAssets: 45.826ms
		VCAutoAddAssetPostprocess 1.201ms
		XRBuildSystem.XRAssetImported 0.073ms
		MonoPostProcessAllAssets: 44.225ms
			AssetPostprocessor.OnPostprocessAllAssets 11.251ms
			StyleCatalogPostProcessor.OnPostprocessAllAssets 7.607ms
			WindowAssetPostprocessingWatcher.OnPostprocessAllAssets 6.620ms
			BuilderAssetPostprocessor.OnPostprocessAllAssets 3.892ms
			AssetChangedListener.OnPostprocessAllAssets 1.686ms
			SyncVS.PostprocessSyncProject 1.024ms
			RetainedModeAssetPostprocessor.OnPostprocessAllAssets 0.872ms
			EditModeScopePostprocessor.OnPostprocessAllAssets 0.819ms
			TextAssetPostProcessor.OnPostprocessAllAssets 0.701ms
			ArtifactBrowserPostProcessor.OnPostprocessAllAssets 0.696ms
			SpeedTree9Postprocessor.OnPostprocessAllAssets 0.630ms
			AudioMixerPostprocessor.OnPostprocessAllAssets 0.259ms
			ReferencedClipsPostProcessor.OnPostprocessAllAssets 0.234ms
			AssetEvents.OnPostprocessAllAssets 0.199ms
			TerrainToolbarOverlayPostProcessor.OnPostprocessAllAssets 0.142ms
			AssetDatabaseCallbacks.OnPostprocessAllAssets 0.131ms
			ScenarioDriftAssetsTracker.OnPostprocessAllAssets 0.122ms
			ConfigAssetsTracker.OnPostprocessAllAssets 0.118ms
			SpeedTreePostProcessor.OnPostprocessAllAssets 0.109ms
			AudioContainerPostProcessor.OnPostprocessAllAssets 0.090ms
			RenderPipelineGlobalSettingsPostprocessor.OnPostprocessAllAssets 0.072ms
	PostAssetChangesProfiler: 1.857ms
	UnloadStreamsBegin: 1.349ms
	PersistCurrentRevisions: 0.071ms
	GenerateScriptTypeHashes: 0.369ms
	GenerateScriptTypeSerializationHashes: 0.759ms
	Untracked: 412.671ms

Application.AssetDatabase Initial Refresh End
Scanning for USB devices : 2.678ms
Initializing Unity extensions:
[MODES] ModeService[none].Initialize
[MODES] ModeService[none].LoadModes
[MODES] Loading mode Default (0) for mode-current-id-Boxer P0
Unloading 7 Unused Serialized files (Serialized files now loaded: 0)
Unloading 155 unused Assets / (0.6 MB). Loaded Objects now: 945.
Memory consumption went from 201.7 MB to 201.1 MB.
Total: 4.159100 ms (FindLiveObjects: 0.056700 ms CreateObjectMapping: 0.024200 ms MarkObjects: 3.830400 ms  DeleteObjects: 0.244500 ms)

Unloading 0 Unused Serialized files (Serialized files now loaded: 0)
Unloading 0 unused Assets / (0 B). Loaded Objects now: 945.
Memory consumption went from 201.0 MB to 201.0 MB.
Total: 4.108700 ms (FindLiveObjects: 0.036900 ms CreateObjectMapping: 0.015800 ms MarkObjects: 4.049500 ms  DeleteObjects: 0.005200 ms)

Importing 'GUID: d00c93fd34b0abe49a334af5f111422f - Path: Assets/Scenes/Phase0Boxer.unity' with importer (DefaultImporter)
Imported 'GUID: d00c93fd34b0abe49a334af5f111422f' -> (Import Result ID: 'c9f92765a6b0dc8ee1442dd49b0d74cd') in 0.001 seconds [static dependencies only]. Details - ImportResultOutputID=c49193a4f5988da42816871b830c47ac DependenciesID=4beef184b651a800d4a2e0990bedd4cd StaticDependenciesID=52c551b92a6d1e239bc5aea53d9319d9 
Asset Pipeline Refresh (id=bcc537536344f3c4793149d2b7a925e1): Total: 0.022 seconds - Initiated by StopAssetImportingV2(NoUpdateAssetOptions)
P0_SCENE_BUILT=Assets/Scenes/Phase0Boxer.unity
UnityEngine.Debug:ExtractStackTraceNoAlloc (byte*,int,string)
UnityEngine.StackTraceUtility:ExtractStackTrace ()
UnityEngine.DebugLogHandler:Internal_Log (UnityEngine.LogType,UnityEngine.LogOption,string,UnityEngine.Object)
UnityEngine.DebugLogHandler:LogFormat (UnityEngine.LogType,UnityEngine.Object,string,object[])
UnityEngine.Logger:Log (UnityEngine.LogType,object)
UnityEngine.Debug:Log (object)
BoxerP0.Editor.Phase0SceneBuilder:Build () (at Assets/Editor/Phase0SceneBuilder.cs:32)
BoxerP0.Editor.Round2Build:Web () (at Assets/Editor/Round2Build.cs:26)

(Filename: Assets/Editor/Phase0SceneBuilder.cs Line: 32)

AcceleratorClientConnectionCallback - disconnected - :0
Importing 'GUID: 00000000000000004000000000000000 - Path: ProjectSettings/ProjectSettings.asset' with importer (LibraryAssetImporter)
Imported 'GUID: 00000000000000004000000000000000' -> (Import Result ID: '1f4c9be78764ff26fd93b5d4dd632cf2') in 0.001 seconds [static dependencies only]. Details - ImportResultOutputID=276a810dac73e1f29404d5e5f692e214 DependenciesID=6c0e5163894df8290d5d5cbdf7400284 StaticDependenciesID=52930e4240f7a835dfd4124ab90dfe9e 
Asset Pipeline Refresh (id=0b86c2451b91b644c93931873b0ced8a): Total: 0.008 seconds - Initiated by StopAssetImportingV2(NoUpdateAssetOptions)
Launched and connected shader compiler UnityShaderCompiler.exe after 0.01 seconds
Starting: C:\Program Files\Unity\Hub\Editor\6000.5.8f1\Editor\Data\Tools\BuildPipeline\bee_backend.exe --ipc --defer-dag-verification --dagfile="Library/Bee/2000b0aESkipCompile.dag" --continue-on-failure --profile="Library/Bee/backend1.traceevents" ScriptAssembliesAndTypeDB
WorkingDir: D:/WORK/RESEARCH/POVGame/boxer-wave1/unity/BoxerP0
ExitCode: 0 Duration: 0s239ms
[2/3        0s] BuildPlayerDataGenerator Library/BuildPlayerData/Editor/TypeDb-All.json
*** Tundra build success (0.17 seconds), 1 items updated, 3 evaluated
Asset Pipeline Refresh (id=fb7f68467ff8212458e412236ec8d1e2): Total: 0.004 seconds - Initiated by RefreshV2(NoUpdateAssetOptions)
[ScriptCompilation] Requested script compilation because: Recompiling scripts for player build.
BuildPlayer: start building target 20
Total cache size 15393888
Total cache size after purge 15393888, took 00:00:00.0314025
Starting: C:\Program Files\Unity\Hub\Editor\6000.5.8f1\Editor\Data\Tools\BuildPipeline\bee_backend.exe --ipc --defer-dag-verification --dagfile="Library/Bee/2000b0aP.dag" --continue-on-failure --profile="Library/Bee/backend1.traceevents" ScriptAssembliesAndTypeDB
WorkingDir: D:/WORK/RESEARCH/POVGame/boxer-wave1/unity/BoxerP0
Starting: C:\Program Files\Unity\Hub\Editor\6000.5.8f1\Editor\Data\netcorerun\netcorerun.exe "C:\Program Files\Unity\Hub\Editor\6000.5.8f1\Editor\Data\Tools\BuildPipeline\ScriptCompilationBuildProgram.exe" "Library/Bee/2000b0aP.dag.json" "Library/Bee/2000b0aP-inputdata.json" "Library\Bee\buildprogram0.traceevents"
WorkingDir: D:/WORK/RESEARCH/POVGame/boxer-wave1/unity/BoxerP0
ExitCode: 4 Duration: 0s84ms
Rebuilding DAG because FileSignature timestamp changed: Library/Bee/2000b0aP-inputdata.json
*** Tundra requires additional run (0.02 seconds), 0 items updated, 85 evaluated
ExitCode: 0 Duration: 0s200ms
Starting: C:\Program Files\Unity\Hub\Editor\6000.5.8f1\Editor\Data\Tools\BuildPipeline\bee_backend.exe --ipc --defer-dag-verification --dagfile="Library/Bee/2000b0aP.dag" --continue-on-failure --dagfilejson="Library\Bee\2000b0aP.dag.json" --profile="Library/Bee/backend2.traceevents" ScriptAssembliesAndTypeDB
WorkingDir: D:/WORK/RESEARCH/POVGame/boxer-wave1/unity/BoxerP0
Worker ready: AssetImportWorkerHW0 0
Assets\Scripts\BoxerVisualShell.cs(56,26): warning CS0618: 'Object.FindFirstObjectByType<T>()' is obsolete: 'FindFirstObjectByType has been deprecated because it relies on instance ID ordering. Use FindAnyObjectByType instead, which does not depend on ordering.'
Assets\Scripts\BoxerVisualShell.cs(57,22): warning CS0618: 'Object.FindFirstObjectByType<T>()' is obsolete: 'FindFirstObjectByType has been deprecated because it relies on instance ID ordering. Use FindAnyObjectByType instead, which does not depend on ordering.'
Assets\Scripts\BoxerVisualShell.cs(58,25): warning CS0618: 'Object.FindFirstObjectByType<T>()' is obsolete: 'FindFirstObjectByType has been deprecated because it relies on instance ID ordering. Use FindAnyObjectByType instead, which does not depend on ordering.'
Assets\Scripts\Blender3DVisualFollower.cs(88,25): warning CS0618: 'Object.FindFirstObjectByType<T>()' is obsolete: 'FindFirstObjectByType has been deprecated because it relies on instance ID ordering. Use FindAnyObjectByType instead, which does not depend on ordering.'
Assets\Scripts\Blender3DVisualFollower.cs(89,23): warning CS0618: 'Object.FindFirstObjectByType<T>()' is obsolete: 'FindFirstObjectByType has been deprecated because it relies on instance ID ordering. Use FindAnyObjectByType instead, which does not depend on ordering.'
Assets\Scripts\ArenaSurround.cs(69,24): warning CS0618: 'Object.FindFirstObjectByType<T>()' is obsolete: 'FindFirstObjectByType has been deprecated because it relies on instance ID ordering. Use FindAnyObjectByType instead, which does not depend on ordering.'
Assets\Scripts\BoxerVisualShell.cs(181,64): warning CS0618: 'FindObjectsSortMode' is obsolete: 'FindObjectsSortMode has been deprecated. Use the FindObjectsByType overloads that do not take a FindObjectsSortMode parameter.'
Assets\Scripts\BoxerVisualShell.cs(181,34): warning CS0618: 'Object.FindObjectsByType<T>(FindObjectsSortMode)' is obsolete: 'FindObjectsByType with FindObjectsSortMode parameter has been deprecated. Use FindObjectsByType<T>() or FindObjectsByType<T>(FindObjectsInactive) instead. InstanceID will be replaced in the future with EntityId and previous sort order cannot be maintained.'
Assets\Scripts\BoxerInput.cs(88,13): warning CS0162: Unreachable code detected
Assets\Scripts\Wave1WebAudit.cs(56,36): warning CS0618: 'Object.FindFirstObjectByType<T>()' is obsolete: 'FindFirstObjectByType has been deprecated because it relies on instance ID ordering. Use FindAnyObjectByType instead, which does not depend on ordering.'
Assets\Scripts\Wave1WebAudit.cs(80,62): warning CS0618: 'FindObjectsSortMode' is obsolete: 'FindObjectsSortMode has been deprecated. Use the FindObjectsByType overloads that do not take a FindObjectsSortMode parameter.'
Assets\Scripts\Wave1WebAudit.cs(80,31): warning CS0618: 'Object.FindObjectsByType<T>(FindObjectsSortMode)' is obsolete: 'FindObjectsByType with FindObjectsSortMode parameter has been deprecated. Use FindObjectsByType<T>() or FindObjectsByType<T>(FindObjectsInactive) instead. InstanceID will be replaced in the future with EntityId and previous sort order cannot be maintained.'
Assets\Scripts\Wave1WebAudit.cs(81,66): warning CS0618: 'FindObjectsSortMode' is obsolete: 'FindObjectsSortMode has been deprecated. Use the FindObjectsByType overloads that do not take a FindObjectsSortMode parameter.'
Assets\Scripts\Wave1WebAudit.cs(81,33): warning CS0618: 'Object.FindObjectsByType<T>(FindObjectsSortMode)' is obsolete: 'FindObjectsByType with FindObjectsSortMode parameter has been deprecated. Use FindObjectsByType<T>() or FindObjectsByType<T>(FindObjectsInactive) instead. InstanceID will be replaced in the future with EntityId and previous sort order cannot be maintained.'
Assets\Scripts\Wave1WebAudit.cs(102,24): warning CS0618: 'Object.FindFirstObjectByType<T>()' is obsolete: 'FindFirstObjectByType has been deprecated because it relies on instance ID ordering. Use FindAnyObjectByType instead, which does not depend on ordering.'
Assets\Scripts\Wave1WebAudit.cs(107,60): warning CS0618: 'FindObjectsSortMode' is obsolete: 'FindObjectsSortMode has been deprecated. Use the FindObjectsByType overloads that do not take a FindObjectsSortMode parameter.'
Assets\Scripts\Wave1WebAudit.cs(107,22): warning CS0618: 'Object.FindObjectsByType<T>(FindObjectsSortMode)' is obsolete: 'FindObjectsByType with FindObjectsSortMode parameter has been deprecated. Use FindObjectsByType<T>() or FindObjectsByType<T>(FindObjectsInactive) instead. InstanceID will be replaced in the future with EntityId and previous sort order cannot be maintained.'
Assets\Scripts\BoxerInput.cs(149,13): warning CS0162: Unreachable code detected
Assets\Scripts\BoxerBootstrap.cs(147,13): warning CS0618: 'Object.FindFirstObjectByType<T>()' is obsolete: 'FindFirstObjectByType has been deprecated because it relies on instance ID ordering. Use FindAnyObjectByType instead, which does not depend on ordering.'
Assets\Scripts\EVVisualShell.cs(55,26): warning CS0618: 'Object.FindFirstObjectByType<T>()' is obsolete: 'FindFirstObjectByType has been deprecated because it relies on instance ID ordering. Use FindAnyObjectByType instead, which does not depend on ordering.'
Assets\Scripts\EVVisualShell.cs(56,24): warning CS0618: 'Object.FindFirstObjectByType<T>()' is obsolete: 'FindFirstObjectByType has been deprecated because it relies on instance ID ordering. Use FindAnyObjectByType instead, which does not depend on ordering.'
Assets\Scripts\BoxerBootstrap.cs(443,17): warning CS0618: 'Object.FindFirstObjectByType<T>()' is obsolete: 'FindFirstObjectByType has been deprecated because it relies on instance ID ordering. Use FindAnyObjectByType instead, which does not depend on ordering.'
Assets\Scripts\P1PunchGuide.cs(22,26): warning CS0618: 'Object.FindFirstObjectByType<T>()' is obsolete: 'FindFirstObjectByType has been deprecated because it relies on instance ID ordering. Use FindAnyObjectByType instead, which does not depend on ordering.'
Assets\Scripts\P1PunchGuide.cs(45,17): warning CS0618: 'Object.FindFirstObjectByType<T>()' is obsolete: 'FindFirstObjectByType has been deprecated because it relies on instance ID ordering. Use FindAnyObjectByType instead, which does not depend on ordering.'
Assets\Scripts\P1VCombatPresentation.cs(74,26): warning CS0618: 'Object.FindFirstObjectByType<T>()' is obsolete: 'FindFirstObjectByType has been deprecated because it relies on instance ID ordering. Use FindAnyObjectByType instead, which does not depend on ordering.'
Assets\Scripts\P1VCombatPresentation.cs(75,22): warning CS0618: 'Object.FindFirstObjectByType<T>()' is obsolete: 'FindFirstObjectByType has been deprecated because it relies on instance ID ordering. Use FindAnyObjectByType instead, which does not depend on ordering.'
Assets\Scripts\P1VCombatPresentation.cs(76,23): warning CS0618: 'Object.FindFirstObjectByType<T>()' is obsolete: 'FindFirstObjectByType has been deprecated because it relies on instance ID ordering. Use FindAnyObjectByType instead, which does not depend on ordering.'
Assets\Scripts\P1VCombatPresentation.cs(77,25): warning CS0618: 'Object.FindFirstObjectByType<T>()' is obsolete: 'FindFirstObjectByType has been deprecated because it relies on instance ID ordering. Use FindAnyObjectByType instead, which does not depend on ordering.'
Assets\Scripts\P1VCombatPresentation.cs(78,26): warning CS0618: 'Object.FindFirstObjectByType<T>()' is obsolete: 'FindFirstObjectByType has been deprecated because it relies on instance ID ordering. Use FindAnyObjectByType instead, which does not depend on ordering.'
Assets\Scripts\P1VCombatPresentation.cs(79,38): warning CS0618: 'Object.FindFirstObjectByType<T>()' is obsolete: 'FindFirstObjectByType has been deprecated because it relies on instance ID ordering. Use FindAnyObjectByType instead, which does not depend on ordering.'
Assets\Scripts\ProductScreens.cs(18,69): warning CS0618: 'Object.FindFirstObjectByType<T>()' is obsolete: 'FindFirstObjectByType has been deprecated because it relies on instance ID ordering. Use FindAnyObjectByType instead, which does not depend on ordering.'
Assets\Scripts\ProductScreens.cs(23,30): warning CS0618: 'Object.FindFirstObjectByType<T>()' is obsolete: 'FindFirstObjectByType has been deprecated because it relies on instance ID ordering. Use FindAnyObjectByType instead, which does not depend on ordering.'
Assets\Scripts\Round2CombatRig.cs(66,24): warning CS0618: 'Object.FindFirstObjectByType<T>()' is obsolete: 'FindFirstObjectByType has been deprecated because it relies on instance ID ordering. Use FindAnyObjectByType instead, which does not depend on ordering.'
Assets\Scripts\EVVisualShell.cs(418,65): warning CS0618: 'FindObjectsSortMode' is obsolete: 'FindObjectsSortMode has been deprecated. Use the FindObjectsByType overloads that do not take a FindObjectsSortMode parameter.'
Assets\Scripts\EVVisualShell.cs(418,37): warning CS0618: 'Object.FindObjectsByType<T>(FindObjectsSortMode)' is obsolete: 'FindObjectsByType with FindObjectsSortMode parameter has been deprecated. Use FindObjectsByType<T>() or FindObjectsByType<T>(FindObjectsInactive) instead. InstanceID will be replaced in the future with EntityId and previous sort order cannot be maintained.'
Assets\Scripts\OpponentLegEmbodiment.cs(20,40): warning CS0414: The field 'OpponentLegEmbodiment._shinLength' is assigned but its value is never used
Assets\Scripts\ArmVisualEmbodiment.cs(85,40): warning CS0414: The field 'ArmVisualEmbodiment._upperArmLength' is assigned but its value is never used
Assets\Scripts\ArmVisualEmbodiment.cs(86,40): warning CS0414: The field 'ArmVisualEmbodiment._forearmLength' is assigned but its value is never used
Assets\Scripts\OpponentLegEmbodiment.cs(21,40): warning CS0414: The field 'OpponentLegEmbodiment._footLength' is assigned but its value is never used
Assets\Scripts\OpponentLegEmbodiment.cs(17,40): warning CS0414: The field 'OpponentLegEmbodiment._pelvisHeight' is assigned but its value is never used
Assets\Scripts\OpponentLegEmbodiment.cs(19,40): warning CS0414: The field 'OpponentLegEmbodiment._thighLength' is assigned but its value is never used
ExitCode: 0 Duration: 2s772ms
Finished compiling graph: 99 nodes, 370 flattened edges (358 ToBuild, 4 ToUse), maximum node priority 25
[86/98      0s] WriteText Library/Bee/artifacts/2000b0aP.dag/Assembly-CSharp.rsp
[89/98      0s] CopyFiles Library/Bee/PlayerScriptAssemblies/Unity.Multiplayer.Center.Common.pdb
[92/98      0s] CopyFiles Library/Bee/PlayerScriptAssemblies/Unity.Multiplayer.Center.Common.dll
[93/98      1s] Csc Library/Bee/artifacts/2000b0aP.dag/Assembly-CSharp.dll (+2 others)
Assets\Scripts\BoxerVisualShell.cs(56,26): warning CS0618: 'Object.FindFirstObjectByType<T>()' is obsolete: 'FindFirstObjectByType has been deprecated because it relies on instance ID ordering. Use FindAnyObjectByType instead, which does not depend on ordering.'

Assets\Scripts\BoxerVisualShell.cs(57,22): warning CS0618: 'Object.FindFirstObjectByType<T>()' is obsolete: 'FindFirstObjectByType has been deprecated because it relies on instance ID ordering. Use FindAnyObjectByType instead, which does not depend on ordering.'

Assets\Scripts\BoxerVisualShell.cs(58,25): warning CS0618: 'Object.FindFirstObjectByType<T>()' is obsolete: 'FindFirstObjectByType has been deprecated because it relies on instance ID ordering. Use FindAnyObjectByType instead, which does not depend on ordering.'

Assets\Scripts\Blender3DVisualFollower.cs(88,25): warning CS0618: 'Object.FindFirstObjectByType<T>()' is obsolete: 'FindFirstObjectByType has been deprecated because it relies on instance ID ordering. Use FindAnyObjectByType instead, which does not depend on ordering.'

Assets\Scripts\Blender3DVisualFollower.cs(89,23): warning CS0618: 'Object.FindFirstObjectByType<T>()' is obsolete: 'FindFirstObjectByType has been deprecated because it relies on instance ID ordering. Use FindAnyObjectByType instead, which does not depend on ordering.'

Assets\Scripts\ArenaSurround.cs(69,24): warning CS0618: 'Object.FindFirstObjectByType<T>()' is obsolete: 'FindFirstObjectByType has been deprecated because it relies on instance ID ordering. Use FindAnyObjectByType instead, which does not depend on ordering.'

Assets\Scripts\BoxerVisualShell.cs(181,64): warning CS0618: 'FindObjectsSortMode' is obsolete: 'FindObjectsSortMode has been deprecated. Use the FindObjectsByType overloads that do not take a FindObjectsSortMode parameter.'

Assets\Scripts\BoxerVisualShell.cs(181,34): warning CS0618: 'Object.FindObjectsByType<T>(FindObjectsSortMode)' is obsolete: 'FindObjectsByType with FindObjectsSortMode parameter has been deprecated. Use FindObjectsByType<T>() or FindObjectsByType<T>(FindObjectsInactive) instead. InstanceID will be replaced in the future with EntityId and previous sort order cannot be maintained.'

Assets\Scripts\BoxerInput.cs(88,13): warning CS0162: Unreachable code detected

Assets\Scripts\Wave1WebAudit.cs(56,36): warning CS0618: 'Object.FindFirstObjectByType<T>()' is obsolete: 'FindFirstObjectByType has been deprecated because it relies on instance ID ordering. Use FindAnyObjectByType instead, which does not depend on ordering.'

Assets\Scripts\Wave1WebAudit.cs(80,62): warning CS0618: 'FindObjectsSortMode' is obsolete: 'FindObjectsSortMode has been deprecated. Use the FindObjectsByType overloads that do not take a FindObjectsSortMode parameter.'

Assets\Scripts\Wave1WebAudit.cs(80,31): warning CS0618: 'Object.FindObjectsByType<T>(FindObjectsSortMode)' is obsolete: 'FindObjectsByType with FindObjectsSortMode parameter has been deprecated. Use FindObjectsByType<T>() or FindObjectsByType<T>(FindObjectsInactive) instead. InstanceID will be replaced in the future with EntityId and previous sort order cannot be maintained.'

Assets\Scripts\Wave1WebAudit.cs(81,66): warning CS0618: 'FindObjectsSortMode' is obsolete: 'FindObjectsSortMode has been deprecated. Use the FindObjectsByType overloads that do not take a FindObjectsSortMode parameter.'

Assets\Scripts\Wave1WebAudit.cs(81,33): warning CS0618: 'Object.FindObjectsByType<T>(FindObjectsSortMode)' is obsolete: 'FindObjectsByType with FindObjectsSortMode parameter has been deprecated. Use FindObjectsByType<T>() or FindObjectsByType<T>(FindObjectsInactive) instead. InstanceID will be replaced in the future with EntityId and previous sort order cannot be maintained.'

Assets\Scripts\Wave1WebAudit.cs(102,24): warning CS0618: 'Object.FindFirstObjectByType<T>()' is obsolete: 'FindFirstObjectByType has been deprecated because it relies on instance ID ordering. Use FindAnyObjectByType instead, which does not depend on ordering.'

Assets\Scripts\Wave1WebAudit.cs(107,60): warning CS0618: 'FindObjectsSortMode' is obsolete: 'FindObjectsSortMode has been deprecated. Use the FindObjectsByType overloads that do not take a FindObjectsSortMode parameter.'

Assets\Scripts\Wave1WebAudit.cs(107,22): warning CS0618: 'Object.FindObjectsByType<T>(FindObjectsSortMode)' is obsolete: 'FindObjectsByType with FindObjectsSortMode parameter has been deprecated. Use FindObjectsByType<T>() or FindObjectsByType<T>(FindObjectsInactive) instead. InstanceID will be replaced in the future with EntityId and previous sort order cannot be maintained.'

Assets\Scripts\BoxerInput.cs(149,13): warning CS0162: Unreachable code detected

Assets\Scripts\BoxerBootstrap.cs(147,13): warning CS0618: 'Object.FindFirstObjectByType<T>()' is obsolete: 'FindFirstObjectByType has been deprecated because it relies on instance ID ordering. Use FindAnyObjectByType instead, which does not depend on ordering.'

Assets\Scripts\EVVisualShell.cs(55,26): warning CS0618: 'Object.FindFirstObjectByType<T>()' is obsolete: 'FindFirstObjectByType has been deprecated because it relies on instance ID ordering. Use FindAnyObjectByType instead, which does not depend on ordering.'

Assets\Scripts\EVVisualShell.cs(56,24): warning CS0618: 'Object.FindFirstObjectByType<T>()' is obsolete: 'FindFirstObjectByType has been deprecated because it relies on instance ID ordering. Use FindAnyObjectByType instead, which does not depend on ordering.'

Assets\Scripts\BoxerBootstrap.cs(443,17): warning CS0618: 'Object.FindFirstObjectByType<T>()' is obsolete: 'FindFirstObjectByType has been deprecated because it relies on instance ID ordering. Use FindAnyObjectByType instead, which does not depend on ordering.'

Assets\Scripts\P1PunchGuide.cs(22,26): warning CS0618: 'Object.FindFirstObjectByType<T>()' is obsolete: 'FindFirstObjectByType has been deprecated because it relies on instance ID ordering. Use FindAnyObjectByType instead, which does not depend on ordering.'

Assets\Scripts\P1PunchGuide.cs(45,17): warning CS0618: 'Object.FindFirstObjectByType<T>()' is obsolete: 'FindFirstObjectByType has been deprecated because it relies on instance ID ordering. Use FindAnyObjectByType instead, which does not depend on ordering.'

Assets\Scripts\P1VCombatPresentation.cs(74,26): warning CS0618: 'Object.FindFirstObjectByType<T>()' is obsolete: 'FindFirstObjectByType has been deprecated because it relies on instance ID ordering. Use FindAnyObjectByType instead, which does not depend on ordering.'

Assets\Scripts\P1VCombatPresentation.cs(75,22): warning CS0618: 'Object.FindFirstObjectByType<T>()' is obsolete: 'FindFirstObjectByType has been deprecated because it relies on instance ID ordering. Use FindAnyObjectByType instead, which does not depend on ordering.'

Assets\Scripts\P1VCombatPresentation.cs(76,23): warning CS0618: 'Object.FindFirstObjectByType<T>()' is obsolete: 'FindFirstObjectByType has been deprecated because it relies on instance ID ordering. Use FindAnyObjectByType instead, which does not depend on ordering.'

Assets\Scripts\P1VCombatPresentation.cs(77,25): warning CS0618: 'Object.FindFirstObjectByType<T>()' is obsolete: 'FindFirstObjectByType has been deprecated because it relies on instance ID ordering. Use FindAnyObjectByType instead, which does not depend on ordering.'

Assets\Scripts\P1VCombatPresentation.cs(78,26): warning CS0618: 'Object.FindFirstObjectByType<T>()' is obsolete: 'FindFirstObjectByType has been deprecated because it relies on instance ID ordering. Use FindAnyObjectByType instead, which does not depend on ordering.'

Assets\Scripts\P1VCombatPresentation.cs(79,38): warning CS0618: 'Object.FindFirstObjectByType<T>()' is obsolete: 'FindFirstObjectByType has been deprecated because it relies on instance ID ordering. Use FindAnyObjectByType instead, which does not depend on ordering.'

Assets\Scripts\ProductScreens.cs(18,69): warning CS0618: 'Object.FindFirstObjectByType<T>()' is obsolete: 'FindFirstObjectByType has been deprecated because it relies on instance ID ordering. Use FindAnyObjectByType instead, which does not depend on ordering.'

Assets\Scripts\ProductScreens.cs(23,30): warning CS0618: 'Object.FindFirstObjectByType<T>()' is obsolete: 'FindFirstObjectByType has been deprecated because it relies on instance ID ordering. Use FindAnyObjectByType instead, which does not depend on ordering.'

Assets\Scripts\Round2CombatRig.cs(66,24): warning CS0618: 'Object.FindFirstObjectByType<T>()' is obsolete: 'FindFirstObjectByType has been deprecated because it relies on instance ID ordering. Use FindAnyObjectByType instead, which does not depend on ordering.'

Assets\Scripts\EVVisualShell.cs(418,65): warning CS0618: 'FindObjectsSortMode' is obsolete: 'FindObjectsSortMode has been deprecated. Use the FindObjectsByType overloads that do not take a FindObjectsSortMode parameter.'

Assets\Scripts\EVVisualShell.cs(418,37): warning CS0618: 'Object.FindObjectsByType<T>(FindObjectsSortMode)' is obsolete: 'FindObjectsByType with FindObjectsSortMode parameter has been deprecated. Use FindObjectsByType<T>() or FindObjectsByType<T>(FindObjectsInactive) instead. InstanceID will be replaced in the future with EntityId and previous sort order cannot be maintained.'

Assets\Scripts\OpponentLegEmbodiment.cs(20,40): warning CS0414: The field 'OpponentLegEmbodiment._shinLength' is assigned but its value is never used

Assets\Scripts\ArmVisualEmbodiment.cs(85,40): warning CS0414: The field 'ArmVisualEmbodiment._upperArmLength' is assigned but its value is never used

Assets\Scripts\ArmVisualEmbodiment.cs(86,40): warning CS0414: The field 'ArmVisualEmbodiment._forearmLength' is assigned but its value is never used

Assets\Scripts\OpponentLegEmbodiment.cs(21,40): warning CS0414: The field 'OpponentLegEmbodiment._footLength' is assigned but its value is never used

Assets\Scripts\OpponentLegEmbodiment.cs(17,40): warning CS0414: The field 'OpponentLegEmbodiment._pelvisHeight' is assigned but its value is never used

Assets\Scripts\OpponentLegEmbodiment.cs(19,40): warning CS0414: The field 'OpponentLegEmbodiment._thighLength' is assigned but its value is never used
[94/98      0s] CopyFiles Library/Bee/PlayerScriptAssemblies/Assembly-CSharp.pdb
[95/98      0s] CopyFiles Library/Bee/PlayerScriptAssemblies/Assembly-CSharp.dll
[97/98      0s] BuildPlayerDataGenerator Library/BuildPlayerData/Player/RuntimeInitializeOnLoads.json (+1 other)
*** Tundra build success (2.73 seconds), 7 items updated, 98 evaluated
Total cache size 15393888
Total cache size after purge 15393888, took 00:00:00.0275585
Rebuilding Data files because Assets/Scenes/Phase0Boxer.unity is dirty (hash)


Mono dependencies included in the build
Dependency assembly - Mono.Security.dll
Dependency assembly - System.Text.Encodings.Web.dll
Dependency assembly - System.Globalization.dll
Dependency assembly - I18N.MidEast.dll
Dependency assembly - mscorlib.dll
Dependency assembly - System.Text.Json.dll
Dependency assembly - System.Security.Cryptography.Hashing.Algorithms.dll
Dependency assembly - System.Windows.dll
Dependency assembly - System.Diagnostics.Debug.dll
Dependency assembly - System.Security.Principal.Windows.dll
Dependency assembly - System.ComponentModel.EventBasedAsync.dll
Dependency assembly - System.Collections.Concurrent.dll
Dependency assembly - System.Reflection.Emit.dll
Dependency assembly - System.Threading.ThreadPool.dll
Dependency assembly - System.Xml.XmlDocument.dll
Dependency assembly - System.Threading.Tasks.dll
Dependency assembly - System.Security.Cryptography.Encryption.ECDsa.dll
Dependency assembly - System.Collections.Immutable.dll
Dependency assembly - System.Reflection.Extensions.dll
Dependency assembly - System.Xaml.dll
Dependency assembly - I18N.dll
Dependency assembly - System.Xml.Xsl.Primitives.dll
Dependency assembly - System.ServiceModel.NetTcp.dll
Dependency assembly - System.Data.Entity.dll
Dependency assembly - System.ComponentModel.DataAnnotations.dll
Dependency assembly - System.Net.WebSockets.Client.dll
Dependency assembly - System.Data.Services.dll
Dependency assembly - I18N.West.dll
Dependency assembly - System.Numerics.Vectors.dll
Dependency assembly - System.Security.dll
Dependency assembly - System.Diagnostics.TraceEvent.dll
Dependency assembly - Assembly-CSharp.dll
Dependency assembly - System.Diagnostics.TextWriterTraceListener.dll
Dependency assembly - System.Reflection.dll
Dependency assembly - System.Drawing.Primitives.dll
Dependency assembly - System.ComponentModel.dll
Dependency assembly - System.Xml.XPath.XDocument.dll
Dependency assembly - System.Configuration.dll
Dependency assembly - System.Security.Cryptography.Encryption.Aes.dll
Dependency assembly - System.IO.Compression.FileSystem.dll
Dependency assembly - System.ServiceModel.Web.dll
Dependency assembly - Microsoft.Extensions.Logging.Abstractions.dll
Dependency assembly - System.Collections.dll
Dependency assembly - System.IO.FileSystem.DriveInfo.dll
Dependency assembly - Microsoft.CSharp.dll
Dependency assembly - System.Xml.XDocument.dll
Dependency assembly - System.Web.RegularExpressions.dll
Dependency assembly - System.Security.Cryptography.ProtectedData.dll
Dependency assembly - System.Security.Cryptography.RSA.dll
Dependency assembly - System.IO.dll
Dependency assembly - System.ServiceModel.Security.dll
Dependency assembly - System.Runtime.InteropServices.WindowsRuntime.dll
Dependency assembly - System.Drawing.Design.dll
Dependency assembly - System.Resources.ReaderWriter.dll
Dependency assembly - System.Web.Extensions.Design.dll
Dependency assembly - System.Runtime.Numerics.dll
Dependency assembly - System.Security.Cryptography.Cng.dll
Dependency assembly - System.Text.RegularExpressions.dll
Dependency assembly - System.Drawing.dll
Dependency assembly - System.Net.ServicePoint.dll
Dependency assembly - System.Text.Encoding.dll
Dependency assembly - Microsoft.Win32.Registry.dll
Dependency assembly - System.Web.Services.dll
Dependency assembly - System.Data.Services.Client.dll
Dependency assembly - System.ServiceProcess.dll
Dependency assembly - System.Reflection.Emit.ILGeneration.dll
Dependency assembly - System.Core.dll
Dependency assembly - System.Xml.Serialization.dll
Dependency assembly - System.Runtime.Serialization.Json.dll
Dependency assembly - System.Text.Encoding.CodePages.dll
Dependency assembly - System.ComponentModel.Primitives.dll
Dependency assembly - System.Linq.Parallel.dll
Dependency assembly - System.Management.dll
Dependency assembly - System.IO.Compression.dll
Dependency assembly - System.Net.WebSockets.dll
Dependency assembly - System.Runtime.Serialization.Xml.dll
Dependency assembly - System.Net.Http.WebRequest.dll
Dependency assembly - System.ValueTuple.dll
Dependency assembly - System.Security.Cryptography.Encoding.dll
Dependency assembly - System.Text.Encoding.Extensions.dll
Dependency assembly - System.Windows.Forms.DataVisualization.dll
Dependency assembly - System.Net.dll
Dependency assembly - System.Threading.Thread.dll
Dependency assembly - System.Security.Cryptography.Encryption.dll
Dependency assembly - System.ComponentModel.TypeConverter.dll
Dependency assembly - Microsoft.Extensions.DependencyInjection.Abstractions.dll
Dependency assembly - System.Diagnostics.Contracts.dll
Dependency assembly - System.Threading.Overlapped.dll
Dependency assembly - System.IO.FileSystem.AccessControl.dll
Dependency assembly - System.IO.FileSystem.Watcher.dll
Dependency assembly - System.Runtime.Serialization.dll
Dependency assembly - System.Threading.Timer.dll
Dependency assembly - System.Security.Cryptography.RandomNumberGenerator.dll
Dependency assembly - System.Net.WebHeaderCollection.dll
Dependency assembly - System.Runtime.dll
Dependency assembly - System.Net.Sockets.dll
Dependency assembly - System.Configuration.Install.dll
Dependency assembly - System.Xml.dll
Dependency assembly - System.Diagnostics.DiagnosticSource.dll
Dependency assembly - System.Resources.Reader.dll
Dependency assembly - System.Threading.Tasks.Parallel.dll
Dependency assembly - System.Linq.dll
Dependency assembly - System.Data.Common.dll
Dependency assembly - System.Runtime.Serialization.Primitives.dll
Dependency assembly - System.Security.Cryptography.OpenSsl.dll
Dependency assembly - System.DirectoryServices.Protocols.dll
Dependency assembly - System.Transactions.dll
Dependency assembly - System.Runtime.Handles.dll
Dependency assembly - System.Xml.Linq.dll
Dependency assembly - System.AppContext.dll
Dependency assembly - System.Linq.Expressions.dll
Dependency assembly - System.IO.IsolatedStorage.dll
Dependency assembly - System.Globalization.Extensions.dll
Dependency assembly - I18N.Other.dll
Dependency assembly - Microsoft.Win32.Primitives.dll
Dependency assembly - System.Reflection.Metadata.dll
Dependency assembly - System.Runtime.Loader.dll
Dependency assembly - System.Dynamic.Runtime.dll
Dependency assembly - System.Security.SecureString.dll
Dependency assembly - System.ServiceProcess.ServiceController.dll
Dependency assembly - Unity.Multiplayer.Center.Common.dll
Dependency assembly - System.Reflection.Context.dll
Dependency assembly - System.Net.Requests.dll
Dependency assembly - System.Net.Primitives.dll
Dependency assembly - System.Runtime.CompilerServices.Unsafe.dll
Dependency assembly - System.Diagnostics.Process.dll
Dependency assembly - System.Net.HttpListener.dll
Dependency assembly - System.Xml.ReaderWriter.dll
Dependency assembly - Accessibility.dll
Dependency assembly - System.ComponentModel.Composition.dll
Dependency assembly - System.IO.FileSystem.dll
Dependency assembly - System.Diagnostics.Tracing.dll
Dependency assembly - System.Web.dll
Dependency assembly - System.Xml.XmlSerializer.dll
Dependency assembly - System.Net.AuthenticationManager.dll
Dependency assembly - System.ServiceModel.Primitives.dll
Dependency assembly - System.Security.Cryptography.DeriveBytes.dll
Dependency assembly - System.Data.DataSetExtensions.dll
Dependency assembly - System.Resources.ResourceManager.dll
Dependency assembly - System.Net.Ping.dll
Dependency assembly - System.Xml.XPath.dll
Dependency assembly - System.Reflection.Emit.Lightweight.dll
Dependency assembly - System.Data.dll
Dependency assembly - System.Diagnostics.StackTrace.dll
Dependency assembly - System.Globalization.Calendars.dll
Dependency assembly - System.ComponentModel.Annotations.dll
Dependency assembly - System.ServiceModel.Internals.dll
Dependency assembly - System.Runtime.InteropServices.dll
Dependency assembly - System.Security.Cryptography.Pkcs.dll
Dependency assembly - System.ServiceModel.Http.dll
Dependency assembly - System.Web.ApplicationServices.dll
Dependency assembly - System.Threading.Tasks.Extensions.dll
Dependency assembly - System.Net.Cache.dll
Dependency assembly - System.Net.Mail.dll
Dependency assembly - System.Threading.AccessControl.dll
Dependency assembly - System.Runtime.CompilerServices.VisualC.dll
Dependency assembly - System.Reflection.Primitives.dll
Dependency assembly - I18N.CJK.dll
Dependency assembly - System.Runtime.Caching.dll
Dependency assembly - System.ServiceModel.Duplex.dll
Dependency assembly - Mono.Data.Tds.dll
Dependency assembly - System.Reflection.TypeExtensions.dll
Dependency assembly - System.Messaging.dll
Dependency assembly - System.Security.Claims.dll
Dependency assembly - System.Memory.dll
Dependency assembly - netstandard.dll
Dependency assembly - System.Diagnostics.FileVersionInfo.dll
Dependency assembly - System.ServiceModel.dll
Dependency assembly - System.ObjectModel.dll
Dependency assembly - System.IO.Compression.ZipFile.dll
Dependency assembly - Microsoft.Bcl.AsyncInterfaces.dll
Dependency assembly - System.Data.OracleClient.dll
Dependency assembly - System.Net.NetworkInformation.dll
Dependency assembly - System.Security.Cryptography.X509Certificates.dll
Dependency assembly - System.dll
Dependency assembly - System.Data.Linq.dll
Dependency assembly - System.Web.Extensions.dll
Dependency assembly - System.Xml.XPath.XmlDocument.dll
Dependency assembly - System.Net.Http.dll
Dependency assembly - System.ServiceModel.Discovery.dll
Dependency assembly - System.Numerics.dll
Dependency assembly - System.Web.DynamicData.dll
Dependency assembly - System.Runtime.Serialization.Formatters.Soap.dll
Dependency assembly - System.EnterpriseServices.dll
Dependency assembly - System.IO.MemoryMappedFiles.dll
Dependency assembly - System.ServiceModel.Routing.dll
Dependency assembly - System.Reflection.DispatchProxy.dll
Dependency assembly - System.Threading.dll
Dependency assembly - I18N.Rare.dll
Dependency assembly - System.Buffers.dll
Dependency assembly - System.Security.Cryptography.Primitives.dll
Dependency assembly - System.Security.AccessControl.dll
Dependency assembly - System.Design.dll
Dependency assembly - System.Collections.Specialized.dll
Dependency assembly - System.IO.Hashing.dll
Dependency assembly - System.Runtime.DurableInstancing.dll
Dependency assembly - System.IdentityModel.Selectors.dll
Dependency assembly - System.IdentityModel.dll
Dependency assembly - System.Diagnostics.TraceSource.dll
Dependency assembly - System.IO.Pipes.dll
Dependency assembly - System.Runtime.Remoting.dll
Dependency assembly - System.Diagnostics.Tools.dll
Dependency assembly - System.Runtime.InteropServices.RuntimeInformation.dll
Dependency assembly - System.IO.UnmanagedMemoryStream.dll
Dependency assembly - System.Security.Cryptography.Encryption.ECDiffieHellman.dll
Dependency assembly - System.ServiceModel.Activation.dll
Dependency assembly - System.DirectoryServices.dll
Dependency assembly - System.Security.Cryptography.Hashing.dll
Dependency assembly - System.Net.NameResolution.dll
Dependency assembly - System.Data.SqlClient.dll
Dependency assembly - System.Json.dll
Dependency assembly - Mono.Data.Sqlite.dll
Dependency assembly - System.Linq.Queryable.dll
Dependency assembly - System.Resources.Writer.dll
Dependency assembly - System.Runtime.Serialization.Formatters.dll
Dependency assembly - System.Windows.Forms.dll
Dependency assembly - Microsoft.Win32.Registry.AccessControl.dll
Dependency assembly - System.Net.Security.dll
Dependency assembly - System.Collections.NonGeneric.dll
Dependency assembly - System.Security.Principal.dll
Dependency assembly - System.Console.dll
Dependency assembly - System.IO.FileSystem.Primitives.dll
Dependency assembly - System.Security.Cryptography.Csp.dll
Dependency assembly - System.Runtime.Extensions.dll
Dependency assembly - System.Security.Cryptography.Algorithms.dll
Dependency assembly - System.Net.Utilities.dll

Opening scene 'Assets/Scenes/Phase0Boxer.unity'
Unloading 2 Unused Serialized files (Serialized files now loaded: 0)
Loaded scene 'Assets/Scenes/Phase0Boxer.unity'
	Deserialize:            0.680 ms
	Integration:            3.474 ms
	Integration of assets:  0.002 ms
	Thread Wait Time:       0.011 ms
	Total Operation Time:   4.168 ms
Unloading 26 unused Assets / (0.8 MB). Loaded Objects now: 960.
Memory consumption went from 207.6 MB to 206.8 MB.
Total: 4.387900 ms (FindLiveObjects: 0.055600 ms CreateObjectMapping: 0.018200 ms MarkObjects: 3.989700 ms  DeleteObjects: 0.323500 ms)

Unloading 30 Unused Serialized files (Serialized files now loaded: 0)
Unloading 439 unused Assets / (24.8 MB). Loaded Objects now: 963.
Memory consumption went from 267.1 MB to 242.3 MB.
Total: 4.541100 ms (FindLiveObjects: 0.063900 ms CreateObjectMapping: 0.041600 ms MarkObjects: 3.672500 ms  DeleteObjects: 0.762100 ms)

Unloading 0 Unused Serialized files (Serialized files now loaded: 0)
Unloading 0 unused Assets / (Unknown). Loaded Objects now: 963.
Memory consumption went from 242.2 MB to 242.2 MB.
Total: 3.704300 ms (FindLiveObjects: 0.044700 ms CreateObjectMapping: 0.014700 ms MarkObjects: 3.640900 ms  DeleteObjects: 0.003200 ms)

Unloading 1 Unused Serialized files (Serialized files now loaded: 0)
Unloading 179 unused Assets / (150.8 MB). Loaded Objects now: 963.
Memory consumption went from 384.7 MB to 233.9 MB.
Total: 27.267900 ms (FindLiveObjects: 0.054900 ms CreateObjectMapping: 0.027900 ms MarkObjects: 7.670700 ms  DeleteObjects: 19.512700 ms)

Compiling shader "Standard"
  Pass "FORWARD" (vp)
    Target graphics API: gles3
    Full variant space:         664
    After settings filtering:   664
    After built-in stripping:   8
    After scriptable stripping: 8
    Processed in 0.01 seconds
  Pass "FORWARD_DELTA" (vp)
    Target graphics API: gles3
    Full variant space:         188
    After settings filtering:   188
    After built-in stripping:   13
    After scriptable stripping: 13
    Processed in 0.00 seconds
  Pass "ShadowCaster" (vp)
    Target graphics API: gles3
    Full variant space:         4
    After settings filtering:   4
    After built-in stripping:   2
    After scriptable stripping: 2
    Processed in 0.00 seconds
  Pass "DEFERRED" (vp)
    Target graphics API: gles3
    Full variant space:         76
    After settings filtering:   76
    After built-in stripping:   4
    After scriptable stripping: 4
    Processed in 0.00 seconds
  Pass "FORWARD" (vp)
    Target graphics API: gles3
    Full variant space:         208
    After settings filtering:   208
    After built-in stripping:   8
    After scriptable stripping: 8
    Processed in 0.00 seconds
  Pass "FORWARD_DELTA" (vp)
    Target graphics API: gles3
    Full variant space:         140
    After settings filtering:   140
    After built-in stripping:   10
    After scriptable stripping: 10
    Processed in 0.00 seconds
  Pass "ShadowCaster" (vp)
    Target graphics API: gles3
    Full variant space:         2
    After settings filtering:   2
    After built-in stripping:   2
    After scriptable stripping: 2
    Processed in 0.00 seconds
  Pass FORWARD (vp, gles3) finished in 0.01 seconds. Local cache hits 8 (0.04s CPU time), remote cache hits 0 (0.00s CPU time), compiled 0 variants (0.00s CPU time), skipped 0 variants.
    Prepared data for serialisation in 0.00s
  Pass FORWARD_DELTA (vp, gles3) finished in 0.01 seconds. Local cache hits 13 (0.00s CPU time), remote cache hits 0 (0.00s CPU time), compiled 0 variants (0.00s CPU time), skipped 0 variants.
    Prepared data for serialisation in 0.00s
  Pass ShadowCaster (vp, gles3) finished in 0.01 seconds. Local cache hits 2 (0.00s CPU time), remote cache hits 0 (0.00s CPU time), compiled 0 variants (0.00s CPU time), skipped 0 variants.
    Prepared data for serialisation in 0.00s
  Pass DEFERRED (vp, gles3) finished in 0.01 seconds. Local cache hits 4 (0.00s CPU time), remote cache hits 0 (0.00s CPU time), compiled 0 variants (0.00s CPU time), skipped 0 variants.
    Prepared data for serialisation in 0.00s
  Pass FORWARD (vp, gles3) finished in 0.00 seconds. Local cache hits 8 (0.00s CPU time), remote cache hits 0 (0.00s CPU time), compiled 0 variants (0.00s CPU time), skipped 0 variants.
    Prepared data for serialisation in 0.00s
  Pass FORWARD_DELTA (vp, gles3) finished in 0.00 seconds. Local cache hits 10 (0.00s CPU time), remote cache hits 0 (0.00s CPU time), compiled 0 variants (0.00s CPU time), skipped 0 variants.
    Prepared data for serialisation in 0.00s
  Pass ShadowCaster (vp, gles3) finished in 0.00 seconds. Local cache hits 2 (0.00s CPU time), remote cache hits 0 (0.00s CPU time), compiled 0 variants (0.00s CPU time), skipped 0 variants.
    Prepared data for serialisation in 0.00s
Serialized binary data for shader Standard in 0.00s
    gles3 (total internal programs: 47, unique: 39)
Compiling shader "Boxer/EVBackdrop"
  Pass "" (vp)
    Target graphics API: gles3
    Full variant space:         1
    After settings filtering:   1
    After built-in stripping:   1
    After scriptable stripping: 1
    Processed in 0.00 seconds
  Pass  (vp, gles3) finished in 0.00 seconds. Local cache hits 1 (0.00s CPU time), remote cache hits 0 (0.00s CPU time), compiled 0 variants (0.00s CPU time), skipped 0 variants.
    Prepared data for serialisation in 0.00s
Serialized binary data for shader Boxer/EVBackdrop in 0.00s
    gles3 (total internal programs: 1, unique: 1)
Compiling shader "Boxer/AudienceFlash"
  Pass "" (vp)
    Target graphics API: gles3
    Full variant space:         1
    After settings filtering:   1
    After built-in stripping:   1
    After scriptable stripping: 1
    Processed in 0.00 seconds
  Pass  (vp, gles3) finished in 0.04 seconds. Local cache hits 0 (0.00s CPU time), remote cache hits 0 (0.00s CPU time), compiled 1 variants (0.04s CPU time), skipped 0 variants.
    Prepared data for serialisation in 0.00s
Serialized binary data for shader Boxer/AudienceFlash in 0.00s
    gles3 (total internal programs: 1, unique: 1)
Compiling shader "Boxer/EVSurface"
  Pass "" (vp)
    Target graphics API: gles3
    Full variant space:         1
    After settings filtering:   1
    After built-in stripping:   1
    After scriptable stripping: 1
    Processed in 0.00 seconds
  Pass  (vp, gles3) finished in 0.00 seconds. Local cache hits 1 (0.00s CPU time), remote cache hits 0 (0.00s CPU time), compiled 0 variants (0.00s CPU time), skipped 0 variants.
    Prepared data for serialisation in 0.00s
Serialized binary data for shader Boxer/EVSurface in 0.00s
    gles3 (total internal programs: 1, unique: 1)
Compiling shader "Boxer/Round2Surface"
  Pass "" (vp)
    Target graphics API: gles3
    Full variant space:         1
    After settings filtering:   1
    After built-in stripping:   1
    After scriptable stripping: 1
    Processed in 0.00 seconds
  Pass  (vp, gles3) finished in 0.00 seconds. Local cache hits 1 (0.00s CPU time), remote cache hits 0 (0.00s CPU time), compiled 0 variants (0.00s CPU time), skipped 0 variants.
    Prepared data for serialisation in 0.00s
Serialized binary data for shader Boxer/Round2Surface in 0.00s
    gles3 (total internal programs: 1, unique: 1)
Compiling shader "Boxer/POVArmSkin"
  Pass "" (vp)
    Target graphics API: gles3
    Full variant space:         1
    After settings filtering:   1
    After built-in stripping:   1
    After scriptable stripping: 1
    Processed in 0.00 seconds
  Pass  (vp, gles3) finished in 0.00 seconds. Local cache hits 1 (0.00s CPU time), remote cache hits 0 (0.00s CPU time), compiled 0 variants (0.00s CPU time), skipped 0 variants.
    Prepared data for serialisation in 0.00s
Serialized binary data for shader Boxer/POVArmSkin in 0.00s
    gles3 (total internal programs: 1, unique: 1)
Compiling shader "Boxer/TrainingGlassBlur"
  Pass "" (vp)
    Target graphics API: gles3
    Full variant space:         1
    After settings filtering:   1
    After built-in stripping:   1
    After scriptable stripping: 1
    Processed in 0.00 seconds
  Pass  (vp, gles3) finished in 0.00 seconds. Local cache hits 1 (0.00s CPU time), remote cache hits 0 (0.00s CPU time), compiled 0 variants (0.00s CPU time), skipped 0 variants.
    Prepared data for serialisation in 0.00s
Serialized binary data for shader Boxer/TrainingGlassBlur in 0.00s
    gles3 (total internal programs: 1, unique: 1)
Compiling shader "Boxer/P0UnlitColor"
  Pass "" (vp)
    Target graphics API: gles3
    Full variant space:         1
    After settings filtering:   1
    After built-in stripping:   1
    After scriptable stripping: 1
    Processed in 0.00 seconds
  Pass  (vp, gles3) finished in 0.00 seconds. Local cache hits 1 (0.00s CPU time), remote cache hits 0 (0.00s CPU time), compiled 0 variants (0.00s CPU time), skipped 0 variants.
    Prepared data for serialisation in 0.00s
Serialized binary data for shader Boxer/P0UnlitColor in 0.00s
    gles3 (total internal programs: 1, unique: 1)
Compiling shader "Boxer/EVText"
  Pass "" (vp)
    Target graphics API: gles3
    Full variant space:         1
    After settings filtering:   1
    After built-in stripping:   1
    After scriptable stripping: 1
    Processed in 0.00 seconds
  Pass  (vp, gles3) finished in 0.00 seconds. Local cache hits 1 (0.00s CPU time), remote cache hits 0 (0.00s CPU time), compiled 0 variants (0.00s CPU time), skipped 0 variants.
    Prepared data for serialisation in 0.00s
Serialized binary data for shader Boxer/EVText in 0.00s
    gles3 (total internal programs: 1, unique: 1)
Compiling shader "Boxer/P1VChromaKey"
  Pass "" (vp)
    Target graphics API: gles3
    Full variant space:         1
    After settings filtering:   1
    After built-in stripping:   1
    After scriptable stripping: 1
    Processed in 0.00 seconds
  Pass  (vp, gles3) finished in 0.00 seconds. Local cache hits 1 (0.00s CPU time), remote cache hits 0 (0.00s CPU time), compiled 0 variants (0.00s CPU time), skipped 0 variants.
    Prepared data for serialisation in 0.00s
Serialized binary data for shader Boxer/P1VChromaKey in 0.00s
    gles3 (total internal programs: 1, unique: 1)
Compiling shader "Boxer/Wave1Leather"
  Pass "FORWARD" (vp)
    Target graphics API: gles3
    Full variant space:         664
    After settings filtering:   664
    After built-in stripping:   8
    After scriptable stripping: 8
    Processed in 0.00 seconds
  Pass "FORWARD" (vp)
    Target graphics API: gles3
    Full variant space:         188
    After settings filtering:   188
    After built-in stripping:   13
    After scriptable stripping: 13
    Processed in 0.00 seconds
  Pass "DEFERRED" (vp)
    Target graphics API: gles3
    Full variant space:         76
    After settings filtering:   76
    After built-in stripping:   4
    After scriptable stripping: 4
    Processed in 0.00 seconds
  Pass FORWARD (vp, gles3) finished in 0.00 seconds. Local cache hits 8 (0.00s CPU time), remote cache hits 0 (0.00s CPU time), compiled 0 variants (0.00s CPU time), skipped 0 variants.
    Prepared data for serialisation in 0.00s
  Pass FORWARD (vp, gles3) finished in 0.00 seconds. Local cache hits 13 (0.00s CPU time), remote cache hits 0 (0.00s CPU time), compiled 0 variants (0.00s CPU time), skipped 0 variants.
    Prepared data for serialisation in 0.00s
  Pass DEFERRED (vp, gles3) finished in 0.00 seconds. Local cache hits 4 (0.00s CPU time), remote cache hits 0 (0.00s CPU time), compiled 0 variants (0.00s CPU time), skipped 0 variants.
    Prepared data for serialisation in 0.00s
Serialized binary data for shader Boxer/Wave1Leather in 0.00s
    gles3 (total internal programs: 25, unique: 25)
Compiling shader "Skybox/Procedural"
  Pass "" (vp)
    Target graphics API: gles3
    Full variant space:         3
    After settings filtering:   3
    After built-in stripping:   3
    After scriptable stripping: 3
    Processed in 0.00 seconds
  Pass  (vp, gles3) finished in 0.00 seconds. Local cache hits 3 (0.00s CPU time), remote cache hits 0 (0.00s CPU time), compiled 0 variants (0.00s CPU time), skipped 0 variants.
    Prepared data for serialisation in 0.00s
Serialized binary data for shader Skybox/Procedural in 0.00s
    gles3 (total internal programs: 3, unique: 3)
Compiling shader "Legacy Shaders/VertexLit"
  Pass "" (vp)
    Target graphics API: gles3
    Full variant space:         12
    After settings filtering:   12
    After built-in stripping:   3
    After scriptable stripping: 3
    Processed in 0.00 seconds
  Pass "" (vp)
    Target graphics API: gles3
    Full variant space:         4
    After settings filtering:   4
    After built-in stripping:   1
    After scriptable stripping: 1
    Processed in 0.00 seconds
  Pass "ShadowCaster" (vp)
    Target graphics API: gles3
    Full variant space:         4
    After settings filtering:   4
    After built-in stripping:   2
    After scriptable stripping: 2
    Processed in 0.00 seconds
  Pass  (vp, gles3) finished in 0.00 seconds. Local cache hits 3 (0.00s CPU time), remote cache hits 0 (0.00s CPU time), compiled 0 variants (0.00s CPU time), skipped 0 variants.
    Prepared data for serialisation in 0.00s
  Pass  (vp, gles3) finished in 0.00 seconds. Local cache hits 1 (0.00s CPU time), remote cache hits 0 (0.00s CPU time), compiled 0 variants (0.00s CPU time), skipped 0 variants.
    Prepared data for serialisation in 0.00s
  Pass ShadowCaster (vp, gles3) finished in 0.00 seconds. Local cache hits 2 (0.00s CPU time), remote cache hits 0 (0.00s CPU time), compiled 0 variants (0.00s CPU time), skipped 0 variants.
    Prepared data for serialisation in 0.00s
Serialized binary data for shader Legacy Shaders/VertexLit in 0.00s
    gles3 (total internal programs: 6, unique: 6)
Compiling shader "Legacy Shaders/Diffuse"
  Pass "FORWARD" (vp)
    Target graphics API: gles3
    Full variant space:         664
    After settings filtering:   664
    After built-in stripping:   8
    After scriptable stripping: 8
    Processed in 0.00 seconds
  Pass "FORWARD" (vp)
    Target graphics API: gles3
    Full variant space:         20
    After settings filtering:   20
    After built-in stripping:   5
    After scriptable stripping: 5
    Processed in 0.00 seconds
  Pass "DEFERRED" (vp)
    Target graphics API: gles3
    Full variant space:         76
    After settings filtering:   76
    After built-in stripping:   4
    After scriptable stripping: 4
    Processed in 0.00 seconds
  Pass FORWARD (vp, gles3) finished in 0.00 seconds. Local cache hits 8 (0.00s CPU time), remote cache hits 0 (0.00s CPU time), compiled 0 variants (0.00s CPU time), skipped 0 variants.
    Prepared data for serialisation in 0.00s
  Pass FORWARD (vp, gles3) finished in 0.00 seconds. Local cache hits 5 (0.00s CPU time), remote cache hits 0 (0.00s CPU time), compiled 0 variants (0.00s CPU time), skipped 0 variants.
    Prepared data for serialisation in 0.00s
  Pass DEFERRED (vp, gles3) finished in 0.00 seconds. Local cache hits 4 (0.00s CPU time), remote cache hits 0 (0.00s CPU time), compiled 0 variants (0.00s CPU time), skipped 0 variants.
    Prepared data for serialisation in 0.00s
Serialized binary data for shader Legacy Shaders/Diffuse in 0.00s
    gles3 (total internal programs: 17, unique: 17)
Compiling shader "Hidden/Internal-StencilWrite"
  Pass "" (vp)
    Target graphics API: gles3
    Full variant space:         1
    After settings filtering:   1
    After built-in stripping:   1
    After scriptable stripping: 1
    Processed in 0.00 seconds
  Pass  (vp, gles3) finished in 0.00 seconds. Local cache hits 1 (0.00s CPU time), remote cache hits 0 (0.00s CPU time), compiled 0 variants (0.00s CPU time), skipped 0 variants.
    Prepared data for serialisation in 0.00s
Serialized binary data for shader Hidden/Internal-StencilWrite in 0.00s
    gles3 (total internal programs: 1, unique: 1)
Compiling shader "Hidden/Internal-DepthNormalsTexture"
  Pass "" (vp)
    Target graphics API: gles3
    Full variant space:         1
    After settings filtering:   1
    After built-in stripping:   1
    After scriptable stripping: 1
    Processed in 0.00 seconds
  Pass "" (vp)
    Target graphics API: gles3
    Full variant space:         1
    After settings filtering:   1
    After built-in stripping:   1
    After scriptable stripping: 1
    Processed in 0.00 seconds
  Pass "" (vp)
    Target graphics API: gles3
    Full variant space:         1
    After settings filtering:   1
    After built-in stripping:   1
    After scriptable stripping: 1
    Processed in 0.00 seconds
  Pass "" (vp)
    Target graphics API: gles3
    Full variant space:         1
    After settings filtering:   1
    After built-in stripping:   1
    After scriptable stripping: 1
    Processed in 0.00 seconds
  Pass "" (vp)
    Target graphics API: gles3
    Full variant space:         1
    After settings filtering:   1
    After built-in stripping:   1
    After scriptable stripping: 1
    Processed in 0.00 seconds
  Pass "" (vp)
    Target graphics API: gles3
    Full variant space:         1
    After settings filtering:   1
    After built-in stripping:   1
    After scriptable stripping: 1
    Processed in 0.00 seconds
  Pass "" (vp)
    Target graphics API: gles3
    Full variant space:         1
    After settings filtering:   1
    After built-in stripping:   1
    After scriptable stripping: 1
    Processed in 0.00 seconds
  Pass "" (vp)
    Target graphics API: gles3
    Full variant space:         1
    After settings filtering:   1
    After built-in stripping:   1
    After scriptable stripping: 1
    Processed in 0.00 seconds
  Pass "" (vp)
    Target graphics API: gles3
    Full variant space:         1
    After settings filtering:   1
    After built-in stripping:   1
    After scriptable stripping: 1
    Processed in 0.00 seconds
  Pass "" (vp)
    Target graphics API: gles3
    Full variant space:         1
    After settings filtering:   1
    After built-in stripping:   1
    After scriptable stripping: 1
    Processed in 0.00 seconds
  Pass  (vp, gles3) finished in 0.00 seconds. Local cache hits 1 (0.00s CPU time), remote cache hits 0 (0.00s CPU time), compiled 0 variants (0.00s CPU time), skipped 0 variants.
    Prepared data for serialisation in 0.00s
  Pass  (vp, gles3) finished in 0.00 seconds. Local cache hits 1 (0.00s CPU time), remote cache hits 0 (0.00s CPU time), compiled 0 variants (0.00s CPU time), skipped 0 variants.
    Prepared data for serialisation in 0.00s
  Pass  (vp, gles3) finished in 0.00 seconds. Local cache hits 1 (0.00s CPU time), remote cache hits 0 (0.00s CPU time), compiled 0 variants (0.00s CPU time), skipped 0 variants.
    Prepared data for serialisation in 0.00s
  Pass  (vp, gles3) finished in 0.00 seconds. Local cache hits 1 (0.00s CPU time), remote cache hits 0 (0.00s CPU time), compiled 0 variants (0.00s CPU time), skipped 0 variants.
    Prepared data for serialisation in 0.00s
  Pass  (vp, gles3) finished in 0.00 seconds. Local cache hits 1 (0.00s CPU time), remote cache hits 0 (0.00s CPU time), compiled 0 variants (0.00s CPU time), skipped 0 variants.
    Prepared data for serialisation in 0.00s
  Pass  (vp, gles3) finished in 0.00 seconds. Local cache hits 1 (0.00s CPU time), remote cache hits 0 (0.00s CPU time), compiled 0 variants (0.00s CPU time), skipped 0 variants.
    Prepared data for serialisation in 0.00s
  Pass  (vp, gles3) finished in 0.00 seconds. Local cache hits 1 (0.00s CPU time), remote cache hits 0 (0.00s CPU time), compiled 0 variants (0.00s CPU time), skipped 0 variants.
    Prepared data for serialisation in 0.00s
  Pass  (vp, gles3) finished in 0.00 seconds. Local cache hits 1 (0.00s CPU time), remote cache hits 0 (0.00s CPU time), compiled 0 variants (0.00s CPU time), skipped 0 variants.
    Prepared data for serialisation in 0.00s
  Pass  (vp, gles3) finished in 0.00 seconds. Local cache hits 1 (0.00s CPU time), remote cache hits 0 (0.00s CPU time), compiled 0 variants (0.00s CPU time), skipped 0 variants.
    Prepared data for serialisation in 0.00s
  Pass  (vp, gles3) finished in 0.00 seconds. Local cache hits 1 (0.00s CPU time), remote cache hits 0 (0.00s CPU time), compiled 0 variants (0.00s CPU time), skipped 0 variants.
    Prepared data for serialisation in 0.00s
Serialized binary data for shader Hidden/Internal-DepthNormalsTexture in 0.00s
    gles3 (total internal programs: 10, unique: 10)
Compiling shader "Hidden/Internal-ScreenSpaceShadows"
  Pass "" (vp)
    Target graphics API: gles3
    Full variant space:         4
    After settings filtering:   4
    After built-in stripping:   4
    After scriptable stripping: 4
    Processed in 0.00 seconds
  Pass "" (vp)
    Target graphics API: gles3
    Full variant space:         4
    After settings filtering:   4
    After built-in stripping:   4
    After scriptable stripping: 4
    Processed in 0.00 seconds
  Pass "" (vp)
    Target graphics API: gles3
    Full variant space:         4
    After settings filtering:   4
    After built-in stripping:   4
    After scriptable stripping: 4
    Processed in 0.00 seconds
  Pass "" (vp)
    Target graphics API: gles3
    Full variant space:         4
    After settings filtering:   4
    After built-in stripping:   4
    After scriptable stripping: 4
    Processed in 0.00 seconds
  Pass  (vp, gles3) finished in 0.00 seconds. Local cache hits 4 (0.00s CPU time), remote cache hits 0 (0.00s CPU time), compiled 0 variants (0.00s CPU time), skipped 0 variants.
    Prepared data for serialisation in 0.00s
  Pass  (vp, gles3) finished in 0.00 seconds. Local cache hits 4 (0.00s CPU time), remote cache hits 0 (0.00s CPU time), compiled 0 variants (0.00s CPU time), skipped 0 variants.
    Prepared data for serialisation in 0.00s
  Pass  (vp, gles3) finished in 0.00 seconds. Local cache hits 4 (0.00s CPU time), remote cache hits 0 (0.00s CPU time), compiled 0 variants (0.00s CPU time), skipped 0 variants.
    Prepared data for serialisation in 0.00s
  Pass  (vp, gles3) finished in 0.00 seconds. Local cache hits 4 (0.00s CPU time), remote cache hits 0 (0.00s CPU time), compiled 0 variants (0.00s CPU time), skipped 0 variants.
    Prepared data for serialisation in 0.00s
Serialized binary data for shader Hidden/Internal-ScreenSpaceShadows in 0.00s
    gles3 (total internal programs: 16, unique: 16)
Compiling shader "Hidden/Internal-CombineDepthNormals"
  Pass "" (vp)
    Target graphics API: gles3
    Full variant space:         1
    After settings filtering:   1
    After built-in stripping:   1
    After scriptable stripping: 1
    Processed in 0.00 seconds
  Pass  (vp, gles3) finished in 0.00 seconds. Local cache hits 1 (0.00s CPU time), remote cache hits 0 (0.00s CPU time), compiled 0 variants (0.00s CPU time), skipped 0 variants.
    Prepared data for serialisation in 0.00s
Serialized binary data for shader Hidden/Internal-CombineDepthNormals in 0.00s
    gles3 (total internal programs: 1, unique: 1)
Compiling shader "Hidden/BlitCopy"
  Pass "" (vp)
    Target graphics API: gles3
    Full variant space:         1
    After settings filtering:   1
    After built-in stripping:   1
    After scriptable stripping: 1
    Processed in 0.00 seconds
  Pass  (vp, gles3) finished in 0.00 seconds. Local cache hits 1 (0.00s CPU time), remote cache hits 0 (0.00s CPU time), compiled 0 variants (0.00s CPU time), skipped 0 variants.
    Prepared data for serialisation in 0.00s
Serialized binary data for shader Hidden/BlitCopy in 0.00s
    gles3 (total internal programs: 1, unique: 1)
Compiling shader "Hidden/BlitCopyDepth"
  Pass "" (vp)
    Target graphics API: gles3
    Full variant space:         1
    After settings filtering:   1
    After built-in stripping:   1
    After scriptable stripping: 1
    Processed in 0.00 seconds
  Pass  (vp, gles3) finished in 0.00 seconds. Local cache hits 1 (0.00s CPU time), remote cache hits 0 (0.00s CPU time), compiled 0 variants (0.00s CPU time), skipped 0 variants.
    Prepared data for serialisation in 0.00s
Serialized binary data for shader Hidden/BlitCopyDepth in 0.00s
    gles3 (total internal programs: 1, unique: 1)
Compiling shader "Hidden/ConvertTexture"
  Pass "" (vp)
    Target graphics API: gles3
    Full variant space:         1
    After settings filtering:   1
    After built-in stripping:   1
    After scriptable stripping: 1
    Processed in 0.00 seconds
  Pass  (vp, gles3) finished in 0.00 seconds. Local cache hits 1 (0.00s CPU time), remote cache hits 0 (0.00s CPU time), compiled 0 variants (0.00s CPU time), skipped 0 variants.
    Prepared data for serialisation in 0.00s
Serialized binary data for shader Hidden/ConvertTexture in 0.00s
    gles3 (total internal programs: 1, unique: 1)
Compiling shader "Hidden/Internal-DeferredShading"
  Pass "" (vp)
    Target graphics API: gles3
    Full variant space:         94
    After settings filtering:   94
    After built-in stripping:   26
    After scriptable stripping: 26
    Processed in 0.00 seconds
  Pass "" (vp)
    Target graphics API: gles3
    Full variant space:         1
    After settings filtering:   1
    After built-in stripping:   1
    After scriptable stripping: 1
    Processed in 0.00 seconds
  Pass  (vp, gles3) finished in 0.00 seconds. Local cache hits 26 (0.00s CPU time), remote cache hits 0 (0.00s CPU time), compiled 0 variants (0.00s CPU time), skipped 0 variants.
    Prepared data for serialisation in 0.00s
  Pass  (vp, gles3) finished in 0.00 seconds. Local cache hits 1 (0.00s CPU time), remote cache hits 0 (0.00s CPU time), compiled 0 variants (0.00s CPU time), skipped 0 variants.
    Prepared data for serialisation in 0.00s
Serialized binary data for shader Hidden/Internal-DeferredShading in 0.00s
    gles3 (total internal programs: 27, unique: 27)
Compiling shader "Hidden/Internal-DeferredReflections"
  Pass "" (vp)
    Target graphics API: gles3
    Full variant space:         1
    After settings filtering:   1
    After built-in stripping:   1
    After scriptable stripping: 1
    Processed in 0.00 seconds
  Pass "" (vp)
    Target graphics API: gles3
    Full variant space:         2
    After settings filtering:   2
    After built-in stripping:   2
    After scriptable stripping: 2
    Processed in 0.00 seconds
  Pass  (vp, gles3) finished in 0.00 seconds. Local cache hits 1 (0.00s CPU time), remote cache hits 0 (0.00s CPU time), compiled 0 variants (0.00s CPU time), skipped 0 variants.
    Prepared data for serialisation in 0.00s
  Pass  (vp, gles3) finished in 0.00 seconds. Local cache hits 2 (0.00s CPU time), remote cache hits 0 (0.00s CPU time), compiled 0 variants (0.00s CPU time), skipped 0 variants.
    Prepared data for serialisation in 0.00s
Serialized binary data for shader Hidden/Internal-DeferredReflections in 0.00s
    gles3 (total internal programs: 3, unique: 3)
Compiling shader "Hidden/Internal-MotionVectors"
  Pass "" (vp)
    Target graphics API: gles3
    Full variant space:         1
    After settings filtering:   1
    After built-in stripping:   1
    After scriptable stripping: 1
    Processed in 0.00 seconds
  Pass "" (vp)
    Target graphics API: gles3
    Full variant space:         1
    After settings filtering:   1
    After built-in stripping:   1
    After scriptable stripping: 1
    Processed in 0.00 seconds
  Pass "" (vp)
    Target graphics API: gles3
    Full variant space:         1
    After settings filtering:   1
    After built-in stripping:   1
    After scriptable stripping: 1
    Processed in 0.00 seconds
  Pass  (vp, gles3) finished in 0.00 seconds. Local cache hits 1 (0.00s CPU time), remote cache hits 0 (0.00s CPU time), compiled 0 variants (0.00s CPU time), skipped 0 variants.
    Prepared data for serialisation in 0.00s
  Pass  (vp, gles3) finished in 0.00 seconds. Local cache hits 1 (0.00s CPU time), remote cache hits 0 (0.00s CPU time), compiled 0 variants (0.00s CPU time), skipped 0 variants.
    Prepared data for serialisation in 0.00s
  Pass  (vp, gles3) finished in 0.00 seconds. Local cache hits 1 (0.00s CPU time), remote cache hits 0 (0.00s CPU time), compiled 0 variants (0.00s CPU time), skipped 0 variants.
    Prepared data for serialisation in 0.00s
Serialized binary data for shader Hidden/Internal-MotionVectors in 0.00s
    gles3 (total internal programs: 3, unique: 3)
Compiling shader "Hidden/Internal-Flare"
  Pass "" (vp)
    Target graphics API: gles3
    Full variant space:         1
    After settings filtering:   1
    After built-in stripping:   1
    After scriptable stripping: 1
    Processed in 0.00 seconds
  Pass  (vp, gles3) finished in 0.00 seconds. Local cache hits 1 (0.00s CPU time), remote cache hits 0 (0.00s CPU time), compiled 0 variants (0.00s CPU time), skipped 0 variants.
    Prepared data for serialisation in 0.00s
Serialized binary data for shader Hidden/Internal-Flare in 0.00s
    gles3 (total internal programs: 1, unique: 1)
Compiling shader "Hidden/Internal-Halo"
  Pass "" (vp)
    Target graphics API: gles3
    Full variant space:         4
    After settings filtering:   4
    After built-in stripping:   1
    After scriptable stripping: 1
    Processed in 0.00 seconds
  Pass  (vp, gles3) finished in 0.00 seconds. Local cache hits 1 (0.00s CPU time), remote cache hits 0 (0.00s CPU time), compiled 0 variants (0.00s CPU time), skipped 0 variants.
    Prepared data for serialisation in 0.00s
Serialized binary data for shader Hidden/Internal-Halo in 0.00s
    gles3 (total internal programs: 1, unique: 1)
Compiling shader "Hidden/BlitCopyWithDepth"
  Pass "" (vp)
    Target graphics API: gles3
    Full variant space:         1
    After settings filtering:   1
    After built-in stripping:   1
    After scriptable stripping: 1
    Processed in 0.00 seconds
  Pass  (vp, gles3) finished in 0.00 seconds. Local cache hits 1 (0.00s CPU time), remote cache hits 0 (0.00s CPU time), compiled 0 variants (0.00s CPU time), skipped 0 variants.
    Prepared data for serialisation in 0.00s
Serialized binary data for shader Hidden/BlitCopyWithDepth in 0.00s
    gles3 (total internal programs: 1, unique: 1)
Compiling shader "Hidden/BlitToDepth"
  Pass "" (vp)
    Target graphics API: gles3
    Full variant space:         1
    After settings filtering:   1
    After built-in stripping:   1
    After scriptable stripping: 1
    Processed in 0.00 seconds
  Pass  (vp, gles3) finished in 0.00 seconds. Local cache hits 1 (0.00s CPU time), remote cache hits 0 (0.00s CPU time), compiled 0 variants (0.00s CPU time), skipped 0 variants.
    Prepared data for serialisation in 0.00s
Serialized binary data for shader Hidden/BlitToDepth in 0.00s
    gles3 (total internal programs: 1, unique: 1)
Compiling shader "Hidden/BlitToDepth_MSAA"
  Pass "" (vp)
    Target graphics API: gles3
    Full variant space:         1
    After settings filtering:   1
    After built-in stripping:   1
    After scriptable stripping: 1
    Processed in 0.00 seconds
  Pass  (vp, gles3) finished in 0.00 seconds. Local cache hits 1 (0.00s CPU time), remote cache hits 0 (0.00s CPU time), compiled 0 variants (0.00s CPU time), skipped 0 variants.
    Prepared data for serialisation in 0.00s
Serialized binary data for shader Hidden/BlitToDepth_MSAA in 0.00s
    gles3 (total internal programs: 1, unique: 1)
Compiling shader "Hidden/BlitCopyHDRTonemap"
  Pass "" (vp)
    Target graphics API: gles3
    Full variant space:         1
    After settings filtering:   1
    After built-in stripping:   1
    After scriptable stripping: 1
    Processed in 0.00 seconds
  Pass  (vp, gles3) finished in 0.00 seconds. Local cache hits 1 (0.00s CPU time), remote cache hits 0 (0.00s CPU time), compiled 0 variants (0.00s CPU time), skipped 0 variants.
    Prepared data for serialisation in 0.00s
Serialized binary data for shader Hidden/BlitCopyHDRTonemap in 0.00s
    gles3 (total internal programs: 1, unique: 1)
Compiling shader "Hidden/Internal-DebugPattern"
  Pass "Target Color and DepthStencil" (vp)
    Target graphics API: gles3
    Full variant space:         1
    After settings filtering:   1
    After built-in stripping:   1
    After scriptable stripping: 1
    Processed in 0.00 seconds
  Pass "Target only Color" (vp)
    Target graphics API: gles3
    Full variant space:         1
    After settings filtering:   1
    After built-in stripping:   1
    After scriptable stripping: 1
    Processed in 0.00 seconds
  Pass "Target only DepthStencil" (vp)
    Target graphics API: gles3
    Full variant space:         1
    After settings filtering:   1
    After built-in stripping:   1
    After scriptable stripping: 1
    Processed in 0.00 seconds
  Pass Target Color and DepthStencil (vp, gles3) finished in 0.00 seconds. Local cache hits 1 (0.00s CPU time), remote cache hits 0 (0.00s CPU time), compiled 0 variants (0.00s CPU time), skipped 0 variants.
    Prepared data for serialisation in 0.00s
  Pass Target only Color (vp, gles3) finished in 0.00 seconds. Local cache hits 1 (0.00s CPU time), remote cache hits 0 (0.00s CPU time), compiled 0 variants (0.00s CPU time), skipped 0 variants.
    Prepared data for serialisation in 0.00s
  Pass Target only DepthStencil (vp, gles3) finished in 0.00 seconds. Local cache hits 1 (0.00s CPU time), remote cache hits 0 (0.00s CPU time), compiled 0 variants (0.00s CPU time), skipped 0 variants.
    Prepared data for serialisation in 0.00s
Serialized binary data for shader Hidden/Internal-DebugPattern in 0.00s
    gles3 (total internal programs: 3, unique: 3)
Compiling shader "Hidden/Internal-GUITextureClip"
  Pass "" (vp)
    Target graphics API: gles3
    Full variant space:         1
    After settings filtering:   1
    After built-in stripping:   1
    After scriptable stripping: 1
    Processed in 0.00 seconds
  Pass "" (vp)
    Target graphics API: gles3
    Full variant space:         1
    After settings filtering:   1
    After built-in stripping:   1
    After scriptable stripping: 1
    Processed in 0.00 seconds
  Pass  (vp, gles3) finished in 0.00 seconds. Local cache hits 1 (0.00s CPU time), remote cache hits 0 (0.00s CPU time), compiled 0 variants (0.00s CPU time), skipped 0 variants.
    Prepared data for serialisation in 0.00s
  Pass  (vp, gles3) finished in 0.00 seconds. Local cache hits 1 (0.00s CPU time), remote cache hits 0 (0.00s CPU time), compiled 0 variants (0.00s CPU time), skipped 0 variants.
    Prepared data for serialisation in 0.00s
Serialized binary data for shader Hidden/Internal-GUITextureClip in 0.00s
    gles3 (total internal programs: 2, unique: 1)
Compiling shader "Hidden/Internal-GUITextureClipText"
  Pass "" (vp)
    Target graphics API: gles3
    Full variant space:         1
    After settings filtering:   1
    After built-in stripping:   1
    After scriptable stripping: 1
    Processed in 0.00 seconds
  Pass "" (vp)
    Target graphics API: gles3
    Full variant space:         1
    After settings filtering:   1
    After built-in stripping:   1
    After scriptable stripping: 1
    Processed in 0.00 seconds
  Pass  (vp, gles3) finished in 0.00 seconds. Local cache hits 1 (0.00s CPU time), remote cache hits 0 (0.00s CPU time), compiled 0 variants (0.00s CPU time), skipped 0 variants.
    Prepared data for serialisation in 0.00s
  Pass  (vp, gles3) finished in 0.00 seconds. Local cache hits 1 (0.00s CPU time), remote cache hits 0 (0.00s CPU time), compiled 0 variants (0.00s CPU time), skipped 0 variants.
    Prepared data for serialisation in 0.00s
Serialized binary data for shader Hidden/Internal-GUITextureClipText in 0.00s
    gles3 (total internal programs: 2, unique: 1)
Compiling shader "Hidden/Internal-GUITexture"
  Pass "" (vp)
    Target graphics API: gles3
    Full variant space:         1
    After settings filtering:   1
    After built-in stripping:   1
    After scriptable stripping: 1
    Processed in 0.00 seconds
  Pass "" (vp)
    Target graphics API: gles3
    Full variant space:         1
    After settings filtering:   1
    After built-in stripping:   1
    After scriptable stripping: 1
    Processed in 0.00 seconds
  Pass  (vp, gles3) finished in 0.00 seconds. Local cache hits 1 (0.00s CPU time), remote cache hits 0 (0.00s CPU time), compiled 0 variants (0.00s CPU time), skipped 0 variants.
    Prepared data for serialisation in 0.00s
  Pass  (vp, gles3) finished in 0.00 seconds. Local cache hits 1 (0.00s CPU time), remote cache hits 0 (0.00s CPU time), compiled 0 variants (0.00s CPU time), skipped 0 variants.
    Prepared data for serialisation in 0.00s
Serialized binary data for shader Hidden/Internal-GUITexture in 0.00s
    gles3 (total internal programs: 2, unique: 1)
Compiling shader "Hidden/Internal-GUITextureBlit"
  Pass "" (vp)
    Target graphics API: gles3
    Full variant space:         1
    After settings filtering:   1
    After built-in stripping:   1
    After scriptable stripping: 1
    Processed in 0.00 seconds
  Pass "" (vp)
    Target graphics API: gles3
    Full variant space:         1
    After settings filtering:   1
    After built-in stripping:   1
    After scriptable stripping: 1
    Processed in 0.00 seconds
  Pass  (vp, gles3) finished in 0.00 seconds. Local cache hits 1 (0.00s CPU time), remote cache hits 0 (0.00s CPU time), compiled 0 variants (0.00s CPU time), skipped 0 variants.
    Prepared data for serialisation in 0.00s
  Pass  (vp, gles3) finished in 0.00 seconds. Local cache hits 1 (0.00s CPU time), remote cache hits 0 (0.00s CPU time), compiled 0 variants (0.00s CPU time), skipped 0 variants.
    Prepared data for serialisation in 0.00s
Serialized binary data for shader Hidden/Internal-GUITextureBlit in 0.00s
    gles3 (total internal programs: 2, unique: 1)
Compiling shader "Hidden/Internal-GUIRoundedRect"
  Pass "" (vp)
    Target graphics API: gles3
    Full variant space:         1
    After settings filtering:   1
    After built-in stripping:   1
    After scriptable stripping: 1
    Processed in 0.00 seconds
  Pass "" (vp)
    Target graphics API: gles3
    Full variant space:         1
    After settings filtering:   1
    After built-in stripping:   1
    After scriptable stripping: 1
    Processed in 0.00 seconds
  Pass  (vp, gles3) finished in 0.00 seconds. Local cache hits 1 (0.00s CPU time), remote cache hits 0 (0.00s CPU time), compiled 0 variants (0.00s CPU time), skipped 0 variants.
    Prepared data for serialisation in 0.00s
  Pass  (vp, gles3) finished in 0.00 seconds. Local cache hits 1 (0.00s CPU time), remote cache hits 0 (0.00s CPU time), compiled 0 variants (0.00s CPU time), skipped 0 variants.
    Prepared data for serialisation in 0.00s
Serialized binary data for shader Hidden/Internal-GUIRoundedRect in 0.00s
    gles3 (total internal programs: 2, unique: 1)
Compiling shader "Hidden/Internal-GUIRoundedRectWithColorPerBorder"
  Pass "" (vp)
    Target graphics API: gles3
    Full variant space:         1
    After settings filtering:   1
    After built-in stripping:   1
    After scriptable stripping: 1
    Processed in 0.00 seconds
  Pass "" (vp)
    Target graphics API: gles3
    Full variant space:         1
    After settings filtering:   1
    After built-in stripping:   1
    After scriptable stripping: 1
    Processed in 0.00 seconds
  Pass  (vp, gles3) finished in 0.00 seconds. Local cache hits 1 (0.00s CPU time), remote cache hits 0 (0.00s CPU time), compiled 0 variants (0.00s CPU time), skipped 0 variants.
    Prepared data for serialisation in 0.00s
  Pass  (vp, gles3) finished in 0.00 seconds. Local cache hits 1 (0.00s CPU time), remote cache hits 0 (0.00s CPU time), compiled 0 variants (0.00s CPU time), skipped 0 variants.
    Prepared data for serialisation in 0.00s
Serialized binary data for shader Hidden/Internal-GUIRoundedRectWithColorPerBorder in 0.00s
    gles3 (total internal programs: 2, unique: 1)
Compiling shader "Hidden/Internal-UIRDefault"
  Pass "" (vp)
    Target graphics API: gles3
    Full variant space:         40
    After settings filtering:   40
    After built-in stripping:   40
    After scriptable stripping: 40
    Processed in 0.00 seconds
  Pass  (vp, gles3) finished in 0.00 seconds. Local cache hits 40 (0.01s CPU time), remote cache hits 0 (0.00s CPU time), compiled 0 variants (0.00s CPU time), skipped 0 variants.
    Prepared data for serialisation in 0.00s
Serialized binary data for shader Hidden/Internal-UIRDefault in 0.00s
    gles3 (total internal programs: 40, unique: 40)
Compiling shader "Hidden/Internal-UIRAtlasBlitCopy"
  Pass "" (vp)
    Target graphics API: gles3
    Full variant space:         1
    After settings filtering:   1
    After built-in stripping:   1
    After scriptable stripping: 1
    Processed in 0.00 seconds
  Pass  (vp, gles3) finished in 0.00 seconds. Local cache hits 1 (0.00s CPU time), remote cache hits 0 (0.00s CPU time), compiled 0 variants (0.00s CPU time), skipped 0 variants.
    Prepared data for serialisation in 0.00s
Serialized binary data for shader Hidden/Internal-UIRAtlasBlitCopy in 0.00s
    gles3 (total internal programs: 1, unique: 1)
Compiling shader "Sprites/Default"
  Pass "" (vp)
    Target graphics API: gles3
    Full variant space:         8
    After settings filtering:   8
    After built-in stripping:   4
    After scriptable stripping: 4
    Processed in 0.00 seconds
  Pass  (vp, gles3) finished in 0.00 seconds. Local cache hits 4 (0.00s CPU time), remote cache hits 0 (0.00s CPU time), compiled 0 variants (0.00s CPU time), skipped 0 variants.
    Prepared data for serialisation in 0.00s
Serialized binary data for shader Sprites/Default in 0.00s
    gles3 (total internal programs: 4, unique: 4)
Compiling shader "Sprites/Mask"
  Pass "" (vp)
    Target graphics API: gles3
    Full variant space:         4
    After settings filtering:   4
    After built-in stripping:   4
    After scriptable stripping: 4
    Processed in 0.00 seconds
  Pass  (vp, gles3) finished in 0.00 seconds. Local cache hits 4 (0.00s CPU time), remote cache hits 0 (0.00s CPU time), compiled 0 variants (0.00s CPU time), skipped 0 variants.
    Prepared data for serialisation in 0.00s
Serialized binary data for shader Sprites/Mask in 0.00s
    gles3 (total internal programs: 4, unique: 4)
Compiling shader "UI/Default"
  Pass "Default" (vp)
    Target graphics API: gles3
    Full variant space:         4
    After settings filtering:   4
    After built-in stripping:   4
    After scriptable stripping: 4
    Processed in 0.00 seconds
  Pass "XRMotionVectors" (vp)
    Target graphics API: gles3
    Full variant space:         4
    After settings filtering:   4
    After built-in stripping:   4
    After scriptable stripping: 4
    Processed in 0.00 seconds
  Pass Default (vp, gles3) finished in 0.00 seconds. Local cache hits 4 (0.00s CPU time), remote cache hits 0 (0.00s CPU time), compiled 0 variants (0.00s CPU time), skipped 0 variants.
    Prepared data for serialisation in 0.00s
  Pass XRMotionVectors (vp, gles3) finished in 0.00 seconds. Local cache hits 4 (0.00s CPU time), remote cache hits 0 (0.00s CPU time), compiled 0 variants (0.00s CPU time), skipped 0 variants.
    Prepared data for serialisation in 0.00s
Serialized binary data for shader UI/Default in 0.00s
    gles3 (total internal programs: 8, unique: 8)
Compiling shader "UI/DefaultETC1"
  Pass "Default" (vp)
    Target graphics API: gles3
    Full variant space:         4
    After settings filtering:   4
    After built-in stripping:   4
    After scriptable stripping: 4
    Processed in 0.00 seconds
  Pass "XRMotionVectors" (vp)
    Target graphics API: gles3
    Full variant space:         4
    After settings filtering:   4
    After built-in stripping:   4
    After scriptable stripping: 4
    Processed in 0.00 seconds
  Pass Default (vp, gles3) finished in 0.00 seconds. Local cache hits 4 (0.00s CPU time), remote cache hits 0 (0.00s CPU time), compiled 0 variants (0.00s CPU time), skipped 0 variants.
    Prepared data for serialisation in 0.00s
  Pass XRMotionVectors (vp, gles3) finished in 0.00 seconds. Local cache hits 4 (0.00s CPU time), remote cache hits 0 (0.00s CPU time), compiled 0 variants (0.00s CPU time), skipped 0 variants.
    Prepared data for serialisation in 0.00s
Serialized binary data for shader UI/DefaultETC1 in 0.00s
    gles3 (total internal programs: 8, unique: 8)
Compiling shader "Hidden/CubeBlur"
  Pass "" (vp)
    Target graphics API: gles3
    Full variant space:         1
    After settings filtering:   1
    After built-in stripping:   1
    After scriptable stripping: 1
    Processed in 0.00 seconds
  Pass "" (vp)
    Target graphics API: gles3
    Full variant space:         1
    After settings filtering:   1
    After built-in stripping:   1
    After scriptable stripping: 1
    Processed in 0.00 seconds
  Pass  (vp, gles3) finished in 0.00 seconds. Local cache hits 1 (0.00s CPU time), remote cache hits 0 (0.00s CPU time), compiled 0 variants (0.00s CPU time), skipped 0 variants.
    Prepared data for serialisation in 0.00s
  Pass  (vp, gles3) finished in 0.00 seconds. Local cache hits 1 (0.00s CPU time), remote cache hits 0 (0.00s CPU time), compiled 0 variants (0.00s CPU time), skipped 0 variants.
    Prepared data for serialisation in 0.00s
Serialized binary data for shader Hidden/CubeBlur in 0.00s
    gles3 (total internal programs: 2, unique: 2)
Compiling shader "Hidden/CubeCopy"
  Pass "" (vp)
    Target graphics API: gles3
    Full variant space:         1
    After settings filtering:   1
    After built-in stripping:   1
    After scriptable stripping: 1
    Processed in 0.00 seconds
  Pass "" (vp)
    Target graphics API: gles3
    Full variant space:         1
    After settings filtering:   1
    After built-in stripping:   1
    After scriptable stripping: 1
    Processed in 0.00 seconds
  Pass  (vp, gles3) finished in 0.00 seconds. Local cache hits 1 (0.00s CPU time), remote cache hits 0 (0.00s CPU time), compiled 0 variants (0.00s CPU time), skipped 0 variants.
    Prepared data for serialisation in 0.00s
  Pass  (vp, gles3) finished in 0.00 seconds. Local cache hits 1 (0.00s CPU time), remote cache hits 0 (0.00s CPU time), compiled 0 variants (0.00s CPU time), skipped 0 variants.
    Prepared data for serialisation in 0.00s
Serialized binary data for shader Hidden/CubeCopy in 0.00s
    gles3 (total internal programs: 2, unique: 1)
Compiling shader "Hidden/CubeBlend"
  Pass "" (vp)
    Target graphics API: gles3
    Full variant space:         1
    After settings filtering:   1
    After built-in stripping:   1
    After scriptable stripping: 1
    Processed in 0.00 seconds
  Pass "" (vp)
    Target graphics API: gles3
    Full variant space:         1
    After settings filtering:   1
    After built-in stripping:   1
    After scriptable stripping: 1
    Processed in 0.00 seconds
  Pass  (vp, gles3) finished in 0.00 seconds. Local cache hits 1 (0.00s CPU time), remote cache hits 0 (0.00s CPU time), compiled 0 variants (0.00s CPU time), skipped 0 variants.
    Prepared data for serialisation in 0.00s
  Pass  (vp, gles3) finished in 0.00 seconds. Local cache hits 1 (0.00s CPU time), remote cache hits 0 (0.00s CPU time), compiled 0 variants (0.00s CPU time), skipped 0 variants.
    Prepared data for serialisation in 0.00s
Serialized binary data for shader Hidden/CubeBlend in 0.00s
    gles3 (total internal programs: 2, unique: 1)
Compiling shader "Hidden/VR/BlitTexArraySlice"
  Pass "" (vp)
    Target graphics API: gles3
    Full variant space:         1
    After settings filtering:   1
    After built-in stripping:   1
    After scriptable stripping: 1
    Processed in 0.00 seconds
  Pass  (vp, gles3) finished in 0.00 seconds. Local cache hits 1 (0.00s CPU time), remote cache hits 0 (0.00s CPU time), compiled 0 variants (0.00s CPU time), skipped 0 variants.
    Prepared data for serialisation in 0.00s
Serialized binary data for shader Hidden/VR/BlitTexArraySlice in 0.00s
    gles3 (total internal programs: 1, unique: 1)
Compiling shader "Hidden/Internal-ODSWorldTexture"
  Pass "" (vp)
    Target graphics API: gles3
    Full variant space:         1
    After settings filtering:   1
    After built-in stripping:   1
    After scriptable stripping: 1
    Processed in 0.00 seconds
  Pass "" (vp)
    Target graphics API: gles3
    Full variant space:         1
    After settings filtering:   1
    After built-in stripping:   1
    After scriptable stripping: 1
    Processed in 0.00 seconds
  Pass "" (vp)
    Target graphics API: gles3
    Full variant space:         1
    After settings filtering:   1
    After built-in stripping:   1
    After scriptable stripping: 1
    Processed in 0.00 seconds
  Pass "" (vp)
    Target graphics API: gles3
    Full variant space:         1
    After settings filtering:   1
    After built-in stripping:   1
    After scriptable stripping: 1
    Processed in 0.00 seconds
  Pass "" (vp)
    Target graphics API: gles3
    Full variant space:         1
    After settings filtering:   1
    After built-in stripping:   1
    After scriptable stripping: 1
    Processed in 0.00 seconds
  Pass "" (vp)
    Target graphics API: gles3
    Full variant space:         1
    After settings filtering:   1
    After built-in stripping:   1
    After scriptable stripping: 1
    Processed in 0.00 seconds
  Pass "" (vp)
    Target graphics API: gles3
    Full variant space:         1
    After settings filtering:   1
    After built-in stripping:   1
    After scriptable stripping: 1
    Processed in 0.00 seconds
  Pass "" (vp)
    Target graphics API: gles3
    Full variant space:         1
    After settings filtering:   1
    After built-in stripping:   1
    After scriptable stripping: 1
    Processed in 0.00 seconds
  Pass "" (vp)
    Target graphics API: gles3
    Full variant space:         1
    After settings filtering:   1
    After built-in stripping:   1
    After scriptable stripping: 1
    Processed in 0.00 seconds
  Pass "" (vp)
    Target graphics API: gles3
    Full variant space:         1
    After settings filtering:   1
    After built-in stripping:   1
    After scriptable stripping: 1
    Processed in 0.00 seconds
  Pass  (vp, gles3) finished in 0.00 seconds. Local cache hits 1 (0.00s CPU time), remote cache hits 0 (0.00s CPU time), compiled 0 variants (0.00s CPU time), skipped 0 variants.
    Prepared data for serialisation in 0.00s
  Pass  (vp, gles3) finished in 0.00 seconds. Local cache hits 1 (0.00s CPU time), remote cache hits 0 (0.00s CPU time), compiled 0 variants (0.00s CPU time), skipped 0 variants.
    Prepared data for serialisation in 0.00s
  Pass  (vp, gles3) finished in 0.00 seconds. Local cache hits 1 (0.00s CPU time), remote cache hits 0 (0.00s CPU time), compiled 0 variants (0.00s CPU time), skipped 0 variants.
    Prepared data for serialisation in 0.00s
  Pass  (vp, gles3) finished in 0.00 seconds. Local cache hits 1 (0.00s CPU time), remote cache hits 0 (0.00s CPU time), compiled 0 variants (0.00s CPU time), skipped 0 variants.
    Prepared data for serialisation in 0.00s
  Pass  (vp, gles3) finished in 0.00 seconds. Local cache hits 1 (0.00s CPU time), remote cache hits 0 (0.00s CPU time), compiled 0 variants (0.00s CPU time), skipped 0 variants.
    Prepared data for serialisation in 0.00s
  Pass  (vp, gles3) finished in 0.00 seconds. Local cache hits 1 (0.00s CPU time), remote cache hits 0 (0.00s CPU time), compiled 0 variants (0.00s CPU time), skipped 0 variants.
    Prepared data for serialisation in 0.00s
  Pass  (vp, gles3) finished in 0.00 seconds. Local cache hits 1 (0.00s CPU time), remote cache hits 0 (0.00s CPU time), compiled 0 variants (0.00s CPU time), skipped 0 variants.
    Prepared data for serialisation in 0.00s
  Pass  (vp, gles3) finished in 0.00 seconds. Local cache hits 1 (0.00s CPU time), remote cache hits 0 (0.00s CPU time), compiled 0 variants (0.00s CPU time), skipped 0 variants.
    Prepared data for serialisation in 0.00s
  Pass  (vp, gles3) finished in 0.00 seconds. Local cache hits 1 (0.00s CPU time), remote cache hits 0 (0.00s CPU time), compiled 0 variants (0.00s CPU time), skipped 0 variants.
    Prepared data for serialisation in 0.00s
  Pass  (vp, gles3) finished in 0.00 seconds. Local cache hits 1 (0.00s CPU time), remote cache hits 0 (0.00s CPU time), compiled 0 variants (0.00s CPU time), skipped 0 variants.
    Prepared data for serialisation in 0.00s
Serialized binary data for shader Hidden/Internal-ODSWorldTexture in 0.00s
    gles3 (total internal programs: 10, unique: 9)
Compiling shader "Hidden/Internal-CubemapToEquirect"
  Pass "" (vp)
    Target graphics API: gles3
    Full variant space:         1
    After settings filtering:   1
    After built-in stripping:   1
    After scriptable stripping: 1
    Processed in 0.00 seconds
  Pass  (vp, gles3) finished in 0.00 seconds. Local cache hits 1 (0.00s CPU time), remote cache hits 0 (0.00s CPU time), compiled 0 variants (0.00s CPU time), skipped 0 variants.
    Prepared data for serialisation in 0.00s
Serialized binary data for shader Hidden/Internal-CubemapToEquirect in 0.00s
    gles3 (total internal programs: 1, unique: 1)
Compiling shader "Hidden/VR/BlitFromTex2DToTexArraySlice"
  Pass "" (vp)
    Target graphics API: gles3
    Full variant space:         1
    After settings filtering:   1
    After built-in stripping:   1
    After scriptable stripping: 1
    Processed in 0.00 seconds
  Pass "" (vp)
    Target graphics API: gles3
    Full variant space:         1
    After settings filtering:   1
    After built-in stripping:   1
    After scriptable stripping: 1
    Processed in 0.00 seconds
  Pass  (vp, gles3) finished in 0.00 seconds. Local cache hits 1 (0.00s CPU time), remote cache hits 0 (0.00s CPU time), compiled 0 variants (0.00s CPU time), skipped 0 variants.
    Prepared data for serialisation in 0.00s
  Pass  (vp, gles3) finished in 0.00 seconds. Local cache hits 1 (0.00s CPU time), remote cache hits 0 (0.00s CPU time), compiled 0 variants (0.00s CPU time), skipped 0 variants.
    Prepared data for serialisation in 0.00s
Serialized binary data for shader Hidden/VR/BlitFromTex2DToTexArraySlice in 0.00s
    gles3 (total internal programs: 2, unique: 2)
Compiling shader "Hidden/VideoComposite"
  Pass "Default" (vp)
    Target graphics API: gles3
    Full variant space:         1
    After settings filtering:   1
    After built-in stripping:   1
    After scriptable stripping: 1
    Processed in 0.00 seconds
  Pass Default (vp, gles3) finished in 0.00 seconds. Local cache hits 1 (0.00s CPU time), remote cache hits 0 (0.00s CPU time), compiled 0 variants (0.00s CPU time), skipped 0 variants.
    Prepared data for serialisation in 0.00s
Serialized binary data for shader Hidden/VideoComposite in 0.00s
    gles3 (total internal programs: 1, unique: 1)
Compiling shader "Hidden/TextCore/Distance Field SSD"
  Pass "" (vp)
    Target graphics API: gles3
    Full variant space:         1
    After settings filtering:   1
    After built-in stripping:   1
    After scriptable stripping: 1
    Processed in 0.00 seconds
  Pass  (vp, gles3) finished in 0.00 seconds. Local cache hits 1 (0.00s CPU time), remote cache hits 0 (0.00s CPU time), compiled 0 variants (0.00s CPU time), skipped 0 variants.
    Prepared data for serialisation in 0.00s
Serialized binary data for shader Hidden/TextCore/Distance Field SSD in 0.00s
    gles3 (total internal programs: 1, unique: 1)
Compiling shader "Hidden/Physics2D/SDF_CircleGeometry"
  Pass "" (vp)
    Target graphics API: gles3
    Full variant space:         2
    After settings filtering:   2
    After built-in stripping:   1
    After scriptable stripping: 1
    Processed in 0.00 seconds
  Pass  (vp, gles3) finished in 0.00 seconds. Local cache hits 1 (0.00s CPU time), remote cache hits 0 (0.00s CPU time), compiled 0 variants (0.00s CPU time), skipped 0 variants.
    Prepared data for serialisation in 0.00s
Serialized binary data for shader Hidden/Physics2D/SDF_CircleGeometry in 0.00s
    gles3 (total internal programs: 1, unique: 1)
Compiling shader "Hidden/Physics2D/SDF_CapsuleGeometry"
  Pass "" (vp)
    Target graphics API: gles3
    Full variant space:         2
    After settings filtering:   2
    After built-in stripping:   1
    After scriptable stripping: 1
    Processed in 0.00 seconds
  Pass  (vp, gles3) finished in 0.00 seconds. Local cache hits 1 (0.00s CPU time), remote cache hits 0 (0.00s CPU time), compiled 0 variants (0.00s CPU time), skipped 0 variants.
    Prepared data for serialisation in 0.00s
Serialized binary data for shader Hidden/Physics2D/SDF_CapsuleGeometry in 0.00s
    gles3 (total internal programs: 1, unique: 1)
Compiling shader "Hidden/Physics2D/SDF_PolygonGeometry"
  Pass "" (vp)
    Target graphics API: gles3
    Full variant space:         2
    After settings filtering:   2
    After built-in stripping:   1
    After scriptable stripping: 1
    Processed in 0.00 seconds
  Pass  (vp, gles3) finished in 0.00 seconds. Local cache hits 1 (0.00s CPU time), remote cache hits 0 (0.00s CPU time), compiled 0 variants (0.00s CPU time), skipped 0 variants.
    Prepared data for serialisation in 0.00s
Serialized binary data for shader Hidden/Physics2D/SDF_PolygonGeometry in 0.00s
    gles3 (total internal programs: 1, unique: 1)
Compiling shader "Hidden/Physics2D/SDF_Line"
  Pass "" (vp)
    Target graphics API: gles3
    Full variant space:         2
    After settings filtering:   2
    After built-in stripping:   1
    After scriptable stripping: 1
    Processed in 0.00 seconds
  Pass  (vp, gles3) finished in 0.00 seconds. Local cache hits 1 (0.00s CPU time), remote cache hits 0 (0.00s CPU time), compiled 0 variants (0.00s CPU time), skipped 0 variants.
    Prepared data for serialisation in 0.00s
Serialized binary data for shader Hidden/Physics2D/SDF_Line in 0.00s
    gles3 (total internal programs: 1, unique: 1)
Compiling shader "Hidden/Physics2D/SDF_Point"
  Pass "" (vp)
    Target graphics API: gles3
    Full variant space:         2
    After settings filtering:   2
    After built-in stripping:   1
    After scriptable stripping: 1
    Processed in 0.00 seconds
  Pass  (vp, gles3) finished in 0.00 seconds. Local cache hits 1 (0.00s CPU time), remote cache hits 0 (0.00s CPU time), compiled 0 variants (0.00s CPU time), skipped 0 variants.
    Prepared data for serialisation in 0.00s
Serialized binary data for shader Hidden/Physics2D/SDF_Point in 0.00s
    gles3 (total internal programs: 1, unique: 1)
Curl error 7: Failed to connect to config.uca.cloud.unity3d.com port 443 after 2081 ms: Could not connect to server

***Player size statistics***
Level 0 'Assets/Scenes/Phase0Boxer.unity' uses 37.9 MB compressed / 59.0 MB uncompressed.
Total compressed size 37.9 MB. Total uncompressed size 59.0 MB.
SpriteAtlasDatabase::Cleanup
Starting: C:\Program Files\Unity\Hub\Editor\6000.5.8f1\Editor\Data\Tools\BuildPipeline\bee_backend.exe --ipc --dagfile="Library/Bee/Player51d15e2b.dag" --profile="Library/Bee/backend1.traceevents" Player
WorkingDir: D:/WORK/RESEARCH/POVGame/boxer-wave1/unity/BoxerP0
Starting: C:\Program Files\Unity\Hub\Editor\6000.5.8f1\Editor\Data\netcorerun\netcorerun.exe "C:\Program Files\Unity\Hub\Editor\6000.5.8f1\Editor\Data\PlaybackEngines\WebGLSupport\WebGLPlayerBuildProgram.exe" "C:/Program Files/Unity/Hub/Editor/6000.5.8f1/Editor/Data/PlaybackEngines/WebGLSupport/Bee;C:/Program Files/Unity/Hub/Editor/6000.5.8f1/Editor/Data/Tools/BuildPipeline" "Library/Bee/Player51d15e2b.dag.json" "Library/Bee/Player51d15e2b-inputdata.json" "Library\Bee\buildprogram0.traceevents"
WorkingDir: D:/WORK/RESEARCH/POVGame/boxer-wave1/unity/BoxerP0
ExitCode: 4 Duration: 0s55ms
DisplayProgressbar: Incremental Player Build
ExitCode: 0 Duration: 0s590ms
Starting: C:\Program Files\Unity\Hub\Editor\6000.5.8f1\Editor\Data\Tools\BuildPipeline\bee_backend.exe --ipc --dagfile="Library/Bee/Player51d15e2b.dag" --dagfilejson="Library\Bee\Player51d15e2b.dag.json" --profile="Library/Bee/backend2.traceevents" Player
WorkingDir: D:/WORK/RESEARCH/POVGame/boxer-wave1/unity/BoxerP0
Starting: C:\Program Files\Unity\Hub\Editor\6000.5.8f1\Editor\Data\netcorerun\netcorerun.exe "C:\Program Files\Unity\Hub\Editor\6000.5.8f1\Editor\Data\PlaybackEngines\WebGLSupport\WebGLPlayerBuildProgram.exe" "C:/Program Files/Unity/Hub/Editor/6000.5.8f1/Editor/Data/PlaybackEngines/WebGLSupport/Bee;C:/Program Files/Unity/Hub/Editor/6000.5.8f1/Editor/Data/Tools/BuildPipeline" "Library/Bee/Player51d15e2b.dag.json" "Library/Bee/Player51d15e2b-inputdata.json" "Library\Bee\buildprogram1.traceevents"
WorkingDir: D:/WORK/RESEARCH/POVGame/boxer-wave1/unity/BoxerP0
ExitCode: 4 Duration: 1m:25s
ExitCode: 0 Duration: 0s542ms
Starting: C:\Program Files\Unity\Hub\Editor\6000.5.8f1\Editor\Data\Tools\BuildPipeline\bee_backend.exe --ipc --dagfile="Library/Bee/Player51d15e2b.dag" --dagfilejson="Library\Bee\Player51d15e2b.dag.json" --profile="Library/Bee/backend3.traceevents" Player
WorkingDir: D:/WORK/RESEARCH/POVGame/boxer-wave1/unity/BoxerP0
Starting: C:\Program Files\Unity\Hub\Editor\6000.5.8f1\Editor\Data\netcorerun\netcorerun.exe "C:\Program Files\Unity\Hub\Editor\6000.5.8f1\Editor\Data\PlaybackEngines\WebGLSupport\WebGLPlayerBuildProgram.exe" "C:/Program Files/Unity/Hub/Editor/6000.5.8f1/Editor/Data/PlaybackEngines/WebGLSupport/Bee;C:/Program Files/Unity/Hub/Editor/6000.5.8f1/Editor/Data/Tools/BuildPipeline" "Library/Bee/Player51d15e2b.dag.json" "Library/Bee/Player51d15e2b-inputdata.json" "Library\Bee\buildprogram2.traceevents"
WorkingDir: D:/WORK/RESEARCH/POVGame/boxer-wave1/unity/BoxerP0
ExitCode: 4 Duration: 0s854ms
ExitCode: 0 Duration: 0s579ms
Starting: C:\Program Files\Unity\Hub\Editor\6000.5.8f1\Editor\Data\Tools\BuildPipeline\bee_backend.exe --ipc --dagfile="Library/Bee/Player51d15e2b.dag" --dagfilejson="Library\Bee\Player51d15e2b.dag.json" --profile="Library/Bee/backend4.traceevents" Player
WorkingDir: D:/WORK/RESEARCH/POVGame/boxer-wave1/unity/BoxerP0
ExitCode: 0 Duration: 0s445ms
[websockify wrapper] Start node and websockify.js
Total cache size 15393888
Total cache size after purge 15393888, took 00:00:00.0289155
[Licensing::Client] Successfully resolved entitlement details
[Licensing::Module] License group:
  Id: F4-84B2-AJYW-2F6S-HS3K-XXXX
  Product: Unity Personal
  Type: ULF
  Expiration: 2026-11-16T13:07:44Z
[Licensing::Module] License group:
  Id: 18968483178885-UnityPersXXXX
  Product: Unity Personal
  Type: Assigned
  Expiration: Unlimited

-------------------------------------------------------------------------------
Build Report
Uncompressed usage by category (Percentages based on user generated assets only):
Textures               35.7 mb	 61.1% 
Meshes                 22.4 mb	 38.3% 
Animations             0.0 kb	 0.0% 
Sounds                 0.0 kb	 0.0% 
Shaders                123.5 kb	 0.2% 
Other Assets           223.8 kb	 0.4% 
Levels                 0.0 kb	 0.0% 
File headers           15.6 kb	 0.0% 
Total User Assets      58.5 mb	 100.0% 
Complete build size    59.8 mb
Used Assets and files from the Resources folder, sorted by uncompressed size:
 21.2 mb	 35.5% Assets/Resources/Boxer3D/Ramirez_UAT3.fbx
 7.6 mb	 12.6% Assets/Resources/EV/ReferenceSegments/player-glove.png
 6.0 mb	 10.0% Assets/Resources/EV/RamirezHead.png
 6.0 mb	 10.0% Assets/Resources/EV/GloveLeather.png
 4.5 mb	 7.5% Assets/Resources/P1V/player-glove-left-chroma.png
 2.7 mb	 4.5% Built-in Texture2D: Splash Screen Unity Logo
 1.3 mb	 2.2% Assets/Resources/Product/HomeBrand.jpg
 1.3 mb	 2.1% Assets/Resources/EV/ReferenceSegments/ramirez-shorts.png
 768.1 kb	 1.3% Assets/Resources/P1V/ramirez-straight-chroma.png
 768.1 kb	 1.3% Assets/Resources/P1V/ramirez-hook-chroma.png
 768.1 kb	 1.3% Assets/Resources/P1V/ramirez-guard-chroma.png
 768.1 kb	 1.3% Assets/Resources/P1V/championship-arena.png
 648.1 kb	 1.1% Assets/Resources/Product/CoachReference.jpg
 600.5 kb	 1.0% Assets/Resources/Boxer3D/PlayerPOVGlove_Right_W1.fbx
 600.5 kb	 1.0% Assets/Resources/Boxer3D/PlayerPOVGlove_Left_W1.fbx
 569.8 kb	 0.9% Resources/unity_builtin_extra
 523.9 kb	 0.9% Assets/Resources/EV/ReferenceSegments/ramirez-thigh.png
 487.9 kb	 0.8% Assets/Resources/EV/ReferenceSegments/ramirez-boot.png
 414.0 kb	 0.7% Assets/Resources/EV/ReferenceSegments/ramirez-torso.png
 370.9 kb	 0.6% Assets/Resources/EV/ReferenceSegments/ramirez-shin.png
 346.2 kb	 0.6% Assets/Resources/EV/ReferenceSegments/ramirez-head.png
 168.4 kb	 0.3% Assets/Resources/Fonts/Oswald.ttf
 127.3 kb	 0.2% Assets/Resources/EV/ReferenceSegments/ramirez-arm.png
 107.9 kb	 0.2% Assets/Resources/Boxer3D/PlayerPOVGlove_UAT3.fbx
 68.0 kb	 0.1% Assets/Resources/EV/ReferenceSegments/ramirez-glove.png
 30.3 kb	 0.0% Assets/Resources/Wave1Leather.shader
 6.0 kb	 0.0% Assets/Resources/EVSurface.shader
 4.1 kb	 0.0% Assets/Resources/BoxerP1VChromaKey.shader
 4.1 kb	 0.0% Assets/Resources/POVArmSkin.shader
 4.1 kb	 0.0% Assets/Resources/BoxerRound2Surface.shader
 3.8 kb	 0.0% Assets/Resources/AudienceFlash.shader
 3.6 kb	 0.0% Assets/Resources/TrainingGlassBlur.shader
 3.6 kb	 0.0% Assets/Resources/EVText.shader
 3.5 kb	 0.0% Assets/Resources/EVBackdrop.shader
 3.4 kb	 0.0% Assets/Resources/BoxerP0UnlitColor.shader
 0.4 kb	 0.0% Built-in Sprite: 
 0.2 kb	 0.0% Packages/com.unity.multiplayer.center/Common/IOnboardingSectionAnalyticsProvider.cs
 0.1 kb	 0.0% Packages/com.unity.multiplayer.center/Common/SelectedSolutionsData.cs
 0.1 kb	 0.0% Packages/com.unity.multiplayer.center/Common/IOnboardingSection.cs
 0.1 kb	 0.0% Packages/com.unity.multiplayer.center/Common/StyleConstants.cs
 0.1 kb	 0.0% Packages/com.unity.multiplayer.center/Common/AnswerData.cs
 0.1 kb	 0.0% Assets/Scripts/P1StraightBodyCouplingMath.cs
 0.1 kb	 0.0% Assets/Scripts/TrainingGlassBackground.cs
 0.1 kb	 0.0% Assets/Scripts/P1WholeBodyRecoveryMath.cs
 0.1 kb	 0.0% Assets/Scripts/P1VCombatPresentation.cs
 0.1 kb	 0.0% Assets/Scripts/P1CombatObservability.cs
 0.1 kb	 0.0% Assets/Scripts/OpponentLegEmbodiment.cs
 0.1 kb	 0.0% Assets/Scripts/Blender3DVisualFollower.cs
 0.1 kb	 0.0% Assets/Scripts/TrainingGestureGuide.cs
 0.1 kb	 0.0% Assets/Scripts/RamirezAcceptedRig.cs
 0.1 kb	 0.0% Assets/Scripts/PunchMotionProfile.cs
 0.1 kb	 0.0% Assets/Scripts/PlayerPOVArmVisual.cs
 0.1 kb	 0.0% Assets/Scripts/P1WeightTransferMath.cs
 0.1 kb	 0.0% Assets/Scripts/P1OpponentAttributes.cs
 0.1 kb	 0.0% Assets/Scripts/P1CounterGeometry.cs
 0.1 kb	 0.0% Assets/Scripts/P1BodyRotationMath.cs
 0.1 kb	 0.0% Assets/Scripts/ArmVisualEmbodiment.cs
 0.1 kb	 0.0% Assets/Scripts/Wave1WebAudit.cs
 0.1 kb	 0.0% Assets/Scripts/Round2Footwork.cs
 0.1 kb	 0.0% Assets/Scripts/Round2CombatRig.cs
 0.1 kb	 0.0% Assets/Scripts/RingPresentation.cs
 0.1 kb	 0.0% Assets/Scripts/ProductScreens.cs
 0.1 kb	 0.0% Assets/Scripts/Phase0Telemetry.cs
 0.1 kb	 0.0% Assets/Scripts/Phase0Model.cs
 0.1 kb	 0.0% Assets/Scripts/P1PunchMechanics.cs
 0.1 kb	 0.0% Assets/Scripts/OpponentBoxer.cs
 0.1 kb	 0.0% Assets/Scripts/EVVisualShell.cs
 0.1 kb	 0.0% Assets/Scripts/CoachMatchReview.cs
 0.1 kb	 0.0% Assets/Scripts/BoxerVisualShell.cs
 0.1 kb	 0.0% Assets/Scripts/BoxerFeedback.cs
 0.1 kb	 0.0% Assets/Scripts/BoxerBootstrap.cs
 0.1 kb	 0.0% Assets/Scripts/ArenaSurround.cs
 0.1 kb	 0.0% Assets/Scripts/Round2Motion.cs
 0.1 kb	 0.0% Assets/Scripts/PlayerBoxer.cs
 0.1 kb	 0.0% Assets/Scripts/P1PunchGuide.cs
 0.1 kb	 0.0% Assets/Scripts/CombatBout.cs
 0.1 kb	 0.0% Assets/Scripts/CoachCatalog.cs
 0.1 kb	 0.0% Assets/Scripts/BoxerInput.cs
-------------------------------------------------------------------------------
[Licensing::Client] Successfully resolved entitlement details
[Licensing::Module] License group:
  Id: F4-84B2-AJYW-2F6S-HS3K-XXXX
  Product: Unity Personal
  Type: ULF
  Expiration: 2026-11-16T13:07:44Z
[Licensing::Module] License group:
  Id: 18968483178885-UnityPersXXXX
  Product: Unity Personal
  Type: Assigned
  Expiration: Unlimited
Unloading 31 Unused Serialized files (Serialized files now loaded: 0)
Unloading 402 unused Assets / (502.4 KB). Loaded Objects now: 994.
Memory consumption went from 240.3 MB to 239.8 MB.
Total: 27.754500 ms (FindLiveObjects: 0.073100 ms CreateObjectMapping: 0.046000 ms MarkObjects: 26.977500 ms  DeleteObjects: 0.656500 ms)

DisplayProgressNotification: Build Successful
Build Finished, Result: Success.
[websockify wrapper] Proxying from :35020 to localhost:34999
##utp:{"success":true,"type":"PlayerBuildInfo","version":2,"phase":"Immediate","time":1791634165649,"processId":27944,"steps":[{"description":"Preprocess Player","duration":8},{"description":"Prepare For Build","duration":0},{"description":"ProducePlayerScriptAssemblies","duration":3571},{"description":"Verify Build setup","duration":17},{"description":"Prepare assets for target platform","duration":0},{"description":"Prepare splash screen","duration":0},{"description":"Build scripts DLLs","duration":31},{"description":"Building scenes","duration":59},{"description":"Build GlobalGameManagers file","duration":108},{"description":"Writing asset files","duration":245},{"description":"Building Resources/unity_builtin_extra","duration":69},{"description":"Creating compressed player package","duration":6132},{"description":"Write data build dirty tracking information","duration":17},{"description":"Postprocess built player","duration":88615}],"duration":98872}
Unloading 0 Unused Serialized files (Serialized files now loaded: 0)
Loaded scene 'Temp/__Backupscenes/0.backup'
	Deserialize:            0.631 ms
	Integration:            5.427 ms
	Integration of assets:  0.001 ms
	Thread Wait Time:       0.012 ms
	Total Operation Time:   6.072 ms
Unloading 0 unused Assets / (16 B). Loaded Objects now: 992.
Memory consumption went from 232.0 MB to 232.0 MB.
Total: 5.080900 ms (FindLiveObjects: 0.056600 ms CreateObjectMapping: 0.016900 ms MarkObjects: 5.000900 ms  DeleteObjects: 0.005000 ms)

ROUND2_WEB_BUILD_SUCCESS
source_sha=dd9434bfb74287845f980cf72ff9363c0b201952
art_source_sha=3e4e13c4b4451cb542e068652508ec12e248225f
blend_sha256=419466859d7f119f98d7e69dc2673f0b378dbf5a892f0e2a6d7254cbc974af12
productVersion=w1-dd9434bfb74287845f980cf72ff9363c0b201952
unity=6000.5.8f1
result=Succeeded
build_seconds=99.1835676
total_bytes=62670919
contact=shared_anatomical_pose_relative_sphere_sweep_240Hz
presentation=accepted_ramirez_native_rig_readonly_mapping_no_bottom_controls
vitals=wave1_authoritative_hp_stamina_capacity_quality_recovery_ko
product_loop=home_preview_ring_intro_bell_fight_end_bell_result_rematch
ring_intro=owner_clip_5.166667s_no_ai_no_input_no_vitals_no_clock_epoch_checked_media_completion
ring_audio=owner_clip_time_segment_bell_5.15_end_crowd_0.25_4.85_not_isolated_stems
training=coach_only_optional_head_footwork_four_punch_families_no_ai_no_score_persist_completion
coach=approved_2d_reference_art_five_native_cards_three_existing_unscored_drills_two_information_modules_no_stat_upgrade
coach_review=last_completed_bout_authoritative_endpoints_resolved_accuracy_validated_local_record_count_based_existing_module_links_no_upgrade
hp_ko_balance=HP-KO-001_OWNER_HOLD_COMBAT_RULES_UNCHANGED
arena_audience=four_inward_photo_scenery_sides_shared_mesh_material_not_animated_3d_crowd
audience_flash=24_local_quads_one_at_time_1.5s_interval_0.16s_pulse_fight_only_no_lights_no_physics
training_guides=native_boot_head_glove_icons_directional_light_trails_repeat_tap_training_only
training_glass=live_scene_separable_blur_reduced_256x512_max_card_only_no_fight_postprocess
player_arms=continuous_two_segment_tucked_pov_elbow_visual_only_shared_shoulder_glove_anchors
punch_feel=per_intent_ballistic_shared_pose_fast_pull_guard_settle_60ms_swipe_no_combo_buffer
combat_timeline=phase_boundary_substeps_max_240Hz_contact_vitals_same_timeline_carry_over_no_global_hitstop
impact=resolved_receipt_head_body_block_layered_sfx_bounded_native_bone_reaction_material_pressure_35ms_no_camera_shake
combat_fairness=multiply_high_ai_choice_shared_all_volume_contact_neutral_straight_engagement_range
footwork=pov_facing_relative_axes_shared_forward_ring_extent_minimum_torso_separation
player_glove_left_sha256=889cc297646300870f9d105a90fee0a33b2320eed9994a132202c2d987e55d5d
player_glove_right_sha256=862d383ad9c75e0453f2f31d7bc2962a2665447b632c1c60a33a4cb73eed6d91
desktop_validation=explicit_query_flag_synthetic_no_sensor_claim
fbx_sha256=c2958f4085cb83cdbd0c05a13beec79b2b21d253fe5bc5521bc5ae7fc18188b6
index.html=192aef7e23e5e85e25d5efaf4e86cab0bfcb77de9b4327f464754c42edb57a99
Build/boxer-round2.data=3823d34974caa06130c0adc1b791ef6a9ca99736b13a0e82d0cdc17865d8b9a4
Build/boxer-round2.framework.js=0497118a3ab81832edb9cce468f7631a2db5101084e0c8273743bbcfff3ef497
Build/boxer-round2.loader.js=ac0217449200370f4035c6dfcdfecce3e8ccd87f683db1d6bfed34212fc47dd1
Build/boxer-round2.wasm=a4e6ec59afcce98dee56e87028d71412c07f910c73ec3ae3a2144f07c74ac46b
TemplateData/favicon.ico=4dcbf263f83d1ac3b33812c51a6145f12809ec52ee6056c739dd16e2248201b2
TemplateData/ring-media.js=5157ff0d51a400a3026b170a50ffbc921c3fa220b2a9ea43b3b8744aa71c6a78
TemplateData/style.css=ac92f30d404d859080a0e4f1a182fedbc69114356fc8d2b5ac4b7479d4034dd3
StreamingAssets/RingMedia/bell.mp3=21b2cd12f42967f0b2ee0da27b51e80dd3826ca7e530d4bb00fd17bb94a8c5a7
StreamingAssets/RingMedia/crowd.mp3=f2f57f3fe287adfd1a24b5364459486bce7881c154bb3b939ac434c9215431a0
StreamingAssets/RingMedia/intro.mp3=a84ef2efb83fe45696507f7c8b2b1f93572585aa57fcfee7d0c0a58be52a8c06
StreamingAssets/RingMedia/ring-girl.mp4=d1a2e89da20ee4e6535bf7d4a732e87a95620575adf17082c817b0de2b3b5c23
UnityEngine.Debug:ExtractStackTraceNoAlloc (byte*,int,string)
UnityEngine.StackTraceUtility:ExtractStackTrace ()
UnityEngine.DebugLogHandler:Internal_Log (UnityEngine.LogType,UnityEngine.LogOption,string,UnityEngine.Object)
UnityEngine.DebugLogHandler:LogFormat (UnityEngine.LogType,UnityEngine.Object,string,object[])
UnityEngine.Logger:Log (UnityEngine.LogType,object)
UnityEngine.Debug:Log (object)
BoxerP0.Editor.Round2Build:Web () (at Assets/Editor/Round2Build.cs:83)

(Filename: Assets/Editor/Round2Build.cs Line: 83)

AcceleratorClientConnectionCallback - disconnected - :0
Importing 'GUID: 00000000000000004000000000000000 - Path: ProjectSettings/ProjectSettings.asset' with importer (LibraryAssetImporter)
Imported 'GUID: 00000000000000004000000000000000' -> (Import Result ID: '7b3b197356205a854c1c89f2d58ca1d9') in 0.001 seconds [static dependencies only]. Details - ImportResultOutputID=276a810dac73e1f29404d5e5f692e214 DependenciesID=f87e6d600c4756dc56c29c0995261892 StaticDependenciesID=82b4367a0f43409a1e90036ccedd2477 
Asset Pipeline Refresh (id=7482c378c1401e549a96886a12f1fcd1): Total: 0.015 seconds - Initiated by StopAssetImportingV2(NoUpdateAssetOptions)
Asset Pipeline Refresh (id=a6fef900e7c93ee49939c8e5abbf855a): Total: 0.013 seconds - Initiated by RefreshV2(NoUpdateAssetOptions)
Curl error 7: Failed to connect to cdp.cloud.unity3d.com port 443 after 2058 ms: Could not connect to server
Batchmode quit successfully invoked - shutting down!
[websockify wrapper] Kill
[websockify wrapper] Process killed
[Physics::Module] Cleanup current backend.
[Physics::Module] Id: 0xf2b8ea05
Input System module state changed to: ShutdownInProgress.
Input Polling Thread exited.
Input System module state changed to: Shutdown.
[Licensing::IpcConnector] LicenseClient-minht-notifications channel disconnected successfully.
[Licensing::IpcConnector] LicenseClient-minht channel disconnected successfully.
Lingering sessions upon destruction of worker manager
AcceleratorClientConnectionCallback - disconnected - :0
Cleanup mono
CodeReloadManager destroyed
[websockify wrapper] Kill
Exiting batchmode successfully now!
Exiting without the bug reporter. Application will terminate with return code 0