[Licensing::Module] Trying to connect to existing licensing client channel...
Built from '6000.5/staging' branch; Version is '6000.5.8f1 (5cb7df797b7d) revision 6076383'; Using compiler version '194234433'; Build Type 'Release'
[Licensing::IpcConnector] Channel LicenseClient-minht doesn't exist
OS: 'Windows 11  (10.0.26300) CoreSingleLanguage' Language: 'en' Physical Memory: 32345 MB
BatchMode: 1, IsHumanControllingUs: 0, StartBugReporterOnCrash: 0, Is64bit: 1
System  architecture: x64
Process architecture: x64
Date: 2026-10-10T05:11:59Z
[Licensing::Module] Successfully launched the LicensingClient (PId: 25984)
[Licensing::IpcConnector] Successfully connected to: "LicenseClient-minht" at "2026-10-10T05:12:00.0827923Z"
[Licensing::Client] Code 10 while verifying Licensing Client signature (process Id: 25984, path: "C:/Program Files/Unity/Hub/Editor/6000.5.8f1/Editor/Data/Resources/Licensing/Client/Unity.Licensing.Client.exe")
[Licensing::Module] LicensingClient has failed validation; ignoring
[Licensing::Client] Handshaking with LicensingClient:
  Version:                 1.18.1+9fbee8e
  Session Id:              b9c15fd3aae549ccb6b06bc8ea8ba872
  Correlation Id:          7fc13cd06822b551b956774d2173986e
  External correlation Id: 7355522332602445285
  Machine Id:              gaoNjVOiA5/w7c0j7NjRnkSH0Fg=
[Licensing::Module] Successfully connected to LicensingClient on channel: "LicenseClient-minht" (connect: 0.38s, validation: 0.49s, handshake: 0.09s)
[Licensing::IpcConnector] Successfully connected to: "LicenseClient-minht-notifications" at "2026-10-10T05:12:00.6619688Z"
[Licensing::Module] Connected to LicensingClient (PId: 25984, launch time: 0.01, total connection time: 0.96s)
[Licensing::Module] Error: Access token is unavailable; failed to update
[Licensing::Client] Successfully resolved entitlement details
[Licensing::Module] License group:
  Id: F4-84B2-AJYW-2F6S-HS3K-XXXX
  Product: Unity Personal
  Type: ULF
  Expiration: 2026-11-16T06:03:11Z
[Licensing::Module] License group:
  Id: 18968483178885-UnityPersXXXX
  Product: Unity Personal
  Type: Assigned
  Expiration: Unlimited
[Licensing::Client] Successfully updated license, isAsync: True, time: 0.01
[Licensing::Client] Successfully resolved entitlement details
[Licensing::Module] License group:
  Id: F4-84B2-AJYW-2F6S-HS3K-XXXX
  Product: Unity Personal
  Type: ULF
  Expiration: 2026-11-16T06:03:11Z
[Licensing::Module] License group:
  Id: 18968483178885-UnityPersXXXX
  Product: Unity Personal
  Type: Assigned
  Expiration: Unlimited
[Licensing::Module] Licensing Background thread has ended after 1.02s

COMMAND LINE ARGUMENTS:
C:\Program Files\Unity\Hub\Editor\6000.5.8f1\Editor\Unity.exe
-batchmode
-nographics
-quit
-projectPath
D:\WORK\RESEARCH\POVGame\boxer-wave1\unity\BoxerP0
-executeMethod
BoxerP0.Editor.CoachAnalysisSelfTests.RunAll
-logFile
D:\WORK\RESEARCH\POVGame\boxer-wave1\evidence\wave1\coach-analysis\native-render-fix.log
Successfully changed project path to: D:\WORK\RESEARCH\POVGame\boxer-wave1\unity\BoxerP0
D:/WORK/RESEARCH/POVGame/boxer-wave1/unity/BoxerP0
[UnityMemory] Configuration Parameters - Can be set up in boot.config
    "memorysetup-temp-allocator-size-gi-baking-worker=262144"
    "memorysetup-temp-allocator-size-gi-baking-worker=262144"
    "memorysetup-temp-allocator-size-gi-baking-worker=262144"
    "memorysetup-temp-allocator-size-gi-baking-worker=262144"
    "memorysetup-temp-allocator-size-gi-baking-worker=262144"
    "memorysetup-temp-allocator-size-nav-mesh-worker=65536"
    "memorysetup-temp-allocator-size-audio-worker=65536"
    "memorysetup-temp-allocator-size-cloud-worker=32768"
    "memorysetup-temp-allocator-size-gfx=262144"
    "memorysetup-temp-allocator-size-preload-manager=33554432"
    "memorysetup-allocator-temp-initial-block-size-main=262144"
    "memorysetup-allocator-temp-initial-block-size-worker=262144"
    "memorysetup-temp-allocator-size-job-worker=262144"
    "memorysetup-temp-allocator-size-background-worker=32768"
    "memorysetup-bucket-allocator-granularity=16"
    "memorysetup-bucket-allocator-bucket-count=8"
    "memorysetup-bucket-allocator-block-size=33554432"
    "memorysetup-bucket-allocator-block-count=8"
    "memorysetup-main-allocator-block-size=16777216"
    "memorysetup-thread-allocator-block-size=16777216"
    "memorysetup-main-allocator-mimalloc-enabled=0"
    "memorysetup-gfx-main-allocator-block-size=16777216"
    "memorysetup-gfx-thread-allocator-block-size=16777216"
    "memorysetup-cache-allocator-block-size=4194304"
    "memorysetup-typetree-allocator-block-size=2097152"
    "memorysetup-profiler-bucket-allocator-granularity=16"
    "memorysetup-profiler-bucket-allocator-bucket-count=8"
    "memorysetup-profiler-bucket-allocator-block-size=33554432"
    "memorysetup-profiler-bucket-allocator-block-count=8"
    "memorysetup-profiler-allocator-block-size=16777216"
    "memorysetup-profiler-editor-allocator-block-size=1048576"
    "memorysetup-temp-allocator-size-main=16777216"
    "memorysetup-job-temp-allocator-block-size=2097152"
    "memorysetup-job-temp-allocator-block-size-background=1048576"
    "memorysetup-job-temp-allocator-reduction-small-platforms=262144"
Logging is directed to a specific file, skipping project log.Player connection [24636]  Target information:

Player connection [24636]  * "[IP] 172.25.96.1 [Port] 55504 [Flags] 2 [Guid] 1681786288 [EditorId] 1681786288 [Version] 1048832 [Id] WindowsEditor(7,DESKTOP-4PSD0G2) [Debug] 1 [PackageName] WindowsEditor [ProjectName] Editor" 

Player connection [24636]  * "[IP] 192.168.1.18 [Port] 55504 [Flags] 2 [Guid] 1681786288 [EditorId] 1681786288 [Version] 1048832 [Id] WindowsEditor(7,DESKTOP-4PSD0G2) [Debug] 1 [PackageName] WindowsEditor [ProjectName] Editor" 

Player connection [24636] Host joined multi-casting on [225.0.0.222:54997]...
Player connection [24636] Host joined alternative multi-casting on [225.0.0.222:34997]...
Input System module state changed to: Initialized.
[Physics::Module] Initialized fallback backend.
[Physics::Module] Id: 0xdecafbad
[Package Manager] Connected to IPC stream "Upm-25056" after 0.3 seconds.
[Licensing::Client] Successfully resolved entitlement details
[Licensing::Module] License group:
  Id: F4-84B2-AJYW-2F6S-HS3K-XXXX
  Product: Unity Personal
  Type: ULF
  Expiration: 2026-11-16T06:03:11Z
[Licensing::Module] License group:
  Id: 18968483178885-UnityPersXXXX
  Product: Unity Personal
  Type: Assigned
  Expiration: Unlimited
Library Redirect Path: Library/
[Physics::Module] Selected backend.
[Physics::Module] Name: PhysX
[Physics::Module] Id: 0xf2b8ea05
[Physics::Module] SDK Version: 4.1.2
[Physics::Module] Integration Version: 1.0.0
[Physics::Module] Threading Mode: Multi-Threaded
Artifact Garbage Collection - Removed 1 unused hashed content files
Initialize engine version: 6000.5.8f1 (5cb7df797b7d)
[Subsystems] Discovering subsystems at path C:/Program Files/Unity/Hub/Editor/6000.5.8f1/Editor/Data/Resources/UnitySubsystems
[Subsystems] Discovering subsystems at path D:/WORK/RESEARCH/POVGame/boxer-wave1/unity/BoxerP0/Assets
Forcing GfxDevice: Null
GfxDevice: creating device client; kGfxThreadingModeNonThreaded
NullGfxDevice:
    Version:  NULL 1.0 [1.0]
    Renderer: Null Device
    Vendor:   Unity Technologies
Initialize mono
Mono path[0] = 'C:/Program Files/Unity/Hub/Editor/6000.5.8f1/Editor/Data/Managed'
Mono path[1] = 'C:/Program Files/Unity/Hub/Editor/6000.5.8f1/Editor/Data/BCLExtensions/runtime/netstandard2.1'
Mono path[2] = 'C:/Program Files/Unity/Hub/Editor/6000.5.8f1/Editor/Data/MonoBleedingEdge/lib/mono/unityjit-win32'
Mono config path = 'C:/Program Files/Unity/Hub/Editor/6000.5.8f1/Editor/Data/MonoBleedingEdge/etc'
Using monoOptions --debugger-agent=transport=dt_socket,embedding=1,server=y,suspend=n,address=127.0.0.1:56056
CodeReloadManager initialized
ImportWorker Server TCP listen port: 0
AcceleratorClientConnectionCallback - disconnected - :0
Begin MonoManager ReloadAssembly
Registering precompiled unity dll's ...
Register platform support module: C:/Program Files/Unity/Hub/Editor/6000.5.8f1/Editor/Data/PlaybackEngines/WebGLSupport/UnityEditor.WebGL.Extensions.dll
Register platform support module: C:/Program Files/Unity/Hub/Editor/6000.5.8f1/Editor/Data/PlaybackEngines/WindowsStandaloneSupport/UnityEditor.WindowsStandalone.Extensions.dll
Registered in 0.003042 seconds.
Native extension for WindowsStandalone target not found
Native extension for WebGL target not found
Package Manager log level set to [2]
ScheduleIndexationOnStartup MainProcess:False IndexOnStartup:False
Mono: successfully reloaded assembly
- Finished resetting the current domain, in  0.548 seconds
Domain Reload Profiling: 1048ms
	BeginReloadAssembly (153ms)
		CreateAndSetChildDomain (26ms)
	RebuildCommonClasses (4ms)
	RebuildNativeTypeToScriptingClass (20ms)
	initialDomainReloadingComplete (58ms)
	LoadAllAssembliesAndSetupDomain (264ms)
		LoadAssemblies (123ms)
		AnalyzeDomain (193ms)
			TypeCache.Refresh (191ms)
				TypeCache.ScanAssembly (178ms)
	FinalizeReload (549ms)
		SetupLoadedEditorAssemblies (0ms)
			BeforeProcessingInitializeOnLoad (86ms)
			ProcessInitializeOnLoadAttributes (80ms)
			ProcessInitializeOnLoadMethodAttributes (325ms)
[Licensing::Client] Successfully resolved entitlement details
[Licensing::Module] License group:
  Id: F4-84B2-AJYW-2F6S-HS3K-XXXX
  Product: Unity Personal
  Type: ULF
  Expiration: 2026-11-16T06:12:02Z
[Licensing::Module] License group:
  Id: 18968483178885-UnityPersXXXX
  Product: Unity Personal
  Type: Assigned
  Expiration: Unlimited
Application.AssetDatabase Initial Refresh Start
[Package Manager] Restoring resolved packages state from cache
[Licensing::Client] Successfully resolved entitlement details
[Package Manager] Registered 37 packages:
  Built-in packages:
    com.unity.multiplayer.center@1.0.1 (location: D:\WORK\RESEARCH\POVGame\boxer-wave1\unity\BoxerP0\Library\PackageCache\com.unity.multiplayer.center@b860850997d0)
    com.unity.modules.accessibility@1.0.0 (location: D:\WORK\RESEARCH\POVGame\boxer-wave1\unity\BoxerP0\Library\PackageCache\com.unity.modules.accessibility)
    com.unity.modules.adaptiveperformance@1.0.0 (location: D:\WORK\RESEARCH\POVGame\boxer-wave1\unity\BoxerP0\Library\PackageCache\com.unity.modules.adaptiveperformance)
    com.unity.modules.ai@1.0.0 (location: D:\WORK\RESEARCH\POVGame\boxer-wave1\unity\BoxerP0\Library\PackageCache\com.unity.modules.ai)
    com.unity.modules.androidjni@1.0.0 (location: D:\WORK\RESEARCH\POVGame\boxer-wave1\unity\BoxerP0\Library\PackageCache\com.unity.modules.androidjni)
    com.unity.modules.animation@1.0.0 (location: D:\WORK\RESEARCH\POVGame\boxer-wave1\unity\BoxerP0\Library\PackageCache\com.unity.modules.animation)
    com.unity.modules.assetbundle@1.0.0 (location: D:\WORK\RESEARCH\POVGame\boxer-wave1\unity\BoxerP0\Library\PackageCache\com.unity.modules.assetbundle)
    com.unity.modules.audio@1.0.0 (location: D:\WORK\RESEARCH\POVGame\boxer-wave1\unity\BoxerP0\Library\PackageCache\com.unity.modules.audio)
    com.unity.modules.cloth@1.0.0 (location: D:\WORK\RESEARCH\POVGame\boxer-wave1\unity\BoxerP0\Library\PackageCache\com.unity.modules.cloth)
    com.unity.modules.director@1.0.0 (location: D:\WORK\RESEARCH\POVGame\boxer-wave1\unity\BoxerP0\Library\PackageCache\com.unity.modules.director)
    com.unity.modules.imageconversion@1.0.0 (location: D:\WORK\RESEARCH\POVGame\boxer-wave1\unity\BoxerP0\Library\PackageCache\com.unity.modules.imageconversion)
    com.unity.modules.imgui@1.0.0 (location: D:\WORK\RESEARCH\POVGame\boxer-wave1\unity\BoxerP0\Library\PackageCache\com.unity.modules.imgui)
    com.unity.modules.jsonserialize@1.0.0 (location: D:\WORK\RESEARCH\POVGame\boxer-wave1\unity\BoxerP0\Library\PackageCache\com.unity.modules.jsonserialize)
    com.unity.modules.particlesystem@1.0.0 (location: D:\WORK\RESEARCH\POVGame\boxer-wave1\unity\BoxerP0\Library\PackageCache\com.unity.modules.particlesystem)
    com.unity.modules.physics@1.0.0 (location: D:\WORK\RESEARCH\POVGame\boxer-wave1\unity\BoxerP0\Library\PackageCache\com.unity.modules.physics)
    com.unity.modules.physics2d@1.0.0 (location: D:\WORK\RESEARCH\POVGame\boxer-wave1\unity\BoxerP0\Library\PackageCache\com.unity.modules.physics2d)
    com.unity.modules.physicscore2d@1.0.0 (location: D:\WORK\RESEARCH\POVGame\boxer-wave1\unity\BoxerP0\Library\PackageCache\com.unity.modules.physicscore2d)
    com.unity.modules.screencapture@1.0.0 (location: D:\WORK\RESEARCH\POVGame\boxer-wave1\unity\BoxerP0\Library\PackageCache\com.unity.modules.screencapture)
    com.unity.modules.terrain@1.0.0 (location: D:\WORK\RESEARCH\POVGame\boxer-wave1\unity\BoxerP0\Library\PackageCache\com.unity.modules.terrain)
    com.unity.modules.terrainphysics@1.0.0 (location: D:\WORK\RESEARCH\POVGame\boxer-wave1\unity\BoxerP0\Library\PackageCache\com.unity.modules.terrainphysics)
    com.unity.modules.tilemap@1.0.0 (location: D:\WORK\RESEARCH\POVGame\boxer-wave1\unity\BoxerP0\Library\PackageCache\com.unity.modules.tilemap)
    com.unity.modules.ui@1.0.0 (location: D:\WORK\RESEARCH\POVGame\boxer-wave1\unity\BoxerP0\Library\PackageCache\com.unity.modules.ui)
    com.unity.modules.uielements@1.0.0 (location: D:\WORK\RESEARCH\POVGame\boxer-wave1\unity\BoxerP0\Library\PackageCache\com.unity.modules.uielements)
    com.unity.modules.umbra@1.0.0 (location: D:\WORK\RESEARCH\POVGame\boxer-wave1\unity\BoxerP0\Library\PackageCache\com.unity.modules.umbra)
    com.unity.modules.unityanalytics@1.0.0 (location: D:\WORK\RESEARCH\POVGame\boxer-wave1\unity\BoxerP0\Library\PackageCache\com.unity.modules.unityanalytics)
    com.unity.modules.unitywebrequest@1.0.0 (location: D:\WORK\RESEARCH\POVGame\boxer-wave1\unity\BoxerP0\Library\PackageCache\com.unity.modules.unitywebrequest)
    com.unity.modules.unitywebrequestassetbundle@1.0.0 (location: D:\WORK\RESEARCH\POVGame\boxer-wave1\unity\BoxerP0\Library\PackageCache\com.unity.modules.unitywebrequestassetbundle)
    com.unity.modules.unitywebrequestaudio@1.0.0 (location: D:\WORK\RESEARCH\POVGame\boxer-wave1\unity\BoxerP0\Library\PackageCache\com.unity.modules.unitywebrequestaudio)
    com.unity.modules.unitywebrequesttexture@1.0.0 (location: D:\WORK\RESEARCH\POVGame\boxer-wave1\unity\BoxerP0\Library\PackageCache\com.unity.modules.unitywebrequesttexture)
    com.unity.modules.unitywebrequestwww@1.0.0 (location: D:\WORK\RESEARCH\POVGame\boxer-wave1\unity\BoxerP0\Library\PackageCache\com.unity.modules.unitywebrequestwww)
    com.unity.modules.vectorgraphics@1.0.0 (location: D:\WORK\RESEARCH\POVGame\boxer-wave1\unity\BoxerP0\Library\PackageCache\com.unity.modules.vectorgraphics)
    com.unity.modules.vehicles@1.0.0 (location: D:\WORK\RESEARCH\POVGame\boxer-wave1\unity\BoxerP0\Library\PackageCache\com.unity.modules.vehicles)
    com.unity.modules.video@1.0.0 (location: D:\WORK\RESEARCH\POVGame\boxer-wave1\unity\BoxerP0\Library\PackageCache\com.unity.modules.video)
    com.unity.modules.wind@1.0.0 (location: D:\WORK\RESEARCH\POVGame\boxer-wave1\unity\BoxerP0\Library\PackageCache\com.unity.modules.wind)
    com.unity.modules.xr@1.0.0 (location: D:\WORK\RESEARCH\POVGame\boxer-wave1\unity\BoxerP0\Library\PackageCache\com.unity.modules.xr)
    com.unity.modules.subsystems@1.0.0 (location: D:\WORK\RESEARCH\POVGame\boxer-wave1\unity\BoxerP0\Library\PackageCache\com.unity.modules.subsystems)
    com.unity.modules.hierarchycore@1.0.0 (location: D:\WORK\RESEARCH\POVGame\boxer-wave1\unity\BoxerP0\Library\PackageCache\com.unity.modules.hierarchycore)
[Subsystems] No new subsystems found in resolved package list.
[Package Manager] Done registering packages in 0.17 seconds
[ScriptCompilation] Requested script compilation because: Assembly Definition File(s) changed
[ScriptCompilation] Requested script compilation because: AssetDatabase observed changes in script compilation related files
Starting: C:\Program Files\Unity\Hub\Editor\6000.5.8f1\Editor\Data\Tools\BuildPipeline\bee_backend.exe --ipc --defer-dag-verification --dagfile="Library/Bee/2000b0aE.dag" --continue-on-failure --profile="Library/Bee/backend1.traceevents" ScriptAssemblies
WorkingDir: D:/WORK/RESEARCH/POVGame/boxer-wave1/unity/BoxerP0
DisplayProgressbar: Compiling Scripts
ExitCode: 4 Duration: 2s55ms
Rebuilding DAG because FileSignature timestamp changed: Library/Bee/2000b0aE-inputdata.json
[163/169    1s] Csc Library/Bee/artifacts/2000b0aE.dag/Assembly-CSharp.dll (+2 others)
Assets\Scripts\BoxerVisualShell.cs(56,26): warning CS0618: 'Object.FindFirstObjectByType<T>()' is obsolete: 'FindFirstObjectByType has been deprecated because it relies on instance ID ordering. Use FindAnyObjectByType instead, which does not depend on ordering.'

Assets\Scripts\BoxerVisualShell.cs(57,22): warning CS0618: 'Object.FindFirstObjectByType<T>()' is obsolete: 'FindFirstObjectByType has been deprecated because it relies on instance ID ordering. Use FindAnyObjectByType instead, which does not depend on ordering.'

Assets\Scripts\BoxerVisualShell.cs(58,25): warning CS0618: 'Object.FindFirstObjectByType<T>()' is obsolete: 'FindFirstObjectByType has been deprecated because it relies on instance ID ordering. Use FindAnyObjectByType instead, which does not depend on ordering.'

Assets\Scripts\Blender3DVisualFollower.cs(88,25): warning CS0618: 'Object.FindFirstObjectByType<T>()' is obsolete: 'FindFirstObjectByType has been deprecated because it relies on instance ID ordering. Use FindAnyObjectByType instead, which does not depend on ordering.'

Assets\Scripts\Blender3DVisualFollower.cs(89,23): warning CS0618: 'Object.FindFirstObjectByType<T>()' is obsolete: 'FindFirstObjectByType has been deprecated because it relies on instance ID ordering. Use FindAnyObjectByType instead, which does not depend on ordering.'

Assets\Scripts\BoxerVisualShell.cs(181,64): warning CS0618: 'FindObjectsSortMode' is obsolete: 'FindObjectsSortMode has been deprecated. Use the FindObjectsByType overloads that do not take a FindObjectsSortMode parameter.'

Assets\Scripts\BoxerVisualShell.cs(181,34): warning CS0618: 'Object.FindObjectsByType<T>(FindObjectsSortMode)' is obsolete: 'FindObjectsByType with FindObjectsSortMode parameter has been deprecated. Use FindObjectsByType<T>() or FindObjectsByType<T>(FindObjectsInactive) instead. InstanceID will be replaced in the future with EntityId and previous sort order cannot be maintained.'

Assets\Scripts\BoxerBootstrap.cs(147,13): warning CS0618: 'Object.FindFirstObjectByType<T>()' is obsolete: 'FindFirstObjectByType has been deprecated because it relies on instance ID ordering. Use FindAnyObjectByType instead, which does not depend on ordering.'

Assets\Scripts\EVVisualShell.cs(55,26): warning CS0618: 'Object.FindFirstObjectByType<T>()' is obsolete: 'FindFirstObjectByType has been deprecated because it relies on instance ID ordering. Use FindAnyObjectByType instead, which does not depend on ordering.'

Assets\Scripts\EVVisualShell.cs(56,24): warning CS0618: 'Object.FindFirstObjectByType<T>()' is obsolete: 'FindFirstObjectByType has been deprecated because it relies on instance ID ordering. Use FindAnyObjectByType instead, which does not depend on ordering.'

Assets\Scripts\BoxerBootstrap.cs(443,17): warning CS0618: 'Object.FindFirstObjectByType<T>()' is obsolete: 'FindFirstObjectByType has been deprecated because it relies on instance ID ordering. Use FindAnyObjectByType instead, which does not depend on ordering.'

Assets\Scripts\P1PunchGuide.cs(22,26): warning CS0618: 'Object.FindFirstObjectByType<T>()' is obsolete: 'FindFirstObjectByType has been deprecated because it relies on instance ID ordering. Use FindAnyObjectByType instead, which does not depend on ordering.'

Assets\Scripts\P1VCombatPresentation.cs(74,26): warning CS0618: 'Object.FindFirstObjectByType<T>()' is obsolete: 'FindFirstObjectByType has been deprecated because it relies on instance ID ordering. Use FindAnyObjectByType instead, which does not depend on ordering.'

Assets\Scripts\P1VCombatPresentation.cs(75,22): warning CS0618: 'Object.FindFirstObjectByType<T>()' is obsolete: 'FindFirstObjectByType has been deprecated because it relies on instance ID ordering. Use FindAnyObjectByType instead, which does not depend on ordering.'

Assets\Scripts\P1VCombatPresentation.cs(76,23): warning CS0618: 'Object.FindFirstObjectByType<T>()' is obsolete: 'FindFirstObjectByType has been deprecated because it relies on instance ID ordering. Use FindAnyObjectByType instead, which does not depend on ordering.'

Assets\Scripts\P1VCombatPresentation.cs(77,25): warning CS0618: 'Object.FindFirstObjectByType<T>()' is obsolete: 'FindFirstObjectByType has been deprecated because it relies on instance ID ordering. Use FindAnyObjectByType instead, which does not depend on ordering.'

Assets\Scripts\P1VCombatPresentation.cs(78,26): warning CS0618: 'Object.FindFirstObjectByType<T>()' is obsolete: 'FindFirstObjectByType has been deprecated because it relies on instance ID ordering. Use FindAnyObjectByType instead, which does not depend on ordering.'

Assets\Scripts\P1VCombatPresentation.cs(79,38): warning CS0618: 'Object.FindFirstObjectByType<T>()' is obsolete: 'FindFirstObjectByType has been deprecated because it relies on instance ID ordering. Use FindAnyObjectByType instead, which does not depend on ordering.'

Assets\Scripts\P1PunchGuide.cs(45,17): warning CS0618: 'Object.FindFirstObjectByType<T>()' is obsolete: 'FindFirstObjectByType has been deprecated because it relies on instance ID ordering. Use FindAnyObjectByType instead, which does not depend on ordering.'

Assets\Scripts\ProductScreens.cs(18,69): warning CS0618: 'Object.FindFirstObjectByType<T>()' is obsolete: 'FindFirstObjectByType has been deprecated because it relies on instance ID ordering. Use FindAnyObjectByType instead, which does not depend on ordering.'

Assets\Scripts\ProductScreens.cs(23,30): warning CS0618: 'Object.FindFirstObjectByType<T>()' is obsolete: 'FindFirstObjectByType has been deprecated because it relies on instance ID ordering. Use FindAnyObjectByType instead, which does not depend on ordering.'

Assets\Scripts\Round2CombatRig.cs(66,24): warning CS0618: 'Object.FindFirstObjectByType<T>()' is obsolete: 'FindFirstObjectByType has been deprecated because it relies on instance ID ordering. Use FindAnyObjectByType instead, which does not depend on ordering.'

Assets\Scripts\EVVisualShell.cs(419,65): warning CS0618: 'FindObjectsSortMode' is obsolete: 'FindObjectsSortMode has been deprecated. Use the FindObjectsByType overloads that do not take a FindObjectsSortMode parameter.'

Assets\Scripts\EVVisualShell.cs(419,37): warning CS0618: 'Object.FindObjectsByType<T>(FindObjectsSortMode)' is obsolete: 'FindObjectsByType with FindObjectsSortMode parameter has been deprecated. Use FindObjectsByType<T>() or FindObjectsByType<T>(FindObjectsInactive) instead. InstanceID will be replaced in the future with EntityId and previous sort order cannot be maintained.'

Assets\Scripts\OpponentLegEmbodiment.cs(21,40): warning CS0414: The field 'OpponentLegEmbodiment._footLength' is assigned but its value is never used

Assets\Scripts\OpponentLegEmbodiment.cs(20,40): warning CS0414: The field 'OpponentLegEmbodiment._shinLength' is assigned but its value is never used

Assets\Scripts\ArmVisualEmbodiment.cs(85,40): warning CS0414: The field 'ArmVisualEmbodiment._upperArmLength' is assigned but its value is never used

Assets\Scripts\OpponentLegEmbodiment.cs(17,40): warning CS0414: The field 'OpponentLegEmbodiment._pelvisHeight' is assigned but its value is never used

Assets\Scripts\OpponentLegEmbodiment.cs(19,40): warning CS0414: The field 'OpponentLegEmbodiment._thighLength' is assigned but its value is never used

Assets\Scripts\ArmVisualEmbodiment.cs(86,40): warning CS0414: The field 'ArmVisualEmbodiment._forearmLength' is assigned but its value is never used
*** Tundra requires additional run (2.01 seconds), 1 items updated, 162 evaluated
Starting: C:\Program Files\Unity\Hub\Editor\6000.5.8f1\Editor\Data\netcorerun\netcorerun.exe "C:\Program Files\Unity\Hub\Editor\6000.5.8f1\Editor\Data\Tools\BuildPipeline\ScriptCompilationBuildProgram.exe" "Library/Bee/2000b0aE.dag.json" "Library/Bee/2000b0aE-inputdata.json" "Library\Bee\buildprogram0.traceevents"
WorkingDir: D:/WORK/RESEARCH/POVGame/boxer-wave1/unity/BoxerP0
ExitCode: 0 Duration: 0s283ms
Starting: C:\Program Files\Unity\Hub\Editor\6000.5.8f1\Editor\Data\Tools\BuildPipeline\bee_backend.exe --ipc --defer-dag-verification --dagfile="Library/Bee/2000b0aE.dag" --continue-on-failure --dagfilejson="Library\Bee\2000b0aE.dag.json" --profile="Library/Bee/backend2.traceevents" ScriptAssemblies
WorkingDir: D:/WORK/RESEARCH/POVGame/boxer-wave1/unity/BoxerP0
ExitCode: 0 Duration: 5s22ms
Finished compiling graph: 190 nodes, 1017 flattened edges (985 ToBuild, 8 ToUse), maximum node priority 46
[  1/187    0s] WriteText Library/Bee/artifacts/2000b0aE.dag/Unity.Multiplayer.Center.Common.rsp2
[ 31/187    0s] WriteText Library/Bee/artifacts/2000b0aE.dag/Unity.Multiplayer.Center.Common.UnityAdditionalFile.txt
[156/187    0s] WriteText Library/Bee/artifacts/2000b0aE.dag/Unity.Multiplayer.Center.Common.rsp
[157/187    0s] WriteText Library/Bee/artifacts/2000b0aE.dag/Unity.Multiplayer.Center.Editor.rsp2
[160/187    0s] WriteText Library/Bee/artifacts/2000b0aE.dag/Unity.Multiplayer.Center.Editor.UnityAdditionalFile.txt
[161/187    0s] WriteText Library/Bee/artifacts/2000b0aE.dag/Unity.Multiplayer.Center.Editor.rsp
[162/187    0s] WriteText Library/Bee/artifacts/2000b0aE.dag/Unity.Multiplayer.Center.Editor.dll.mvfrm.rsp
[163/187    0s] WriteText Library/Bee/artifacts/2000b0aE.dag/Assembly-CSharp-Editor.rsp
[164/187    0s] WriteText Library/Bee/artifacts/2000b0aE.dag/Assembly-CSharp.dll.mvfrm.rsp
[165/187    0s] WriteText Library/Bee/artifacts/2000b0aE.dag/Assembly-CSharp.rsp
[166/187    0s] WriteText Library/Bee/artifacts/2000b0aE.dag/Assembly-CSharp-Editor.dll.mvfrm.rsp
[168/187    0s] WriteText Library/Bee/artifacts/2000b0aE.dag/Unity.Multiplayer.Center.Common.dll.mvfrm.rsp
[169/187    0s] MovedFromExtractor-Combine Library/Bee/artifacts/2000b0aE.dag/Unity.Multiplayer.Center.Common.dll.mvfrm
[169/187    0s] Csc Library/Bee/artifacts/2000b0aE.dag/Unity.Multiplayer.Center.Common.dll (+2 others) [CacheHit 2b12afd1ff04c684b0c371f72d0cef0200000000000000000000000000000006]
[170/187    0s] Csc Library/Bee/artifacts/2000b0aE.dag/Unity.Multiplayer.Center.Common.dll (+2 others)
[172/187    0s] CopyFiles Library/ScriptAssemblies/Unity.Multiplayer.Center.Common.pdb
[173/187    0s] CopyFiles Library/ScriptAssemblies/Unity.Multiplayer.Center.Common.dll
[174/187    0s] MovedFromExtractor Library/Bee/artifacts/mvdfrm/Unity.Multiplayer.Center.Common.ref.dll_CB83302BCDCEC9AE.mvfrm
[175/187    0s] MovedFromExtractor-Combine Library/Bee/artifacts/2000b0aE.dag/Unity.Multiplayer.Center.Editor.dll.mvfrm
[174/187    0s] Csc Library/Bee/artifacts/2000b0aE.dag/Unity.Multiplayer.Center.Editor.dll (+2 others) [CacheHit a617a3a5547efdac289fb8b23c70173400000000000000000000000000000006]
[176/187    0s] Csc Library/Bee/artifacts/2000b0aE.dag/Unity.Multiplayer.Center.Editor.dll (+2 others)
[178/187    0s] CopyFiles Library/ScriptAssemblies/Unity.Multiplayer.Center.Editor.pdb
[179/187    0s] CopyFiles Library/ScriptAssemblies/Unity.Multiplayer.Center.Editor.dll
[180/187    0s] MovedFromExtractor Library/Bee/artifacts/mvdfrm/Unity.Multiplayer.Center.Editor.ref.dll_C86C2826CEF5F430.mvfrm
[181/187    0s] MovedFromExtractor-Combine Library/Bee/artifacts/2000b0aE.dag/Assembly-CSharp.dll.mvfrm
[182/187    0s] MovedFromExtractor-Combine Library/Bee/artifacts/2000b0aE.dag/Assembly-CSharp-Editor.dll.mvfrm
[183/187    1s] Csc Library/Bee/artifacts/2000b0aE.dag/Assembly-CSharp.dll (+2 others)
Assets\Scripts\BoxerVisualShell.cs(56,26): warning CS0618: 'Object.FindFirstObjectByType<T>()' is obsolete: 'FindFirstObjectByType has been deprecated because it relies on instance ID ordering. Use FindAnyObjectByType instead, which does not depend on ordering.'

Assets\Scripts\BoxerVisualShell.cs(57,22): warning CS0618: 'Object.FindFirstObjectByType<T>()' is obsolete: 'FindFirstObjectByType has been deprecated because it relies on instance ID ordering. Use FindAnyObjectByType instead, which does not depend on ordering.'

Assets\Scripts\BoxerVisualShell.cs(58,25): warning CS0618: 'Object.FindFirstObjectByType<T>()' is obsolete: 'FindFirstObjectByType has been deprecated because it relies on instance ID ordering. Use FindAnyObjectByType instead, which does not depend on ordering.'

Assets\Scripts\Blender3DVisualFollower.cs(88,25): warning CS0618: 'Object.FindFirstObjectByType<T>()' is obsolete: 'FindFirstObjectByType has been deprecated because it relies on instance ID ordering. Use FindAnyObjectByType instead, which does not depend on ordering.'

Assets\Scripts\Blender3DVisualFollower.cs(89,23): warning CS0618: 'Object.FindFirstObjectByType<T>()' is obsolete: 'FindFirstObjectByType has been deprecated because it relies on instance ID ordering. Use FindAnyObjectByType instead, which does not depend on ordering.'

Assets\Scripts\BoxerBootstrap.cs(147,13): warning CS0618: 'Object.FindFirstObjectByType<T>()' is obsolete: 'FindFirstObjectByType has been deprecated because it relies on instance ID ordering. Use FindAnyObjectByType instead, which does not depend on ordering.'

Assets\Scripts\BoxerVisualShell.cs(181,64): warning CS0618: 'FindObjectsSortMode' is obsolete: 'FindObjectsSortMode has been deprecated. Use the FindObjectsByType overloads that do not take a FindObjectsSortMode parameter.'

Assets\Scripts\BoxerVisualShell.cs(181,34): warning CS0618: 'Object.FindObjectsByType<T>(FindObjectsSortMode)' is obsolete: 'FindObjectsByType with FindObjectsSortMode parameter has been deprecated. Use FindObjectsByType<T>() or FindObjectsByType<T>(FindObjectsInactive) instead. InstanceID will be replaced in the future with EntityId and previous sort order cannot be maintained.'

Assets\Scripts\BoxerBootstrap.cs(443,17): warning CS0618: 'Object.FindFirstObjectByType<T>()' is obsolete: 'FindFirstObjectByType has been deprecated because it relies on instance ID ordering. Use FindAnyObjectByType instead, which does not depend on ordering.'

Assets\Scripts\EVVisualShell.cs(55,26): warning CS0618: 'Object.FindFirstObjectByType<T>()' is obsolete: 'FindFirstObjectByType has been deprecated because it relies on instance ID ordering. Use FindAnyObjectByType instead, which does not depend on ordering.'

Assets\Scripts\EVVisualShell.cs(56,24): warning CS0618: 'Object.FindFirstObjectByType<T>()' is obsolete: 'FindFirstObjectByType has been deprecated because it relies on instance ID ordering. Use FindAnyObjectByType instead, which does not depend on ordering.'

Assets\Scripts\P1PunchGuide.cs(22,26): warning CS0618: 'Object.FindFirstObjectByType<T>()' is obsolete: 'FindFirstObjectByType has been deprecated because it relies on instance ID ordering. Use FindAnyObjectByType instead, which does not depend on ordering.'

Assets\Scripts\P1PunchGuide.cs(45,17): warning CS0618: 'Object.FindFirstObjectByType<T>()' is obsolete: 'FindFirstObjectByType has been deprecated because it relies on instance ID ordering. Use FindAnyObjectByType instead, which does not depend on ordering.'

Assets\Scripts\P1VCombatPresentation.cs(74,26): warning CS0618: 'Object.FindFirstObjectByType<T>()' is obsolete: 'FindFirstObjectByType has been deprecated because it relies on instance ID ordering. Use FindAnyObjectByType instead, which does not depend on ordering.'

Assets\Scripts\P1VCombatPresentation.cs(75,22): warning CS0618: 'Object.FindFirstObjectByType<T>()' is obsolete: 'FindFirstObjectByType has been deprecated because it relies on instance ID ordering. Use FindAnyObjectByType instead, which does not depend on ordering.'

Assets\Scripts\P1VCombatPresentation.cs(76,23): warning CS0618: 'Object.FindFirstObjectByType<T>()' is obsolete: 'FindFirstObjectByType has been deprecated because it relies on instance ID ordering. Use FindAnyObjectByType instead, which does not depend on ordering.'

Assets\Scripts\P1VCombatPresentation.cs(77,25): warning CS0618: 'Object.FindFirstObjectByType<T>()' is obsolete: 'FindFirstObjectByType has been deprecated because it relies on instance ID ordering. Use FindAnyObjectByType instead, which does not depend on ordering.'

Assets\Scripts\P1VCombatPresentation.cs(78,26): warning CS0618: 'Object.FindFirstObjectByType<T>()' is obsolete: 'FindFirstObjectByType has been deprecated because it relies on instance ID ordering. Use FindAnyObjectByType instead, which does not depend on ordering.'

Assets\Scripts\P1VCombatPresentation.cs(79,38): warning CS0618: 'Object.FindFirstObjectByType<T>()' is obsolete: 'FindFirstObjectByType has been deprecated because it relies on instance ID ordering. Use FindAnyObjectByType instead, which does not depend on ordering.'

Assets\Scripts\ProductScreens.cs(18,69): warning CS0618: 'Object.FindFirstObjectByType<T>()' is obsolete: 'FindFirstObjectByType has been deprecated because it relies on instance ID ordering. Use FindAnyObjectByType instead, which does not depend on ordering.'

Assets\Scripts\ProductScreens.cs(23,30): warning CS0618: 'Object.FindFirstObjectByType<T>()' is obsolete: 'FindFirstObjectByType has been deprecated because it relies on instance ID ordering. Use FindAnyObjectByType instead, which does not depend on ordering.'

Assets\Scripts\Round2CombatRig.cs(66,24): warning CS0618: 'Object.FindFirstObjectByType<T>()' is obsolete: 'FindFirstObjectByType has been deprecated because it relies on instance ID ordering. Use FindAnyObjectByType instead, which does not depend on ordering.'

Assets\Scripts\EVVisualShell.cs(419,65): warning CS0618: 'FindObjectsSortMode' is obsolete: 'FindObjectsSortMode has been deprecated. Use the FindObjectsByType overloads that do not take a FindObjectsSortMode parameter.'

Assets\Scripts\EVVisualShell.cs(419,37): warning CS0618: 'Object.FindObjectsByType<T>(FindObjectsSortMode)' is obsolete: 'FindObjectsByType with FindObjectsSortMode parameter has been deprecated. Use FindObjectsByType<T>() or FindObjectsByType<T>(FindObjectsInactive) instead. InstanceID will be replaced in the future with EntityId and previous sort order cannot be maintained.'

Assets\Scripts\OpponentLegEmbodiment.cs(19,40): warning CS0414: The field 'OpponentLegEmbodiment._thighLength' is assigned but its value is never used

Assets\Scripts\ArmVisualEmbodiment.cs(86,40): warning CS0414: The field 'ArmVisualEmbodiment._forearmLength' is assigned but its value is never used

Assets\Scripts\OpponentLegEmbodiment.cs(20,40): warning CS0414: The field 'OpponentLegEmbodiment._shinLength' is assigned but its value is never used

Assets\Scripts\OpponentLegEmbodiment.cs(17,40): warning CS0414: The field 'OpponentLegEmbodiment._pelvisHeight' is assigned but its value is never used

Assets\Scripts\OpponentLegEmbodiment.cs(21,40): warning CS0414: The field 'OpponentLegEmbodiment._footLength' is assigned but its value is never used

Assets\Scripts\ArmVisualEmbodiment.cs(85,40): warning CS0414: The field 'ArmVisualEmbodiment._upperArmLength' is assigned but its value is never used
[184/187    0s] CopyFiles Library/ScriptAssemblies/Assembly-CSharp.pdb
[185/187    0s] CopyFiles Library/ScriptAssemblies/Assembly-CSharp.dll
[186/187    0s] Csc Library/Bee/artifacts/2000b0aE.dag/Assembly-CSharp-Editor.dll (+2 others)
Assets\Editor\EVEvaluation.cs(17,23): warning CS0618: 'Object.FindFirstObjectByType<T>()' is obsolete: 'FindFirstObjectByType has been deprecated because it relies on instance ID ordering. Use FindAnyObjectByType instead, which does not depend on ordering.'

Assets\Editor\EVEvaluation.cs(19,26): warning CS0618: 'Object.FindFirstObjectByType<T>()' is obsolete: 'FindFirstObjectByType has been deprecated because it relies on instance ID ordering. Use FindAnyObjectByType instead, which does not depend on ordering.'

Assets\Editor\EVEvaluation.cs(20,24): warning CS0618: 'Object.FindFirstObjectByType<T>()' is obsolete: 'FindFirstObjectByType has been deprecated because it relies on instance ID ordering. Use FindAnyObjectByType instead, which does not depend on ordering.'

Assets\Editor\P1B15TSelfTests.cs(83,19): warning CS0219: The variable 'upperArmRadius' is assigned but its value is never used

Assets\Editor\P1B15TSelfTests.cs(84,19): warning CS0219: The variable 'forearmRadius' is assigned but its value is never used

Assets\Editor\P1B15USelfTests.cs(59,19): warning CS0219: The variable 'leftRightHeightDiff' is assigned but its value is never used

Assets\Editor\P1B15USelfTests.cs(60,19): warning CS0219: The variable 'elbowInwardBiasGuard' is assigned but its value is never used

Assets\Editor\P1B15USelfTests.cs(61,19): warning CS0219: The variable 'gloveLateralInset' is assigned but its value is never used

Assets\Editor\P1B15USelfTests.cs(62,19): warning CS0219: The variable 'gloveForwardOffset' is assigned but its value is never used

Assets\Editor\P1B15USelfTests.cs(63,19): warning CS0219: The variable 'gloveHeightOffset' is assigned but its value is never used

Assets\Editor\Round2RuntimeAudit.cs(41,21): warning CS0618: 'Object.FindFirstObjectByType<T>()' is obsolete: 'FindFirstObjectByType has been deprecated because it relies on instance ID ordering. Use FindAnyObjectByType instead, which does not depend on ordering.'

Assets\Editor\Round2RuntimeAudit.cs(42,24): warning CS0618: 'Object.FindFirstObjectByType<T>()' is obsolete: 'FindFirstObjectByType has been deprecated because it relies on instance ID ordering. Use FindAnyObjectByType instead, which does not depend on ordering.'

Assets\Editor\Round2RuntimeAudit.cs(43,26): warning CS0618: 'Object.FindFirstObjectByType<T>()' is obsolete: 'FindFirstObjectByType has been deprecated because it relies on instance ID ordering. Use FindAnyObjectByType instead, which does not depend on ordering.'

Assets\Editor\Round2RuntimeAudit.cs(48,31): warning CS0618: 'Object.FindFirstObjectByType<T>()' is obsolete: 'FindFirstObjectByType has been deprecated because it relies on instance ID ordering. Use FindAnyObjectByType instead, which does not depend on ordering.'

Assets\Editor\Round2RuntimeAudit.cs(75,22): warning CS0618: 'Object.FindFirstObjectByType<T>()' is obsolete: 'FindFirstObjectByType has been deprecated because it relies on instance ID ordering. Use FindAnyObjectByType instead, which does not depend on ordering.'

Assets\Editor\Round2RuntimeAudit.cs(77,16): warning CS0618: 'Object.FindFirstObjectByType<T>()' is obsolete: 'FindFirstObjectByType has been deprecated because it relies on instance ID ordering. Use FindAnyObjectByType instead, which does not depend on ordering.'

Assets\Editor\Round2RuntimeAudit.cs(87,16): warning CS0618: 'Object.FindFirstObjectByType<T>()' is obsolete: 'FindFirstObjectByType has been deprecated because it relies on instance ID ordering. Use FindAnyObjectByType instead, which does not depend on ordering.'

Assets\Editor\Round2RuntimeAudit.cs(100,27): warning CS0618: 'Object.FindFirstObjectByType<T>()' is obsolete: 'FindFirstObjectByType has been deprecated because it relies on instance ID ordering. Use FindAnyObjectByType instead, which does not depend on ordering.'

Assets\Editor\Wave1RuntimeAudit.cs(51,23): warning CS0618: 'Object.FindFirstObjectByType<T>()' is obsolete: 'FindFirstObjectByType has been deprecated because it relies on instance ID ordering. Use FindAnyObjectByType instead, which does not depend on ordering.'

Assets\Editor\Wave1RuntimeAudit.cs(52,23): warning CS0618: 'Object.FindFirstObjectByType<T>()' is obsolete: 'FindFirstObjectByType has been deprecated because it relies on instance ID ordering. Use FindAnyObjectByType instead, which does not depend on ordering.'

Assets\Editor\Wave1RuntimeAudit.cs(53,23): warning CS0618: 'Object.FindFirstObjectByType<T>()' is obsolete: 'FindFirstObjectByType has been deprecated because it relies on instance ID ordering. Use FindAnyObjectByType instead, which does not depend on ordering.'

Assets\Editor\Wave1RuntimeAudit.cs(54,23): warning CS0618: 'Object.FindFirstObjectByType<T>()' is obsolete: 'FindFirstObjectByType has been deprecated because it relies on instance ID ordering. Use FindAnyObjectByType instead, which does not depend on ordering.'

Assets\Editor\Wave1RuntimeAudit.cs(55,27): warning CS0618: 'Object.FindFirstObjectByType<T>()' is obsolete: 'FindFirstObjectByType has been deprecated because it relies on instance ID ordering. Use FindAnyObjectByType instead, which does not depend on ordering.'

Assets\Editor\Wave1RuntimeAudit.cs(56,23): warning CS0618: 'Object.FindFirstObjectByType<T>()' is obsolete: 'FindFirstObjectByType has been deprecated because it relies on instance ID ordering. Use FindAnyObjectByType instead, which does not depend on ordering.'

Assets\Editor\Wave1RuntimeAudit.cs(106,29): warning CS0618: 'Object.FindFirstObjectByType<T>()' is obsolete: 'FindFirstObjectByType has been deprecated because it relies on instance ID ordering. Use FindAnyObjectByType instead, which does not depend on ordering.'

Assets\Editor\Wave1RuntimeAudit.cs(145,77): warning CS0618: 'FindObjectsSortMode' is obsolete: 'FindObjectsSortMode has been deprecated. Use the FindObjectsByType overloads that do not take a FindObjectsSortMode parameter.'

Assets\Editor\Wave1RuntimeAudit.cs(145,27): warning CS0618: 'Object.FindObjectsByType<T>(FindObjectsSortMode)' is obsolete: 'FindObjectsByType with FindObjectsSortMode parameter has been deprecated. Use FindObjectsByType<T>() or FindObjectsByType<T>(FindObjectsInactive) instead. InstanceID will be replaced in the future with EntityId and previous sort order cannot be maintained.'

Assets\Editor\Wave1RuntimeAudit.cs(145,166): warning CS0618: 'FindObjectsSortMode' is obsolete: 'FindObjectsSortMode has been deprecated. Use the FindObjectsByType overloads that do not take a FindObjectsSortMode parameter.'

Assets\Editor\Wave1RuntimeAudit.cs(145,114): warning CS0618: 'Object.FindObjectsByType<T>(FindObjectsSortMode)' is obsolete: 'FindObjectsByType with FindObjectsSortMode parameter has been deprecated. Use FindObjectsByType<T>() or FindObjectsByType<T>(FindObjectsInactive) instead. InstanceID will be replaced in the future with EntityId and previous sort order cannot be maintained.'

Assets\Editor\RamirezIntegrationAudit.cs(103,26): warning CS0618: 'Object.FindFirstObjectByType<T>()' is obsolete: 'FindFirstObjectByType has been deprecated because it relies on instance ID ordering. Use FindAnyObjectByType instead, which does not depend on ordering.'

Assets\Editor\RamirezIntegrationAudit.cs(104,19): warning CS0618: 'Object.FindFirstObjectByType<T>()' is obsolete: 'FindFirstObjectByType has been deprecated because it relies on instance ID ordering. Use FindAnyObjectByType instead, which does not depend on ordering.'

Assets\Editor\RamirezIntegrationAudit.cs(105,19): warning CS0618: 'Object.FindFirstObjectByType<T>()' is obsolete: 'FindFirstObjectByType has been deprecated because it relies on instance ID ordering. Use FindAnyObjectByType instead, which does not depend on ordering.'

Assets\Editor\RamirezIntegrationAudit.cs(106,24): warning CS0618: 'Object.FindFirstObjectByType<T>()' is obsolete: 'FindFirstObjectByType has been deprecated because it relies on instance ID ordering. Use FindAnyObjectByType instead, which does not depend on ordering.'

Assets\Editor\RamirezIntegrationAudit.cs(107,22): warning CS0618: 'Object.FindFirstObjectByType<T>()' is obsolete: 'FindFirstObjectByType has been deprecated because it relies on instance ID ordering. Use FindAnyObjectByType instead, which does not depend on ordering.'

Assets\Editor\RamirezIntegrationAudit.cs(112,76): warning CS0618: 'Object.FindFirstObjectByType<T>()' is obsolete: 'FindFirstObjectByType has been deprecated because it relies on instance ID ordering. Use FindAnyObjectByType instead, which does not depend on ordering.'

Assets\Editor\RamirezIntegrationAudit.cs(164,24): warning CS0618: 'Object.FindFirstObjectByType<T>()' is obsolete: 'FindFirstObjectByType has been deprecated because it relies on instance ID ordering. Use FindAnyObjectByType instead, which does not depend on ordering.'

Assets\Editor\RamirezIntegrationAudit.cs(176,22): warning CS0618: 'Object.FindFirstObjectByType<T>()' is obsolete: 'FindFirstObjectByType has been deprecated because it relies on instance ID ordering. Use FindAnyObjectByType instead, which does not depend on ordering.'
[187/187    0s] CopyFiles Library/ScriptAssemblies/Assembly-CSharp-Editor.pdb
[188/187    0s] CopyFiles Library/ScriptAssemblies/Assembly-CSharp-Editor.dll
*** Tundra build success (4.95 seconds), 28 items updated, 187 evaluated
Assets\Scripts\BoxerVisualShell.cs(56,26): warning CS0618: 'Object.FindFirstObjectByType<T>()' is obsolete: 'FindFirstObjectByType has been deprecated because it relies on instance ID ordering. Use FindAnyObjectByType instead, which does not depend on ordering.'
Assets\Scripts\BoxerVisualShell.cs(57,22): warning CS0618: 'Object.FindFirstObjectByType<T>()' is obsolete: 'FindFirstObjectByType has been deprecated because it relies on instance ID ordering. Use FindAnyObjectByType instead, which does not depend on ordering.'
Assets\Scripts\BoxerVisualShell.cs(58,25): warning CS0618: 'Object.FindFirstObjectByType<T>()' is obsolete: 'FindFirstObjectByType has been deprecated because it relies on instance ID ordering. Use FindAnyObjectByType instead, which does not depend on ordering.'
Assets\Scripts\Blender3DVisualFollower.cs(88,25): warning CS0618: 'Object.FindFirstObjectByType<T>()' is obsolete: 'FindFirstObjectByType has been deprecated because it relies on instance ID ordering. Use FindAnyObjectByType instead, which does not depend on ordering.'
Assets\Scripts\Blender3DVisualFollower.cs(89,23): warning CS0618: 'Object.FindFirstObjectByType<T>()' is obsolete: 'FindFirstObjectByType has been deprecated because it relies on instance ID ordering. Use FindAnyObjectByType instead, which does not depend on ordering.'
Assets\Scripts\BoxerVisualShell.cs(181,64): warning CS0618: 'FindObjectsSortMode' is obsolete: 'FindObjectsSortMode has been deprecated. Use the FindObjectsByType overloads that do not take a FindObjectsSortMode parameter.'
Assets\Scripts\BoxerVisualShell.cs(181,34): warning CS0618: 'Object.FindObjectsByType<T>(FindObjectsSortMode)' is obsolete: 'FindObjectsByType with FindObjectsSortMode parameter has been deprecated. Use FindObjectsByType<T>() or FindObjectsByType<T>(FindObjectsInactive) instead. InstanceID will be replaced in the future with EntityId and previous sort order cannot be maintained.'
Assets\Scripts\BoxerBootstrap.cs(147,13): warning CS0618: 'Object.FindFirstObjectByType<T>()' is obsolete: 'FindFirstObjectByType has been deprecated because it relies on instance ID ordering. Use FindAnyObjectByType instead, which does not depend on ordering.'
Assets\Scripts\EVVisualShell.cs(55,26): warning CS0618: 'Object.FindFirstObjectByType<T>()' is obsolete: 'FindFirstObjectByType has been deprecated because it relies on instance ID ordering. Use FindAnyObjectByType instead, which does not depend on ordering.'
Assets\Scripts\EVVisualShell.cs(56,24): warning CS0618: 'Object.FindFirstObjectByType<T>()' is obsolete: 'FindFirstObjectByType has been deprecated because it relies on instance ID ordering. Use FindAnyObjectByType instead, which does not depend on ordering.'
Assets\Scripts\BoxerBootstrap.cs(443,17): warning CS0618: 'Object.FindFirstObjectByType<T>()' is obsolete: 'FindFirstObjectByType has been deprecated because it relies on instance ID ordering. Use FindAnyObjectByType instead, which does not depend on ordering.'
Assets\Scripts\P1PunchGuide.cs(22,26): warning CS0618: 'Object.FindFirstObjectByType<T>()' is obsolete: 'FindFirstObjectByType has been deprecated because it relies on instance ID ordering. Use FindAnyObjectByType instead, which does not depend on ordering.'
Assets\Scripts\P1VCombatPresentation.cs(74,26): warning CS0618: 'Object.FindFirstObjectByType<T>()' is obsolete: 'FindFirstObjectByType has been deprecated because it relies on instance ID ordering. Use FindAnyObjectByType instead, which does not depend on ordering.'
Assets\Scripts\P1VCombatPresentation.cs(75,22): warning CS0618: 'Object.FindFirstObjectByType<T>()' is obsolete: 'FindFirstObjectByType has been deprecated because it relies on instance ID ordering. Use FindAnyObjectByType instead, which does not depend on ordering.'
Assets\Scripts\P1VCombatPresentation.cs(76,23): warning CS0618: 'Object.FindFirstObjectByType<T>()' is obsolete: 'FindFirstObjectByType has been deprecated because it relies on instance ID ordering. Use FindAnyObjectByType instead, which does not depend on ordering.'
Assets\Scripts\P1VCombatPresentation.cs(77,25): warning CS0618: 'Object.FindFirstObjectByType<T>()' is obsolete: 'FindFirstObjectByType has been deprecated because it relies on instance ID ordering. Use FindAnyObjectByType instead, which does not depend on ordering.'
Assets\Scripts\P1VCombatPresentation.cs(78,26): warning CS0618: 'Object.FindFirstObjectByType<T>()' is obsolete: 'FindFirstObjectByType has been deprecated because it relies on instance ID ordering. Use FindAnyObjectByType instead, which does not depend on ordering.'
Assets\Scripts\P1VCombatPresentation.cs(79,38): warning CS0618: 'Object.FindFirstObjectByType<T>()' is obsolete: 'FindFirstObjectByType has been deprecated because it relies on instance ID ordering. Use FindAnyObjectByType instead, which does not depend on ordering.'
Assets\Scripts\P1PunchGuide.cs(45,17): warning CS0618: 'Object.FindFirstObjectByType<T>()' is obsolete: 'FindFirstObjectByType has been deprecated because it relies on instance ID ordering. Use FindAnyObjectByType instead, which does not depend on ordering.'
Assets\Scripts\ProductScreens.cs(18,69): warning CS0618: 'Object.FindFirstObjectByType<T>()' is obsolete: 'FindFirstObjectByType has been deprecated because it relies on instance ID ordering. Use FindAnyObjectByType instead, which does not depend on ordering.'
Assets\Scripts\ProductScreens.cs(23,30): warning CS0618: 'Object.FindFirstObjectByType<T>()' is obsolete: 'FindFirstObjectByType has been deprecated because it relies on instance ID ordering. Use FindAnyObjectByType instead, which does not depend on ordering.'
Assets\Scripts\Round2CombatRig.cs(66,24): warning CS0618: 'Object.FindFirstObjectByType<T>()' is obsolete: 'FindFirstObjectByType has been deprecated because it relies on instance ID ordering. Use FindAnyObjectByType instead, which does not depend on ordering.'
Assets\Scripts\EVVisualShell.cs(419,65): warning CS0618: 'FindObjectsSortMode' is obsolete: 'FindObjectsSortMode has been deprecated. Use the FindObjectsByType overloads that do not take a FindObjectsSortMode parameter.'
Assets\Scripts\EVVisualShell.cs(419,37): warning CS0618: 'Object.FindObjectsByType<T>(FindObjectsSortMode)' is obsolete: 'FindObjectsByType with FindObjectsSortMode parameter has been deprecated. Use FindObjectsByType<T>() or FindObjectsByType<T>(FindObjectsInactive) instead. InstanceID will be replaced in the future with EntityId and previous sort order cannot be maintained.'
Assets\Scripts\OpponentLegEmbodiment.cs(21,40): warning CS0414: The field 'OpponentLegEmbodiment._footLength' is assigned but its value is never used
Assets\Scripts\OpponentLegEmbodiment.cs(20,40): warning CS0414: The field 'OpponentLegEmbodiment._shinLength' is assigned but its value is never used
Assets\Scripts\ArmVisualEmbodiment.cs(85,40): warning CS0414: The field 'ArmVisualEmbodiment._upperArmLength' is assigned but its value is never used
Assets\Scripts\OpponentLegEmbodiment.cs(17,40): warning CS0414: The field 'OpponentLegEmbodiment._pelvisHeight' is assigned but its value is never used
Assets\Scripts\OpponentLegEmbodiment.cs(19,40): warning CS0414: The field 'OpponentLegEmbodiment._thighLength' is assigned but its value is never used
Assets\Scripts\ArmVisualEmbodiment.cs(86,40): warning CS0414: The field 'ArmVisualEmbodiment._forearmLength' is assigned but its value is never used
Assets\Scripts\BoxerVisualShell.cs(56,26): warning CS0618: 'Object.FindFirstObjectByType<T>()' is obsolete: 'FindFirstObjectByType has been deprecated because it relies on instance ID ordering. Use FindAnyObjectByType instead, which does not depend on ordering.'
Assets\Scripts\BoxerVisualShell.cs(57,22): warning CS0618: 'Object.FindFirstObjectByType<T>()' is obsolete: 'FindFirstObjectByType has been deprecated because it relies on instance ID ordering. Use FindAnyObjectByType instead, which does not depend on ordering.'
Assets\Scripts\BoxerVisualShell.cs(58,25): warning CS0618: 'Object.FindFirstObjectByType<T>()' is obsolete: 'FindFirstObjectByType has been deprecated because it relies on instance ID ordering. Use FindAnyObjectByType instead, which does not depend on ordering.'
Assets\Scripts\Blender3DVisualFollower.cs(88,25): warning CS0618: 'Object.FindFirstObjectByType<T>()' is obsolete: 'FindFirstObjectByType has been deprecated because it relies on instance ID ordering. Use FindAnyObjectByType instead, which does not depend on ordering.'
Assets\Scripts\Blender3DVisualFollower.cs(89,23): warning CS0618: 'Object.FindFirstObjectByType<T>()' is obsolete: 'FindFirstObjectByType has been deprecated because it relies on instance ID ordering. Use FindAnyObjectByType instead, which does not depend on ordering.'
Assets\Scripts\BoxerBootstrap.cs(147,13): warning CS0618: 'Object.FindFirstObjectByType<T>()' is obsolete: 'FindFirstObjectByType has been deprecated because it relies on instance ID ordering. Use FindAnyObjectByType instead, which does not depend on ordering.'
Assets\Scripts\BoxerVisualShell.cs(181,64): warning CS0618: 'FindObjectsSortMode' is obsolete: 'FindObjectsSortMode has been deprecated. Use the FindObjectsByType overloads that do not take a FindObjectsSortMode parameter.'
Assets\Scripts\BoxerVisualShell.cs(181,34): warning CS0618: 'Object.FindObjectsByType<T>(FindObjectsSortMode)' is obsolete: 'FindObjectsByType with FindObjectsSortMode parameter has been deprecated. Use FindObjectsByType<T>() or FindObjectsByType<T>(FindObjectsInactive) instead. InstanceID will be replaced in the future with EntityId and previous sort order cannot be maintained.'
Assets\Scripts\BoxerBootstrap.cs(443,17): warning CS0618: 'Object.FindFirstObjectByType<T>()' is obsolete: 'FindFirstObjectByType has been deprecated because it relies on instance ID ordering. Use FindAnyObjectByType instead, which does not depend on ordering.'
Assets\Scripts\EVVisualShell.cs(55,26): warning CS0618: 'Object.FindFirstObjectByType<T>()' is obsolete: 'FindFirstObjectByType has been deprecated because it relies on instance ID ordering. Use FindAnyObjectByType instead, which does not depend on ordering.'
Assets\Scripts\EVVisualShell.cs(56,24): warning CS0618: 'Object.FindFirstObjectByType<T>()' is obsolete: 'FindFirstObjectByType has been deprecated because it relies on instance ID ordering. Use FindAnyObjectByType instead, which does not depend on ordering.'
Assets\Scripts\P1PunchGuide.cs(22,26): warning CS0618: 'Object.FindFirstObjectByType<T>()' is obsolete: 'FindFirstObjectByType has been deprecated because it relies on instance ID ordering. Use FindAnyObjectByType instead, which does not depend on ordering.'
Assets\Scripts\P1PunchGuide.cs(45,17): warning CS0618: 'Object.FindFirstObjectByType<T>()' is obsolete: 'FindFirstObjectByType has been deprecated because it relies on instance ID ordering. Use FindAnyObjectByType instead, which does not depend on ordering.'
Assets\Scripts\P1VCombatPresentation.cs(74,26): warning CS0618: 'Object.FindFirstObjectByType<T>()' is obsolete: 'FindFirstObjectByType has been deprecated because it relies on instance ID ordering. Use FindAnyObjectByType instead, which does not depend on ordering.'
Assets\Scripts\P1VCombatPresentation.cs(75,22): warning CS0618: 'Object.FindFirstObjectByType<T>()' is obsolete: 'FindFirstObjectByType has been deprecated because it relies on instance ID ordering. Use FindAnyObjectByType instead, which does not depend on ordering.'
Assets\Scripts\P1VCombatPresentation.cs(76,23): warning CS0618: 'Object.FindFirstObjectByType<T>()' is obsolete: 'FindFirstObjectByType has been deprecated because it relies on instance ID ordering. Use FindAnyObjectByType instead, which does not depend on ordering.'
Assets\Scripts\P1VCombatPresentation.cs(77,25): warning CS0618: 'Object.FindFirstObjectByType<T>()' is obsolete: 'FindFirstObjectByType has been deprecated because it relies on instance ID ordering. Use FindAnyObjectByType instead, which does not depend on ordering.'
Assets\Scripts\P1VCombatPresentation.cs(78,26): warning CS0618: 'Object.FindFirstObjectByType<T>()' is obsolete: 'FindFirstObjectByType has been deprecated because it relies on instance ID ordering. Use FindAnyObjectByType instead, which does not depend on ordering.'
Assets\Scripts\P1VCombatPresentation.cs(79,38): warning CS0618: 'Object.FindFirstObjectByType<T>()' is obsolete: 'FindFirstObjectByType has been deprecated because it relies on instance ID ordering. Use FindAnyObjectByType instead, which does not depend on ordering.'
Assets\Scripts\ProductScreens.cs(18,69): warning CS0618: 'Object.FindFirstObjectByType<T>()' is obsolete: 'FindFirstObjectByType has been deprecated because it relies on instance ID ordering. Use FindAnyObjectByType instead, which does not depend on ordering.'
Assets\Scripts\ProductScreens.cs(23,30): warning CS0618: 'Object.FindFirstObjectByType<T>()' is obsolete: 'FindFirstObjectByType has been deprecated because it relies on instance ID ordering. Use FindAnyObjectByType instead, which does not depend on ordering.'
Assets\Scripts\Round2CombatRig.cs(66,24): warning CS0618: 'Object.FindFirstObjectByType<T>()' is obsolete: 'FindFirstObjectByType has been deprecated because it relies on instance ID ordering. Use FindAnyObjectByType instead, which does not depend on ordering.'
Assets\Scripts\EVVisualShell.cs(419,65): warning CS0618: 'FindObjectsSortMode' is obsolete: 'FindObjectsSortMode has been deprecated. Use the FindObjectsByType overloads that do not take a FindObjectsSortMode parameter.'
Assets\Scripts\EVVisualShell.cs(419,37): warning CS0618: 'Object.FindObjectsByType<T>(FindObjectsSortMode)' is obsolete: 'FindObjectsByType with FindObjectsSortMode parameter has been deprecated. Use FindObjectsByType<T>() or FindObjectsByType<T>(FindObjectsInactive) instead. InstanceID will be replaced in the future with EntityId and previous sort order cannot be maintained.'
Assets\Scripts\OpponentLegEmbodiment.cs(19,40): warning CS0414: The field 'OpponentLegEmbodiment._thighLength' is assigned but its value is never used
Assets\Scripts\ArmVisualEmbodiment.cs(86,40): warning CS0414: The field 'ArmVisualEmbodiment._forearmLength' is assigned but its value is never used
Assets\Scripts\OpponentLegEmbodiment.cs(20,40): warning CS0414: The field 'OpponentLegEmbodiment._shinLength' is assigned but its value is never used
Assets\Scripts\OpponentLegEmbodiment.cs(17,40): warning CS0414: The field 'OpponentLegEmbodiment._pelvisHeight' is assigned but its value is never used
Assets\Scripts\OpponentLegEmbodiment.cs(21,40): warning CS0414: The field 'OpponentLegEmbodiment._footLength' is assigned but its value is never used
Assets\Scripts\ArmVisualEmbodiment.cs(85,40): warning CS0414: The field 'ArmVisualEmbodiment._upperArmLength' is assigned but its value is never used
Assets\Editor\EVEvaluation.cs(17,23): warning CS0618: 'Object.FindFirstObjectByType<T>()' is obsolete: 'FindFirstObjectByType has been deprecated because it relies on instance ID ordering. Use FindAnyObjectByType instead, which does not depend on ordering.'
Assets\Editor\EVEvaluation.cs(19,26): warning CS0618: 'Object.FindFirstObjectByType<T>()' is obsolete: 'FindFirstObjectByType has been deprecated because it relies on instance ID ordering. Use FindAnyObjectByType instead, which does not depend on ordering.'
Assets\Editor\EVEvaluation.cs(20,24): warning CS0618: 'Object.FindFirstObjectByType<T>()' is obsolete: 'FindFirstObjectByType has been deprecated because it relies on instance ID ordering. Use FindAnyObjectByType instead, which does not depend on ordering.'
Assets\Editor\P1B15TSelfTests.cs(83,19): warning CS0219: The variable 'upperArmRadius' is assigned but its value is never used
Assets\Editor\P1B15TSelfTests.cs(84,19): warning CS0219: The variable 'forearmRadius' is assigned but its value is never used
Assets\Editor\P1B15USelfTests.cs(59,19): warning CS0219: The variable 'leftRightHeightDiff' is assigned but its value is never used
Assets\Editor\P1B15USelfTests.cs(60,19): warning CS0219: The variable 'elbowInwardBiasGuard' is assigned but its value is never used
Assets\Editor\P1B15USelfTests.cs(61,19): warning CS0219: The variable 'gloveLateralInset' is assigned but its value is never used
Assets\Editor\P1B15USelfTests.cs(62,19): warning CS0219: The variable 'gloveForwardOffset' is assigned but its value is never used
Assets\Editor\P1B15USelfTests.cs(63,19): warning CS0219: The variable 'gloveHeightOffset' is assigned but its value is never used
Assets\Editor\Round2RuntimeAudit.cs(41,21): warning CS0618: 'Object.FindFirstObjectByType<T>()' is obsolete: 'FindFirstObjectByType has been deprecated because it relies on instance ID ordering. Use FindAnyObjectByType instead, which does not depend on ordering.'
Assets\Editor\Round2RuntimeAudit.cs(42,24): warning CS0618: 'Object.FindFirstObjectByType<T>()' is obsolete: 'FindFirstObjectByType has been deprecated because it relies on instance ID ordering. Use FindAnyObjectByType instead, which does not depend on ordering.'
Assets\Editor\Round2RuntimeAudit.cs(43,26): warning CS0618: 'Object.FindFirstObjectByType<T>()' is obsolete: 'FindFirstObjectByType has been deprecated because it relies on instance ID ordering. Use FindAnyObjectByType instead, which does not depend on ordering.'
Assets\Editor\Round2RuntimeAudit.cs(48,31): warning CS0618: 'Object.FindFirstObjectByType<T>()' is obsolete: 'FindFirstObjectByType has been deprecated because it relies on instance ID ordering. Use FindAnyObjectByType instead, which does not depend on ordering.'
Assets\Editor\Round2RuntimeAudit.cs(75,22): warning CS0618: 'Object.FindFirstObjectByType<T>()' is obsolete: 'FindFirstObjectByType has been deprecated because it relies on instance ID ordering. Use FindAnyObjectByType instead, which does not depend on ordering.'
Assets\Editor\Round2RuntimeAudit.cs(77,16): warning CS0618: 'Object.FindFirstObjectByType<T>()' is obsolete: 'FindFirstObjectByType has been deprecated because it relies on instance ID ordering. Use FindAnyObjectByType instead, which does not depend on ordering.'
Assets\Editor\Round2RuntimeAudit.cs(87,16): warning CS0618: 'Object.FindFirstObjectByType<T>()' is obsolete: 'FindFirstObjectByType has been deprecated because it relies on instance ID ordering. Use FindAnyObjectByType instead, which does not depend on ordering.'
Assets\Editor\Round2RuntimeAudit.cs(100,27): warning CS0618: 'Object.FindFirstObjectByType<T>()' is obsolete: 'FindFirstObjectByType has been deprecated because it relies on instance ID ordering. Use FindAnyObjectByType instead, which does not depend on ordering.'
Assets\Editor\Wave1RuntimeAudit.cs(51,23): warning CS0618: 'Object.FindFirstObjectByType<T>()' is obsolete: 'FindFirstObjectByType has been deprecated because it relies on instance ID ordering. Use FindAnyObjectByType instead, which does not depend on ordering.'
Assets\Editor\Wave1RuntimeAudit.cs(52,23): warning CS0618: 'Object.FindFirstObjectByType<T>()' is obsolete: 'FindFirstObjectByType has been deprecated because it relies on instance ID ordering. Use FindAnyObjectByType instead, which does not depend on ordering.'
Assets\Editor\Wave1RuntimeAudit.cs(53,23): warning CS0618: 'Object.FindFirstObjectByType<T>()' is obsolete: 'FindFirstObjectByType has been deprecated because it relies on instance ID ordering. Use FindAnyObjectByType instead, which does not depend on ordering.'
Assets\Editor\Wave1RuntimeAudit.cs(54,23): warning CS0618: 'Object.FindFirstObjectByType<T>()' is obsolete: 'FindFirstObjectByType has been deprecated because it relies on instance ID ordering. Use FindAnyObjectByType instead, which does not depend on ordering.'
Assets\Editor\Wave1RuntimeAudit.cs(55,27): warning CS0618: 'Object.FindFirstObjectByType<T>()' is obsolete: 'FindFirstObjectByType has been deprecated because it relies on instance ID ordering. Use FindAnyObjectByType instead, which does not depend on ordering.'
Assets\Editor\Wave1RuntimeAudit.cs(56,23): warning CS0618: 'Object.FindFirstObjectByType<T>()' is obsolete: 'FindFirstObjectByType has been deprecated because it relies on instance ID ordering. Use FindAnyObjectByType instead, which does not depend on ordering.'
Assets\Editor\Wave1RuntimeAudit.cs(106,29): warning CS0618: 'Object.FindFirstObjectByType<T>()' is obsolete: 'FindFirstObjectByType has been deprecated because it relies on instance ID ordering. Use FindAnyObjectByType instead, which does not depend on ordering.'
Assets\Editor\Wave1RuntimeAudit.cs(145,77): warning CS0618: 'FindObjectsSortMode' is obsolete: 'FindObjectsSortMode has been deprecated. Use the FindObjectsByType overloads that do not take a FindObjectsSortMode parameter.'
Assets\Editor\Wave1RuntimeAudit.cs(145,27): warning CS0618: 'Object.FindObjectsByType<T>(FindObjectsSortMode)' is obsolete: 'FindObjectsByType with FindObjectsSortMode parameter has been deprecated. Use FindObjectsByType<T>() or FindObjectsByType<T>(FindObjectsInactive) instead. InstanceID will be replaced in the future with EntityId and previous sort order cannot be maintained.'
Assets\Editor\Wave1RuntimeAudit.cs(145,166): warning CS0618: 'FindObjectsSortMode' is obsolete: 'FindObjectsSortMode has been deprecated. Use the FindObjectsByType overloads that do not take a FindObjectsSortMode parameter.'
Assets\Editor\Wave1RuntimeAudit.cs(145,114): warning CS0618: 'Object.FindObjectsByType<T>(FindObjectsSortMode)' is obsolete: 'FindObjectsByType with FindObjectsSortMode parameter has been deprecated. Use FindObjectsByType<T>() or FindObjectsByType<T>(FindObjectsInactive) instead. InstanceID will be replaced in the future with EntityId and previous sort order cannot be maintained.'
Assets\Editor\RamirezIntegrationAudit.cs(103,26): warning CS0618: 'Object.FindFirstObjectByType<T>()' is obsolete: 'FindFirstObjectByType has been deprecated because it relies on instance ID ordering. Use FindAnyObjectByType instead, which does not depend on ordering.'
Assets\Editor\RamirezIntegrationAudit.cs(104,19): warning CS0618: 'Object.FindFirstObjectByType<T>()' is obsolete: 'FindFirstObjectByType has been deprecated because it relies on instance ID ordering. Use FindAnyObjectByType instead, which does not depend on ordering.'
Assets\Editor\RamirezIntegrationAudit.cs(105,19): warning CS0618: 'Object.FindFirstObjectByType<T>()' is obsolete: 'FindFirstObjectByType has been deprecated because it relies on instance ID ordering. Use FindAnyObjectByType instead, which does not depend on ordering.'
Assets\Editor\RamirezIntegrationAudit.cs(106,24): warning CS0618: 'Object.FindFirstObjectByType<T>()' is obsolete: 'FindFirstObjectByType has been deprecated because it relies on instance ID ordering. Use FindAnyObjectByType instead, which does not depend on ordering.'
Assets\Editor\RamirezIntegrationAudit.cs(107,22): warning CS0618: 'Object.FindFirstObjectByType<T>()' is obsolete: 'FindFirstObjectByType has been deprecated because it relies on instance ID ordering. Use FindAnyObjectByType instead, which does not depend on ordering.'
Assets\Editor\RamirezIntegrationAudit.cs(112,76): warning CS0618: 'Object.FindFirstObjectByType<T>()' is obsolete: 'FindFirstObjectByType has been deprecated because it relies on instance ID ordering. Use FindAnyObjectByType instead, which does not depend on ordering.'
Assets\Editor\RamirezIntegrationAudit.cs(164,24): warning CS0618: 'Object.FindFirstObjectByType<T>()' is obsolete: 'FindFirstObjectByType has been deprecated because it relies on instance ID ordering. Use FindAnyObjectByType instead, which does not depend on ordering.'
Assets\Editor\RamirezIntegrationAudit.cs(176,22): warning CS0618: 'Object.FindFirstObjectByType<T>()' is obsolete: 'FindFirstObjectByType has been deprecated because it relies on instance ID ordering. Use FindAnyObjectByType instead, which does not depend on ordering.'
Total cache size 15393888
Total cache size after purge 15393888, took 00:00:00.0331640
AssetDatabase: script compilation time: 11.459848s
Begin MonoManager ReloadAssembly
Importing 'GUID: c060426bfd6e82575228df6656368eaa - Path: Packages/com.unity.modules.imgui' with importer (DefaultImporter)
Imported 'GUID: c060426bfd6e82575228df6656368eaa' -> (Import Result ID: 'cf02847ceec7d2872cfd3abefa14549b') in 0.011 seconds [static dependencies only]. Details - ImportResultOutputID=dcc23da4b16b268ee6e83200b7ebb805 DependenciesID=2086ddccde2e6fbd24cff6207f712388 StaticDependenciesID=dcfbfa33c460c8bce2fbeaa89284fa4b 
Importing 'GUID: 1158e311a3101950348dcecb1bebc42d - Path: Packages/com.unity.modules.animation' with importer (DefaultImporter)
Imported 'GUID: 1158e311a3101950348dcecb1bebc42d' -> (Import Result ID: 'e37b81a46bcef9cbe7d6da2c7722799c') in 0.001 seconds [static dependencies only]. Details - ImportResultOutputID=7f760e80e4376f4e2af6163c51483957 DependenciesID=33f806035b03395b7cd71586c052efa7 StaticDependenciesID=d58e4e925b4477ec3fc56266dda92cb7 
Importing 'GUID: 515638b803bef8599dbd6d5c8bdaa53e - Path: Packages/com.unity.modules.xr' with importer (DefaultImporter)
Imported 'GUID: 515638b803bef8599dbd6d5c8bdaa53e' -> (Import Result ID: 'f58d699fd78b48df6f7b684ee0fec26b') in 0.002 seconds [static dependencies only]. Details - ImportResultOutputID=4287b6c9de175897d57f5d0f89be5f52 DependenciesID=70fc0679b0d07239c2400ea969970978 StaticDependenciesID=14dc3a32c9be63acfb43cbd973f867b9 
Importing 'GUID: b219c86ce508e478367c0a46e1aa9fe4 - Path: Packages/com.unity.modules.assetbundle' with importer (DefaultImporter)
Imported 'GUID: b219c86ce508e478367c0a46e1aa9fe4' -> (Import Result ID: 'e407681b1bca06d4ee80ffd67027d990') in 0.001 seconds [static dependencies only]. Details - ImportResultOutputID=89494b4b6b631d330268aeb9dacd9e16 DependenciesID=49321cd40391b47dca923c46a0b51cd4 StaticDependenciesID=f0921b01574508825a731309420aac3e 
Importing 'GUID: 04c6898809c37620ac863cc2a5d7c4d0 - Path: Packages/com.unity.modules.vectorgraphics' with importer (DefaultImporter)
Imported 'GUID: 04c6898809c37620ac863cc2a5d7c4d0' -> (Import Result ID: '7bdc20d0b18267a5e9124ff29a87609f') in 0.001 seconds [static dependencies only]. Details - ImportResultOutputID=3855432a71b0a738524e2b907e4a06f1 DependenciesID=c7668d1b1f42ace2a16d41bf0365eaac StaticDependenciesID=db47898b496856ae70e47157d5480627 
Importing 'GUID: 5469ef0820152a4ae45d400fdc4626e4 - Path: Packages/com.unity.modules.screencapture' with importer (DefaultImporter)
Imported 'GUID: 5469ef0820152a4ae45d400fdc4626e4' -> (Import Result ID: '1e9d2faeef0c157dc048cd69028c8f55') in 0.001 seconds [static dependencies only]. Details - ImportResultOutputID=883c2ddc1cc8ab47552769d7d10ec20e DependenciesID=e8d1b1ac77d92bb2a277bde4b7864921 StaticDependenciesID=2d36e1f7d4053f2b93ff7495a5c1dde9 
Importing 'GUID: c4df1124e2787ee0c8d1a911de17ee73 - Path: Packages/com.unity.modules.cloth' with importer (DefaultImporter)
Imported 'GUID: c4df1124e2787ee0c8d1a911de17ee73' -> (Import Result ID: 'f703972abcd8febed3f7f9df75e5b803') in 0.001 seconds [static dependencies only]. Details - ImportResultOutputID=02c3e07e14f3716325ca51811cb4ad59 DependenciesID=2a5f4431052ca721706216f2f8a6ee32 StaticDependenciesID=b75deedee1f8f832d07395b027bce037 
Importing 'GUID: 850c54ee0b9e1aa740b1c67792eb1f26 - Path: Packages/com.unity.modules.imageconversion' with importer (DefaultImporter)
Imported 'GUID: 850c54ee0b9e1aa740b1c67792eb1f26' -> (Import Result ID: '2973994bee36aa97d9443168268f47e9') in 0.001 seconds [static dependencies only]. Details - ImportResultOutputID=5e29084e34474b819d3f42b6f87fa2f1 DependenciesID=d080164e34df1d295815550b352c546e StaticDependenciesID=ead3b0fca67d215d683803a221eebd27 
Importing 'GUID: 95f85adeda79e994f011eb2152cf4fc9 - Path: Packages/com.unity.modules.terrainphysics' with importer (DefaultImporter)
Imported 'GUID: 95f85adeda79e994f011eb2152cf4fc9' -> (Import Result ID: '6b3d168146bf8e99412fa9e0055a7282') in 0.001 seconds [static dependencies only]. Details - ImportResultOutputID=066c7237bacce3d1fed9fa88ce895dc2 DependenciesID=e017dd36d9f1bed8083509adb3604cab StaticDependenciesID=d0d45621b6c1d9f84f4da190cee09523 
Importing 'GUID: c522a644a29fcab2eaf63298c118a65b - Path: Packages/com.unity.modules.unitywebrequest' with importer (DefaultImporter)
Imported 'GUID: c522a644a29fcab2eaf63298c118a65b' -> (Import Result ID: '6f13bdefcd37409ac301686699b63ea3') in 0.001 seconds [static dependencies only]. Details - ImportResultOutputID=bd84e5c0828c0c958fda12361a6931c4 DependenciesID=b06d11930b7a96881eb3a24d68d1c685 StaticDependenciesID=7c352e29047f83b2302c120040a82237 
Importing 'GUID: d5f0b0adc6826e9dd3b72e292e8438be - Path: Packages/com.unity.modules.unitywebrequestassetbundle' with importer (DefaultImporter)
Imported 'GUID: d5f0b0adc6826e9dd3b72e292e8438be' -> (Import Result ID: 'ccae98511501a3691a4f28c9305395d0') in 0.002 seconds [static dependencies only]. Details - ImportResultOutputID=28545450f0f8fe7184e75065d2eaebce DependenciesID=40d41d9cefabd5f5eb8b5cfd4ef24fd9 StaticDependenciesID=d6e47b92f5e066bd6d04c17b2d205096 
Importing 'GUID: 56b94a5b6990c879bb0f057719d1064b - Path: Packages/com.unity.modules.subsystems' with importer (DefaultImporter)
Imported 'GUID: 56b94a5b6990c879bb0f057719d1064b' -> (Import Result ID: '529ebfa03ce4541f897f33e6f5074f1d') in 0.001 seconds [static dependencies only]. Details - ImportResultOutputID=0e619aa1d83b61217ae2e97dfc45d4e9 DependenciesID=925e5732c1c98f399754db5bb23eb76d StaticDependenciesID=6c3bc4fc02fdaa9feb3eece9fe8a9cec 
Importing 'GUID: d6c6a000a805f00649b36b542e8426c2 - Path: Packages/com.unity.modules.unityanalytics' with importer (DefaultImporter)
Imported 'GUID: d6c6a000a805f00649b36b542e8426c2' -> (Import Result ID: '1c0e803e42edb58e775fdf8c1ada7c9a') in 0.001 seconds [static dependencies only]. Details - ImportResultOutputID=bf660bcbf114683b66648691531e6d07 DependenciesID=89197de4bd5cc31d5c7bae3fe24cbcde StaticDependenciesID=3a4a7534c9788a0496ca97804124d881 
Importing 'GUID: d6db7caf2e852b75ebb9c6098418179c - Path: Packages/com.unity.modules.physics' with importer (DefaultImporter)
Imported 'GUID: d6db7caf2e852b75ebb9c6098418179c' -> (Import Result ID: '17efe42b4d253215f7ce1c4062aa0c38') in 0.001 seconds [static dependencies only]. Details - ImportResultOutputID=ca9e398e0fe23d8852b03b4ef733b883 DependenciesID=e2c39f0a5de8ad2594cb338b7658e6b8 StaticDependenciesID=c62fb84fdcd1e94d00277c1c40c3739f 
Importing 'GUID: 376c84ea405e0f2b80562c23bb977216 - Path: Packages/com.unity.modules.physics2d' with importer (DefaultImporter)
Imported 'GUID: 376c84ea405e0f2b80562c23bb977216' -> (Import Result ID: 'e16f02c29d3dea367ecb900153c73915') in 0.002 seconds [static dependencies only]. Details - ImportResultOutputID=3c523e0fa92287aeca10533038c4ad8c DependenciesID=6bb4f8083248eac4b0dc6f99b652bbce StaticDependenciesID=f9ac984a12928ed37980ddae896e5092 
Importing 'GUID: b77b1ad9c05af0412725856c6c53b037 - Path: Packages/com.unity.modules.wind' with importer (DefaultImporter)
Imported 'GUID: b77b1ad9c05af0412725856c6c53b037' -> (Import Result ID: '694b941601afae996ece1a250d52d92b') in 0.001 seconds [static dependencies only]. Details - ImportResultOutputID=20914c3eb4d4a40f977811ac372be123 DependenciesID=d21b8e17cfb8e89fe6ce6b17ce9c8244 StaticDependenciesID=46ac7d1af46c22898a1232f313b934ef 
Importing 'GUID: 2808ba6bccb2478ec9c7209d8bf1f3cc - Path: Packages/com.unity.modules.uielements' with importer (DefaultImporter)
Imported 'GUID: 2808ba6bccb2478ec9c7209d8bf1f3cc' -> (Import Result ID: '5e5dfe08c6a00c900cfe4fcfce3b78a1') in 0.001 seconds [static dependencies only]. Details - ImportResultOutputID=43ac9c1bd0c2e88ddb17cc3ac3d457f4 DependenciesID=6331dea1aa9bb31237c64de3af52db43 StaticDependenciesID=59202ada8d9ed2d8790f39d1af247fa9 
Importing 'GUID: 38e3a8976f0b9c586b6dfbcef4e4066c - Path: Packages/com.unity.modules.unitywebrequestaudio' with importer (DefaultImporter)
Imported 'GUID: 38e3a8976f0b9c586b6dfbcef4e4066c' -> (Import Result ID: 'c54f3cdcd0a0a53c728a8f6a4bf8e805') in 0.002 seconds [static dependencies only]. Details - ImportResultOutputID=fa5586dfb87647a6c685707600b86782 DependenciesID=d3b8e77c9c0813b337d35585e0cd8dac StaticDependenciesID=48a2720e21e8eb8eca255939c5f3eb1d 
Importing 'GUID: 48b10b41f58d5b49717f376cda59eeb8 - Path: Packages/com.unity.modules.particlesystem' with importer (DefaultImporter)
Imported 'GUID: 48b10b41f58d5b49717f376cda59eeb8' -> (Import Result ID: '2ca99f43dcc60f64cbde6b09dd836276') in 0.002 seconds [static dependencies only]. Details - ImportResultOutputID=bbc465d3d6faacd80c5d2d6b9e298635 DependenciesID=c5895581a6d08af4451e2d20e825f0d5 StaticDependenciesID=81558f2015053653d61c0994543e82b3 
Importing 'GUID: 783ee1c8fd4414848db1be97aacf44fb - Path: Packages/com.unity.modules.accessibility' with importer (DefaultImporter)
Imported 'GUID: 783ee1c8fd4414848db1be97aacf44fb' -> (Import Result ID: '22792940adc4c731e445dc78eb9fe3fd') in 0.001 seconds [static dependencies only]. Details - ImportResultOutputID=9ceb99a21b9f1e61183206a57a741925 DependenciesID=c59f06feebd4b2d44b2d489c588f040a StaticDependenciesID=0c3b582cc644fab2b6544ebc50675bbc 
Importing 'GUID: 09e28640d754a611467eebfb261ed749 - Path: Packages/com.unity.modules.tilemap' with importer (DefaultImporter)
Imported 'GUID: 09e28640d754a611467eebfb261ed749' -> (Import Result ID: '56df1fb7932ed758e22709161024465f') in 0.001 seconds [static dependencies only]. Details - ImportResultOutputID=84462fd97657c416dad9f0a01ba73192 DependenciesID=09aca3cc367571eb90d49da11da39372 StaticDependenciesID=f2c3c73202e22cf06daeb9dd58ae6eae 
Importing 'GUID: 39728903e57c60021f80449a8bbc0096 - Path: Packages/com.unity.modules.ui' with importer (DefaultImporter)
Imported 'GUID: 39728903e57c60021f80449a8bbc0096' -> (Import Result ID: 'aafd74a4e55e642d1ea0f795f6444b28') in 0.001 seconds [static dependencies only]. Details - ImportResultOutputID=d7a4a57fb3c24edd8687328a72cff587 DependenciesID=5ad4483b2dacaca3bc3cdbfd4283033a StaticDependenciesID=6f9d30d0da8c720154437b2dbfc538a9 
Importing 'GUID: 995c08a3305ff9f0dab5e86f340bd9a7 - Path: Packages/com.unity.modules.androidjni' with importer (DefaultImporter)
Imported 'GUID: 995c08a3305ff9f0dab5e86f340bd9a7' -> (Import Result ID: '701f2d40c085a88e5be25bb90837fc1e') in 0.001 seconds [static dependencies only]. Details - ImportResultOutputID=30c3e7dc197ceabd471c943bc8eba608 DependenciesID=425c20ce60374642a724cdff7fd24253 StaticDependenciesID=ad97d0fc3477242b18c560757f4d1e58 
Importing 'GUID: b975297a992381c1f3257d0e96892c8a - Path: Packages/com.unity.modules.adaptiveperformance' with importer (DefaultImporter)
Imported 'GUID: b975297a992381c1f3257d0e96892c8a' -> (Import Result ID: 'a2e6bef6ef548c7d281ffe438d4bf9e6') in 0.001 seconds [static dependencies only]. Details - ImportResultOutputID=7f7b3e23eb4697a89925ff793958e5e5 DependenciesID=704994437ad72b75b63f683e3e2c8b77 StaticDependenciesID=7c76e8507c36e23af3851bdc0b54b4ca 
Importing 'GUID: e9a46d0940097b5c2c483622a7effc59 - Path: Packages/com.unity.multiplayer.center' with importer (DefaultImporter)
Imported 'GUID: e9a46d0940097b5c2c483622a7effc59' -> (Import Result ID: 'f7ec3aed5a8d9d5c70e3654fc2a88a73') in 0.001 seconds [static dependencies only]. Details - ImportResultOutputID=f3046c93bbe9d773216fbea661ffa254 DependenciesID=54b960739866031de6bdfbe96a52d173 StaticDependenciesID=b2e1c9948d369bc0141389d8e41ae6ea 
Importing 'GUID: 6b81377a4453ba7362eb3322f9bcc6c6 - Path: Packages/com.unity.modules.hierarchycore' with importer (DefaultImporter)
Imported 'GUID: 6b81377a4453ba7362eb3322f9bcc6c6' -> (Import Result ID: 'd64e3c92d05cb8ab57cf9c34e8c0ee27') in 0.001 seconds [static dependencies only]. Details - ImportResultOutputID=75a6fa83ac96f5339da373cd4f5c6e37 DependenciesID=6193b8beab5ea5a327f9266eedb6d024 StaticDependenciesID=ffdda4d53d222e5716e68e647a732ae5 
Importing 'GUID: 1cf2469083ffa484da4d78dd70d708e8 - Path: Packages/com.unity.modules.vehicles' with importer (DefaultImporter)
Imported 'GUID: 1cf2469083ffa484da4d78dd70d708e8' -> (Import Result ID: '2e9fd9e9a5feffab1804123071ae561d') in 0.002 seconds [static dependencies only]. Details - ImportResultOutputID=62c710cd8c5682c589eec3677adcbda2 DependenciesID=e94622adfb7f30fcccb41278fb8cae22 StaticDependenciesID=1bd9500d6d7a6d96ac8ece40c813da97 
Importing 'GUID: 9c7c268fa6492449654839df69f2a2f4 - Path: Packages/com.unity.modules.umbra' with importer (DefaultImporter)
Imported 'GUID: 9c7c268fa6492449654839df69f2a2f4' -> (Import Result ID: 'c7c253ce33f96826bbf020e0df6ad6fb') in 0.001 seconds [static dependencies only]. Details - ImportResultOutputID=bf70ea01e70089eaf818b9fb19bb1807 DependenciesID=c796db5b8e8e1a9c947b5787f1a433df StaticDependenciesID=4ba5eab75bdc6e2df485b4ad7729e499 
Importing 'GUID: dcc8c6e92b172a65719af5ddf47dd968 - Path: Packages/com.unity.modules.unitywebrequestwww' with importer (DefaultImporter)
Imported 'GUID: dcc8c6e92b172a65719af5ddf47dd968' -> (Import Result ID: 'a3ca17c250abe56342bc7797897bf6a5') in 0.001 seconds [static dependencies only]. Details - ImportResultOutputID=1475fc509da6d933479c8ee5d6c4eeff DependenciesID=1ec5b0b7427f7eeba4f1c41dd9bc4cfe StaticDependenciesID=00265576cf1e789283eaa13f6ba70983 
Importing 'GUID: fc3a810351931f5e6183e16b9beb5563 - Path: Packages/com.unity.modules.jsonserialize' with importer (DefaultImporter)
Imported 'GUID: fc3a810351931f5e6183e16b9beb5563' -> (Import Result ID: 'f04351d90ee6b1c15aa201371d89b674') in 0.001 seconds [static dependencies only]. Details - ImportResultOutputID=65186f4186bf0f33d3946d1d6d75958c DependenciesID=fbc4bd1e3869dc653079edeac718e537 StaticDependenciesID=c1a4d4946c0840cd0516fcb984a36b78 
Importing 'GUID: 2d142b475fbfb8cf12ba3a795194300a - Path: Packages/com.unity.modules.director' with importer (DefaultImporter)
Imported 'GUID: 2d142b475fbfb8cf12ba3a795194300a' -> (Import Result ID: 'f82206d58857516a2f7d10df0de25ca9') in 0.002 seconds [static dependencies only]. Details - ImportResultOutputID=ba08ff1508e195419df3d8b0ff8d3bd4 DependenciesID=cb7a2942f5dee664122b699c70fb1a1e StaticDependenciesID=e5174e6782a309cc2e662ba686aba5d3 
Importing 'GUID: 2d6ba5cbe47e6ad3c87474c56174d4e0 - Path: Packages/com.unity.modules.audio' with importer (DefaultImporter)
Imported 'GUID: 2d6ba5cbe47e6ad3c87474c56174d4e0' -> (Import Result ID: '3234866a3fa377a9f9a0ce8dd981be90') in 0.001 seconds [static dependencies only]. Details - ImportResultOutputID=8643a11ddcb415e1ae77356bdcd0e31f DependenciesID=3297e30e726f0a1e5ba9c81d00653637 StaticDependenciesID=0c545176e25f7b531d70d9899c8b8ef9 
Importing 'GUID: ede0462698a4a5643aa9872c074acd38 - Path: Packages/com.unity.modules.video' with importer (DefaultImporter)
Imported 'GUID: ede0462698a4a5643aa9872c074acd38' -> (Import Result ID: '4a9e59f79bcbaddc73d6ed9b1cb022ad') in 0.001 seconds [static dependencies only]. Details - ImportResultOutputID=f060305cf9a7601b6327f110dec53cf0 DependenciesID=2eb252c728b0513f8a06cb80138758c9 StaticDependenciesID=9adc8e4bff2d24a6cd335db28a76c689 
Importing 'GUID: fd871a8be47119612f7c254e96a822b7 - Path: Packages/com.unity.modules.ai' with importer (DefaultImporter)
Imported 'GUID: fd871a8be47119612f7c254e96a822b7' -> (Import Result ID: '9a8589b3beb3a049c84630a73f6ad835') in 0.001 seconds [static dependencies only]. Details - ImportResultOutputID=0bf4624736b8f9ba8d25427695ddd8c6 DependenciesID=00785bf0aee44637bb0bb65f025524ad StaticDependenciesID=025eb2cbf874ac313592e4ff09b996f2 
Importing 'GUID: 5e22a8d6e557a1b3cae09054b0b5f9d8 - Path: Packages/com.unity.modules.physicscore2d' with importer (DefaultImporter)
Imported 'GUID: 5e22a8d6e557a1b3cae09054b0b5f9d8' -> (Import Result ID: 'e0e8f312b2fe13782c9caa272b2c9c39') in 0.003 seconds [static dependencies only]. Details - ImportResultOutputID=8aeec98806d48c587b06189bc919a668 DependenciesID=32fd957f9eeccda095201a26672be198 StaticDependenciesID=7ff60e0e23b48986f2028c36c5321a4f 
Importing 'GUID: 6e1c8b97ec8aa0464e92506ffe099558 - Path: Packages/com.unity.modules.terrain' with importer (DefaultImporter)
Imported 'GUID: 6e1c8b97ec8aa0464e92506ffe099558' -> (Import Result ID: 'e2b6838e2ec31f4ed09302d8afc94b5d') in 0.001 seconds [static dependencies only]. Details - ImportResultOutputID=81f0943dd12638364c9481b7c44326f7 DependenciesID=86c234645905e553a0c1d2c0171e06cb StaticDependenciesID=dfd1b763e9befbb4d593a41aecf32557 
Importing 'GUID: 6f1c7ebc8ac78cb951be24c238cbd3ba - Path: Packages/com.unity.modules.unitywebrequesttexture' with importer (DefaultImporter)
Imported 'GUID: 6f1c7ebc8ac78cb951be24c238cbd3ba' -> (Import Result ID: 'dc5a6902bac92eaeb7da79a7ee7c0445') in 0.001 seconds [static dependencies only]. Details - ImportResultOutputID=f756e1201c1cee903471ba41f17534ce DependenciesID=9c3425c6cf7e4c1387cd8661023d2522 StaticDependenciesID=baf7643e8208e171f7d2f4245768752b 
Importing 'GUID: 72aad6ae0dafb492cbf852432441bb38 - Path: Packages/com.unity.multiplayer.center/Editor' with importer (DefaultImporter)
Imported 'GUID: 72aad6ae0dafb492cbf852432441bb38' -> (Import Result ID: 'd544db8e635d7b45b55c750ef4a1709d') in 0.001 seconds [static dependencies only]. Details - ImportResultOutputID=fd813adfe6f53e0e5a3fd1bde50dd9b3 DependenciesID=bda332fa8d13046d94ce23fbe4e373fe StaticDependenciesID=2e5ad470682bc241fa1aea1ca4f583a5 
Importing 'GUID: f247964bd405431fbd31840f97bef608 - Path: Packages/com.unity.multiplayer.center/Common' with importer (DefaultImporter)
Imported 'GUID: f247964bd405431fbd31840f97bef608' -> (Import Result ID: '109c822527fb283013d9061a8493a91d') in 0.002 seconds [static dependencies only]. Details - ImportResultOutputID=758923f3b917a744e934a49667168e4f DependenciesID=bd38b39f570e1522dd16e75ac8e0cc4e StaticDependenciesID=ffea94c4ea4c461cb0813b37eb337d4c 
Importing 'GUID: baf75c9d3de4941df9ee5f3dd1d3bc34 - Path: Packages/com.unity.multiplayer.center/Tests' with importer (DefaultImporter)
Imported 'GUID: baf75c9d3de4941df9ee5f3dd1d3bc34' -> (Import Result ID: 'a4508947fb65bf2a108807c970601f09') in 0.002 seconds [static dependencies only]. Details - ImportResultOutputID=472be40ede228cb93594a902416e88d6 DependenciesID=bccfaf786bfd27efe69476880f4fff0a StaticDependenciesID=a53a72b999cd3da2d73e422a72b6bc28 
Importing 'GUID: 21f32d2f4add49b3b11fadb6889a2156 - Path: Packages/com.unity.multiplayer.center/Editor/Analytics' with importer (DefaultImporter)
Imported 'GUID: 21f32d2f4add49b3b11fadb6889a2156' -> (Import Result ID: 'a77d95b141ede6a5414a9e2eddbadace') in 0.001 seconds [static dependencies only]. Details - ImportResultOutputID=7627045f4445b3bccda132ac184a65c4 DependenciesID=b914b512b239e5cc4658c8f67a171ad6 StaticDependenciesID=91df97da6beb6f55a84b3dae8cae5ffd 
Importing 'GUID: 22d3dbf8d488d49d2b1130d698010dee - Path: Packages/com.unity.multiplayer.center/Editor/Features' with importer (DefaultImporter)
Imported 'GUID: 22d3dbf8d488d49d2b1130d698010dee' -> (Import Result ID: '8f2a6acf8bd149afa0ff4a220df80e81') in 0.001 seconds [static dependencies only]. Details - ImportResultOutputID=fb074caa7d2abd29e270db3a9b71e3a9 DependenciesID=ba5e61c294467286e03f6ea9a7246714 StaticDependenciesID=c18103a73fe9079eeb1f700f43a6d5b2 
Importing 'GUID: 96c71b811fa50403690b154e216fe217 - Path: Packages/com.unity.multiplayer.center/Tests/Editor' with importer (DefaultImporter)
Imported 'GUID: 96c71b811fa50403690b154e216fe217' -> (Import Result ID: '14ac7904047ddd2cfbfdf1651649cfdf') in 0.001 seconds [static dependencies only]. Details - ImportResultOutputID=c9c8f2de7834bb2ffb0da4bb4f2955fa DependenciesID=6bcb6dd62fb9a72a8f4df030dfea25dc StaticDependenciesID=b03f0c3af7ff39d2dea96f113c952c6d 
Importing 'GUID: 1726448925bf4bd1af6ca883bae8ff3f - Path: Packages/com.unity.multiplayer.center/Editor/OnBoarding' with importer (DefaultImporter)
Imported 'GUID: 1726448925bf4bd1af6ca883bae8ff3f' -> (Import Result ID: '18163f018dea809ea51f345717b65aa2') in 0.003 seconds [static dependencies only]. Details - ImportResultOutputID=14950a62abf6548e54801ab788e1f49c DependenciesID=d0590ceb4857f99b30a1f301ee701372 StaticDependenciesID=e3d00d36fdf0be4c57a0e78a8650ae47 
Importing 'GUID: 97646f506bf040e9bd4568124c8b425e - Path: Packages/com.unity.multiplayer.center/Editor/Recommendations' with importer (DefaultImporter)
Imported 'GUID: 97646f506bf040e9bd4568124c8b425e' -> (Import Result ID: 'cc248bd01438e442e9b8f5146f177bb0') in 0.001 seconds [static dependencies only]. Details - ImportResultOutputID=56d8246ba8918c014e8884d34d60ce31 DependenciesID=92925428a0398750964272fed67fd056 StaticDependenciesID=c9e57a3d54cd35ff5ecb38a752f6c0ce 
Importing 'GUID: a7f089ed51c2345ffb7ac0bc3562453f - Path: Packages/com.unity.multiplayer.center/Editor/Questionnaire' with importer (DefaultImporter)
Imported 'GUID: a7f089ed51c2345ffb7ac0bc3562453f' -> (Import Result ID: '0b1a1139265754ccc16fbd866ddae770') in 0.001 seconds [static dependencies only]. Details - ImportResultOutputID=961ee9ffe5dc2d5b9b5d9f6c51e99710 DependenciesID=4a5feade6cc74bd66ea11eaf1bfd50a8 StaticDependenciesID=8758ac2ff21b659dacf635dafd267164 
Importing 'GUID: 7a7dcde6448847648629a13d746ce966 - Path: Packages/com.unity.multiplayer.center/Editor/MultiplayerCenterWindow' with importer (DefaultImporter)
Imported 'GUID: 7a7dcde6448847648629a13d746ce966' -> (Import Result ID: '98d6fd46b98428ec34e67aaadecfbc6c') in 0.001 seconds [static dependencies only]. Details - ImportResultOutputID=f055dd0afc5a900e3f0e5d75be0487c5 DependenciesID=814fecef7b81af7f651ae388265aa55d StaticDependenciesID=28cd004e7ab0081fe5892fea98e65fbf 
Importing 'GUID: 8e4d240cf158245a9945c4df01d83bc1 - Path: Packages/com.unity.multiplayer.center/Tests/Runtime' with importer (DefaultImporter)
Imported 'GUID: 8e4d240cf158245a9945c4df01d83bc1' -> (Import Result ID: 'c26908bd6f3348bd96d3a1aa86f92e90') in 0.001 seconds [static dependencies only]. Details - ImportResultOutputID=8d471bf8668065aa423a9a6138166117 DependenciesID=57ae9c80888174121ff54d12b032787b StaticDependenciesID=9754452aef8d924eb569d1ea3f5a9074 
Importing 'GUID: 9bd34ec3fe8f4aed936c3a0cf2f32e56 - Path: Packages/com.unity.multiplayer.center/Editor/MultiplayerCenterWindow/UI' with importer (DefaultImporter)
Imported 'GUID: 9bd34ec3fe8f4aed936c3a0cf2f32e56' -> (Import Result ID: '12802fda37706c0e2a26dfd050555474') in 0.001 seconds [static dependencies only]. Details - ImportResultOutputID=ccc1a09d4a030f52c953d2f3937aac55 DependenciesID=edd3d46d24ac0b48686a6331d44ba3ed StaticDependenciesID=118c9915218bd0cdd9cea484a34a1c77 
Importing 'GUID: 34a09eb4d6e8d44989194a25525c5147 - Path: Packages/com.unity.multiplayer.center/Editor/MultiplayerCenterWindow/UI/Icons' with importer (DefaultImporter)
Imported 'GUID: 34a09eb4d6e8d44989194a25525c5147' -> (Import Result ID: '4497b0f944c6387a72be21d4dbdd613c') in 0.001 seconds [static dependencies only]. Details - ImportResultOutputID=09fc5dce3344b58f3587b00bf4b13d7d DependenciesID=27cb1beb948d38490010ecdc74c4f083 StaticDependenciesID=b54ef10dcdbf9713e68405bc9a24b45a 
Importing 'GUID: eab7f42d361b483aaa760c5909002312 - Path: Packages/com.unity.multiplayer.center/Editor/MultiplayerCenterWindow/UI/RecommendationView' with importer (DefaultImporter)
Imported 'GUID: eab7f42d361b483aaa760c5909002312' -> (Import Result ID: '0085aaed1f64d854252dc470bde24ca5') in 0.021 seconds [static dependencies only]. Details - ImportResultOutputID=378cb1e8c5b18b814304dca778da9b61 DependenciesID=f43d09e2a49a84ffca6b90eb1526d3a1 StaticDependenciesID=5f479f26982f2640c26d8560c7c132a1 
Importing 'GUID: 84abd2ab34a74600a33a3bb9d72859fe - Path: Packages/com.unity.multiplayer.center/Common/Unity.Multiplayer.Center.Common.asmdef' with importer (AssemblyDefinitionImporter)
Imported 'GUID: 84abd2ab34a74600a33a3bb9d72859fe' -> (Import Result ID: 'f89618a79a93a73a49d308209c4c25b9') in 0.002 seconds [static dependencies only]. Details - ImportResultOutputID=ac464dd06d5a61d0a978410378529929 DependenciesID=af696ac2b963465e752aa7759edd3606 StaticDependenciesID=c8e2c5d4ebab5c3329cf298460da67c5 
Importing 'GUID: 2664430aff4254d79887d32c3fc1e221 - Path: Packages/com.unity.multiplayer.center/Tests/Runtime/Unity.Multiplayer.Center.Tests.asmdef' with importer (AssemblyDefinitionImporter)
Imported 'GUID: 2664430aff4254d79887d32c3fc1e221' -> (Import Result ID: 'a11eedb1d3b3e4096fe2710093e7cf88') in 0.001 seconds [static dependencies only]. Details - ImportResultOutputID=95a86e32d35475cb5d001317bedd07f9 DependenciesID=de1ba7a375ac689391697901c16b4616 StaticDependenciesID=9befd1f6202b62f76859bc688011f0f8 
Importing 'GUID: 787ec048daec145b580d1134da5dd278 - Path: Packages/com.unity.multiplayer.center/Tests/Editor/Unity.Multiplayer.Center.Editor.Tests.asmdef' with importer (AssemblyDefinitionImporter)
Imported 'GUID: 787ec048daec145b580d1134da5dd278' -> (Import Result ID: 'bbe717dc8d533b7470f24301b5cc9c42') in 0.002 seconds [static dependencies only]. Details - ImportResultOutputID=5633ff3ec6bb0acbf28d7a77a2b8f7bf DependenciesID=bc5d900284f0df0231a3b606e0193b1d StaticDependenciesID=4255616505a6c5bd1c7ac30b4332d8b4 
Importing 'GUID: be17709716f1648caa5de6d0c38103ed - Path: Packages/com.unity.multiplayer.center/Editor/Unity.Multiplayer.Center.Editor.asmdef' with importer (AssemblyDefinitionImporter)
Imported 'GUID: be17709716f1648caa5de6d0c38103ed' -> (Import Result ID: '0948e38ad23ca75da83bd15011262fd8') in 0.001 seconds [static dependencies only]. Details - ImportResultOutputID=10fe3792e6d1c78b2e7ea8dd1292fc3b DependenciesID=539fe8f05cbb283f3d3ab470ef0bef6d StaticDependenciesID=85f90e9d9ed2135368d3728f28639b9e 
Importing 'GUID: 51fa60bb2bd1e5bc74e8cc95a7bfd5b7 - Path: Packages/com.unity.modules.ui/package.ModuleCompilationTrigger' with importer (DefaultImporter)
Imported 'GUID: 51fa60bb2bd1e5bc74e8cc95a7bfd5b7' -> (Import Result ID: 'be512cbaf64ea92a8c61a9860d5593e0') in 0.063 seconds [static dependencies only]. Details - ImportResultOutputID=97b097896283fafd162f5103b6da9350 DependenciesID=e379836f04c341386ee5af5817637ee4 StaticDependenciesID=c2aff6c152a6da981347289118cef558 
Importing 'GUID: 71136fc5cf34f2cc10be0e33c0b08019 - Path: Packages/com.unity.modules.unityanalytics/package.ModuleCompilationTrigger' with importer (DefaultImporter)
Imported 'GUID: 71136fc5cf34f2cc10be0e33c0b08019' -> (Import Result ID: '4f553d0c7846bb8488f1e47c7cc378ed') in 0.001 seconds [static dependencies only]. Details - ImportResultOutputID=aad00463857b0f3e239972e5a10e3f79 DependenciesID=6ac68746640fd51569a9c6747167e4b7 StaticDependenciesID=0a465c3a9c3618e9383ffbc63a09a41f 
Importing 'GUID: a1c42005fe7c5d78585a77ce396a5eea - Path: Packages/com.unity.modules.tilemap/package.ModuleCompilationTrigger' with importer (DefaultImporter)
Imported 'GUID: a1c42005fe7c5d78585a77ce396a5eea' -> (Import Result ID: '2f3b857d1b663667ca17da0ecdb9c8a1') in 0.000 seconds [static dependencies only]. Details - ImportResultOutputID=7c7d529048f5d74f6d499dae097a185f DependenciesID=b23b0d0112b94f64697303ce5948ec1a StaticDependenciesID=767d5c519e1f9c2aac9148aeb04fb657 
Importing 'GUID: d104359075a97392b803d3d5aebc77f7 - Path: Packages/com.unity.modules.hierarchycore/package.ModuleCompilationTrigger' with importer (DefaultImporter)
Imported 'GUID: d104359075a97392b803d3d5aebc77f7' -> (Import Result ID: '1104453536185676bc1678445bc2e5c2') in 0.001 seconds [static dependencies only]. Details - ImportResultOutputID=8ec3343e917ef007d455acfe45d3ee72 DependenciesID=11cd1d869703a14821f66523d31d6e31 StaticDependenciesID=9506762e0ca75dd852ab6d602f96658b 
Importing 'GUID: 222fc39b0c85d800342910da2cd64781 - Path: Packages/com.unity.modules.assetbundle/package.ModuleCompilationTrigger' with importer (DefaultImporter)
Imported 'GUID: 222fc39b0c85d800342910da2cd64781' -> (Import Result ID: 'dd36a5e01c8079a36a8e076f32ac9a85') in 0.000 seconds [static dependencies only]. Details - ImportResultOutputID=a4749f3da6b6adf8eaabf6e5477b2b7c DependenciesID=e7aef5b454539e843aea21afca7a9562 StaticDependenciesID=bf0185bce9c4f64f5de1111522b962c3 
Importing 'GUID: d2ec2d1228c8e67cdd913cb5609176a2 - Path: Packages/com.unity.modules.unitywebrequest/package.ModuleCompilationTrigger' with importer (DefaultImporter)
Imported 'GUID: d2ec2d1228c8e67cdd913cb5609176a2' -> (Import Result ID: 'cbae085591e1311e0426e2d013a8e2fc') in 0.000 seconds [static dependencies only]. Details - ImportResultOutputID=37747859ed12efda2a92d3d840e79b06 DependenciesID=91663d755e88c5ca08eaa9b698d477e1 StaticDependenciesID=f00cc25d0cb3d54a323605ed0b875d57 
Importing 'GUID: e2d09a26ce46dc617b54e49a534ace20 - Path: Packages/com.unity.modules.ai/package.ModuleCompilationTrigger' with importer (DefaultImporter)
Imported 'GUID: e2d09a26ce46dc617b54e49a534ace20' -> (Import Result ID: '5eb05f86d588fcb4411bf5d4cdb8633c') in 0.000 seconds [static dependencies only]. Details - ImportResultOutputID=01c973ad27769bdd61dcc3de2d8629ac DependenciesID=adc271351f3fc2b40d78b63d80ce5298 StaticDependenciesID=928a9e6f7cd68cf5304459597cf575cb 
Importing 'GUID: 23032f4383e95e772bce465c5896d0fd - Path: Packages/com.unity.modules.terrain/package.ModuleCompilationTrigger' with importer (DefaultImporter)
Imported 'GUID: 23032f4383e95e772bce465c5896d0fd' -> (Import Result ID: '14aae7ef45df2c6f8212b61023a52b4d') in 0.000 seconds [static dependencies only]. Details - ImportResultOutputID=43caf76539e87b0b5e506fce22b32e8c DependenciesID=f8228da4343e8fb110c89248206a7802 StaticDependenciesID=76c4c61aef8242e7484164b19d474b05 
Importing 'GUID: 830a36a23cf3ab1e61fa47940a6dc35e - Path: Packages/com.unity.modules.imageconversion/package.ModuleCompilationTrigger' with importer (DefaultImporter)
Imported 'GUID: 830a36a23cf3ab1e61fa47940a6dc35e' -> (Import Result ID: 'a49f3e2b08ded35f46967b1fd01ec880') in 0.000 seconds [static dependencies only]. Details - ImportResultOutputID=1312c79305670b6aa3bce9ff3efd03b9 DependenciesID=0d87bfc0d9d3dcf3dbb4416dbe071d2e StaticDependenciesID=56f9209b404ef1062f2d5b5c6a7566ff 
Importing 'GUID: a31a332ce3485f00f7df8d987302a29c - Path: Packages/com.unity.modules.unitywebrequesttexture/package.ModuleCompilationTrigger' with importer (DefaultImporter)
Imported 'GUID: a31a332ce3485f00f7df8d987302a29c' -> (Import Result ID: 'fc94c7b147a6b5694eda1349b0d7aabd') in 0.000 seconds [static dependencies only]. Details - ImportResultOutputID=54d1731c77f760b5355a2b1bfa92527b DependenciesID=5571910980b4cae5029e5ab40e2bcd2d StaticDependenciesID=6e49c3a187320488020f3989f8d20238 
Importing 'GUID: 042dc296246916648e55a43d0eeb2036 - Path: Packages/com.unity.modules.audio/package.ModuleCompilationTrigger' with importer (DefaultImporter)
Imported 'GUID: 042dc296246916648e55a43d0eeb2036' -> (Import Result ID: 'c4a0e5bbce453acc33a8bf9c7f8fd969') in 0.000 seconds [static dependencies only]. Details - ImportResultOutputID=ab0921e937c1d9c2d7fbdebe7091d6c2 DependenciesID=2fbfc3637758b4b1afbb879176065fd9 StaticDependenciesID=efa0e9a04fa05cb3d50f46a551bc8be8 
Importing 'GUID: 14e86f88e9a8c9c448d7e7df92f2aeec - Path: Packages/com.unity.modules.physicscore2d/package.ModuleCompilationTrigger' with importer (DefaultImporter)
Imported 'GUID: 14e86f88e9a8c9c448d7e7df92f2aeec' -> (Import Result ID: '286d0aaeea317716b6b387abae91239e') in 0.000 seconds [static dependencies only]. Details - ImportResultOutputID=94d25b776bc28f679880cb17bd31ec6c DependenciesID=1e2365107784a1b2d2eb507bd4923ea0 StaticDependenciesID=488aedf750fe121a67026d15356ece4f 
Importing 'GUID: 553737203d61a8109f9544a97201e1aa - Path: Packages/com.unity.modules.unitywebrequestaudio/package.ModuleCompilationTrigger' with importer (DefaultImporter)
Imported 'GUID: 553737203d61a8109f9544a97201e1aa' -> (Import Result ID: 'e6baa8215c97ef304366679935990995') in 0.000 seconds [static dependencies only]. Details - ImportResultOutputID=ab514c5cded186b91986c4c830fcf71c DependenciesID=e12ad54e4c4bfce446617e5e5004ec3d StaticDependenciesID=c4320a1c96db5a5f3ca135be31fdc3d7 
Importing 'GUID: e5c46c19ce0ce2e0103aa6f82df1043a - Path: Packages/com.unity.modules.vehicles/package.ModuleCompilationTrigger' with importer (DefaultImporter)
Imported 'GUID: e5c46c19ce0ce2e0103aa6f82df1043a' -> (Import Result ID: '4a095abfe18c178a6f1731a0aefa07f8') in 0.000 seconds [static dependencies only]. Details - ImportResultOutputID=7ed92368dde83c4f4274e94d1167c911 DependenciesID=b498a6771ad063decc4b2d9bca33701e StaticDependenciesID=90796e33c5799e26f385c4e10590db07 
Importing 'GUID: 7610600f5c83e01041a6fe849d39279f - Path: Packages/com.unity.modules.unitywebrequestassetbundle/package.ModuleCompilationTrigger' with importer (DefaultImporter)
Imported 'GUID: 7610600f5c83e01041a6fe849d39279f' -> (Import Result ID: '2ea50db261b98f391b66c8e2e2c09118') in 0.000 seconds [static dependencies only]. Details - ImportResultOutputID=8003247251fb87c113fccdf168b06d46 DependenciesID=ac0e2bdb486634d4b85bb1a604b63dc5 StaticDependenciesID=32f59c7b9032968cc025840700eddeb8 
Importing 'GUID: e6a135e3ea9cb46795d1b0e05ac3e1e5 - Path: Packages/com.unity.modules.jsonserialize/package.ModuleCompilationTrigger' with importer (DefaultImporter)
Imported 'GUID: e6a135e3ea9cb46795d1b0e05ac3e1e5' -> (Import Result ID: '1c57b55bcd4c8c6362ce51c0ebd7a821') in 0.000 seconds [static dependencies only]. Details - ImportResultOutputID=16fe18d7d4fb3289b89d1d866fdd26db DependenciesID=252a3b2725279cfc46d526136c580f21 StaticDependenciesID=0739be11007ee94595e2bc82ea98c6c4 
Importing 'GUID: f62135e79edb837b2d2ee3c524da864c - Path: Packages/com.unity.modules.video/package.ModuleCompilationTrigger' with importer (DefaultImporter)
Imported 'GUID: f62135e79edb837b2d2ee3c524da864c' -> (Import Result ID: '1872df6bc4628bb1a9ca29144f14611e') in 0.000 seconds [static dependencies only]. Details - ImportResultOutputID=f343425462c7ecc24009b61dff957b85 DependenciesID=abff74b8822e33abc9192cbad1ed91f1 StaticDependenciesID=e582a27c3a6fe23d6752fceeabe989f3 
Importing 'GUID: 17f093324b67f5bd57e55b546736750e - Path: Packages/com.unity.modules.particlesystem/package.ModuleCompilationTrigger' with importer (DefaultImporter)
Imported 'GUID: 17f093324b67f5bd57e55b546736750e' -> (Import Result ID: '6ff179a8a8c272aadee9696a75f4aebd') in 0.000 seconds [static dependencies only]. Details - ImportResultOutputID=0355b1352b2efc29f8c3d4c7ae63c7f1 DependenciesID=b614594b4860a97264debb13b5bea861 StaticDependenciesID=06ca6bb0312a01a92b0f116ae2bb5399 
Importing 'GUID: 4745d06d5a7ca576dcf9e5e67b417652 - Path: Packages/com.unity.modules.accessibility/package.ModuleCompilationTrigger' with importer (DefaultImporter)
Imported 'GUID: 4745d06d5a7ca576dcf9e5e67b417652' -> (Import Result ID: 'ed114151f06ade2551c6ef7d7e6b24b4') in 0.000 seconds [static dependencies only]. Details - ImportResultOutputID=532470ed0227c311b25c8c9e8ba79400 DependenciesID=59b38450ae3fc42412aae87c518b138e StaticDependenciesID=ba6a0791359df9525e03c096d26794d0 
Importing 'GUID: c7a8b0317f4e68556d7509828e9e211e - Path: Packages/com.unity.modules.xr/package.ModuleCompilationTrigger' with importer (DefaultImporter)
Imported 'GUID: c7a8b0317f4e68556d7509828e9e211e' -> (Import Result ID: '18c4edf952690bd95819244c11174a4d') in 0.000 seconds [static dependencies only]. Details - ImportResultOutputID=ae1b559a8646648d57c418658f22c1c3 DependenciesID=4e3e720b9d999aafecadb0f17c83e4a6 StaticDependenciesID=d031c78d05fe025f26315ce7900c9528 
Importing 'GUID: 082fbee38a82835433261a5e9c00e267 - Path: Packages/com.unity.modules.cloth/package.ModuleCompilationTrigger' with importer (DefaultImporter)
Imported 'GUID: 082fbee38a82835433261a5e9c00e267' -> (Import Result ID: 'bf1434c66533fc5ed20a95906c66351f') in 0.000 seconds [static dependencies only]. Details - ImportResultOutputID=4484322f1fd307127a580e9b17cedb30 DependenciesID=8ccefc550c79be7e16adf9d77ba5ddac StaticDependenciesID=6d0aacacd4e61cc36d0d9a05bdb20f7a 
Importing 'GUID: c82e859b16636ddd2ca4a1f63fd34938 - Path: Packages/com.unity.modules.androidjni/package.ModuleCompilationTrigger' with importer (DefaultImporter)
Imported 'GUID: c82e859b16636ddd2ca4a1f63fd34938' -> (Import Result ID: '96146a3272911c0c26faaa2f409eda38') in 0.000 seconds [static dependencies only]. Details - ImportResultOutputID=6a7f1eafcdb81a627586a74a505019b9 DependenciesID=52a090cc866c15018523ed746bf8807c StaticDependenciesID=ed6a528eff5f65055b00bedf58455228 
Importing 'GUID: c88e90bad18cceb5d182d0c805883056 - Path: Packages/com.unity.modules.director/package.ModuleCompilationTrigger' with importer (DefaultImporter)
Imported 'GUID: c88e90bad18cceb5d182d0c805883056' -> (Import Result ID: '88b56db61470ef8e5dee2598c8965f76') in 0.000 seconds [static dependencies only]. Details - ImportResultOutputID=5d286ef98cbac13e3d0e345aac901e4f DependenciesID=9fe04e6b981ac1886c519cc8508a5f5d StaticDependenciesID=34683c221800bed4b46509fdcd989f77 
Importing 'GUID: 1af35a910338381f753e8a985eb5daab - Path: Packages/com.unity.modules.adaptiveperformance/package.ModuleCompilationTrigger' with importer (DefaultImporter)
Imported 'GUID: 1af35a910338381f753e8a985eb5daab' -> (Import Result ID: '9d77377b2ec4e5d7ef14ed96e71fd63f') in 0.000 seconds [static dependencies only]. Details - ImportResultOutputID=949634ab36822f8ff6168fc8c25e1508 DependenciesID=229478d50bbba89d789649f693e68d89 StaticDependenciesID=b397d2b2d895f0686fbfe743749e652c 
Importing 'GUID: 2adec19fac7df68adf1fd6eb83197bb1 - Path: Packages/com.unity.modules.wind/package.ModuleCompilationTrigger' with importer (DefaultImporter)
Imported 'GUID: 2adec19fac7df68adf1fd6eb83197bb1' -> (Import Result ID: 'ccb5a51e42d25834969bc58f31c78812') in 0.000 seconds [static dependencies only]. Details - ImportResultOutputID=d94addc5fcd1dcd16d8a4aeff6e7315b DependenciesID=0b0bb029c12bc475b21befd144074eaf StaticDependenciesID=23ec4a64c7d5359b2f1c01ca01b0ee26 
Importing 'GUID: 8a752aaaadd2410dd9a84e01c1bace9f - Path: Packages/com.unity.modules.uielements/package.ModuleCompilationTrigger' with importer (DefaultImporter)
Imported 'GUID: 8a752aaaadd2410dd9a84e01c1bace9f' -> (Import Result ID: '9bbe79e6be23cf294a7e85a44717cd80') in 0.000 seconds [static dependencies only]. Details - ImportResultOutputID=f40b7d6a35d44b9d0813e881de9232d1 DependenciesID=75395805abf87b79b2479c000ddf866e StaticDependenciesID=dbfa668ffe7162da8bf99b5a155dcc22 
Importing 'GUID: 1b6246f2248883964991eac9e9b4817c - Path: Packages/com.unity.modules.umbra/package.ModuleCompilationTrigger' with importer (DefaultImporter)
Imported 'GUID: 1b6246f2248883964991eac9e9b4817c' -> (Import Result ID: '1fbaaab7c048f66010e34ddc1e69da1c') in 0.000 seconds [static dependencies only]. Details - ImportResultOutputID=007489b112d859d85ac111b51d2b96fd DependenciesID=03d8b6a5c0db90643ba251d3e7cbda0c StaticDependenciesID=4e6b9455dafa283cce58ae6ee8c0336c 
Importing 'GUID: cbb1a39d56ce4d9ac1a46ac505893fa7 - Path: Packages/com.unity.modules.terrainphysics/package.ModuleCompilationTrigger' with importer (DefaultImporter)
Imported 'GUID: cbb1a39d56ce4d9ac1a46ac505893fa7' -> (Import Result ID: 'e4f8a719d295c973f444c208f033cc38') in 0.000 seconds [static dependencies only]. Details - ImportResultOutputID=62cb9b240430335886efec9a08c66b57 DependenciesID=26627dc5fd7796c54cda83e17d601b53 StaticDependenciesID=5d175a533cd45da54a77351c373ccd17 
Importing 'GUID: db8e609a39b9b231fccc54e5fa4cbd1b - Path: Packages/com.unity.modules.animation/package.ModuleCompilationTrigger' with importer (DefaultImporter)
Imported 'GUID: db8e609a39b9b231fccc54e5fa4cbd1b' -> (Import Result ID: '1f5a4eb4c1bea2765a464e96476b9256') in 0.000 seconds [static dependencies only]. Details - ImportResultOutputID=288139cac869a1d040c89eaede133db4 DependenciesID=6a55271c2f8d6d1262fc99195f90c42b StaticDependenciesID=804c219e7325b6dbb8b72b358085a67b 
Importing 'GUID: 3cc1ebf2abb7fef6871ad48f499b6e21 - Path: Packages/com.unity.modules.vectorgraphics/package.ModuleCompilationTrigger' with importer (DefaultImporter)
Imported 'GUID: 3cc1ebf2abb7fef6871ad48f499b6e21' -> (Import Result ID: 'b692cc1bf42e93a6ba38bba605214b24') in 0.000 seconds [static dependencies only]. Details - ImportResultOutputID=a4c87958b226c4f900fbf4d18311cf6f DependenciesID=289c5a2805f5f3bd17f141d224ff3676 StaticDependenciesID=bcf2ae8a18bda4671185beb022fb4c8e 
Importing 'GUID: 5c1ee4056d0ac7ad3c5a16597fcaa38a - Path: Packages/com.unity.modules.physics/package.ModuleCompilationTrigger' with importer (DefaultImporter)
Imported 'GUID: 5c1ee4056d0ac7ad3c5a16597fcaa38a' -> (Import Result ID: 'da10249b72ef1938ae2817246359febc') in 0.000 seconds [static dependencies only]. Details - ImportResultOutputID=47c1ddfb4cd3ec43bc350d5b06504d59 DependenciesID=c1fdb786cfa5b8cd2458adb570b7e483 StaticDependenciesID=def7f60ed94eb1e3bf949e7a24d98b09 
Importing 'GUID: 8d4bc6bfa28760b29f13174d6b6ea710 - Path: Packages/com.unity.modules.subsystems/package.ModuleCompilationTrigger' with importer (DefaultImporter)
Imported 'GUID: 8d4bc6bfa28760b29f13174d6b6ea710' -> (Import Result ID: '9699ec2b1869b12b46d89bf5cdd7c9c4') in 0.000 seconds [static dependencies only]. Details - ImportResultOutputID=498ca2a2c24aa041ab5e98f608209a1b DependenciesID=f6fb4a8c9451e7fc50666daaaa63fcac StaticDependenciesID=b94d73de3d2db39dc94b181f5013b60b 
Importing 'GUID: cd561f5f687aed43bf280c27a84f79e3 - Path: Packages/com.unity.modules.screencapture/package.ModuleCompilationTrigger' with importer (DefaultImporter)
Imported 'GUID: cd561f5f687aed43bf280c27a84f79e3' -> (Import Result ID: 'fe6c3609632574e772751b1a1470e3ae') in 0.000 seconds [static dependencies only]. Details - ImportResultOutputID=3eb1964e8afbff2c421e099475927610 DependenciesID=187000d91108dd5733c47a4017161fe8 StaticDependenciesID=81108190fb4b408fcb20c546a76134da 
Importing 'GUID: ae87256f29d9c8b50490f4caf75b2c41 - Path: Packages/com.unity.modules.unitywebrequestwww/package.ModuleCompilationTrigger' with importer (DefaultImporter)
Imported 'GUID: ae87256f29d9c8b50490f4caf75b2c41' -> (Import Result ID: '48deca1ca5e5806fd98cb116530c8138') in 0.000 seconds [static dependencies only]. Details - ImportResultOutputID=79dda7a6ac07c59209ba94225ee33d24 DependenciesID=79391c27a28a0c4027778dc79f8b3d56 StaticDependenciesID=7dac5f7f16a9ff2c212f9c3517f83288 
Importing 'GUID: be13c398521e3c1ad21fb9da30ab2ab6 - Path: Packages/com.unity.modules.imgui/package.ModuleCompilationTrigger' with importer (DefaultImporter)
Imported 'GUID: be13c398521e3c1ad21fb9da30ab2ab6' -> (Import Result ID: '4bfb181c21f30d7fa0736cd84007b874') in 0.000 seconds [static dependencies only]. Details - ImportResultOutputID=68bbcc9e8372c6860b60d924cb4f595c DependenciesID=4bcf2bcb999c4f466f4fa1d587744998 StaticDependenciesID=b10ae4bbcc2865380adf6542439aaca3 
Importing 'GUID: fe6a6957b37b61417b457a1e0541791d - Path: Packages/com.unity.modules.physics2d/package.ModuleCompilationTrigger' with importer (DefaultImporter)
Imported 'GUID: fe6a6957b37b61417b457a1e0541791d' -> (Import Result ID: 'a0cc2b0b2fa3e4916c65d2e9c3d41a37') in 0.000 seconds [static dependencies only]. Details - ImportResultOutputID=007ff8c01aa675f4b695ba99a36210ad DependenciesID=0b3ab5f8d1990e5a76f706e63a612bc9 StaticDependenciesID=bf5244ee0a65aa31c2655bbde014baac 
Native extension for WindowsStandalone target not found
Native extension for WebGL target not found
ScheduleIndexationOnStartup MainProcess:True IndexOnStartup:True
Mono: successfully reloaded assembly
- Finished resetting the current domain, in  0.404 seconds
Domain Reload Profiling: 799ms
	BeginReloadAssembly (212ms)
		DisableScriptedObjects (19ms)
		CreateAndSetChildDomain (43ms)
	RebuildCommonClasses (7ms)
	RebuildNativeTypeToScriptingClass (15ms)
	initialDomainReloadingComplete (39ms)
	LoadAllAssembliesAndSetupDomain (120ms)
		LoadAssemblies (128ms)
		AnalyzeDomain (12ms)
			TypeCache.Refresh (7ms)
			BuildScriptInfoCaches (4ms)
	FinalizeReload (405ms)
		SetupLoadedEditorAssemblies (0ms)
			InitializePlatformSupportModulesInManaged (3ms)
			BeforeProcessingInitializeOnLoad (83ms)
			ProcessInitializeOnLoadAttributes (55ms)
			ProcessInitializeOnLoadMethodAttributes (71ms)
			AfterProcessingInitializeOnLoad (9ms)
		AwakeInstancesAfterBackupRestoration (32ms)
Importing 'GUID: a659150180ae3489ba41c71780ba3779 - Path: Packages/com.unity.multiplayer.center/Editor/Questionnaire/Questionnaire.questionnaire' with importer (DefaultImporter)
Imported 'GUID: a659150180ae3489ba41c71780ba3779' -> (Import Result ID: '580a350bdb2000c81a1c66bb21ce3dca') in 0.002 seconds [static dependencies only]. Details - ImportResultOutputID=d0013f3317022cee9d3e980e4260305c DependenciesID=785b553c754ad2f94817dbb8497fd5d3 StaticDependenciesID=1519a49eb17d574aabfa41609b605604 
Importing 'GUID: b66d076cdcfe3b14388de66307a0e7ff - Path: Packages/com.unity.multiplayer.center/Editor/Recommendations/RecommendationData_6000.0.recommendations' with importer (DefaultImporter)
Imported 'GUID: b66d076cdcfe3b14388de66307a0e7ff' -> (Import Result ID: '8199a959a6f41f9e9ba098e3cdd354c0') in 0.002 seconds [static dependencies only]. Details - ImportResultOutputID=c9abb0b20a8e8219707b06aa304df842 DependenciesID=815a25337000caa425885d51a35d1336 StaticDependenciesID=50828c83603ce93f6537cc98faaa9703 
Importing 'GUID: 318df756abab5463e9aa361360784865 - Path: Packages/com.unity.multiplayer.center/Editor/MultiplayerCenterWindow/UI/Icons/d_PackageInstalled@2x.png' with importer (TextureImporter)
Imported 'GUID: 318df756abab5463e9aa361360784865' -> (Import Result ID: '1743a9cec2f80c48ffb14c054e98b2e6') in 0.020 seconds [static and dynamic dependencies]. Details - ImportResultOutputID=7b3e219e801b2970aa4b8e91a6e014c3 DependenciesID=a8ffcaceb0b9fe653ef1052558047d17 StaticDependenciesID=994ddf3ed990fa83a870b19bab9ea288 
Importing 'GUID: 424a8de5def3b46dcb08edd00ad1c7bd - Path: Packages/com.unity.multiplayer.center/Editor/MultiplayerCenterWindow/UI/Icons/Loading.png' with importer (TextureImporter)
Imported 'GUID: 424a8de5def3b46dcb08edd00ad1c7bd' -> (Import Result ID: 'ea19e2fdc12b3ca711cd56ad280827ad') in 0.002 seconds [static and dynamic dependencies]. Details - ImportResultOutputID=d282ad8093f74d34f6e060380d3dca47 DependenciesID=7cdb65cc3c24928ce20518279ffa19b3 StaticDependenciesID=e7f8e6e0ca85f50a38335e04082f640c 
Importing 'GUID: 525a6cca8dd9a4d28875a8fe824710d9 - Path: Packages/com.unity.multiplayer.center/Editor/MultiplayerCenterWindow/UI/Icons/d_Package.png' with importer (TextureImporter)
Imported 'GUID: 525a6cca8dd9a4d28875a8fe824710d9' -> (Import Result ID: 'b01b2745c75ef65dcf567ac9ed42a6ae') in 0.004 seconds [static and dynamic dependencies]. Details - ImportResultOutputID=bfcebfae71b9bb988a30de0d5672d4dd DependenciesID=be5a81719e900c6dec138012a891009a StaticDependenciesID=553cc11af2f1ff7b408e25c0bb279e58 
Importing 'GUID: a23c0dd570fd44b57a03a8880002fcca - Path: Packages/com.unity.multiplayer.center/Editor/MultiplayerCenterWindow/UI/Icons/CloudCode@2x.png' with importer (TextureImporter)
Imported 'GUID: a23c0dd570fd44b57a03a8880002fcca' -> (Import Result ID: 'f4a1bf0faeee092a045a43ec39c0d091') in 0.002 seconds [static and dynamic dependencies]. Details - ImportResultOutputID=c6358fe51cf309f2c7477bfabb4ce260 DependenciesID=c63591d05ef14cc13c9ef27ead35e48d StaticDependenciesID=cd2c565f0bddc8807d22f0d55ee071b9 
Importing 'GUID: b2ce704e56cc84fb3b347499263c6244 - Path: Packages/com.unity.multiplayer.center/Editor/MultiplayerCenterWindow/UI/Icons/ClientHosted.png' with importer (TextureImporter)
Imported 'GUID: b2ce704e56cc84fb3b347499263c6244' -> (Import Result ID: '0323c524b27e642518aedfa29800f7ca') in 0.001 seconds [static and dynamic dependencies]. Details - ImportResultOutputID=cc27c384cc0ba0240ada9c80ad74bf50 DependenciesID=b2d8d3b37192c7b199add3b0049fefab StaticDependenciesID=a5c982f0566f7588ed06ff82e20583d9 
Importing 'GUID: 0354877031b64465ea7e5cafea1a2653 - Path: Packages/com.unity.multiplayer.center/Editor/MultiplayerCenterWindow/UI/Icons/DistributedAuthority@2x.png' with importer (TextureImporter)
Imported 'GUID: 0354877031b64465ea7e5cafea1a2653' -> (Import Result ID: '6664b072d3cb8b869b2405159e18bf36') in 0.002 seconds [static and dynamic dependencies]. Details - ImportResultOutputID=6fbec03b71bcb2ec1e8547a88707b22f DependenciesID=b8c5b0ef3224144a8a481e2f7e90e835 StaticDependenciesID=7a26d18c570496633d8416de9c0690d0 
Importing 'GUID: 83b28bcaaf34b4fd580114fb05d9f160 - Path: Packages/com.unity.multiplayer.center/Editor/MultiplayerCenterWindow/UI/Icons/NGO@2x.png' with importer (TextureImporter)
Imported 'GUID: 83b28bcaaf34b4fd580114fb05d9f160' -> (Import Result ID: 'fe94a09a206a3e9bf9238375cc14ae70') in 0.002 seconds [static and dynamic dependencies]. Details - ImportResultOutputID=772dcb03e60369106ef365319a87db82 DependenciesID=0c6e1e843e165659343f57895f2f7a80 StaticDependenciesID=0c80a11316f1711d1708e29f31f0eb0d 
Importing 'GUID: 0423146d9f51c4563a0f2a8200b6cd38 - Path: Packages/com.unity.multiplayer.center/Editor/MultiplayerCenterWindow/UI/Icons/PackageInstalled@2x.png' with importer (TextureImporter)
Imported 'GUID: 0423146d9f51c4563a0f2a8200b6cd38' -> (Import Result ID: 'a4b95e7feeb8f7e76054acd106cc7fc4') in 0.001 seconds [static and dynamic dependencies]. Details - ImportResultOutputID=1338de21f7c2fa4383e3ca88705830bc DependenciesID=7817e939142825a0913b701067a489a6 StaticDependenciesID=0e797135db43cb7741aa130f58e2ca62 
Importing 'GUID: 741761e72e6f24446bd8ba03ea3d0261 - Path: Packages/com.unity.multiplayer.center/Editor/MultiplayerCenterWindow/UI/Icons/d_Questionnaire.png' with importer (TextureImporter)
Imported 'GUID: 741761e72e6f24446bd8ba03ea3d0261' -> (Import Result ID: '34fa2fb4bea6b0d74e8501e465b7ba54') in 0.002 seconds [static and dynamic dependencies]. Details - ImportResultOutputID=d5911952ab73fb9328acfd63824c964f DependenciesID=4be4e4440069e08ec7666798dc92f2ac StaticDependenciesID=91f00ec7e32ded106f570485156ea0ea 
Importing 'GUID: 84e4bbd00035e4671bf14e0380a89001 - Path: Packages/com.unity.multiplayer.center/Editor/MultiplayerCenterWindow/UI/Icons/EmptyViewIcon.png' with importer (TextureImporter)
Imported 'GUID: 84e4bbd00035e4671bf14e0380a89001' -> (Import Result ID: 'b9747082d4e66d6d65ea86a4e50f3aa0') in 0.016 seconds [static and dynamic dependencies]. Details - ImportResultOutputID=76d6b85aa8a15d4a8ae015f296f51ae1 DependenciesID=5bd5f3039da8e75a876a8d2ecf714b31 StaticDependenciesID=4e8b2bc13a3f2af4e692da90342930d6 
Importing 'GUID: 9431e8221045c4af189b2fa7174b9e9f - Path: Packages/com.unity.multiplayer.center/Editor/MultiplayerCenterWindow/UI/Icons/PackageManager@2x.png' with importer (TextureImporter)
Imported 'GUID: 9431e8221045c4af189b2fa7174b9e9f' -> (Import Result ID: '2d19e32e156ab3cef9d2073dd1ba9174') in 0.002 seconds [static and dynamic dependencies]. Details - ImportResultOutputID=0eae79e74758a42dfbc55db26668e041 DependenciesID=af64e4d7c43fa473f791bab3909dc0e1 StaticDependenciesID=6aa2e2ba0d15d3a8665f77e7892bb597 
Importing 'GUID: b58a826ca804e4c67bab4283ad5a6102 - Path: Packages/com.unity.multiplayer.center/Editor/MultiplayerCenterWindow/UI/Icons/NoNetcode@2x.png' with importer (TextureImporter)
Imported 'GUID: b58a826ca804e4c67bab4283ad5a6102' -> (Import Result ID: '8e9e4f335ed249b6a37e8535d3fdd38e') in 0.002 seconds [static and dynamic dependencies]. Details - ImportResultOutputID=a9ecf5976239b590b6d16619175052a5 DependenciesID=3ecc73078899f159f2f74360b325b356 StaticDependenciesID=273d7b9c984888e87075ae09e06d38d0 
Importing 'GUID: 4616b2fa4acd1429e931835b80966c2a - Path: Packages/com.unity.multiplayer.center/Editor/MultiplayerCenterWindow/UI/Icons/PackageInstalled.png' with importer (TextureImporter)
Imported 'GUID: 4616b2fa4acd1429e931835b80966c2a' -> (Import Result ID: '51a11073b87cc8e4f1a6f2cd6ff7cf6d') in 0.001 seconds [static and dynamic dependencies]. Details - ImportResultOutputID=bd798ec3f747fde89dead2d80b72d461 DependenciesID=b7d39f08613e818a58c0b17a684dd26e StaticDependenciesID=bfcafe4a94b544a99142edc22ba0680a 
Importing 'GUID: a6fd0c627f5aa48fa81512221e70a11e - Path: Packages/com.unity.multiplayer.center/Editor/MultiplayerCenterWindow/UI/Icons/d_PackageManager@2x.png' with importer (TextureImporter)
Imported 'GUID: a6fd0c627f5aa48fa81512221e70a11e' -> (Import Result ID: 'f23a6932cf2787dbdb82ae9831898bc0') in 0.001 seconds [static and dynamic dependencies]. Details - ImportResultOutputID=12e58f5bf411668b6e251677b6ef1b18 DependenciesID=4a146042ef6c262d4909d30fd91b3439 StaticDependenciesID=49339ea4a8bc73fc38f8ff06cc204955 
Importing 'GUID: d63245ece6d8f476c8c7ca24da9937f6 - Path: Packages/com.unity.multiplayer.center/Editor/MultiplayerCenterWindow/UI/Icons/DistributedAuthority.png' with importer (TextureImporter)
Imported 'GUID: d63245ece6d8f476c8c7ca24da9937f6' -> (Import Result ID: 'd32900197cb523f2e56901e57316c037') in 0.002 seconds [static and dynamic dependencies]. Details - ImportResultOutputID=92b5667117f11d2e389bea052cd41729 DependenciesID=4221be352fedc63def7bb3e960751bda StaticDependenciesID=815615f291ff0b00403c71876b8ae652 
Importing 'GUID: 679f9999c6f8f497e806a2d5d0511879 - Path: Packages/com.unity.multiplayer.center/Editor/MultiplayerCenterWindow/UI/Icons/PackageManager.png' with importer (TextureImporter)
Imported 'GUID: 679f9999c6f8f497e806a2d5d0511879' -> (Import Result ID: 'c10021c7909c0697bb231240d4f0dbfc') in 0.001 seconds [static and dynamic dependencies]. Details - ImportResultOutputID=b02c4fe1833aea72fb02778dc824a2c7 DependenciesID=66c12630b916fcddbd6fb0a29dc18181 StaticDependenciesID=caf791b4607267b5433f22958260ac87 
Importing 'GUID: 77be953cf28de42a4ad8532539fef3f5 - Path: Packages/com.unity.multiplayer.center/Editor/MultiplayerCenterWindow/UI/Icons/d_PackageInstalled.png' with importer (TextureImporter)
Imported 'GUID: 77be953cf28de42a4ad8532539fef3f5' -> (Import Result ID: 'd16bdb749dcdcf05222522005a86aff2') in 0.001 seconds [static and dynamic dependencies]. Details - ImportResultOutputID=d6a25a9121e66113b20f3afa3cd4d951 DependenciesID=8c505171edb28e8e03bc60b89e632d4c StaticDependenciesID=a815c8f2fff6bd5194d23babb28ed5f2 
Importing 'GUID: c7a38e6eccbfc49778cb8b77f594a971 - Path: Packages/com.unity.multiplayer.center/Editor/MultiplayerCenterWindow/UI/Icons/ClientHosted@2x.png' with importer (TextureImporter)
Imported 'GUID: c7a38e6eccbfc49778cb8b77f594a971' -> (Import Result ID: '2bdd33ad2f4bfb8e98cd3228944b87de') in 0.002 seconds [static and dynamic dependencies]. Details - ImportResultOutputID=b09f3fd0f43c36e0bbeed42da7f27d32 DependenciesID=8c24d37e3638fe853ddbc452942b0706 StaticDependenciesID=77ae9301e2b46afa82103623aef31584 
Importing 'GUID: d7711b0cc806d430b8a95f1e33ec3649 - Path: Packages/com.unity.multiplayer.center/Editor/MultiplayerCenterWindow/UI/Icons/CustomNetcode@2x.png' with importer (TextureImporter)
Imported 'GUID: d7711b0cc806d430b8a95f1e33ec3649' -> (Import Result ID: '3e0be06a13c5f723d7c063799d2a0fda') in 0.004 seconds [static and dynamic dependencies]. Details - ImportResultOutputID=53d569e3b720cc34ea5c8a034151cf05 DependenciesID=dfd165eea5a642b486edab171e467e67 StaticDependenciesID=34d9c1eacf7b77cee76b5fef21167021 
Importing 'GUID: 38b78df4a34c94fa6a52c90239606ff1 - Path: Packages/com.unity.multiplayer.center/Editor/MultiplayerCenterWindow/UI/Icons/DedicatedServer@2x.png' with importer (TextureImporter)
Imported 'GUID: 38b78df4a34c94fa6a52c90239606ff1' -> (Import Result ID: 'ce9240093dd2419643f4d365b023e1f3') in 0.002 seconds [static and dynamic dependencies]. Details - ImportResultOutputID=4f06f76c6158e4543074f806c5abdad1 DependenciesID=32fd9398e495d983287d2b206d84cdf7 StaticDependenciesID=0fad185af667295a6eb3243f28752866 
Importing 'GUID: 29395f0639574c1fbc8b729aa257fb84 - Path: Packages/com.unity.multiplayer.center/Editor/MultiplayerCenterWindow/UI/Icons/d_Check.png' with importer (TextureImporter)
Imported 'GUID: 29395f0639574c1fbc8b729aa257fb84' -> (Import Result ID: '2f9f1335f1827d4c4c742e502875ff83') in 0.001 seconds [static and dynamic dependencies]. Details - ImportResultOutputID=573677078c790663e5307d8a479bac8b DependenciesID=2fbb43ec2239de5f0263ef0a3d5ce7e7 StaticDependenciesID=ce90a6ad74d5bed6f73d3374231bf8a2 
Importing 'GUID: 99da7b3894f364efdb5fa1443952a55d - Path: Packages/com.unity.multiplayer.center/Editor/MultiplayerCenterWindow/UI/Icons/NGO.png' with importer (TextureImporter)
Imported 'GUID: 99da7b3894f364efdb5fa1443952a55d' -> (Import Result ID: '1bae6ba03c06acd4144a7ca50919a825') in 0.001 seconds [static and dynamic dependencies]. Details - ImportResultOutputID=bad428e51f4b4705801fc0f24d860dd5 DependenciesID=7883be342433ebe0073f8359cc042a01 StaticDependenciesID=92cbf805677a77cdade82ca0dfa3cb1f 
Importing 'GUID: e9669051ff70449b5923861e0e0b8838 - Path: Packages/com.unity.multiplayer.center/Editor/MultiplayerCenterWindow/UI/Icons/N4E.png' with importer (TextureImporter)
Imported 'GUID: e9669051ff70449b5923861e0e0b8838' -> (Import Result ID: 'f3cbc9cb4652281ae3ac662a95af6388') in 0.002 seconds [static and dynamic dependencies]. Details - ImportResultOutputID=d0beed2f35ccc2deea7ab323f89f2784 DependenciesID=47d40c542b640455c27c5c820341cf26 StaticDependenciesID=c473902f3982c1a06ce62f5ebff7e4f8 
Importing 'GUID: 2adffcc506285402aa795dee6f3166d0 - Path: Packages/com.unity.multiplayer.center/Editor/MultiplayerCenterWindow/UI/Icons/EmptyViewIcon@2x.png' with importer (TextureImporter)
Imported 'GUID: 2adffcc506285402aa795dee6f3166d0' -> (Import Result ID: '04b49aa3e7d7775d858d98bb99ee1f18') in 0.021 seconds [static and dynamic dependencies]. Details - ImportResultOutputID=047fc53dd0effe35c7997de42299bd20 DependenciesID=5ef243bf51e59a2e868651d7d3a84ad2 StaticDependenciesID=d8f103445c7dc230a2092bce488edea6 
Importing 'GUID: dab91f148d99946e7b3c3a87ecf4b973 - Path: Packages/com.unity.multiplayer.center/Editor/MultiplayerCenterWindow/UI/Icons/d_Loading.png' with importer (TextureImporter)
Imported 'GUID: dab91f148d99946e7b3c3a87ecf4b973' -> (Import Result ID: '6a39cfc9f6b1be2224eba21e52df196d') in 0.002 seconds [static and dynamic dependencies]. Details - ImportResultOutputID=952e6599db675d37b30984a69b1673fb DependenciesID=07cee809fab5683904c66c1d55df8005 StaticDependenciesID=520fb3e82196ddecf22e55fa21d4b86d 
Importing 'GUID: 1b4c88814ec6241eb8e327515399c006 - Path: Packages/com.unity.multiplayer.center/Editor/MultiplayerCenterWindow/UI/Icons/d_PackageManager.png' with importer (TextureImporter)
Imported 'GUID: 1b4c88814ec6241eb8e327515399c006' -> (Import Result ID: 'b624cb46c62240505166ecfc731d7218') in 0.002 seconds [static and dynamic dependencies]. Details - ImportResultOutputID=f4069e30d42ea8c9cafed1884123e1ec DependenciesID=9b2dc7acb05e4aa576ef57a1aa2b6770 StaticDependenciesID=4f60d1c4f55ea3a6cfed568ed09477f3 
Importing 'GUID: 2cb589d4e01184d928bb698f06e77561 - Path: Packages/com.unity.multiplayer.center/Editor/MultiplayerCenterWindow/UI/Icons/N4E@2x.png' with importer (TextureImporter)
Imported 'GUID: 2cb589d4e01184d928bb698f06e77561' -> (Import Result ID: '82ed40057f7a98601e05592dd70cceec') in 0.002 seconds [static and dynamic dependencies]. Details - ImportResultOutputID=17c7a3d0ca17090bec44582f1efe94c4 DependenciesID=7e57caa59126666578f3a85d2834e47d StaticDependenciesID=f53ac5e8c6b4f1dd0d428b13bbc133ed 
Importing 'GUID: dce12af736e0a4a1ba35d6424f897dc9 - Path: Packages/com.unity.multiplayer.center/Editor/MultiplayerCenterWindow/UI/Icons/CustomNetcode.png' with importer (TextureImporter)
Imported 'GUID: dce12af736e0a4a1ba35d6424f897dc9' -> (Import Result ID: 'eec0221f3722514e78b44d7e1c64d853') in 0.002 seconds [static and dynamic dependencies]. Details - ImportResultOutputID=3c5fa2a20f4b6cbb2f2dc5691dc79919 DependenciesID=9c1b37b6cf9e027f53c49e94bec8c27b StaticDependenciesID=3647fe4017c65339e0b0ee19983506fc 
Importing 'GUID: 1daed49eec0f94f7ebb36dfef6159884 - Path: Packages/com.unity.multiplayer.center/Editor/MultiplayerCenterWindow/UI/Icons/NoNetcode.png' with importer (TextureImporter)
Imported 'GUID: 1daed49eec0f94f7ebb36dfef6159884' -> (Import Result ID: 'cd5f6ebd0c1c858139b56aa8cac33fdb') in 0.001 seconds [static and dynamic dependencies]. Details - ImportResultOutputID=13189d9b479e4ddd553620c50c92394b DependenciesID=1bac9c901b8613af8b5123a63390952d StaticDependenciesID=c9d73e6b474f3ff2aab808248eb875d3 
Importing 'GUID: 9d9689eab72c8480c90679f4dcf18820 - Path: Packages/com.unity.multiplayer.center/Editor/MultiplayerCenterWindow/UI/Icons/Package.png' with importer (TextureImporter)
Imported 'GUID: 9d9689eab72c8480c90679f4dcf18820' -> (Import Result ID: '231662fc09aef34b1960ba02d90a9135') in 0.001 seconds [static and dynamic dependencies]. Details - ImportResultOutputID=b6d3a653600aea942500d151ed3b9937 DependenciesID=5abb82a1d7ea10b7380de7c0e1850831 StaticDependenciesID=6caa35a683e4857b11830a851884eb2f 
Importing 'GUID: ad1d29f4654194951a3c8bf507914d05 - Path: Packages/com.unity.multiplayer.center/Editor/MultiplayerCenterWindow/UI/Icons/CloudCode.png' with importer (TextureImporter)
Imported 'GUID: ad1d29f4654194951a3c8bf507914d05' -> (Import Result ID: '80951d96dbd4e8aea0950d8c807db5f1') in 0.002 seconds [static and dynamic dependencies]. Details - ImportResultOutputID=c03c29ebf3759e18c71f16de3c16af8d DependenciesID=7554f6f00749ec14367771a83971feb7 StaticDependenciesID=b269b71ea22128dc02790f446c5dbd24 
Importing 'GUID: dd70cd654275d47db807e918055e004f - Path: Packages/com.unity.multiplayer.center/Editor/MultiplayerCenterWindow/UI/Icons/Questionnaire.png' with importer (TextureImporter)
Imported 'GUID: dd70cd654275d47db807e918055e004f' -> (Import Result ID: '96d1e19a8af009c36a1466163c97985a') in 0.001 seconds [static and dynamic dependencies]. Details - ImportResultOutputID=80d4879d29e7a48aed056aa69da5b790 DependenciesID=dfa13761751a47d1507be967671821b8 StaticDependenciesID=6abd43deae2fcf316514bba755ba821f 
Importing 'GUID: 3fe892784421e47f5aa40c2784a6cb3e - Path: Packages/com.unity.multiplayer.center/Editor/MultiplayerCenterWindow/UI/Icons/DedicatedServer.png' with importer (TextureImporter)
Imported 'GUID: 3fe892784421e47f5aa40c2784a6cb3e' -> (Import Result ID: '2799236e96acd094b0aebd445b51301f') in 0.002 seconds [static and dynamic dependencies]. Details - ImportResultOutputID=7b5f6dc459963bd9aa1aad179f2877d0 DependenciesID=be118514bc6abaadcd9b49ea278b04ae StaticDependenciesID=c451cc413fada5c44719b466965e8ab7 
Importing 'GUID: 4f78a544322c742b89e63fb68557b1d2 - Path: Packages/com.unity.multiplayer.center/Editor/MultiplayerCenterWindow/UI/Icons/Check.png' with importer (TextureImporter)
Imported 'GUID: 4f78a544322c742b89e63fb68557b1d2' -> (Import Result ID: '1269b353c9bbb8af3dd4a8d6cec9ae13') in 0.001 seconds [static and dynamic dependencies]. Details - ImportResultOutputID=508bc9db54eed6c8b665de662932ae3e DependenciesID=39f606b38ff19176c5ac0efff8cfe41c StaticDependenciesID=546d1cfd225126a7ad54f1552948ff5b 
Importing 'GUID: 30b312a167534621b316172253b08723 - Path: Packages/com.unity.modules.subsystems/package.json' with importer (PackageManifestImporter)
Imported 'GUID: 30b312a167534621b316172253b08723' -> (Import Result ID: '8de3c95a973b224317dacce37e7702be') in 0.002 seconds [static dependencies only]. Details - ImportResultOutputID=5d4e1d411c6d1280fee0fd81da9b9a41 DependenciesID=9bafb435c48c4c7755bdc5bb1d9e1cec StaticDependenciesID=034ab05de2525bb2e7313dffcd919fd1 
Importing 'GUID: 40bf3cec17fa0b49fe04443c8332d638 - Path: Packages/com.unity.modules.jsonserialize/package.json' with importer (PackageManifestImporter)
Imported 'GUID: 40bf3cec17fa0b49fe04443c8332d638' -> (Import Result ID: 'dc74478dc2f485010c09954444c98194') in 0.001 seconds [static dependencies only]. Details - ImportResultOutputID=891918617c984cf929da287de3b28243 DependenciesID=524dced8f9c0c46e1d588e7a9474a18d StaticDependenciesID=b59c7ab5c87288ceda6dd56f34a61b18 
Importing 'GUID: 70554f6c9e4114e1084bb38f9ea400ce - Path: Packages/com.unity.multiplayer.center/LICENSE.md' with importer (TextScriptImporter)
Imported 'GUID: 70554f6c9e4114e1084bb38f9ea400ce' -> (Import Result ID: '10bd375a7844e7dadd9cf8a547dae205') in 0.001 seconds [static dependencies only]. Details - ImportResultOutputID=59e94a21cec5c01f76c5311c0f7ed1b4 DependenciesID=52cf924b4fac4d92587d47eca86cbc60 StaticDependenciesID=0eebd23acd98e5d505e559c4fa8d84cb 
Importing 'GUID: 80beef77cb19e713c7c2d481b65ed485 - Path: Packages/com.unity.modules.screencapture/package.json' with importer (PackageManifestImporter)
Imported 'GUID: 80beef77cb19e713c7c2d481b65ed485' -> (Import Result ID: '40284b2f6ac03e3c1f0319ad2de0d592') in 0.001 seconds [static dependencies only]. Details - ImportResultOutputID=983250a2dc621a762e73ead2ce94efd8 DependenciesID=8e2e5e210ea5303aae0d9c94826b11c6 StaticDependenciesID=c244387a612b232878d621294bb55c24 
Importing 'GUID: 906c12bc9cd95d3963c6d58f62522c78 - Path: Packages/com.unity.modules.cloth/package.json' with importer (PackageManifestImporter)
Imported 'GUID: 906c12bc9cd95d3963c6d58f62522c78' -> (Import Result ID: 'bb313a688d1cb078f04f5a3f1cfe37a9') in 0.002 seconds [static dependencies only]. Details - ImportResultOutputID=516616d488b80658f1bc6d39e6323fe4 DependenciesID=4aa163d41a31346f5b98e50998b13713 StaticDependenciesID=87400f95dbec46a5627999cf50b5fd5f 
Importing 'GUID: d0e3ad91972c66f5238f5b9b7d5ae58a - Path: Packages/com.unity.modules.unitywebrequesttexture/package.json' with importer (PackageManifestImporter)
Imported 'GUID: d0e3ad91972c66f5238f5b9b7d5ae58a' -> (Import Result ID: 'b621ba6139909d8442e35d1d7718c9a5') in 0.001 seconds [static dependencies only]. Details - ImportResultOutputID=50532d8986b57e8cf0f67d010ae5faa9 DependenciesID=32b938d165224a703beb063403f94944 StaticDependenciesID=9da613ee2b9ef1bce0abd958a1dc87ec 
Importing 'GUID: f0f13f2ab3d6d13cfc6e4656824bfca8 - Path: Packages/com.unity.modules.ai/package.json' with importer (PackageManifestImporter)
Imported 'GUID: f0f13f2ab3d6d13cfc6e4656824bfca8' -> (Import Result ID: '1d7d3cf8766bab9a6f8885e67c93d81a') in 0.001 seconds [static dependencies only]. Details - ImportResultOutputID=084f1efaf4086fe15fda68049aa031a1 DependenciesID=807cb0af003aef104ad4845fd8ad70c0 StaticDependenciesID=26374c5b47a646e5ccb80182d31db66c 
Importing 'GUID: e1ef8466c8fd01a549f10baa4d51fa17 - Path: Packages/com.unity.modules.assetbundle/package.json' with importer (PackageManifestImporter)
Imported 'GUID: e1ef8466c8fd01a549f10baa4d51fa17' -> (Import Result ID: 'ec6fee1f0c2d381b39ff1115c6f942ec') in 0.001 seconds [static dependencies only]. Details - ImportResultOutputID=c14d0c80429a1b2e07a8aa59da3e090e DependenciesID=a3792c15aed70d7464df409c1c0bb21a StaticDependenciesID=696289b7988734643a818e8f6583aa0a 
Importing 'GUID: 42fe78c8fe682715a2cb531422e6ccb3 - Path: Packages/com.unity.modules.imgui/package.json' with importer (PackageManifestImporter)
Imported 'GUID: 42fe78c8fe682715a2cb531422e6ccb3' -> (Import Result ID: '4aa81f0764ac01e969684679d10380c9') in 0.002 seconds [static dependencies only]. Details - ImportResultOutputID=f3517442a7b9f2e47ee8fa5d575508d6 DependenciesID=71f2082766b933690e9c4a0289669571 StaticDependenciesID=4d880b72f9a8cee82e3213d6b75f80e2 
Importing 'GUID: 92a378669877c05c6071d0fed687bb95 - Path: Packages/com.unity.modules.tilemap/package.json' with importer (PackageManifestImporter)
Imported 'GUID: 92a378669877c05c6071d0fed687bb95' -> (Import Result ID: '6f57079b20ac940598b62875ba6a4cca') in 0.001 seconds [static dependencies only]. Details - ImportResultOutputID=f33f95d07119304837f09eeace9783ca DependenciesID=53601d3633b1f4b128b6e771bd4ad48e StaticDependenciesID=1325c35e683f5e2d4ec3bb3937b224d1 
Importing 'GUID: 43674d438e19b89d7fe6af07234f3252 - Path: Packages/com.unity.modules.accessibility/package.json' with importer (PackageManifestImporter)
Imported 'GUID: 43674d438e19b89d7fe6af07234f3252' -> (Import Result ID: '7aee9f9f21b73695bf69f4595cfc7bb0') in 0.001 seconds [static dependencies only]. Details - ImportResultOutputID=e23a5c5d7d61ce365f1d19ca6a223a88 DependenciesID=16ea41b7b36261eba6fd2ea33f0c1ced StaticDependenciesID=5b661ecc631dbb4d3aacaa8e8e509cc4 
Importing 'GUID: c359bcaf4a0bc4040aac650bf14ec619 - Path: Packages/com.unity.multiplayer.center/README.md' with importer (TextScriptImporter)
Imported 'GUID: c359bcaf4a0bc4040aac650bf14ec619' -> (Import Result ID: 'a068d1eeccb1ed5414553dfb1dc01073') in 0.001 seconds [static dependencies only]. Details - ImportResultOutputID=82d3a5be604caff878ff7e228f1601f7 DependenciesID=821e63a612675be9a6433da75b545e01 StaticDependenciesID=7d6e449d0c53affb3cf967fb003feb81 
Importing 'GUID: d3cbe921f7b3d9a3257e7c61a5761796 - Path: Packages/com.unity.modules.terrainphysics/package.json' with importer (PackageManifestImporter)
Imported 'GUID: d3cbe921f7b3d9a3257e7c61a5761796' -> (Import Result ID: '72b2ef1c311a08ccb583b008a195ca52') in 0.018 seconds [static dependencies only]. Details - ImportResultOutputID=4293423a982649a317eebc9f11bbd1b8 DependenciesID=66a7e029c097bdb78f32c10c185151fb StaticDependenciesID=8c632b87a98afca082e3521c3fa70ba3 
Importing 'GUID: 05f7f519769978b79b31d063a7fc6fa1 - Path: Packages/com.unity.modules.unitywebrequestassetbundle/package.json' with importer (PackageManifestImporter)
Imported 'GUID: 05f7f519769978b79b31d063a7fc6fa1' -> (Import Result ID: 'a2428138bb98233944a2aafe3d6068e3') in 0.001 seconds [static dependencies only]. Details - ImportResultOutputID=a676fdc87741fdb3d4562c9b189a12fc DependenciesID=aabd8b0ccbf47161a492481a46662859 StaticDependenciesID=5c7167364987969ddac6803c68b62994 
Importing 'GUID: 953fab16d15d5885b3600fcd6388b2ad - Path: Packages/com.unity.modules.imageconversion/package.json' with importer (PackageManifestImporter)
Imported 'GUID: 953fab16d15d5885b3600fcd6388b2ad' -> (Import Result ID: 'eab50940bd9f5b093e9eda2bf36c835a') in 0.001 seconds [static dependencies only]. Details - ImportResultOutputID=21af7c3c6098e54697c36eeb0f93f731 DependenciesID=8ced61bcf47a53b3c5905f4090a8f299 StaticDependenciesID=4d043332e4c17c1d228b0d8179869c0b 
Importing 'GUID: b5930dbc378b45d406aeb881f06b6dfa - Path: Packages/com.unity.modules.physicscore2d/package.json' with importer (PackageManifestImporter)
Imported 'GUID: b5930dbc378b45d406aeb881f06b6dfa' -> (Import Result ID: 'b51bbb9c5b98ded89b72d33ee557b0fc') in 0.001 seconds [static dependencies only]. Details - ImportResultOutputID=17eebdd45c9292f6cb08e3796d0e3496 DependenciesID=5b1bc71c32d10ce6947fcfc3045f7e27 StaticDependenciesID=664b17d6e972722642f9984854123fd2 
Importing 'GUID: 26a4f29db434fd79025c91f6126382cc - Path: Packages/com.unity.modules.unityanalytics/package.json' with importer (PackageManifestImporter)
Imported 'GUID: 26a4f29db434fd79025c91f6126382cc' -> (Import Result ID: 'ed39bdd269e08d8121c9c2236915bb5d') in 0.001 seconds [static dependencies only]. Details - ImportResultOutputID=64cd0125ffa27280e42f5bc3480004c0 DependenciesID=23697ad1e7f6846e5150a87e93a90ba2 StaticDependenciesID=6855b55737049f0c1ae5d9130125163a 
Importing 'GUID: 96d14b71b907bb52333b2886e665aba6 - Path: Packages/com.unity.modules.video/package.json' with importer (PackageManifestImporter)
Imported 'GUID: 96d14b71b907bb52333b2886e665aba6' -> (Import Result ID: '1c92b7bcd5476f86035b28a57a9985c9') in 0.001 seconds [static dependencies only]. Details - ImportResultOutputID=97331c0a394344b81f304a267aa0ee32 DependenciesID=125111c6b1feee1f879efe833d44ed95 StaticDependenciesID=aa1c2b44ae1e74931e0ca7df3ec20c71 
Importing 'GUID: 87d720faa37005c08600090e04d8c739 - Path: Packages/com.unity.modules.particlesystem/package.json' with importer (PackageManifestImporter)
Imported 'GUID: 87d720faa37005c08600090e04d8c739' -> (Import Result ID: '2e9f4521bca9c1865042742c5b1e4cc9') in 0.001 seconds [static dependencies only]. Details - ImportResultOutputID=ab3ee686cd4ed15f5f20d2c8a27562c1 DependenciesID=8502a938c7a4810364469d926ee09ae4 StaticDependenciesID=2fb71a650dacf458b8746320c54d56d4 
Importing 'GUID: f7a8357347c80dc69c08d0b1a05e2122 - Path: Packages/com.unity.modules.physics2d/package.json' with importer (PackageManifestImporter)
Imported 'GUID: f7a8357347c80dc69c08d0b1a05e2122' -> (Import Result ID: 'bafead4f8ec7c5f239150d6e9c0c9dce') in 0.001 seconds [static dependencies only]. Details - ImportResultOutputID=919e2a11128050effa789097769a2a78 DependenciesID=630c9fc2548870db888e618fccce2fec StaticDependenciesID=da48bb7bff659db2a18109d0117e6b3e 
Importing 'GUID: 78e5667e52329c3ceef41288763404ae - Path: Packages/com.unity.modules.vectorgraphics/package.json' with importer (PackageManifestImporter)
Imported 'GUID: 78e5667e52329c3ceef41288763404ae' -> (Import Result ID: 'c31ea1bfb1fdafc0988bb5d7d35d1f26') in 0.001 seconds [static dependencies only]. Details - ImportResultOutputID=4ecdabad2dfa4bdbd05a32eab7720e4f DependenciesID=ad0a6f33ec05f6b7f4750529ac2248ad StaticDependenciesID=4ab57d3dafe36498c41bd929910abde5 
Importing 'GUID: b83f06ac0c0696e9563230865ca72b81 - Path: Packages/com.unity.modules.wind/package.json' with importer (PackageManifestImporter)
Imported 'GUID: b83f06ac0c0696e9563230865ca72b81' -> (Import Result ID: 'f36c8f4f417f1773147c655ffce47cc5') in 0.001 seconds [static dependencies only]. Details - ImportResultOutputID=48a5258515ca15f6f7f90d7b79f1d94b DependenciesID=f614ea98cbba1e6b2be7c357a79ecc27 StaticDependenciesID=214e53020ac2c522a920f4b27fdae6a9 
Importing 'GUID: c8f6fa942856442b8bd72594d3ce7363 - Path: Packages/com.unity.multiplayer.center/Third Party Notices.md' with importer (TextScriptImporter)
Imported 'GUID: c8f6fa942856442b8bd72594d3ce7363' -> (Import Result ID: '2a75a020629435c95987a91372a945a3') in 0.001 seconds [static dependencies only]. Details - ImportResultOutputID=03ddb98ad266806dbd104aeb58230d0c DependenciesID=cd546e5367619eb19c3e277641312771 StaticDependenciesID=a44274cdb0450f2d306674c20bf8fcb4 
Importing 'GUID: d85e5eeaf8f135aeaaebdc8aa3cff6c3 - Path: Packages/com.unity.modules.umbra/package.json' with importer (PackageManifestImporter)
Imported 'GUID: d85e5eeaf8f135aeaaebdc8aa3cff6c3' -> (Import Result ID: '4ae1fdeb05ae8a397aa888415dfd9196') in 0.001 seconds [static dependencies only]. Details - ImportResultOutputID=4d25716d6c3e24bf1a7a8cbf11399c74 DependenciesID=290a701eddc7932857d1c24c573f9cd9 StaticDependenciesID=fc61e42e835b01adaab38e5f28a07fab 
Importing 'GUID: e9df95f53f1c1d0c9199e235d6c42b50 - Path: Packages/com.unity.modules.audio/package.json' with importer (PackageManifestImporter)
Imported 'GUID: e9df95f53f1c1d0c9199e235d6c42b50' -> (Import Result ID: '2d2e957f4839dae1509d5bfe16a67dc5') in 0.001 seconds [static dependencies only]. Details - ImportResultOutputID=7bff69c037aa519a654c229c1b6809dd DependenciesID=bbbe179b0f7a387cc5e06d23de59dc61 StaticDependenciesID=e44769c2a101a8e3bc38974302a225f8 
Importing 'GUID: 1a4266815e998967becf686f9c71f0a6 - Path: Packages/com.unity.modules.physics/package.json' with importer (PackageManifestImporter)
Imported 'GUID: 1a4266815e998967becf686f9c71f0a6' -> (Import Result ID: '055d3a4f59480e2a32caad607ffa27d5') in 0.001 seconds [static dependencies only]. Details - ImportResultOutputID=2c72742771a2c41ecd040e5a25968787 DependenciesID=bdc8602b909bd97540f8182571ab9f31 StaticDependenciesID=b125306088622e4408f44addb4a60213 
Importing 'GUID: 6afb166a156df2d20433d981f4bb2832 - Path: Packages/com.unity.modules.vehicles/package.json' with importer (PackageManifestImporter)
Imported 'GUID: 6afb166a156df2d20433d981f4bb2832' -> (Import Result ID: 'f67407be6d460176782b81d28c7f9e14') in 0.001 seconds [static dependencies only]. Details - ImportResultOutputID=b9584b21688236880549537b502bc979 DependenciesID=d8f7d57ff02978897a86041376ffd6ce StaticDependenciesID=efd00ecf72e15a5677804836c34a7f26 
Importing 'GUID: fa27413e9edb06a6058d6c894eca0338 - Path: Packages/com.unity.modules.unitywebrequestwww/package.json' with importer (PackageManifestImporter)
Imported 'GUID: fa27413e9edb06a6058d6c894eca0338' -> (Import Result ID: '8aff4d3bde27cada86a76f1f99f1448a') in 0.001 seconds [static dependencies only]. Details - ImportResultOutputID=ef4111052f639e700ab30e1188cae7f8 DependenciesID=64abdf9a39b495239060d15622b19f6c StaticDependenciesID=97a6dd1d7e0e608aee09209f7f2b4d99 
Importing 'GUID: 3bbd27b3dd7be4a74aeab8da6b0af5cc - Path: Packages/com.unity.multiplayer.center/CHANGELOG.md' with importer (TextScriptImporter)
Imported 'GUID: 3bbd27b3dd7be4a74aeab8da6b0af5cc' -> (Import Result ID: 'f84ee636f1ad1e1dede43e68431302f2') in 0.001 seconds [static dependencies only]. Details - ImportResultOutputID=b417cc241394cfbb33a1752f594fb22c DependenciesID=57e141f7ac1220f60fcef84a843ab200 StaticDependenciesID=1e8083b47d5dcfb78adfb23af9934c6b 
Importing 'GUID: 4b518b37798c97b0f860962cbf615533 - Path: Packages/com.unity.modules.unitywebrequestaudio/package.json' with importer (PackageManifestImporter)
Imported 'GUID: 4b518b37798c97b0f860962cbf615533' -> (Import Result ID: '6a3bdfbd56c9e6c8fe0479025913647e') in 0.001 seconds [static dependencies only]. Details - ImportResultOutputID=91f22434b9ab55a5c83f3c60940e8474 DependenciesID=73df2ace5f4f3360912ea6171610c121 StaticDependenciesID=53c953cd0acf9b05670731dce566b073 
Importing 'GUID: 9b1a5759726ef9d39a0ab82047b615f1 - Path: Packages/com.unity.modules.hierarchycore/package.json' with importer (PackageManifestImporter)
Imported 'GUID: 9b1a5759726ef9d39a0ab82047b615f1' -> (Import Result ID: 'fa148ed711bd3e080a8e835b177c5c6f') in 0.012 seconds [static dependencies only]. Details - ImportResultOutputID=1299c778185973c2d3f2bb276cd8d0e7 DependenciesID=6b51779d84b5eaf6d804da9781a2705a StaticDependenciesID=47355a3424173941f09b40fa4a0e4c37 
Importing 'GUID: 2c814623cb42764d304be0c5ddd03ceb - Path: Packages/com.unity.modules.xr/package.json' with importer (PackageManifestImporter)
Imported 'GUID: 2c814623cb42764d304be0c5ddd03ceb' -> (Import Result ID: '0d9175bc1dd47336e71d01ac77371dc2') in 0.001 seconds [static dependencies only]. Details - ImportResultOutputID=7f441ac2d6a687e067f2d83f9a07d6bb DependenciesID=73f5c45432c5cd4dc3bd9d0666d8c84e StaticDependenciesID=77e9d30246e389396b4a6173a4f6663f 
Importing 'GUID: 4c413a81cadcce7038e446e56570117e - Path: Packages/com.unity.modules.adaptiveperformance/package.json' with importer (PackageManifestImporter)
Imported 'GUID: 4c413a81cadcce7038e446e56570117e' -> (Import Result ID: '2bcec5b001621b555a89008556fd889c') in 0.002 seconds [static dependencies only]. Details - ImportResultOutputID=e58e4e674ae30d7b75f4a6d1a5cb9032 DependenciesID=dee357e1aa1e2f89a9ed5ae6449b58ff StaticDependenciesID=3a4d31e25901b63c9d9135b3327d42f9 
Importing 'GUID: ec02776fe29df900b897106d61977735 - Path: Packages/com.unity.modules.director/package.json' with importer (PackageManifestImporter)
Imported 'GUID: ec02776fe29df900b897106d61977735' -> (Import Result ID: 'c105d0537bd11edb8fdfd5649d0e00da') in 0.001 seconds [static dependencies only]. Details - ImportResultOutputID=d3cc052d8f895db30a66424de2b1783d DependenciesID=7d93a6263b7f32b08c02e969a68769cd StaticDependenciesID=995e7b4ac97d7d0755f57739f9902f1e 
Importing 'GUID: 6d56244f8c39a851975d3c0bd432c66f - Path: Packages/com.unity.modules.terrain/package.json' with importer (PackageManifestImporter)
Imported 'GUID: 6d56244f8c39a851975d3c0bd432c66f' -> (Import Result ID: '9c308acd54b9e02830a7a9aa11332cfb') in 0.001 seconds [static dependencies only]. Details - ImportResultOutputID=0147ed4a7bf27ee69660cd49b175a05f DependenciesID=116335bb763fdfa9c848adf761e1c399 StaticDependenciesID=b9ad004fd01d96093b309d2e4ec21b71 
Importing 'GUID: bd1af0a6633ee94ae21c7d1d702cdc12 - Path: Packages/com.unity.modules.androidjni/package.json' with importer (PackageManifestImporter)
Imported 'GUID: bd1af0a6633ee94ae21c7d1d702cdc12' -> (Import Result ID: '81447ae4672061c388ba02df11c36b55') in 0.001 seconds [static dependencies only]. Details - ImportResultOutputID=58196444acd2f5a146944d8272e88433 DependenciesID=4e4f8d1653ad2b7303c0ceae0d881629 StaticDependenciesID=b79f2d1e0586b05487c288837e9abba3 
Importing 'GUID: 7ef8348b8ea834d7e1bc214b07f7fb87 - Path: Packages/com.unity.modules.animation/package.json' with importer (PackageManifestImporter)
Imported 'GUID: 7ef8348b8ea834d7e1bc214b07f7fb87' -> (Import Result ID: 'aa73f4f9a81bb9f1a72e79a3cd4911c5') in 0.001 seconds [static dependencies only]. Details - ImportResultOutputID=71365924848c115c14d4e8a430945e5d DependenciesID=7ef63017efdd83a1108a0552f5da04f6 StaticDependenciesID=01f29a190f6e79cbc51d5448fb8d4436 
Importing 'GUID: 3fdd83b151eb8d25c5e2f82fc39dcb04 - Path: Packages/com.unity.modules.unitywebrequest/package.json' with importer (PackageManifestImporter)
Imported 'GUID: 3fdd83b151eb8d25c5e2f82fc39dcb04' -> (Import Result ID: 'e59db8c48f1c6fc224861371ef84ee98') in 0.001 seconds [static dependencies only]. Details - ImportResultOutputID=609e642c4d5fd6e0b6d325d2f170eb1c DependenciesID=8d95c7e221f42c1b21093d8de29a9f14 StaticDependenciesID=464feb2dc08708dd25b5d93d953930bd 
Importing 'GUID: 4f0f9b9f3ed97ad2b9ba8f1a8e4666c2 - Path: Packages/com.unity.modules.uielements/package.json' with importer (PackageManifestImporter)
Imported 'GUID: 4f0f9b9f3ed97ad2b9ba8f1a8e4666c2' -> (Import Result ID: '5e5f6fd610a7e9756e33a1fa20f77ff8') in 0.001 seconds [static dependencies only]. Details - ImportResultOutputID=14c0f2b1b250cec076c4d9c62abdd5a9 DependenciesID=8d79c327733e196cccd7d98169c6611b StaticDependenciesID=59ff60bd856a86cad536fba24ca015fb 
Importing 'GUID: bfd567a3d1631a761bca9e99fa53d86d - Path: Packages/com.unity.modules.ui/package.json' with importer (PackageManifestImporter)
Imported 'GUID: bfd567a3d1631a761bca9e99fa53d86d' -> (Import Result ID: '2a7f4eb07cbf4c89cfee9f1bf250e630') in 0.001 seconds [static dependencies only]. Details - ImportResultOutputID=7bb9b76f93faf76244e454a1fca49870 DependenciesID=1ceefbeb770380c5e76c8628d359d577 StaticDependenciesID=ec1ea40555be2d91f84419406494df6b 
Importing 'GUID: df0857f6a11054383be91b1f8e1b5800 - Path: Packages/com.unity.multiplayer.center/package.json' with importer (PackageManifestImporter)
Imported 'GUID: df0857f6a11054383be91b1f8e1b5800' -> (Import Result ID: 'b4058e1fbbab7e25e123cd778f772519') in 0.002 seconds [static dependencies only]. Details - ImportResultOutputID=56cb21bd62786f0bf6019a6ac763d7f4 DependenciesID=946e89713d6895eb9874952671d5bcb6 StaticDependenciesID=3322c79b966396e27c3e8477c8a822ef 
Importing 'GUID: f1ac2efb1bcd4dfd95dc196ed3c11367 - Path: Packages/com.unity.multiplayer.center/Editor/MultiplayerCenterWindow/UI/light.uss' with importer (ScriptedImporter : UnityEditor.CoreModule:UnityEditor.UIElements.StyleSheets:StyleSheetImporter)
Imported 'GUID: f1ac2efb1bcd4dfd95dc196ed3c11367' -> (Import Result ID: 'e79785092352525d498e2acd00f66fe6') in 0.061 seconds [static and dynamic dependencies]. Details - ImportResultOutputID=d933b28d171599f50d13b516109e7212 DependenciesID=eefa893d506261f438d5fa50aaa5e9f7 StaticDependenciesID=c0be29e7e0ff4bfa095da4fc1dc5bca1 
Importing 'GUID: 1984cd07fe96417f9e88f5771f6b4b32 - Path: Packages/com.unity.multiplayer.center/Editor/MultiplayerCenterWindow/UI/dark.uss' with importer (ScriptedImporter : UnityEditor.CoreModule:UnityEditor.UIElements.StyleSheets:StyleSheetImporter)
Imported 'GUID: 1984cd07fe96417f9e88f5771f6b4b32' -> (Import Result ID: 'f9cb7c837dad292f56634fe3f382065b') in 0.005 seconds [static and dynamic dependencies]. Details - ImportResultOutputID=8be4503d52b62d7392027baec0ba5f8a DependenciesID=02f17d16df9076fcda5410bf208c566e StaticDependenciesID=1bc9381b81c7badb9cb10e990eaf2cd8 
Importing 'GUID: bac00d6e07f0b4305bb395363c89d92b - Path: Packages/com.unity.multiplayer.center/Editor/MultiplayerCenterWindow/UI/MultiplayerCenterWindow.uss' with importer (ScriptedImporter : UnityEditor.CoreModule:UnityEditor.UIElements.StyleSheets:StyleSheetImporter)
Imported 'GUID: bac00d6e07f0b4305bb395363c89d92b' -> (Import Result ID: '69a6bf572b5a9b9809594125b5558102') in 0.034 seconds [static and dynamic dependencies]. Details - ImportResultOutputID=d6dfc469da9a8ffbb556776434abd32e DependenciesID=5acd57e08886106d7c4e0f49eb84da79 StaticDependenciesID=8d43e3a97bb0bfa224eb5b90fbf1805d 
Starting new worker id: 0 with log in D:/WORK/RESEARCH/POVGame/boxer-wave1/unity/BoxerP0/Logs/AssetImportWorkerHW0.log
The following asset(s) located in immutable packages were unexpectedly altered. Making changes to immutable packages isn't recommended because the changes can be lost without any warning during Package Manager operations.
  Packages/com.unity.modules.unitywebrequestaudio
  Packages/com.unity.modules.unitywebrequesttexture
  Packages/com.unity.multiplayer.center/Editor/Recommendations/RecommendationViewData.cs
  Packages/com.unity.multiplayer.center/Editor/MultiplayerCenterWindow/UI/Icons/DedicatedServer.png
  Packages/com.unity.multiplayer.center/Editor/MultiplayerCenterWindow/UI/RecommendationView/PackageSelectionView.cs
  Packages/com.unity.multiplayer.center/Editor/Questionnaire/Questionnaire.questionnaire
  Packages/com.unity.modules.director/package.json
  Packages/com.unity.modules.physics
  Packages/com.unity.modules.terrainphysics/package.ModuleCompilationTrigger
  Packages/com.unity.multiplayer.center/Editor/Recommendations/RecommenderSystemDataObject.cs
  Packages/com.unity.modules.physics2d/package.ModuleCompilationTrigger
  Packages/com.unity.modules.uielements
  Packages/com.unity.modules.assetbundle
  Packages/com.unity.multiplayer.center/Editor/MultiplayerCenterWindow/UI/Icons/Loading.png
  Packages/com.unity.modules.unitywebrequestwww
  Packages/com.unity.multiplayer.center/Common/IOnboardingSectionAnalyticsProvider.cs
  Packages/com.unity.multiplayer.center/Editor/MultiplayerCenterWindow/UI/Icons/d_PackageInstalled.png
  Packages/com.unity.modules.accessibility/package.ModuleCompilationTrigger
  Packages/com.unity.multiplayer.center/Tests/Runtime/PlaceholderTest.cs
  Packages/com.unity.multiplayer.center/Editor/MultiplayerCenterWindow/UI/Icons/PackageInstalled.png
  Packages/com.unity.modules.ui/package.ModuleCompilationTrigger
  Packages/com.unity.modules.unitywebrequestaudio/package.ModuleCompilationTrigger
  Packages/com.unity.multiplayer.center/Editor/OnBoarding/QuickstartPackageHandling.cs
  Packages/com.unity.modules.screencapture/package.ModuleCompilationTrigger
  Packages/com.unity.modules.accessibility
  Packages/com.unity.multiplayer.center/Editor/Recommendations/RecommendationAuthoringData.cs
  Packages/com.unity.multiplayer.center/Editor/Questionnaire/Logic.cs
  Packages/com.unity.multiplayer.center/Editor/MultiplayerCenterWindow/UI/Icons/CustomNetcode.png
  Packages/com.unity.modules.jsonserialize/package.json
  Packages/com.unity.multiplayer.center/Editor/Unity.Multiplayer.Center.Editor.asmdef
  Packages/com.unity.modules.subsystems/package.json
  Packages/com.unity.modules.video/package.json
  Packages/com.unity.modules.tilemap/package.json
  Packages/com.unity.modules.ai/package.ModuleCompilationTrigger
  Packages/com.unity.modules.androidjni/package.json
  Packages/com.unity.multiplayer.center/Editor/AssemblyInfo.cs
  Packages/com.unity.multiplayer.center/Tests/Editor/UserChoicesMigrationTests.cs
  Packages/com.unity.multiplayer.center/Editor/MultiplayerCenterWindow/UI/Icons/d_PackageManager.png
  Packages/com.unity.multiplayer.center/Tests/Editor/AssemblyInfo.cs
  Packages/com.unity.modules.adaptiveperformance
  Packages/com.unity.multiplayer.center/Editor/OnBoarding/GettingStartedTabView.cs
  Packages/com.unity.multiplayer.center/Common/IOnboardingSection.cs
  Packages/com.unity.modules.cloth
  Packages/com.unity.modules.imageconversion/package.json
  Packages/com.unity.modules.wind/package.ModuleCompilationTrigger
  Packages/com.unity.multiplayer.center/Editor/MultiplayerCenterWindow/UI/light.uss
  Packages/com.unity.multiplayer.center/Common/StyleConstants.cs
  Packages/com.unity.multiplayer.center
  Packages/com.unity.modules.androidjni/package.ModuleCompilationTrigger
  Packages/com.unity.modules.animation/package.ModuleCompilationTrigger
  Packages/com.unity.modules.vectorgraphics/package.ModuleCompilationTrigger
  Packages/com.unity.multiplayer.center/Tests/Editor/Unity.Multiplayer.Center.Editor.Tests.asmdef
  Packages/com.unity.multiplayer.center/Editor/Questionnaire/QuestionnaireEditor.cs
  Packages/com.unity.multiplayer.center/Editor/MultiplayerCenterWindow/UI/StyleClasses.cs
  Packages/com.unity.multiplayer.center/Editor/MultiplayerCenterWindow/UI/Icons/PackageInstalled@2x.png
  Packages/com.unity.multiplayer.center/Editor/MultiplayerCenterWindow/UI/dark.uss
  Packages/com.unity.multiplayer.center/Tests/Editor/UtilsForGettingStartedTabTests.cs
  Packages/com.unity.modules.ai/package.json
  Packages/com.unity.modules.imgui
  Packages/com.unity.modules.ui/package.json
  Packages/com.unity.multiplayer.center/Common/Preset.cs
  Packages/com.unity.multiplayer.center/Tests/Editor/UserVisibleTextTests.cs
  Packages/com.unity.multiplayer.center/Editor/Recommendations/RecommendationData_6000.0.recommendations
  Packages/com.unity.modules.imageconversion/package.ModuleCompilationTrigger
  Packages/com.unity.modules.unityanalytics/package.ModuleCompilationTrigger
  Packages/com.unity.multiplayer.center/Editor/MultiplayerCenterWindow/UI
  Packages/com.unity.multiplayer.center/Editor/MultiplayerCenterWindow
  Packages/com.unity.modules.audio
  Packages/com.unity.multiplayer.center/Editor/MultiplayerCenterWindow/UI/Icons/N4E.png
  Packages/com.unity.modules.jsonserialize/package.ModuleCompilationTrigger
  Packages/com.unity.modules.adaptiveperformance/package.ModuleCompilationTrigger
  Packages/com.unity.modules.unitywebrequesttexture/package.ModuleCompilationTrigger
  Packages/com.unity.multiplayer.center/Third Party Notices.md
  Packages/com.unity.modules.particlesystem
  Packages/com.unity.multiplayer.center/Editor/MultiplayerCenterWindow/UI/Icons/DistributedAuthority@2x.png
  Packages/com.unity.multiplayer.center/Editor/Questionnaire/QuestionnaireData.cs
  Packages/com.unity.modules.vehicles/package.ModuleCompilationTrigger
  Packages/com.unity.multiplayer.center/Editor/MultiplayerCenterWindow/UI/Icons/NoNetcode@2x.png
  Packages/com.unity.modules.terrainphysics
  Packages/com.unity.multiplayer.center/Editor
  Packages/com.unity.modules.jsonserialize
  Packages/com.unity.modules.unityanalytics
  Packages/com.unity.multiplayer.center/Editor/Questionnaire/UserChoicesObject.cs
  Packages/com.unity.modules.physics/package.json
  Packages/com.unity.multiplayer.center/README.md
  Packages/com.unity.modules.animation
  Packages/com.unity.multiplayer.center/Editor/MultiplayerCenterWindow/UI/MultiplayerCenterWindow.uss
  Packages/com.unity.modules.umbra/package.json
  Packages/com.unity.multiplayer.center/Tests/Editor/TabGroupTests.cs
  Packages/com.unity.modules.terrainphysics/package.json
  Packages/com.unity.modules.hierarchycore/package.json
  Packages/com.unity.modules.cloth/package.json
  Packages/com.unity.multiplayer.center/Editor/MultiplayerCenterWindow/TabGroup.cs
  Packages/com.unity.modules.wind
  Packages/com.unity.modules.imgui/package.ModuleCompilationTrigger
  Packages/com.unity.multiplayer.center/Editor/Questionnaire/PresetData.cs
  Packages/com.unity.multiplayer.center/Editor/Features/PackageManagement.cs
  Packages/com.unity.multiplayer.center/Tests/Editor/RecommenderSystemTests.cs
  Packages/com.unity.multiplayer.center/Editor/MultiplayerCenterWindow/UI/RecommendationView
  Packages/com.unity.multiplayer.center/Common/Unity.Multiplayer.Center.Common.asmdef
  Packages/com.unity.multiplayer.center/Editor/Recommendations/RecommendationUtils.cs
  Packages/com.unity.modules.xr/package.ModuleCompilationTrigger
  Packages/com.unity.multiplayer.center/Editor/Recommendations/Scoring.cs
  Packages/com.unity.modules.xr
  Packages/com.unity.multiplayer.center/Editor/MultiplayerCenterWindow/UI/Icons
  Packages/com.unity.multiplayer.center/Tests/Editor/QuickstartTabTests.cs
  Packages/com.unity.multiplayer.center/Tests/Editor/RecommendationAnalyticsTests.cs
  Packages/com.unity.multiplayer.center/Tests/Runtime/Unity.Multiplayer.Center.Tests.asmdef
  Packages/com.unity.modules.unitywebrequest
  Packages/com.unity.modules.uielements/package.json
  Packages/com.unity.multiplayer.center/Editor/MultiplayerCenterWindow/UI/RecommendationView/SectionHeader.cs
  Packages/com.unity.multiplayer.center/Editor/MultiplayerCenterWindow/UI/Icons/d_PackageInstalled@2x.png
  Packages/com.unity.multiplayer.center/Editor/MultiplayerCenterWindow/UI/Icons/NoNetcode.png
  Packages/com.unity.modules.cloth/package.ModuleCompilationTrigger
  Packages/com.unity.multiplayer.center/Editor/MultiplayerCenterWindow/UI/Icons/CloudCode@2x.png
  Packages/com.unity.modules.animation/package.json
  Packages/com.unity.modules.assetbundle/package.ModuleCompilationTrigger
  Packages/com.unity.multiplayer.center/Editor/MultiplayerCenterWindow/UI/Icons/Check.png
  Packages/com.unity.multiplayer.center/Editor/Analytics/DebugAnalytics.cs
  Packages/com.unity.multiplayer.center/Editor/Analytics/AnalyticsUtils.cs
  Packages/com.unity.multiplayer.center/Editor/MultiplayerCenterWindow/UI/Icons/DedicatedServer@2x.png
  Packages/com.unity.multiplayer.center/Editor/Recommendations/RecommenderSystem.cs
  Packages/com.unity.modules.particlesystem/package.ModuleCompilationTrigger
  Packages/com.unity.multiplayer.center/Editor/Recommendations/RecommendationType.cs
  Packages/com.unity.multiplayer.center/Common/AnswerData.cs
  Packages/com.unity.multiplayer.center/Tests/Editor/ExpectedPresetRecommendations.cs
  Packages/com.unity.modules.hierarchycore
  Packages/com.unity.modules.unitywebrequestaudio/package.json
  Packages/com.unity.modules.umbra
  Packages/com.unity.multiplayer.center/Tests/Editor/SectionHeaderTests.cs
  Packages/com.unity.modules.unitywebrequestassetbundle/package.ModuleCompilationTrigger
  Packages/com.unity.modules.vehicles
  Packages/com.unity.multiplayer.center/Editor/MultiplayerCenterWindow/UI/Icons/d_Loading.png
  Packages/com.unity.modules.unitywebrequest/package.ModuleCompilationTrigger
  Packages/com.unity.modules.accessibility/package.json
  Packages/com.unity.multiplayer.center/Editor/OnBoarding
  Packages/com.unity.modules.ai
  Packages/com.unity.modules.vectorgraphics
  Packages/com.unity.modules.terrain/package.ModuleCompilationTrigger
  Packages/com.unity.multiplayer.center/Editor/MultiplayerCenterWindow/UI/ViewUtils.cs
  Packages/com.unity.modules.terrain
  Packages/com.unity.multiplayer.center/Editor/Analytics/MultiplayerCenterAn

Asset Pipeline Refresh (id=5ed1ca92a08b77c4db8dc266424fc3d3): Total: 14.638 seconds - Initiated by InitialRefreshV2(ForceSynchronousImport)
	(Values over 0.05ms)
	Summary:
		Imports: total=171 (actual=171, local cache=0, cache server=0)
		Asset DB Process Time: managed=11 ms, native=2450 ms
		Asset DB Callback time: managed=53 ms, native=212 ms
		Scripting: domain reloads=1, domain reload time=438 ms, compile time=11462 ms, other=8 ms
		Project Asset Count: scripts=131, non-scripts=123
		Asset File Changes: new=233, changed=235, moved=0, deleted=0
		Scan Filter Count: 0
	InvokePackagesCallback: 229.653ms
	ApplyChangesToAssetFolders: 2.226ms
	Scan: 933.214ms
	Collect global state as custom dependencies: 11.404ms
	OnSourceAssetsModified: 1.131ms
	CategorizeScriptCompilationAssets: 0.436ms
	ProcessAssetsWithTransientArtifactChanges: 2.830ms
	CategorizeAssets: 1.216ms
	CompileScripts: 11462.445ms
	ImportOutOfDateAssets: 1437.222ms (410.086ms without children)
		ImportManagerImport: 1007.576ms (524.197ms without children)
			UpdateCategorizedAssets: 0.339ms
		UnloadImportedAssets: 0.097ms
		ImportSchedulerStart: 19.425ms
	PostProcessAllAssets: 58.720ms
		AssemblyValidation.PostprocessAllAssets 0.988ms
		VCAutoAddAssetPostprocess 0.953ms
		PostProcessCallbackCreateDeferredMaterials 0.773ms
		VersionControlSettings.HiddenFilePostprocess 0.459ms
		ShaderAssetModifiedCallback 0.320ms
		ComputeShaderImportPostprocess 0.148ms
		RaytracingShaderImportPostprocess 0.145ms
		LocalizationDatabase.AssetDatabasePostprocessCallback 0.131ms
		SpeedTreeImporter.PostprocessAllAssets 0.116ms
		XRBuildSystem.XRAssetImported 0.067ms
		BlockShaderImporter.PostprocessAllAssets 0.065ms
		MonoPostProcessAllAssets: 52.436ms
			AssetPostprocessor.OnPostprocessAllAssets 12.013ms
			StyleCatalogPostProcessor.OnPostprocessAllAssets 9.454ms
			WindowAssetPostprocessingWatcher.OnPostprocessAllAssets 7.487ms
			BuilderAssetPostprocessor.OnPostprocessAllAssets 4.530ms
			TextAssetPostProcessor.OnPostprocessAllAssets 2.489ms
			AssetChangedListener.OnPostprocessAllAssets 2.170ms
			SyncVS.PostprocessSyncProject 1.335ms
			RetainedModeAssetPostprocessor.OnPostprocessAllAssets 1.255ms
			EditModeScopePostprocessor.OnPostprocessAllAssets 1.203ms
			SpeedTree9Postprocessor.OnPostprocessAllAssets 0.894ms
			ArtifactBrowserPostProcessor.OnPostprocessAllAssets 0.525ms
			TerrainToolbarOverlayPostProcessor.OnPostprocessAllAssets 0.281ms
			AudioMixerPostprocessor.OnPostprocessAllAssets 0.273ms
			ReferencedClipsPostProcessor.OnPostprocessAllAssets 0.250ms
			AssetEvents.OnPostprocessAllAssets 0.216ms
			SpeedTreePostProcessor.OnPostprocessAllAssets 0.187ms
			AssetDatabaseCallbacks.OnPostprocessAllAssets 0.141ms
			ConfigAssetsTracker.OnPostprocessAllAssets 0.108ms
			ScenarioDriftAssetsTracker.OnPostprocessAllAssets 0.107ms
			RenderPipelineGlobalSettingsPostprocessor.OnPostprocessAllAssets 0.082ms
			AudioContainerPostProcessor.OnPostprocessAllAssets 0.066ms
	PostAssetChangesProfiler: 1.095ms
	UnloadStreamsBegin: 1.350ms
	PersistCurrentRevisions: 0.119ms
	GenerateScriptTypeHashes: 0.112ms
	GenerateScriptTypeSerializationHashes: 0.275ms
	Untracked: 492.216ms

Application.AssetDatabase Initial Refresh End
Scanning for USB devices : 3.464ms
Initializing Unity extensions:
[MODES] ModeService[none].Initialize
[MODES] ModeService[none].LoadModes
[MODES] Loading mode Default (0) for mode-current-id-Boxer P0
Unloading 6 Unused Serialized files (Serialized files now loaded: 0)
Unloading 152 unused Assets / (0.6 MB). Loaded Objects now: 943.
Memory consumption went from 203.4 MB to 202.7 MB.
Total: 4.786400 ms (FindLiveObjects: 0.056800 ms CreateObjectMapping: 0.020200 ms MarkObjects: 4.316500 ms  DeleteObjects: 0.389900 ms)

SCOPE=COACH_COMPLETED_RECORD_AND_NAVIGATION_NOT_PHONE_UAT
PASS completed valid record
PASS accuracy excludes unresolved and blocked shots are not hits
PASS exact serialized round trip preserves endpoint values and counters
PASS observed received/missed outcomes map to existing drills
PASS real module and evidence reason Head
PASS real module and evidence reason Footwork
PASS real module and evidence reason Punches
PASS zero shots has defined no-data denominator
PASS zero shots uses real punch lesson plus labelled information only
PASS zero denominator is not labelled 0 percent accuracy
PASS invalid persisted record rejected 0
PASS invalid persisted record rejected 4
PASS invalid persisted record rejected 2
PASS invalid persisted record rejected 3
PASS invalid persisted record rejected 8
PASS invalid persisted record rejected 4097
PASS invalid endpoint/counter/schema/verdict cannot persist
PASS invalid endpoint/counter/schema/verdict cannot persist
PASS invalid endpoint/counter/schema/verdict cannot persist
PASS invalid endpoint/counter/schema/verdict cannot persist
PASS invalid endpoint/counter/schema/verdict cannot persist
PASS invalid endpoint/counter/schema/verdict cannot persist
PASS invalid endpoint/counter/schema/verdict cannot persist
PASS invalid endpoint/counter/schema/verdict cannot persist
PASS invalid endpoint/counter/schema/verdict cannot persist
PASS invalid endpoint/counter/schema/verdict cannot persist
PASS invalid endpoint/counter/schema/verdict cannot persist
PASS invalid endpoint/counter/schema/verdict cannot persist
PASS invalid endpoint/counter/schema/verdict cannot persist
PASS invalid endpoint/counter/schema/verdict cannot persist
PASS invalid endpoint/counter/schema/verdict cannot persist
PASS invalid endpoint/counter/schema/verdict cannot persist
PASS invalid endpoint/counter/schema/verdict cannot persist
PASS invalid endpoint/counter/schema/verdict cannot persist
PASS invalid endpoint/counter/schema/verdict cannot persist
PASS invalid endpoint/counter/schema/verdict cannot persist
PASS invalid endpoint/counter/schema/verdict cannot persist
PASS invalid endpoint/counter/schema/verdict cannot persist
PASS invalid endpoint/counter/schema/verdict cannot persist
PASS invalid endpoint/counter/schema/verdict cannot persist
PASS missing schema cannot masquerade as current record
PASS valid HP-zero terminal record retained
PASS no fabricated record without completed telemetry
PASS review illegal route rejected Home
PASS review illegal route rejected Preview
PASS review illegal route rejected Intro
PASS review illegal route rejected Fight
PASS review illegal route rejected Onboarding
PASS review illegal route rejected TrainingInfo
PASS Coach opens locked review
PASS review cannot directly grant progress or start combat
PASS review back routes Coach
PASS completed Result opens locked review
PASS supplemental card fits minimum phone target 0
PASS supplemental card fits minimum phone target 1
PASS supplemental card fits minimum phone target 2
TOTAL=56 PASS=56 FAIL=0
UnityEngine.Debug:ExtractStackTraceNoAlloc (byte*,int,string)
UnityEngine.StackTraceUtility:ExtractStackTrace ()
UnityEngine.DebugLogHandler:Internal_Log (UnityEngine.LogType,UnityEngine.LogOption,string,UnityEngine.Object)
UnityEngine.DebugLogHandler:LogFormat (UnityEngine.LogType,UnityEngine.Object,string,object[])
UnityEngine.Logger:Log (UnityEngine.LogType,object)
UnityEngine.Debug:Log (object)
BoxerP0.Editor.CoachAnalysisSelfTests:Run () (at Assets/Editor/CoachAnalysisSelfTests.cs:53)
BoxerP0.Editor.CoachAnalysisSelfTests:RunAll () (at Assets/Editor/CoachAnalysisSelfTests.cs:10)

(Filename: Assets/Editor/CoachAnalysisSelfTests.cs Line: 53)

SCOPE=COACH_MODEL_NAVIGATION_NOT_RENDERED_OR_PHONE_UAT
PASS approved portrait included in Resources
PASS invalid module rejected
PASS catalog copy Head
PASS practice versus information Head
PASS Home to Coach locks gameplay Head
PASS Coach cannot start hidden scored bout Head
PASS Coach to practice Head
PASS single lesson cannot start combat or mark whole tutorial Head
PASS cancel returns Coach without completion Head
PASS partial completion not whole training Head
PASS all controls complete persist state Head
PASS catalog copy Footwork
PASS practice versus information Footwork
PASS Home to Coach locks gameplay Footwork
PASS Coach cannot start hidden scored bout Footwork
PASS Coach to practice Footwork
PASS single lesson cannot start combat or mark whole tutorial Footwork
PASS cancel returns Coach without completion Footwork
PASS partial completion not whole training Footwork
PASS all controls complete persist state Footwork
PASS catalog copy Punches
PASS practice versus information Punches
PASS Home to Coach locks gameplay Punches
PASS Coach cannot start hidden scored bout Punches
PASS Coach to practice Punches
PASS single lesson cannot start combat or mark whole tutorial Punches
PASS cancel returns Coach without completion Punches
PASS partial completion not whole training Punches
PASS all controls complete persist state Punches
PASS catalog copy Guard
PASS practice versus information Guard
PASS Home to Coach locks gameplay Guard
PASS Coach cannot start hidden scored bout Guard
PASS information locks gameplay Guard
PASS information cannot award or jump practice Guard
PASS information returns Coach Guard
PASS catalog copy Conditioning
PASS practice versus information Conditioning
PASS Home to Coach locks gameplay Conditioning
PASS Coach cannot start hidden scored bout Conditioning
PASS information locks gameplay Conditioning
PASS information cannot award or jump practice Conditioning
PASS information returns Coach Conditioning
PASS Home cannot bypass Coach into separate practice
PASS Preview cannot bypass Coach into practice
PASS no UI escape or injection into active fight
PASS unscored coach model cannot spend resources
PASS card bounds minimum 320-wide portrait target 0
PASS card bounds minimum 320-wide portrait target 1
PASS card bounds minimum 320-wide portrait target 2
PASS card bounds minimum 320-wide portrait target 3
PASS card bounds minimum 320-wide portrait target 4
PASS new navigation CTA minimum portrait touch target
TOTAL=53 PASS=53 FAIL=0
UnityEngine.Debug:ExtractStackTraceNoAlloc (byte*,int,string)
UnityEngine.StackTraceUtility:ExtractStackTrace ()
UnityEngine.DebugLogHandler:Internal_Log (UnityEngine.LogType,UnityEngine.LogOption,string,UnityEngine.Object)
UnityEngine.DebugLogHandler:LogFormat (UnityEngine.LogType,UnityEngine.Object,string,object[])
UnityEngine.Logger:Log (UnityEngine.LogType,object)
UnityEngine.Debug:Log (object)
BoxerP0.Editor.CoachUiSelfTests:Run () (at Assets/Editor/CoachUiSelfTests.cs:52)
BoxerP0.Editor.CoachAnalysisSelfTests:RunAll () (at Assets/Editor/CoachAnalysisSelfTests.cs:10)

(Filename: Assets/Editor/CoachUiSelfTests.cs Line: 52)

PUNCH_FEEL_TESTS TOTAL=14741 PASS=14741 FAIL=0
UnityEngine.Debug:ExtractStackTraceNoAlloc (byte*,int,string)
UnityEngine.StackTraceUtility:ExtractStackTrace ()
UnityEngine.DebugLogHandler:Internal_Log (UnityEngine.LogType,UnityEngine.LogOption,string,UnityEngine.Object)
UnityEngine.DebugLogHandler:LogFormat (UnityEngine.LogType,UnityEngine.Object,string,object[])
UnityEngine.Logger:Log (UnityEngine.LogType,object)
UnityEngine.Debug:Log (object)
BoxerP0.Editor.PunchFeelSelfTests:Run () (at Assets/Editor/PunchFeelSelfTests.cs:120)
BoxerP0.Editor.PunchFeelSelfTests:RunAll () (at Assets/Editor/PunchFeelSelfTests.cs:20)
BoxerP0.Editor.CoachAnalysisSelfTests:RunAll () (at Assets/Editor/CoachAnalysisSelfTests.cs:10)

(Filename: Assets/Editor/PunchFeelSelfTests.cs Line: 120)

SCOPE=SOLVED_GEOMETRY_AND_DETERMINISTIC_RULES_NOT_INPUT_OR_HUMAN_UAT
PASS AI reproducible bounded choice 0
PASS AI reproducible bounded choice 1
PASS AI reproducible bounded choice 2
PASS AI reproducible bounded choice 3
PASS AI reproducible bounded choice 4
PASS AI reproducible bounded choice 5
PASS AI reproducible bounded choice 6
PASS AI reproducible bounded choice 7
PASS AI reproducible bounded choice 8
PASS AI reproducible bounded choice 9
PASS AI reproducible bounded choice 10
PASS AI reproducible bounded choice 11
PASS AI reproducible bounded choice 12
PASS AI reproducible bounded choice 13
PASS AI reproducible bounded choice 14
PASS AI reproducible bounded choice 15
PASS AI reproducible bounded choice 16
PASS AI reproducible bounded choice 17
PASS AI reproducible bounded choice 18
PASS AI reproducible bounded choice 19
PASS AI reproducible bounded choice 20
PASS AI reproducible bounded choice 21
PASS AI reproducible bounded choice 22
PASS AI reproducible bounded choice 23
PASS AI reproducible bounded choice 24
PASS AI reproducible bounded choice 25
PASS AI reproducible bounded choice 26
PASS AI reproducible bounded choice 27
PASS AI reproducible bounded choice 28
PASS AI reproducible bounded choice 29
PASS AI reproducible bounded choice 30
PASS AI reproducible bounded choice 31
PASS AI reproducible bounded choice 32
PASS AI reproducible bounded choice 33
PASS AI reproducible bounded choice 34
PASS AI reproducible bounded choice 35
PASS AI reproducible bounded choice 36
PASS AI reproducible bounded choice 37
PASS AI reproducible bounded choice 38
PASS AI reproducible bounded choice 39
PASS AI reproducible bounded choice 40
PASS AI reproducible bounded choice 41
PASS AI reproducible bounded choice 42
PASS AI reproducible bounded choice 43
PASS AI reproducible bounded choice 44
PASS AI reproducible bounded choice 45
PASS AI reproducible bounded choice 46
PASS AI reproducible bounded choice 47
PASS AI reproducible bounded choice 48
PASS AI reproducible bounded choice 49
PASS AI reproducible bounded choice 50
PASS AI reproducible bounded choice 51
PASS AI reproducible bounded choice 52
PASS AI reproducible bounded choice 53
PASS AI reproducible bounded choice 54
PASS AI reproducible bounded choice 55
PASS AI reproducible bounded choice 56
PASS AI reproducible bounded choice 57
PASS AI reproducible bounded choice 58
PASS AI reproducible bounded choice 59
PASS AI reproducible bounded choice 60
PASS AI reproducible bounded choice 61
PASS AI reproducible bounded choice 62
PASS AI reproducible bounded choice 63
PASS AI reproducible bounded choice 64
PASS AI reproducible bounded choice 65
PASS AI reproducible bounded choice 66
PASS AI reproducible bounded choice 67
PASS AI reproducible bounded choice 68
PASS AI reproducible bounded choice 69
PASS AI reproducible bounded choice 70
PASS AI reproducible bounded choice 71
PASS AI reproducible bounded choice 72
PASS AI reproducible bounded choice 73
PASS AI reproducible bounded choice 74
PASS AI reproducible bounded choice 75
PASS AI reproducible bounded choice 76
PASS AI reproducible bounded choice 77
PASS AI reproducible bounded choice 78
PASS AI reproducible bounded choice 79
PASS AI reproducible bounded choice 80
PASS AI reproducible bounded choice 81
PASS AI reproducible bounded choice 82
PASS AI reproducible bounded choice 83
PASS AI reproducible bounded choice 84
PASS AI reproducible bounded choice 85
PASS AI reproducible bounded choice 86
PASS AI reproducible bounded choice 87
PASS AI reproducible bounded choice 88
PASS AI reproducible bounded choice 89
PASS AI reproducible bounded choice 90
PASS AI reproducible bounded choice 91
PASS AI reproducible bounded choice 92
PASS AI reproducible bounded choice 93
PASS AI reproducible bounded choice 94
PASS AI reproducible bounded choice 95
PASS AI reproducible bounded choice 96
PASS AI reproducible bounded choice 97
PASS AI reproducible bounded choice 98
PASS AI reproducible bounded choice 99
PASS AI reproducible bounded choice 100
PASS AI reproducible bounded choice 101
PASS AI reproducible bounded choice 102
PASS AI reproducible bounded choice 103
PASS AI reproducible bounded choice 104
PASS AI reproducible bounded choice 105
PASS AI reproducible bounded choice 106
PASS AI reproducible bounded choice 107
PASS AI reproducible bounded choice 108
PASS AI reproducible bounded choice 109
PASS AI reproducible bounded choice 110
PASS AI reproducible bounded choice 111
PASS AI reproducible bounded choice 112
PASS AI reproducible bounded choice 113
PASS AI reproducible bounded choice 114
PASS AI reproducible bounded choice 115
PASS AI reproducible bounded choice 116
PASS AI reproducible bounded choice 117
PASS AI reproducible bounded choice 118
PASS AI reproducible bounded choice 119
PASS AI reproducible bounded choice 120
PASS AI reproducible bounded choice 121
PASS AI reproducible bounded choice 122
PASS AI reproducible bounded choice 123
PASS AI reproducible bounded choice 124
PASS AI reproducible bounded choice 125
PASS AI reproducible bounded choice 126
PASS AI reproducible bounded choice 127
PASS AI choice 0 occurs with interleaved gap draw, count=31
PASS AI choice 1 occurs with interleaved gap draw, count=28
PASS AI choice 2 occurs with interleaved gap draw, count=32
PASS AI choice 3 occurs with interleaved gap draw, count=37
PASS AI no longer trapped in alternating head/body Cross
PASS invalid random count rejected
PASS real intersecting glove blocks target mode 0
PASS real intersecting glove blocks target mode 1
PASS real intersecting glove blocks target mode 2
PASS guard contact invariant under actor rotation and translation
PASS body path below a non-intersecting high guard still hits body
PASS non-contact is MISS, not proximity damage
PASS Jab can physically reach exposed head in engagement band 0,79
PASS Jab can physically reach exposed head in engagement band 0,82
PASS Jab can physically reach exposed head in engagement band 0,85
PASS Jab reproduces old out-of-reach exposed head at .955m
PASS Jab long-range punch remains MISS
PASS Cross can physically reach exposed head in engagement band 0,79
PASS Cross can physically reach exposed head in engagement band 0,82
PASS Cross can physically reach exposed head in engagement band 0,85
PASS Cross reproduces old out-of-reach exposed head at .955m
PASS Cross long-range punch remains MISS
PASS LeadHook physically reaches exposed head at close range
PASS RearHook physically reaches exposed head at close range
PASS LeadUppercut physically reaches exposed head at close range
PASS RearUppercut physically reaches exposed head at close range
PASS LeadOverhand physically reaches exposed head at close range
PASS RearOverhand physically reaches exposed head at close range
PASS POV footwork tracks facing yaw=0 direction=(0.00, 1.00)
PASS POV footwork tracks facing yaw=0 direction=(0.00, -1.00)
PASS POV footwork tracks facing yaw=0 direction=(-1.00, 0.00)
PASS POV footwork tracks facing yaw=0 direction=(1.00, 0.00)
PASS POV footwork tracks facing yaw=90 direction=(0.00, 1.00)
PASS POV footwork tracks facing yaw=90 direction=(0.00, -1.00)
PASS POV footwork tracks facing yaw=90 direction=(-1.00, 0.00)
PASS POV footwork tracks facing yaw=90 direction=(1.00, 0.00)
PASS POV footwork tracks facing yaw=180 direction=(0.00, 1.00)
PASS POV footwork tracks facing yaw=180 direction=(0.00, -1.00)
PASS POV footwork tracks facing yaw=180 direction=(-1.00, 0.00)
PASS POV footwork tracks facing yaw=180 direction=(1.00, 0.00)
PASS POV footwork tracks facing yaw=270 direction=(0.00, 1.00)
PASS POV footwork tracks facing yaw=270 direction=(0.00, -1.00)
PASS POV footwork tracks facing yaw=270 direction=(-1.00, 0.00)
PASS POV footwork tracks facing yaw=270 direction=(1.00, 0.00)
TOTAL=172 PASS=172 FAIL=0
UnityEngine.Debug:ExtractStackTraceNoAlloc (byte*,int,string)
UnityEngine.StackTraceUtility:ExtractStackTrace ()
UnityEngine.DebugLogHandler:Internal_Log (UnityEngine.LogType,UnityEngine.LogOption,string,UnityEngine.Object)
UnityEngine.DebugLogHandler:LogFormat (UnityEngine.LogType,UnityEngine.Object,string,object[])
UnityEngine.Logger:Log (UnityEngine.LogType,object)
UnityEngine.Debug:Log (object)
BoxerP0.Editor.CombatFairnessSelfTests:Run () (at Assets/Editor/CombatFairnessSelfTests.cs:70)
BoxerP0.Editor.TrainingPovSelfTests:Run () (at Assets/Editor/TrainingPovSelfTests.cs:13)
BoxerP0.Editor.PunchFeelSelfTests:RunAll () (at Assets/Editor/PunchFeelSelfTests.cs:20)
BoxerP0.Editor.CoachAnalysisSelfTests:RunAll () (at Assets/Editor/CoachAnalysisSelfTests.cs:10)

(Filename: Assets/Editor/CombatFairnessSelfTests.cs Line: 70)

PASS inactive initial state full resources
PASS menu/tutorial no spend or regeneration
PASS Jab accepted cost exact
PASS Jab quality captured before cost
PASS Jab hit damage exact
PASS Jab duplicate resolution ignored
PASS Jab player/opponent symmetric
PASS Cross accepted cost exact
PASS Cross quality captured before cost
PASS Cross hit damage exact
PASS Cross duplicate resolution ignored
PASS Cross player/opponent symmetric
PASS LeadHook accepted cost exact
PASS LeadHook quality captured before cost
PASS LeadHook hit damage exact
PASS LeadHook duplicate resolution ignored
PASS LeadHook player/opponent symmetric
PASS RearHook accepted cost exact
PASS RearHook quality captured before cost
PASS RearHook hit damage exact
PASS RearHook duplicate resolution ignored
PASS RearHook player/opponent symmetric
PASS LeadUppercut accepted cost exact
PASS LeadUppercut quality captured before cost
PASS LeadUppercut hit damage exact
PASS LeadUppercut duplicate resolution ignored
PASS LeadUppercut player/opponent symmetric
PASS RearUppercut accepted cost exact
PASS RearUppercut quality captured before cost
PASS RearUppercut hit damage exact
PASS RearUppercut duplicate resolution ignored
PASS RearUppercut player/opponent symmetric
PASS LeadOverhand accepted cost exact
PASS LeadOverhand quality captured before cost
PASS LeadOverhand hit damage exact
PASS LeadOverhand duplicate resolution ignored
PASS LeadOverhand player/opponent symmetric
PASS RearOverhand accepted cost exact
PASS RearOverhand quality captured before cost
PASS RearOverhand hit damage exact
PASS RearOverhand duplicate resolution ignored
PASS RearOverhand player/opponent symmetric
PASS MISS no HP change
PASS MISS still pays accepted action cost
PASS BLOCK zero HP and bounded guard cost
PASS BODY hit stamina consequence exact
PASS caller cannot forge receipt quality or intent
PASS previous-bout receipt invalid after reset
PASS receipt cannot switch actor
PASS invalid outcome cannot consume receipt
PASS valid resolution after invalid attempt
PASS invalid or no-action request costs zero
PASS fatigue monotonic bounded snapshot 0
PASS fatigue monotonic bounded snapshot 1
PASS fatigue monotonic bounded snapshot 2
PASS fatigue monotonic bounded snapshot 3
PASS fatigue monotonic bounded snapshot 4
PASS fatigue monotonic bounded snapshot 5
PASS fatigue monotonic bounded snapshot 6
PASS fatigue monotonic bounded snapshot 7
PASS fatigue monotonic bounded snapshot 8
PASS fatigue monotonic bounded snapshot 9
PASS fatigue monotonic bounded snapshot 10
PASS fatigue monotonic bounded snapshot 11
PASS exhaustion clamp no negative resource
PASS guard capacity18 stamina4 per simulation second
PASS recovery capacity6 stamina1 per second
PASS active phase no regen actual locomotion cost
PASS HP never regenerates and regen caps
PASS dt partition accounting tolerance
PASS timeout clamp and draw
PASS timeout winner by remaining HP
PASS HP zero ends bout exactly
PASS no writes after KO
PASS full rematch reset
PASS invalid dt rejected
PASS home blocks gameplay
PASS first bout enters unscored ring intro, not training
PASS intro cannot reenter or preview
PASS premature finish cannot unlock intro
PASS media completion opens fight
PASS duplicate intro completion rejected
PASS illegal mid-bout navigation rejected
PASS combat cannot falsely complete training
PASS result blocks gameplay
PASS rematch replays intro without tutorial
PASS home preview next bout route
PASS explicit Coach entry opens control lesson
PASS training cannot silently start combat
PASS training completion returns Coach not Fight
PASS completed training preference restores without auto training
PASS trained player still sees ring intro
PASS cancelled intro callback cannot start combat
PASS intro callback cannot start fight after practice
PASS head practice isolated from other skills
PASS movement practice requires four directions
PASS tap up down horizontal map to all four families
PASS light guide mapping HEAD_LEFT
PASS light guide mapping HEAD_RIGHT
PASS light guide mapping MOVE_UP
PASS light guide mapping MOVE_DOWN
PASS light guide mapping MOVE_LEFT
PASS light guide mapping MOVE_RIGHT
PASS light guide mapping PUNCH_DOWN
PASS light guide mapping PUNCH_UP
PASS light guide mapping PUNCH_RIGHT
PASS light guide mapping PUNCH_LEFT
PASS light guide mapping TAP_REPEAT
PASS light guide loops all punch examples
PASS light guide absent outside training
PASS illustrative guide does not grant practice progress
TOTAL=111 PASS=111 FAIL=0
UnityEngine.Debug:ExtractStackTraceNoAlloc (byte*,int,string)
UnityEngine.StackTraceUtility:ExtractStackTrace ()
UnityEngine.DebugLogHandler:Internal_Log (UnityEngine.LogType,UnityEngine.LogOption,string,UnityEngine.Object)
UnityEngine.DebugLogHandler:LogFormat (UnityEngine.LogType,UnityEngine.Object,string,object[])
UnityEngine.Logger:Log (UnityEngine.LogType,object)
UnityEngine.Debug:Log (object)
BoxerP0.Editor.Wave1SelfTests:Run () (at Assets/Editor/Wave1SelfTests.cs:121)
BoxerP0.Editor.CombatFairnessSelfTests:Run () (at Assets/Editor/CombatFairnessSelfTests.cs:72)
BoxerP0.Editor.TrainingPovSelfTests:Run () (at Assets/Editor/TrainingPovSelfTests.cs:13)
BoxerP0.Editor.PunchFeelSelfTests:RunAll () (at Assets/Editor/PunchFeelSelfTests.cs:20)
BoxerP0.Editor.CoachAnalysisSelfTests:RunAll () (at Assets/Editor/CoachAnalysisSelfTests.cs:10)

(Filename: Assets/Editor/Wave1SelfTests.cs Line: 121)

P0_SELF_TESTS_PASS=D:\WORK\RESEARCH\POVGame\boxer-wave1\evidence\phase0\SYNTHETIC\deterministic-self-tests.txt
UnityEngine.Debug:ExtractStackTraceNoAlloc (byte*,int,string)
UnityEngine.StackTraceUtility:ExtractStackTrace ()
UnityEngine.DebugLogHandler:Internal_Log (UnityEngine.LogType,UnityEngine.LogOption,string,UnityEngine.Object)
UnityEngine.DebugLogHandler:LogFormat (UnityEngine.LogType,UnityEngine.Object,string,object[])
UnityEngine.Logger:Log (UnityEngine.LogType,object)
UnityEngine.Debug:Log (object)
BoxerP0.Editor.Phase0SelfTests:RunBatch () (at Assets/Editor/Phase0SelfTests.cs:47)
BoxerP0.Editor.P1DOpponentAttributesSelfTests:RunSuite (string,System.Action,System.Collections.Generic.ICollection`1<string>) (at Assets/Editor/P1DOpponentAttributesSelfTests.cs:157)
BoxerP0.Editor.P1DOpponentAttributesSelfTests:RunWithRegressions () (at Assets/Editor/P1DOpponentAttributesSelfTests.cs:14)
BoxerP0.Editor.Round2SelfTests:RunAll () (at Assets/Editor/Round2SelfTests.cs:13)
BoxerP0.Editor.Wave1SelfTests:Run () (at Assets/Editor/Wave1SelfTests.cs:127)
BoxerP0.Editor.CombatFairnessSelfTests:Run () (at Assets/Editor/CombatFairnessSelfTests.cs:72)
BoxerP0.Editor.TrainingPovSelfTests:Run () (at Assets/Editor/TrainingPovSelfTests.cs:13)
BoxerP0.Editor.PunchFeelSelfTests:RunAll () (at Assets/Editor/PunchFeelSelfTests.cs:20)
BoxerP0.Editor.CoachAnalysisSelfTests:RunAll () (at Assets/Editor/CoachAnalysisSelfTests.cs:10)

(Filename: Assets/Editor/Phase0SelfTests.cs Line: 47)

P1_A3_SELF_TESTS_PASS=D:\WORK\RESEARCH\POVGame\boxer-wave1\evidence\phase1\SYNTHETIC\p1-a3-deterministic-self-tests.txt
UnityEngine.Debug:ExtractStackTraceNoAlloc (byte*,int,string)
UnityEngine.StackTraceUtility:ExtractStackTrace ()
UnityEngine.DebugLogHandler:Internal_Log (UnityEngine.LogType,UnityEngine.LogOption,string,UnityEngine.Object)
UnityEngine.DebugLogHandler:LogFormat (UnityEngine.LogType,UnityEngine.Object,string,object[])
UnityEngine.Logger:Log (UnityEngine.LogType,object)
UnityEngine.Debug:Log (object)
BoxerP0.Editor.P1A3SelfTests:RunBatch () (at Assets/Editor/P1A3SelfTests.cs:28)
BoxerP0.Editor.P1DOpponentAttributesSelfTests:RunSuite (string,System.Action,System.Collections.Generic.ICollection`1<string>) (at Assets/Editor/P1DOpponentAttributesSelfTests.cs:157)
BoxerP0.Editor.P1DOpponentAttributesSelfTests:RunWithRegressions () (at Assets/Editor/P1DOpponentAttributesSelfTests.cs:15)
BoxerP0.Editor.Round2SelfTests:RunAll () (at Assets/Editor/Round2SelfTests.cs:13)
BoxerP0.Editor.Wave1SelfTests:Run () (at Assets/Editor/Wave1SelfTests.cs:127)
BoxerP0.Editor.CombatFairnessSelfTests:Run () (at Assets/Editor/CombatFairnessSelfTests.cs:72)
BoxerP0.Editor.TrainingPovSelfTests:Run () (at Assets/Editor/TrainingPovSelfTests.cs:13)
BoxerP0.Editor.PunchFeelSelfTests:RunAll () (at Assets/Editor/PunchFeelSelfTests.cs:20)
BoxerP0.Editor.CoachAnalysisSelfTests:RunAll () (at Assets/Editor/CoachAnalysisSelfTests.cs:10)

(Filename: Assets/Editor/P1A3SelfTests.cs Line: 28)

P1_B1_5R_SELF_TESTS_PASS=D:\WORK\RESEARCH\POVGame\boxer-wave1\evidence\phase1\SYNTHETIC\p1-b1-5r-deterministic-self-tests.txt
UnityEngine.Debug:ExtractStackTraceNoAlloc (byte*,int,string)
UnityEngine.StackTraceUtility:ExtractStackTrace ()
UnityEngine.DebugLogHandler:Internal_Log (UnityEngine.LogType,UnityEngine.LogOption,string,UnityEngine.Object)
UnityEngine.DebugLogHandler:LogFormat (UnityEngine.LogType,UnityEngine.Object,string,object[])
UnityEngine.Logger:Log (UnityEngine.LogType,object)
UnityEngine.Debug:Log (object)
BoxerP0.Editor.P1B15RSelfTests:RunBatch () (at Assets/Editor/P1B15RSelfTests.cs:34)
BoxerP0.Editor.P1DOpponentAttributesSelfTests:RunSuite (string,System.Action,System.Collections.Generic.ICollection`1<string>) (at Assets/Editor/P1DOpponentAttributesSelfTests.cs:157)
BoxerP0.Editor.P1DOpponentAttributesSelfTests:RunWithRegressions () (at Assets/Editor/P1DOpponentAttributesSelfTests.cs:16)
BoxerP0.Editor.Round2SelfTests:RunAll () (at Assets/Editor/Round2SelfTests.cs:13)
BoxerP0.Editor.Wave1SelfTests:Run () (at Assets/Editor/Wave1SelfTests.cs:127)
BoxerP0.Editor.CombatFairnessSelfTests:Run () (at Assets/Editor/CombatFairnessSelfTests.cs:72)
BoxerP0.Editor.TrainingPovSelfTests:Run () (at Assets/Editor/TrainingPovSelfTests.cs:13)
BoxerP0.Editor.PunchFeelSelfTests:RunAll () (at Assets/Editor/PunchFeelSelfTests.cs:20)
BoxerP0.Editor.CoachAnalysisSelfTests:RunAll () (at Assets/Editor/CoachAnalysisSelfTests.cs:10)

(Filename: Assets/Editor/P1B15RSelfTests.cs Line: 34)

P1_B1_5S_SELF_TESTS_PASS=D:\WORK\RESEARCH\POVGame\boxer-wave1\evidence\phase1\SYNTHETIC\p1-b1-5s-deterministic-self-tests.txt
UnityEngine.Debug:ExtractStackTraceNoAlloc (byte*,int,string)
UnityEngine.StackTraceUtility:ExtractStackTrace ()
UnityEngine.DebugLogHandler:Internal_Log (UnityEngine.LogType,UnityEngine.LogOption,string,UnityEngine.Object)
UnityEngine.DebugLogHandler:LogFormat (UnityEngine.LogType,UnityEngine.Object,string,object[])
UnityEngine.Logger:Log (UnityEngine.LogType,object)
UnityEngine.Debug:Log (object)
BoxerP0.Editor.P1B15SSelfTests:RunBatch () (at Assets/Editor/P1B15SSelfTests.cs:33)
BoxerP0.Editor.P1DOpponentAttributesSelfTests:RunSuite (string,System.Action,System.Collections.Generic.ICollection`1<string>) (at Assets/Editor/P1DOpponentAttributesSelfTests.cs:157)
BoxerP0.Editor.P1DOpponentAttributesSelfTests:RunWithRegressions () (at Assets/Editor/P1DOpponentAttributesSelfTests.cs:17)
BoxerP0.Editor.Round2SelfTests:RunAll () (at Assets/Editor/Round2SelfTests.cs:13)
BoxerP0.Editor.Wave1SelfTests:Run () (at Assets/Editor/Wave1SelfTests.cs:127)
BoxerP0.Editor.CombatFairnessSelfTests:Run () (at Assets/Editor/CombatFairnessSelfTests.cs:72)
BoxerP0.Editor.TrainingPovSelfTests:Run () (at Assets/Editor/TrainingPovSelfTests.cs:13)
BoxerP0.Editor.PunchFeelSelfTests:RunAll () (at Assets/Editor/PunchFeelSelfTests.cs:20)
BoxerP0.Editor.CoachAnalysisSelfTests:RunAll () (at Assets/Editor/CoachAnalysisSelfTests.cs:10)

(Filename: Assets/Editor/P1B15SSelfTests.cs Line: 33)

P1_B1_5T_SELF_TESTS_PASS=D:\WORK\RESEARCH\POVGame\boxer-wave1\evidence\phase1\SYNTHETIC\p1-b1-5t-deterministic-self-tests.txt
UnityEngine.Debug:ExtractStackTraceNoAlloc (byte*,int,string)
UnityEngine.StackTraceUtility:ExtractStackTrace ()
UnityEngine.DebugLogHandler:Internal_Log (UnityEngine.LogType,UnityEngine.LogOption,string,UnityEngine.Object)
UnityEngine.DebugLogHandler:LogFormat (UnityEngine.LogType,UnityEngine.Object,string,object[])
UnityEngine.Logger:Log (UnityEngine.LogType,object)
UnityEngine.Debug:Log (object)
BoxerP0.Editor.P1B15TSelfTests:RunBatch () (at Assets/Editor/P1B15TSelfTests.cs:50)
BoxerP0.Editor.P1DOpponentAttributesSelfTests:RunSuite (string,System.Action,System.Collections.Generic.ICollection`1<string>) (at Assets/Editor/P1DOpponentAttributesSelfTests.cs:157)
BoxerP0.Editor.P1DOpponentAttributesSelfTests:RunWithRegressions () (at Assets/Editor/P1DOpponentAttributesSelfTests.cs:18)
BoxerP0.Editor.Round2SelfTests:RunAll () (at Assets/Editor/Round2SelfTests.cs:13)
BoxerP0.Editor.Wave1SelfTests:Run () (at Assets/Editor/Wave1SelfTests.cs:127)
BoxerP0.Editor.CombatFairnessSelfTests:Run () (at Assets/Editor/CombatFairnessSelfTests.cs:72)
BoxerP0.Editor.TrainingPovSelfTests:Run () (at Assets/Editor/TrainingPovSelfTests.cs:13)
BoxerP0.Editor.PunchFeelSelfTests:RunAll () (at Assets/Editor/PunchFeelSelfTests.cs:20)
BoxerP0.Editor.CoachAnalysisSelfTests:RunAll () (at Assets/Editor/CoachAnalysisSelfTests.cs:10)

(Filename: Assets/Editor/P1B15TSelfTests.cs Line: 50)

P1_B1_5U_SELF_TESTS_PASS=D:\WORK\RESEARCH\POVGame\boxer-wave1\evidence\phase1\SYNTHETIC\p1-b1-5u-deterministic-self-tests.txt
UnityEngine.Debug:ExtractStackTraceNoAlloc (byte*,int,string)
UnityEngine.StackTraceUtility:ExtractStackTrace ()
UnityEngine.DebugLogHandler:Internal_Log (UnityEngine.LogType,UnityEngine.LogOption,string,UnityEngine.Object)
UnityEngine.DebugLogHandler:LogFormat (UnityEngine.LogType,UnityEngine.Object,string,object[])
UnityEngine.Logger:Log (UnityEngine.LogType,object)
UnityEngine.Debug:Log (object)
BoxerP0.Editor.P1B15USelfTests:RunBatch () (at Assets/Editor/P1B15USelfTests.cs:36)
BoxerP0.Editor.P1DOpponentAttributesSelfTests:RunSuite (string,System.Action,System.Collections.Generic.ICollection`1<string>) (at Assets/Editor/P1DOpponentAttributesSelfTests.cs:157)
BoxerP0.Editor.P1DOpponentAttributesSelfTests:RunWithRegressions () (at Assets/Editor/P1DOpponentAttributesSelfTests.cs:19)
BoxerP0.Editor.Round2SelfTests:RunAll () (at Assets/Editor/Round2SelfTests.cs:13)
BoxerP0.Editor.Wave1SelfTests:Run () (at Assets/Editor/Wave1SelfTests.cs:127)
BoxerP0.Editor.CombatFairnessSelfTests:Run () (at Assets/Editor/CombatFairnessSelfTests.cs:72)
BoxerP0.Editor.TrainingPovSelfTests:Run () (at Assets/Editor/TrainingPovSelfTests.cs:13)
BoxerP0.Editor.PunchFeelSelfTests:RunAll () (at Assets/Editor/PunchFeelSelfTests.cs:20)
BoxerP0.Editor.CoachAnalysisSelfTests:RunAll () (at Assets/Editor/CoachAnalysisSelfTests.cs:10)

(Filename: Assets/Editor/P1B15USelfTests.cs Line: 36)

P1_B1_5V_SELF_TESTS_PASS=D:\WORK\RESEARCH\POVGame\boxer-wave1\evidence\phase1\SYNTHETIC\p1-b1-5v-deterministic-self-tests.txt
UnityEngine.Debug:ExtractStackTraceNoAlloc (byte*,int,string)
UnityEngine.StackTraceUtility:ExtractStackTrace ()
UnityEngine.DebugLogHandler:Internal_Log (UnityEngine.LogType,UnityEngine.LogOption,string,UnityEngine.Object)
UnityEngine.DebugLogHandler:LogFormat (UnityEngine.LogType,UnityEngine.Object,string,object[])
UnityEngine.Logger:Log (UnityEngine.LogType,object)
UnityEngine.Debug:Log (object)
BoxerP0.Editor.P1B15VSelfTests:RunBatch () (at Assets/Editor/P1B15VSelfTests.cs:34)
BoxerP0.Editor.P1DOpponentAttributesSelfTests:RunSuite (string,System.Action,System.Collections.Generic.ICollection`1<string>) (at Assets/Editor/P1DOpponentAttributesSelfTests.cs:157)
BoxerP0.Editor.P1DOpponentAttributesSelfTests:RunWithRegressions () (at Assets/Editor/P1DOpponentAttributesSelfTests.cs:20)
BoxerP0.Editor.Round2SelfTests:RunAll () (at Assets/Editor/Round2SelfTests.cs:13)
BoxerP0.Editor.Wave1SelfTests:Run () (at Assets/Editor/Wave1SelfTests.cs:127)
BoxerP0.Editor.CombatFairnessSelfTests:Run () (at Assets/Editor/CombatFairnessSelfTests.cs:72)
BoxerP0.Editor.TrainingPovSelfTests:Run () (at Assets/Editor/TrainingPovSelfTests.cs:13)
BoxerP0.Editor.PunchFeelSelfTests:RunAll () (at Assets/Editor/PunchFeelSelfTests.cs:20)
BoxerP0.Editor.CoachAnalysisSelfTests:RunAll () (at Assets/Editor/CoachAnalysisSelfTests.cs:10)

(Filename: Assets/Editor/P1B15VSelfTests.cs Line: 34)

P1_B2_SELF_TESTS_PASS=D:\WORK\RESEARCH\POVGame\boxer-wave1\evidence\phase1\SYNTHETIC\p1-b2-deterministic-self-tests.txt
UnityEngine.Debug:ExtractStackTraceNoAlloc (byte*,int,string)
UnityEngine.StackTraceUtility:ExtractStackTrace ()
UnityEngine.DebugLogHandler:Internal_Log (UnityEngine.LogType,UnityEngine.LogOption,string,UnityEngine.Object)
UnityEngine.DebugLogHandler:LogFormat (UnityEngine.LogType,UnityEngine.Object,string,object[])
UnityEngine.Logger:Log (UnityEngine.LogType,object)
UnityEngine.Debug:Log (object)
BoxerP0.Editor.P1B2SelfTests:RunBatch () (at Assets/Editor/P1B2SelfTests.cs:43)
BoxerP0.Editor.P1DOpponentAttributesSelfTests:RunSuite (string,System.Action,System.Collections.Generic.ICollection`1<string>) (at Assets/Editor/P1DOpponentAttributesSelfTests.cs:157)
BoxerP0.Editor.P1DOpponentAttributesSelfTests:RunWithRegressions () (at Assets/Editor/P1DOpponentAttributesSelfTests.cs:21)
BoxerP0.Editor.Round2SelfTests:RunAll () (at Assets/Editor/Round2SelfTests.cs:13)
BoxerP0.Editor.Wave1SelfTests:Run () (at Assets/Editor/Wave1SelfTests.cs:127)
BoxerP0.Editor.CombatFairnessSelfTests:Run () (at Assets/Editor/CombatFairnessSelfTests.cs:72)
BoxerP0.Editor.TrainingPovSelfTests:Run () (at Assets/Editor/TrainingPovSelfTests.cs:13)
BoxerP0.Editor.PunchFeelSelfTests:RunAll () (at Assets/Editor/PunchFeelSelfTests.cs:20)
BoxerP0.Editor.CoachAnalysisSelfTests:RunAll () (at Assets/Editor/CoachAnalysisSelfTests.cs:10)

(Filename: Assets/Editor/P1B2SelfTests.cs Line: 43)

P1_C0_SELF_TESTS_PASS=D:\WORK\RESEARCH\POVGame\boxer-wave1\evidence\phase1\SYNTHETIC\p1-c0-deterministic-self-tests.txt
UnityEngine.Debug:ExtractStackTraceNoAlloc (byte*,int,string)
UnityEngine.StackTraceUtility:ExtractStackTrace ()
UnityEngine.DebugLogHandler:Internal_Log (UnityEngine.LogType,UnityEngine.LogOption,string,UnityEngine.Object)
UnityEngine.DebugLogHandler:LogFormat (UnityEngine.LogType,UnityEngine.Object,string,object[])
UnityEngine.Logger:Log (UnityEngine.LogType,object)
UnityEngine.Debug:Log (object)
BoxerP0.Editor.P1C0SelfTests:RunBatch () (at Assets/Editor/P1C0SelfTests.cs:62)
BoxerP0.Editor.P1DOpponentAttributesSelfTests:RunSuite (string,System.Action,System.Collections.Generic.ICollection`1<string>) (at Assets/Editor/P1DOpponentAttributesSelfTests.cs:157)
BoxerP0.Editor.P1DOpponentAttributesSelfTests:RunWithRegressions () (at Assets/Editor/P1DOpponentAttributesSelfTests.cs:22)
BoxerP0.Editor.Round2SelfTests:RunAll () (at Assets/Editor/Round2SelfTests.cs:13)
BoxerP0.Editor.Wave1SelfTests:Run () (at Assets/Editor/Wave1SelfTests.cs:127)
BoxerP0.Editor.CombatFairnessSelfTests:Run () (at Assets/Editor/CombatFairnessSelfTests.cs:72)
BoxerP0.Editor.TrainingPovSelfTests:Run () (at Assets/Editor/TrainingPovSelfTests.cs:13)
BoxerP0.Editor.PunchFeelSelfTests:RunAll () (at Assets/Editor/PunchFeelSelfTests.cs:20)
BoxerP0.Editor.CoachAnalysisSelfTests:RunAll () (at Assets/Editor/CoachAnalysisSelfTests.cs:10)

(Filename: Assets/Editor/P1C0SelfTests.cs Line: 62)

P1_C1_SELF_TESTS_PASS=D:\WORK\RESEARCH\POVGame\boxer-wave1\evidence\phase1\SYNTHETIC\p1-c1-deterministic-self-tests.txt
UnityEngine.Debug:ExtractStackTraceNoAlloc (byte*,int,string)
UnityEngine.StackTraceUtility:ExtractStackTrace ()
UnityEngine.DebugLogHandler:Internal_Log (UnityEngine.LogType,UnityEngine.LogOption,string,UnityEngine.Object)
UnityEngine.DebugLogHandler:LogFormat (UnityEngine.LogType,UnityEngine.Object,string,object[])
UnityEngine.Logger:Log (UnityEngine.LogType,object)
UnityEngine.Debug:Log (object)
BoxerP0.Editor.P1C1SelfTests:RunBatch () (at Assets/Editor/P1C1SelfTests.cs:58)
BoxerP0.Editor.P1DOpponentAttributesSelfTests:RunSuite (string,System.Action,System.Collections.Generic.ICollection`1<string>) (at Assets/Editor/P1DOpponentAttributesSelfTests.cs:157)
BoxerP0.Editor.P1DOpponentAttributesSelfTests:RunWithRegressions () (at Assets/Editor/P1DOpponentAttributesSelfTests.cs:23)
BoxerP0.Editor.Round2SelfTests:RunAll () (at Assets/Editor/Round2SelfTests.cs:13)
BoxerP0.Editor.Wave1SelfTests:Run () (at Assets/Editor/Wave1SelfTests.cs:127)
BoxerP0.Editor.CombatFairnessSelfTests:Run () (at Assets/Editor/CombatFairnessSelfTests.cs:72)
BoxerP0.Editor.TrainingPovSelfTests:Run () (at Assets/Editor/TrainingPovSelfTests.cs:13)
BoxerP0.Editor.PunchFeelSelfTests:RunAll () (at Assets/Editor/PunchFeelSelfTests.cs:20)
BoxerP0.Editor.CoachAnalysisSelfTests:RunAll () (at Assets/Editor/CoachAnalysisSelfTests.cs:10)

(Filename: Assets/Editor/P1C1SelfTests.cs Line: 58)

P1_C2_SELF_TESTS_PASS=D:\WORK\RESEARCH\POVGame\boxer-wave1\evidence\phase1\SYNTHETIC\p1-c2-deterministic-self-tests.txt
UnityEngine.Debug:ExtractStackTraceNoAlloc (byte*,int,string)
UnityEngine.StackTraceUtility:ExtractStackTrace ()
UnityEngine.DebugLogHandler:Internal_Log (UnityEngine.LogType,UnityEngine.LogOption,string,UnityEngine.Object)
UnityEngine.DebugLogHandler:LogFormat (UnityEngine.LogType,UnityEngine.Object,string,object[])
UnityEngine.Logger:Log (UnityEngine.LogType,object)
UnityEngine.Debug:Log (object)
BoxerP0.Editor.P1C2SelfTests:RunBatch () (at Assets/Editor/P1C2SelfTests.cs:56)
BoxerP0.Editor.P1DOpponentAttributesSelfTests:RunSuite (string,System.Action,System.Collections.Generic.ICollection`1<string>) (at Assets/Editor/P1DOpponentAttributesSelfTests.cs:157)
BoxerP0.Editor.P1DOpponentAttributesSelfTests:RunWithRegressions () (at Assets/Editor/P1DOpponentAttributesSelfTests.cs:24)
BoxerP0.Editor.Round2SelfTests:RunAll () (at Assets/Editor/Round2SelfTests.cs:13)
BoxerP0.Editor.Wave1SelfTests:Run () (at Assets/Editor/Wave1SelfTests.cs:127)
BoxerP0.Editor.CombatFairnessSelfTests:Run () (at Assets/Editor/CombatFairnessSelfTests.cs:72)
BoxerP0.Editor.TrainingPovSelfTests:Run () (at Assets/Editor/TrainingPovSelfTests.cs:13)
BoxerP0.Editor.PunchFeelSelfTests:RunAll () (at Assets/Editor/PunchFeelSelfTests.cs:20)
BoxerP0.Editor.CoachAnalysisSelfTests:RunAll () (at Assets/Editor/CoachAnalysisSelfTests.cs:10)

(Filename: Assets/Editor/P1C2SelfTests.cs Line: 56)

P1_C3_SELF_TESTS_PASS=D:\WORK\RESEARCH\POVGame\boxer-wave1\evidence\phase1\SYNTHETIC\p1-c3-deterministic-self-tests.txt
UnityEngine.Debug:ExtractStackTraceNoAlloc (byte*,int,string)
UnityEngine.StackTraceUtility:ExtractStackTrace ()
UnityEngine.DebugLogHandler:Internal_Log (UnityEngine.LogType,UnityEngine.LogOption,string,UnityEngine.Object)
UnityEngine.DebugLogHandler:LogFormat (UnityEngine.LogType,UnityEngine.Object,string,object[])
UnityEngine.Logger:Log (UnityEngine.LogType,object)
UnityEngine.Debug:Log (object)
BoxerP0.Editor.P1C3SelfTests:RunBatch () (at Assets/Editor/P1C3SelfTests.cs:58)
BoxerP0.Editor.P1DOpponentAttributesSelfTests:RunSuite (string,System.Action,System.Collections.Generic.ICollection`1<string>) (at Assets/Editor/P1DOpponentAttributesSelfTests.cs:157)
BoxerP0.Editor.P1DOpponentAttributesSelfTests:RunWithRegressions () (at Assets/Editor/P1DOpponentAttributesSelfTests.cs:25)
BoxerP0.Editor.Round2SelfTests:RunAll () (at Assets/Editor/Round2SelfTests.cs:13)
BoxerP0.Editor.Wave1SelfTests:Run () (at Assets/Editor/Wave1SelfTests.cs:127)
BoxerP0.Editor.CombatFairnessSelfTests:Run () (at Assets/Editor/CombatFairnessSelfTests.cs:72)
BoxerP0.Editor.TrainingPovSelfTests:Run () (at Assets/Editor/TrainingPovSelfTests.cs:13)
BoxerP0.Editor.PunchFeelSelfTests:RunAll () (at Assets/Editor/PunchFeelSelfTests.cs:20)
BoxerP0.Editor.CoachAnalysisSelfTests:RunAll () (at Assets/Editor/CoachAnalysisSelfTests.cs:10)

(Filename: Assets/Editor/P1C3SelfTests.cs Line: 58)

P1_OBS_SELF_TESTS_PASS=D:\WORK\RESEARCH\POVGame\boxer-wave1\evidence\phase1\SYNTHETIC\p1-obs-deterministic-self-tests.txt
UnityEngine.Debug:ExtractStackTraceNoAlloc (byte*,int,string)
UnityEngine.StackTraceUtility:ExtractStackTrace ()
UnityEngine.DebugLogHandler:Internal_Log (UnityEngine.LogType,UnityEngine.LogOption,string,UnityEngine.Object)
UnityEngine.DebugLogHandler:LogFormat (UnityEngine.LogType,UnityEngine.Object,string,object[])
UnityEngine.Logger:Log (UnityEngine.LogType,object)
UnityEngine.Debug:Log (object)
BoxerP0.Editor.P1ObsSelfTests:RunBatch () (at Assets/Editor/P1ObsSelfTests.cs:59)
BoxerP0.Editor.P1DOpponentAttributesSelfTests:RunSuite (string,System.Action,System.Collections.Generic.ICollection`1<string>) (at Assets/Editor/P1DOpponentAttributesSelfTests.cs:157)
BoxerP0.Editor.P1DOpponentAttributesSelfTests:RunWithRegressions () (at Assets/Editor/P1DOpponentAttributesSelfTests.cs:26)
BoxerP0.Editor.Round2SelfTests:RunAll () (at Assets/Editor/Round2SelfTests.cs:13)
BoxerP0.Editor.Wave1SelfTests:Run () (at Assets/Editor/Wave1SelfTests.cs:127)
BoxerP0.Editor.CombatFairnessSelfTests:Run () (at Assets/Editor/CombatFairnessSelfTests.cs:72)
BoxerP0.Editor.TrainingPovSelfTests:Run () (at Assets/Editor/TrainingPovSelfTests.cs:13)
BoxerP0.Editor.PunchFeelSelfTests:RunAll () (at Assets/Editor/PunchFeelSelfTests.cs:20)
BoxerP0.Editor.CoachAnalysisSelfTests:RunAll () (at Assets/Editor/CoachAnalysisSelfTests.cs:10)

(Filename: Assets/Editor/P1ObsSelfTests.cs Line: 59)

P1_A3_2_SELF_TESTS_PASS=D:\WORK\RESEARCH\POVGame\boxer-wave1\evidence\phase1\SYNTHETIC\p1-a3-2-deterministic-self-tests.txt
UnityEngine.Debug:ExtractStackTraceNoAlloc (byte*,int,string)
UnityEngine.StackTraceUtility:ExtractStackTrace ()
UnityEngine.DebugLogHandler:Internal_Log (UnityEngine.LogType,UnityEngine.LogOption,string,UnityEngine.Object)
UnityEngine.DebugLogHandler:LogFormat (UnityEngine.LogType,UnityEngine.Object,string,object[])
UnityEngine.Logger:Log (UnityEngine.LogType,object)
UnityEngine.Debug:Log (object)
BoxerP0.Editor.P1A32SelfTests:RunBatch () (at Assets/Editor/P1A32SelfTests.cs:60)
BoxerP0.Editor.P1DOpponentAttributesSelfTests:RunSuite (string,System.Action,System.Collections.Generic.ICollection`1<string>) (at Assets/Editor/P1DOpponentAttributesSelfTests.cs:157)
BoxerP0.Editor.P1DOpponentAttributesSelfTests:RunWithRegressions () (at Assets/Editor/P1DOpponentAttributesSelfTests.cs:27)
BoxerP0.Editor.Round2SelfTests:RunAll () (at Assets/Editor/Round2SelfTests.cs:13)
BoxerP0.Editor.Wave1SelfTests:Run () (at Assets/Editor/Wave1SelfTests.cs:127)
BoxerP0.Editor.CombatFairnessSelfTests:Run () (at Assets/Editor/CombatFairnessSelfTests.cs:72)
BoxerP0.Editor.TrainingPovSelfTests:Run () (at Assets/Editor/TrainingPovSelfTests.cs:13)
BoxerP0.Editor.PunchFeelSelfTests:RunAll () (at Assets/Editor/PunchFeelSelfTests.cs:20)
BoxerP0.Editor.CoachAnalysisSelfTests:RunAll () (at Assets/Editor/CoachAnalysisSelfTests.cs:10)

(Filename: Assets/Editor/P1A32SelfTests.cs Line: 60)

P1_A3_3_SELF_TESTS_PASS=D:\WORK\RESEARCH\POVGame\boxer-wave1\evidence\phase1\SYNTHETIC\p1-a3-3-deterministic-self-tests.txt
UnityEngine.Debug:ExtractStackTraceNoAlloc (byte*,int,string)
UnityEngine.StackTraceUtility:ExtractStackTrace ()
UnityEngine.DebugLogHandler:Internal_Log (UnityEngine.LogType,UnityEngine.LogOption,string,UnityEngine.Object)
UnityEngine.DebugLogHandler:LogFormat (UnityEngine.LogType,UnityEngine.Object,string,object[])
UnityEngine.Logger:Log (UnityEngine.LogType,object)
UnityEngine.Debug:Log (object)
BoxerP0.Editor.P1A33SelfTests:RunBatch () (at Assets/Editor/P1A33SelfTests.cs:63)
BoxerP0.Editor.P1DOpponentAttributesSelfTests:RunSuite (string,System.Action,System.Collections.Generic.ICollection`1<string>) (at Assets/Editor/P1DOpponentAttributesSelfTests.cs:157)
BoxerP0.Editor.P1DOpponentAttributesSelfTests:RunWithRegressions () (at Assets/Editor/P1DOpponentAttributesSelfTests.cs:28)
BoxerP0.Editor.Round2SelfTests:RunAll () (at Assets/Editor/Round2SelfTests.cs:13)
BoxerP0.Editor.Wave1SelfTests:Run () (at Assets/Editor/Wave1SelfTests.cs:127)
BoxerP0.Editor.CombatFairnessSelfTests:Run () (at Assets/Editor/CombatFairnessSelfTests.cs:72)
BoxerP0.Editor.TrainingPovSelfTests:Run () (at Assets/Editor/TrainingPovSelfTests.cs:13)
BoxerP0.Editor.PunchFeelSelfTests:RunAll () (at Assets/Editor/PunchFeelSelfTests.cs:20)
BoxerP0.Editor.CoachAnalysisSelfTests:RunAll () (at Assets/Editor/CoachAnalysisSelfTests.cs:10)

(Filename: Assets/Editor/P1A33SelfTests.cs Line: 63)

P1_COUNTER_GEOMETRY_SELF_TESTS_PASS=D:\WORK\RESEARCH\POVGame\boxer-wave1\evidence\phase1\SYNTHETIC\p1-counter-geometry-deterministic-self-tests.txt
UnityEngine.Debug:ExtractStackTraceNoAlloc (byte*,int,string)
UnityEngine.StackTraceUtility:ExtractStackTrace ()
UnityEngine.DebugLogHandler:Internal_Log (UnityEngine.LogType,UnityEngine.LogOption,string,UnityEngine.Object)
UnityEngine.DebugLogHandler:LogFormat (UnityEngine.LogType,UnityEngine.Object,string,object[])
UnityEngine.Logger:Log (UnityEngine.LogType,object)
UnityEngine.Debug:Log (object)
BoxerP0.Editor.P1CounterGeometrySelfTests:RunBatch () (at Assets/Editor/P1CounterGeometrySelfTests.cs:68)
BoxerP0.Editor.P1DOpponentAttributesSelfTests:RunSuite (string,System.Action,System.Collections.Generic.ICollection`1<string>) (at Assets/Editor/P1DOpponentAttributesSelfTests.cs:157)
BoxerP0.Editor.P1DOpponentAttributesSelfTests:RunWithRegressions () (at Assets/Editor/P1DOpponentAttributesSelfTests.cs:29)
BoxerP0.Editor.Round2SelfTests:RunAll () (at Assets/Editor/Round2SelfTests.cs:13)
BoxerP0.Editor.Wave1SelfTests:Run () (at Assets/Editor/Wave1SelfTests.cs:127)
BoxerP0.Editor.CombatFairnessSelfTests:Run () (at Assets/Editor/CombatFairnessSelfTests.cs:72)
BoxerP0.Editor.TrainingPovSelfTests:Run () (at Assets/Editor/TrainingPovSelfTests.cs:13)
BoxerP0.Editor.PunchFeelSelfTests:RunAll () (at Assets/Editor/PunchFeelSelfTests.cs:20)
BoxerP0.Editor.CoachAnalysisSelfTests:RunAll () (at Assets/Editor/CoachAnalysisSelfTests.cs:10)

(Filename: Assets/Editor/P1CounterGeometrySelfTests.cs Line: 68)

P1_D_SELF_TESTS_PASS=D:\WORK\RESEARCH\POVGame\boxer-wave1\evidence\phase1\SYNTHETIC\p1-d-opponent-attributes-deterministic-self-tests.txt
UnityEngine.Debug:ExtractStackTraceNoAlloc (byte*,int,string)
UnityEngine.StackTraceUtility:ExtractStackTrace ()
UnityEngine.DebugLogHandler:Internal_Log (UnityEngine.LogType,UnityEngine.LogOption,string,UnityEngine.Object)
UnityEngine.DebugLogHandler:LogFormat (UnityEngine.LogType,UnityEngine.Object,string,object[])
UnityEngine.Logger:Log (UnityEngine.LogType,object)
UnityEngine.Debug:Log (object)
BoxerP0.Editor.P1DOpponentAttributesSelfTests:RunBatch () (at Assets/Editor/P1DOpponentAttributesSelfTests.cs:65)
BoxerP0.Editor.P1DOpponentAttributesSelfTests:RunSuite (string,System.Action,System.Collections.Generic.ICollection`1<string>) (at Assets/Editor/P1DOpponentAttributesSelfTests.cs:157)
BoxerP0.Editor.P1DOpponentAttributesSelfTests:RunWithRegressions () (at Assets/Editor/P1DOpponentAttributesSelfTests.cs:30)
BoxerP0.Editor.Round2SelfTests:RunAll () (at Assets/Editor/Round2SelfTests.cs:13)
BoxerP0.Editor.Wave1SelfTests:Run () (at Assets/Editor/Wave1SelfTests.cs:127)
BoxerP0.Editor.CombatFairnessSelfTests:Run () (at Assets/Editor/CombatFairnessSelfTests.cs:72)
BoxerP0.Editor.TrainingPovSelfTests:Run () (at Assets/Editor/TrainingPovSelfTests.cs:13)
BoxerP0.Editor.PunchFeelSelfTests:RunAll () (at Assets/Editor/PunchFeelSelfTests.cs:20)
BoxerP0.Editor.CoachAnalysisSelfTests:RunAll () (at Assets/Editor/CoachAnalysisSelfTests.cs:10)

(Filename: Assets/Editor/P1DOpponentAttributesSelfTests.cs Line: 65)

P1_D_COMBINED_REGRESSION_PASS=D:\WORK\RESEARCH\POVGame\boxer-wave1\evidence\phase1\SYNTHETIC\p1-d-opponent-attributes-combined-regression.txt
UnityEngine.Debug:ExtractStackTraceNoAlloc (byte*,int,string)
UnityEngine.StackTraceUtility:ExtractStackTrace ()
UnityEngine.DebugLogHandler:Internal_Log (UnityEngine.LogType,UnityEngine.LogOption,string,UnityEngine.Object)
UnityEngine.DebugLogHandler:LogFormat (UnityEngine.LogType,UnityEngine.Object,string,object[])
UnityEngine.Logger:Log (UnityEngine.LogType,object)
UnityEngine.Debug:Log (object)
BoxerP0.Editor.P1DOpponentAttributesSelfTests:RunWithRegressions () (at Assets/Editor/P1DOpponentAttributesSelfTests.cs:40)
BoxerP0.Editor.Round2SelfTests:RunAll () (at Assets/Editor/Round2SelfTests.cs:13)
BoxerP0.Editor.Wave1SelfTests:Run () (at Assets/Editor/Wave1SelfTests.cs:127)
BoxerP0.Editor.CombatFairnessSelfTests:Run () (at Assets/Editor/CombatFairnessSelfTests.cs:72)
BoxerP0.Editor.TrainingPovSelfTests:Run () (at Assets/Editor/TrainingPovSelfTests.cs:13)
BoxerP0.Editor.PunchFeelSelfTests:RunAll () (at Assets/Editor/PunchFeelSelfTests.cs:20)
BoxerP0.Editor.CoachAnalysisSelfTests:RunAll () (at Assets/Editor/CoachAnalysisSelfTests.cs:10)

(Filename: Assets/Editor/P1DOpponentAttributesSelfTests.cs Line: 40)

evidence=SYNTHETIC
unity=6000.5.8f1
utc=2026-10-10T05:12:18.5562559Z
PASS P1-V opponent scale is bounded
PASS P1-V opponent scale is distance-monotonic
PASS P1-V guard pose token is stable
PASS P1-V straight pose mapping is stable
PASS P1-V hook pose mapping is stable
PASS P1-V lead/rear mirroring is stable
PASS P1-V bottom controls preserve left-center-right hierarchy
PASS P1-V production resources are present
TOTAL=8 PASS
UnityEngine.Debug:ExtractStackTraceNoAlloc (byte*,int,string)
UnityEngine.StackTraceUtility:ExtractStackTrace ()
UnityEngine.DebugLogHandler:Internal_Log (UnityEngine.LogType,UnityEngine.LogOption,string,UnityEngine.Object)
UnityEngine.DebugLogHandler:LogFormat (UnityEngine.LogType,UnityEngine.Object,string,object[])
UnityEngine.Logger:Log (UnityEngine.LogType,object)
UnityEngine.Debug:Log (object)
BoxerP0.Editor.P1VPresentationSelfTests:Run () (at Assets/Editor/P1VPresentationSelfTests.cs:38)
BoxerP0.Editor.Round2SelfTests:RunAll () (at Assets/Editor/Round2SelfTests.cs:14)
BoxerP0.Editor.Wave1SelfTests:Run () (at Assets/Editor/Wave1SelfTests.cs:127)
BoxerP0.Editor.CombatFairnessSelfTests:Run () (at Assets/Editor/CombatFairnessSelfTests.cs:72)
BoxerP0.Editor.TrainingPovSelfTests:Run () (at Assets/Editor/TrainingPovSelfTests.cs:13)
BoxerP0.Editor.PunchFeelSelfTests:RunAll () (at Assets/Editor/PunchFeelSelfTests.cs:20)
BoxerP0.Editor.CoachAnalysisSelfTests:RunAll () (at Assets/Editor/CoachAnalysisSelfTests.cs:10)

(Filename: Assets/Editor/P1VPresentationSelfTests.cs Line: 38)

Curl error 7: Failed to connect to config.uca.cloud.unity3d.com port 443 after 2308 ms: Could not connect to server
ROUND2 CANDIDATE EXPERIMENT — identical anatomical pose; independent dense contact oracle
fixtures=1860 families=5 bands=3 fps=15,30,60,120 lateral_offsets=31 dense_oracle=2049_samples
B_POINT false_miss=1 false_contact=0
C_SUBSAMPLED_SWEEP false_miss=0 false_contact=0
max_midpoint_chord_deviation_m=0,000595322635 combined_experiment_ms=3395,51
A_LEGACY_ENDPOINT rejected_before_AB: baseline arm excess 0.622574m jab; frozen bones cannot reach without shoulder detachment or disproportionate torso translation.
Selection must also pass moving-target, runtime ownership, regression and visual gates; this experiment alone is not implementation PASS.
UnityEngine.Debug:ExtractStackTraceNoAlloc (byte*,int,string)
UnityEngine.StackTraceUtility:ExtractStackTrace ()
UnityEngine.DebugLogHandler:Internal_Log (UnityEngine.LogType,UnityEngine.LogOption,string,UnityEngine.Object)
UnityEngine.DebugLogHandler:LogFormat (UnityEngine.LogType,UnityEngine.Object,string,object[])
UnityEngine.Logger:Log (UnityEngine.LogType,object)
UnityEngine.Debug:Log (object)
BoxerP0.Editor.Round2Experiments:Run () (at Assets/Editor/Round2Experiments.cs:71)
BoxerP0.Editor.Round2SelfTests:RunAll () (at Assets/Editor/Round2SelfTests.cs:15)
BoxerP0.Editor.Wave1SelfTests:Run () (at Assets/Editor/Wave1SelfTests.cs:127)
BoxerP0.Editor.CombatFairnessSelfTests:Run () (at Assets/Editor/CombatFairnessSelfTests.cs:72)
BoxerP0.Editor.TrainingPovSelfTests:Run () (at Assets/Editor/TrainingPovSelfTests.cs:13)
BoxerP0.Editor.PunchFeelSelfTests:RunAll () (at Assets/Editor/PunchFeelSelfTests.cs:20)
BoxerP0.Editor.CoachAnalysisSelfTests:RunAll () (at Assets/Editor/CoachAnalysisSelfTests.cs:10)

(Filename: Assets/Editor/Round2Experiments.cs Line: 71)

CASES=288 CLASSIFICATION_DISAGREEMENTS=0 dense=2049_samples moving_targets_included=true
UnityEngine.Debug:ExtractStackTraceNoAlloc (byte*,int,string)
UnityEngine.StackTraceUtility:ExtractStackTrace ()
UnityEngine.DebugLogHandler:Internal_Log (UnityEngine.LogType,UnityEngine.LogOption,string,UnityEngine.Object)
UnityEngine.DebugLogHandler:LogFormat (UnityEngine.LogType,UnityEngine.Object,string,object[])
UnityEngine.Logger:Log (UnityEngine.LogType,object)
UnityEngine.Debug:Log (object)
BoxerP0.Editor.Round2ContactMatrix:Run () (at Assets/Editor/Round2ContactMatrix.cs:55)
BoxerP0.Editor.Round2SelfTests:RunAll () (at Assets/Editor/Round2SelfTests.cs:16)
BoxerP0.Editor.Wave1SelfTests:Run () (at Assets/Editor/Wave1SelfTests.cs:127)
BoxerP0.Editor.CombatFairnessSelfTests:Run () (at Assets/Editor/CombatFairnessSelfTests.cs:72)
BoxerP0.Editor.TrainingPovSelfTests:Run () (at Assets/Editor/TrainingPovSelfTests.cs:13)
BoxerP0.Editor.PunchFeelSelfTests:RunAll () (at Assets/Editor/PunchFeelSelfTests.cs:20)
BoxerP0.Editor.CoachAnalysisSelfTests:RunAll () (at Assets/Editor/CoachAnalysisSelfTests.cs:10)

(Filename: Assets/Editor/Round2ContactMatrix.cs Line: 55)

PASS Jab frozen bone lengths across all phases
PASS Jab continuous recovery to guard
PASS Jab continuous commit to extension
PASS Jab continuous extension to recovery
PASS Jab A1 solved advance > neutral > retreat
PASS Cross frozen bone lengths across all phases
PASS Cross continuous recovery to guard
PASS Cross continuous commit to extension
PASS Cross continuous extension to recovery
PASS Cross A1 solved advance > neutral > retreat
PASS LeadHook frozen bone lengths across all phases
PASS LeadHook continuous recovery to guard
PASS LeadHook continuous commit to extension
PASS LeadHook continuous extension to recovery
PASS LeadHook A3.1 close extension > far extension
PASS RearHook frozen bone lengths across all phases
PASS RearHook continuous recovery to guard
PASS RearHook continuous commit to extension
PASS RearHook continuous extension to recovery
PASS RearHook A3.1 close extension > far extension
PASS LeadUppercut frozen bone lengths across all phases
PASS LeadUppercut continuous recovery to guard
PASS LeadUppercut continuous commit to extension
PASS LeadUppercut continuous extension to recovery
PASS RearUppercut frozen bone lengths across all phases
PASS RearUppercut continuous recovery to guard
PASS RearUppercut continuous commit to extension
PASS RearUppercut continuous extension to recovery
PASS LeadOverhand frozen bone lengths across all phases
PASS LeadOverhand continuous recovery to guard
PASS LeadOverhand continuous commit to extension
PASS LeadOverhand continuous extension to recovery
PASS RearOverhand frozen bone lengths across all phases
PASS RearOverhand continuous recovery to guard
PASS RearOverhand continuous commit to extension
PASS RearOverhand continuous extension to recovery
PASS outside path MISS
PASS first surface contact, not endpoint prediction
PASS moving target crossing is not missed
PASS equal velocity separated volumes MISS
PASS geometry-derived distance ordering
PASS P1-D long reach retains effect within frozen bone lengths
PASS pose plus sweep hot loop allocates zero managed bytes
benchmark_iterations=100000 elapsed_ms=175,959 allocated_bytes=0 checksum=100000
TOTAL=43 PASS=43 FAIL=0
UnityEngine.Debug:ExtractStackTraceNoAlloc (byte*,int,string)
UnityEngine.StackTraceUtility:ExtractStackTrace ()
UnityEngine.DebugLogHandler:Internal_Log (UnityEngine.LogType,UnityEngine.LogOption,string,UnityEngine.Object)
UnityEngine.DebugLogHandler:LogFormat (UnityEngine.LogType,UnityEngine.Object,string,object[])
UnityEngine.Logger:Log (UnityEngine.LogType,object)
UnityEngine.Debug:Log (object)
BoxerP0.Editor.Round2SelfTests:Run () (at Assets/Editor/Round2SelfTests.cs:85)
BoxerP0.Editor.Round2SelfTests:RunAll () (at Assets/Editor/Round2SelfTests.cs:17)
BoxerP0.Editor.Wave1SelfTests:Run () (at Assets/Editor/Wave1SelfTests.cs:127)
BoxerP0.Editor.CombatFairnessSelfTests:Run () (at Assets/Editor/CombatFairnessSelfTests.cs:72)
BoxerP0.Editor.TrainingPovSelfTests:Run () (at Assets/Editor/TrainingPovSelfTests.cs:13)
BoxerP0.Editor.PunchFeelSelfTests:RunAll () (at Assets/Editor/PunchFeelSelfTests.cs:20)
BoxerP0.Editor.CoachAnalysisSelfTests:RunAll () (at Assets/Editor/CoachAnalysisSelfTests.cs:10)

(Filename: Assets/Editor/Round2SelfTests.cs Line: 85)

SCOPE=PRESENTATION_GEOMETRY_NOT_RENDERED_REFERENCE_OR_HUMAN_UAT
PASS arm has no collider True
PASS read-only shared endpoints True None Commit 0
PASS finite bounded continuous mesh True None Commit 0
PASS portrait guard elbow inside frustum True Commit
elbow_viewport=(0.1106, 0.1374, 0.3410)
PASS read-only shared endpoints True None Commit 0,25
PASS finite bounded continuous mesh True None Commit 0,25
PASS read-only shared endpoints True None Commit 0,5
PASS finite bounded continuous mesh True None Commit 0,5
PASS read-only shared endpoints True None Commit 0,75
PASS finite bounded continuous mesh True None Commit 0,75
PASS read-only shared endpoints True None Commit 1
PASS finite bounded continuous mesh True None Commit 1
PASS read-only shared endpoints True None Extend 0
PASS finite bounded continuous mesh True None Extend 0
PASS portrait guard elbow inside frustum True Extend
elbow_viewport=(0.1106, 0.1374, 0.3410)
PASS read-only shared endpoints True None Extend 0,25
PASS finite bounded continuous mesh True None Extend 0,25
PASS read-only shared endpoints True None Extend 0,5
PASS finite bounded continuous mesh True None Extend 0,5
PASS read-only shared endpoints True None Extend 0,75
PASS finite bounded continuous mesh True None Extend 0,75
PASS read-only shared endpoints True None Extend 1
PASS finite bounded continuous mesh True None Extend 1
PASS read-only shared endpoints True None Recover 0
PASS finite bounded continuous mesh True None Recover 0
PASS portrait guard elbow inside frustum True Recover
elbow_viewport=(0.1106, 0.1374, 0.3410)
PASS read-only shared endpoints True None Recover 0,25
PASS finite bounded continuous mesh True None Recover 0,25
PASS read-only shared endpoints True None Recover 0,5
PASS finite bounded continuous mesh True None Recover 0,5
PASS read-only shared endpoints True None Recover 0,75
PASS finite bounded continuous mesh True None Recover 0,75
PASS read-only shared endpoints True None Recover 1
PASS finite bounded continuous mesh True None Recover 1
PASS read-only shared endpoints True Jab Commit 0
PASS finite bounded continuous mesh True Jab Commit 0
PASS read-only shared endpoints True Jab Commit 0,25
PASS finite bounded continuous mesh True Jab Commit 0,25
PASS read-only shared endpoints True Jab Commit 0,5
PASS finite bounded continuous mesh True Jab Commit 0,5
PASS read-only shared endpoints True Jab Commit 0,75
PASS finite bounded continuous mesh True Jab Commit 0,75
PASS read-only shared endpoints True Jab Commit 1
PASS finite bounded continuous mesh True Jab Commit 1
PASS read-only shared endpoints True Jab Extend 0
PASS finite bounded continuous mesh True Jab Extend 0
PASS read-only shared endpoints True Jab Extend 0,25
PASS finite bounded continuous mesh True Jab Extend 0,25
PASS read-only shared endpoints True Jab Extend 0,5
PASS finite bounded continuous mesh True Jab Extend 0,5
PASS read-only shared endpoints True Jab Extend 0,75
PASS finite bounded continuous mesh True Jab Extend 0,75
PASS read-only shared endpoints True Jab Extend 1
PASS finite bounded continuous mesh True Jab Extend 1
PASS read-only shared endpoints True Jab Recover 0
PASS finite bounded continuous mesh True Jab Recover 0
PASS read-only shared endpoints True Jab Recover 0,25
PASS finite bounded continuous mesh True Jab Recover 0,25
PASS read-only shared endpoints True Jab Recover 0,5
PASS finite bounded continuous mesh True Jab Recover 0,5
PASS read-only shared endpoints True Jab Recover 0,75
PASS finite bounded continuous mesh True Jab Recover 0,75
PASS read-only shared endpoints True Jab Recover 1
PASS finite bounded continuous mesh True Jab Recover 1
PASS read-only shared endpoints True Cross Commit 0
PASS finite bounded continuous mesh True Cross Commit 0
PASS read-only shared endpoints True Cross Commit 0,25
PASS finite bounded continuous mesh True Cross Commit 0,25
PASS read-only shared endpoints True Cross Commit 0,5
PASS finite bounded continuous mesh True Cross Commit 0,5
PASS read-only shared endpoints True Cross Commit 0,75
PASS finite bounded continuous mesh True Cross Commit 0,75
PASS read-only shared endpoints True Cross Commit 1
PASS finite bounded continuous mesh True Cross Commit 1
PASS read-only shared endpoints True Cross Extend 0
PASS finite bounded continuous mesh True Cross Extend 0
PASS read-only shared endpoints True Cross Extend 0,25
PASS finite bounded continuous mesh True Cross Extend 0,25
PASS read-only shared endpoints True Cross Extend 0,5
PASS finite bounded continuous mesh True Cross Extend 0,5
PASS read-only shared endpoints True Cross Extend 0,75
PASS finite bounded continuous mesh True Cross Extend 0,75
PASS read-only shared endpoints True Cross Extend 1
PASS finite bounded continuous mesh True Cross Extend 1
PASS read-only shared endpoints True Cross Recover 0
PASS finite bounded continuous mesh True Cross Recover 0
PASS read-only shared endpoints True Cross Recover 0,25
PASS finite bounded continuous mesh True Cross Recover 0,25
PASS read-only shared endpoints True Cross Recover 0,5
PASS finite bounded continuous mesh True Cross Recover 0,5
PASS read-only shared endpoints True Cross Recover 0,75
PASS finite bounded continuous mesh True Cross Recover 0,75
PASS read-only shared endpoints True Cross Recover 1
PASS finite bounded continuous mesh True Cross Recover 1
PASS read-only shared endpoints True LeadHook Commit 0
PASS finite bounded continuous mesh True LeadHook Commit 0
PASS read-only shared endpoints True LeadHook Commit 0,25
PASS finite bounded continuous mesh True LeadHook Commit 0,25
PASS read-only shared endpoints True LeadHook Commit 0,5
PASS finite bounded continuous mesh True LeadHook Commit 0,5
PASS read-only shared endpoints True LeadHook Commit 0,75
PASS finite bounded continuous mesh True LeadHook Commit 0,75
PASS read-only shared endpoints True LeadHook Commit 1
PASS finite bounded continuous mesh True LeadHook Commit 1
PASS read-only shared endpoints True LeadHook Extend 0
PASS finite bounded continuous mesh True LeadHook Extend 0
PASS read-only shared endpoints True LeadHook Extend 0,25
PASS finite bounded continuous mesh True LeadHook Extend 0,25
PASS read-only shared endpoints True LeadHook Extend 0,5
PASS finite bounded continuous mesh True LeadHook Extend 0,5
PASS read-only shared endpoints True LeadHook Extend 0,75
PASS finite bounded continuous mesh True LeadHook Extend 0,75
PASS read-only shared endpoints True LeadHook Extend 1
PASS finite bounded continuous mesh True LeadHook Extend 1
PASS read-only shared endpoints True LeadHook Recover 0
PASS finite bounded continuous mesh True LeadHook Recover 0
PASS read-only shared endpoints True LeadHook Recover 0,25
PASS finite bounded continuous mesh True LeadHook Recover 0,25
PASS read-only shared endpoints True LeadHook Recover 0,5
PASS finite bounded continuous mesh True LeadHook Recover 0,5
PASS read-only shared endpoints True LeadHook Recover 0,75
PASS finite bounded continuous mesh True LeadHook Recover 0,75
PASS read-only shared endpoints True LeadHook Recover 1
PASS finite bounded continuous mesh True LeadHook Recover 1
PASS read-only shared endpoints True RearHook Commit 0
PASS finite bounded continuous mesh True RearHook Commit 0
PASS read-only shared endpoints True RearHook Commit 0,25
PASS finite bounded continuous mesh True RearHook Commit 0,25
PASS read-only shared endpoints True RearHook Commit 0,5
PASS finite bounded continuous mesh True RearHook Commit 0,5
PASS read-only shared endpoints True RearHook Commit 0,75
PASS finite bounded continuous mesh True RearHook Commit 0,75
PASS read-only shared endpoints True RearHook Commit 1
PASS finite bounded continuous mesh True RearHook Commit 1
PASS read-only shared endpoints True RearHook Extend 0
PASS finite bounded continuous mesh True RearHook Extend 0
PASS read-only shared endpoints True RearHook Extend 0,25
PASS finite bounded continuous mesh True RearHook Extend 0,25
PASS read-only shared endpoints True RearHook Extend 0,5
PASS finite bounded continuous mesh True RearHook Extend 0,5
PASS read-only shared endpoints True RearHook Extend 0,75
PASS finite bounded continuous mesh True RearHook Extend 0,75
PASS read-only shared endpoints True RearHook Extend 1
PASS finite bounded continuous mesh True RearHook Extend 1
PASS read-only shared endpoints True RearHook Recover 0
PASS finite bounded continuous mesh True RearHook Recover 0
PASS read-only shared endpoints True RearHook Recover 0,25
PASS finite bounded continuous mesh True RearHook Recover 0,25
PASS read-only shared endpoints True RearHook Recover 0,5
PASS finite bounded continuous mesh True RearHook Recover 0,5
PASS read-only shared endpoints True RearHook Recover 0,75
PASS finite bounded continuous mesh True RearHook Recover 0,75
PASS read-only shared endpoints True RearHook Recover 1
PASS finite bounded continuous mesh True RearHook Recover 1
PASS read-only shared endpoints True LeadUppercut Commit 0
PASS finite bounded continuous mesh True LeadUppercut Commit 0
PASS read-only shared endpoints True LeadUppercut Commit 0,25
PASS finite bounded continuous mesh True LeadUppercut Commit 0,25
PASS read-only shared endpoints True LeadUppercut Commit 0,5
PASS finite bounded continuous mesh True LeadUppercut Commit 0,5
PASS read-only shared endpoints True LeadUppercut Commit 0,75
PASS finite bounded continuous mesh True LeadUppercut Commit 0,75
PASS read-only shared endpoints True LeadUppercut Commit 1
PASS finite bounded continuous mesh True LeadUppercut Commit 1
PASS read-only shared endpoints True LeadUppercut Extend 0
PASS finite bounded continuous mesh True LeadUppercut Extend 0
PASS read-only shared endpoints True LeadUppercut Extend 0,25
PASS finite bounded continuous mesh True LeadUppercut Extend 0,25
PASS read-only shared endpoints True LeadUppercut Extend 0,5
PASS finite bounded continuous mesh True LeadUppercut Extend 0,5
PASS read-only shared endpoints True LeadUppercut Extend 0,75
PASS finite bounded continuous mesh True LeadUppercut Extend 0,75
PASS read-only shared endpoints True LeadUppercut Extend 1
PASS finite bounded continuous mesh True LeadUppercut Extend 1
PASS read-only shared endpoints True LeadUppercut Recover 0
PASS finite bounded continuous mesh True LeadUppercut Recover 0
PASS read-only shared endpoints True LeadUppercut Recover 0,25
PASS finite bounded continuous mesh True LeadUppercut Recover 0,25
PASS read-only shared endpoints True LeadUppercut Recover 0,5
PASS finite bounded continuous mesh True LeadUppercut Recover 0,5
PASS read-only shared endpoints True LeadUppercut Recover 0,75
PASS finite bounded continuous mesh True LeadUppercut Recover 0,75
PASS read-only shared endpoints True LeadUppercut Recover 1
PASS finite bounded continuous mesh True LeadUppercut Recover 1
PASS read-only shared endpoints True RearUppercut Commit 0
PASS finite bounded continuous mesh True RearUppercut Commit 0
PASS read-only shared endpoints True RearUppercut Commit 0,25
PASS finite bounded continuous mesh True RearUppercut Commit 0,25
PASS read-only shared endpoints True RearUppercut Commit 0,5
PASS finite bounded continuous mesh True RearUppercut Commit 0,5
PASS read-only shared endpoints True RearUppercut Commit 0,75
PASS finite bounded continuous mesh True RearUppercut Commit 0,75
PASS read-only shared endpoints True RearUppercut Commit 1
PASS finite bounded continuous mesh True RearUppercut Commit 1
PASS read-only shared endpoints True RearUppercut Extend 0
PASS finite bounded continuous mesh True RearUppercut Extend 0
PASS read-only shared endpoints True RearUppercut Extend 0,25
PASS finite bounded continuous mesh True RearUppercut Extend 0,25
PASS read-only shared endpoints True RearUppercut Extend 0,5
PASS finite bounded continuous mesh True RearUppercut Extend 0,5
PASS read-only shared endpoints True RearUppercut Extend 0,75
PASS finite bounded continuous mesh True RearUppercut Extend 0,75
PASS read-only shared endpoints True RearUppercut Extend 1
PASS finite bounded continuous mesh True RearUppercut Extend 1
PASS read-only shared endpoints True RearUppercut Recover 0
PASS finite bounded continuous mesh True RearUppercut Recover 0
PASS read-only shared endpoints True RearUppercut Recover 0,25
PASS finite bounded continuous mesh True RearUppercut Recover 0,25
PASS read-only shared endpoints True RearUppercut Recover 0,5
PASS finite bounded continuous mesh True RearUppercut Recover 0,5
PASS read-only shared endpoints True RearUppercut Recover 0,75
PASS finite bounded continuous mesh True RearUppercut Recover 0,75
PASS read-only shared endpoints True RearUppercut Recover 1
PASS finite bounded continuous mesh True RearUppercut Recover 1
PASS read-only shared endpoints True LeadOverhand Commit 0
PASS finite bounded continuous mesh True LeadOverhand Commit 0
PASS read-only shared endpoints True LeadOverhand Commit 0,25
PASS finite bounded continuous mesh True LeadOverhand Commit 0,25
PASS read-only shared endpoints True LeadOverhand Commit 0,5
PASS finite bounded continuous mesh True LeadOverhand Commit 0,5
PASS read-only shared endpoints True LeadOverhand Commit 0,75
PASS finite bounded continuous mesh True LeadOverhand Commit 0,75
PASS read-only shared endpoints True LeadOverhand Commit 1
PASS finite bounded continuous mesh True LeadOverhand Commit 1
PASS read-only shared endpoints True LeadOverhand Extend 0
PASS finite bounded continuous mesh True LeadOverhand Extend 0
PASS read-only shared endpoints True LeadOverhand Extend 0,25
PASS finite bounded continuous mesh True LeadOverhand Extend 0,25
PASS read-only shared endpoints True LeadOverhand Extend 0,5
PASS finite bounded continuous mesh True LeadOverhand Extend 0,5
PASS read-only shared endpoints True LeadOverhand Extend 0,75
PASS finite bounded continuous mesh True LeadOverhand Extend 0,75
PASS read-only shared endpoints True LeadOverhand Extend 1
PASS finite bounded continuous mesh True LeadOverhand Extend 1
PASS read-only shared endpoints True LeadOverhand Recover 0
PASS finite bounded continuous mesh True LeadOverhand Recover 0
PASS read-only shared endpoints True LeadOverhand Recover 0,25
PASS finite bounded continuous mesh True LeadOverhand Recover 0,25
PASS read-only shared endpoints True LeadOverhand Recover 0,5
PASS finite bounded continuous mesh True LeadOverhand Recover 0,5
PASS read-only shared endpoints True LeadOverhand Recover 0,75
PASS finite bounded continuous mesh True LeadOverhand Recover 0,75
PASS read-only shared endpoints True LeadOverhand Recover 1
PASS finite bounded continuous mesh True LeadOverhand Recover 1
PASS read-only shared endpoints True RearOverhand Commit 0
PASS finite bounded continuous mesh True RearOverhand Commit 0
PASS read-only shared endpoints True RearOverhand Commit 0,25
PASS finite bounded continuous mesh True RearOverhand Commit 0,25
PASS read-only shared endpoints True RearOverhand Commit 0,5
PASS finite bounded continuous mesh True RearOverhand Commit 0,5
PASS read-only shared endpoints True RearOverhand Commit 0,75
PASS finite bounded continuous mesh True RearOverhand Commit 0,75
PASS read-only shared endpoints True RearOverhand Commit 1
PASS finite bounded continuous mesh True RearOverhand Commit 1
PASS read-only shared endpoints True RearOverhand Extend 0
PASS finite bounded continuous mesh True RearOverhand Extend 0
PASS read-only shared endpoints True RearOverhand Extend 0,25
PASS finite bounded continuous mesh True RearOverhand Extend 0,25
PASS read-only shared endpoints True RearOverhand Extend 0,5
PASS finite bounded continuous mesh True RearOverhand Extend 0,5
PASS read-only shared endpoints True RearOverhand Extend 0,75
PASS finite bounded continuous mesh True RearOverhand Extend 0,75
PASS read-only shared endpoints True RearOverhand Extend 1
PASS finite bounded continuous mesh True RearOverhand Extend 1
PASS read-only shared endpoints True RearOverhand Recover 0
PASS finite bounded continuous mesh True RearOverhand Recover 0
PASS read-only shared endpoints True RearOverhand Recover 0,25
PASS finite bounded continuous mesh True RearOverhand Recover 0,25
PASS read-only shared endpoints True RearOverhand Recover 0,5
PASS finite bounded continuous mesh True RearOverhand Recover 0,5
PASS read-only shared endpoints True RearOverhand Recover 0,75
PASS finite bounded continuous mesh True RearOverhand Recover 0,75
PASS read-only shared endpoints True RearOverhand Recover 1
PASS finite bounded continuous mesh True RearOverhand Recover 1
PASS arm has no collider False
PASS read-only shared endpoints False None Commit 0
PASS finite bounded continuous mesh False None Commit 0
PASS portrait guard elbow inside frustum False Commit
elbow_viewport=(0.9260, 0.0909, 0.3286)
PASS read-only shared endpoints False None Commit 0,25
PASS finite bounded continuous mesh False None Commit 0,25
PASS read-only shared endpoints False None Commit 0,5
PASS finite bounded continuous mesh False None Commit 0,5
PASS read-only shared endpoints False None Commit 0,75
PASS finite bounded continuous mesh False None Commit 0,75
PASS read-only shared endpoints False None Commit 1
PASS finite bounded continuous mesh False None Commit 1
PASS read-only shared endpoints False None Extend 0
PASS finite bounded continuous mesh False None Extend 0
PASS portrait guard elbow inside frustum False Extend
elbow_viewport=(0.9260, 0.0909, 0.3286)
PASS read-only shared endpoints False None Extend 0,25
PASS finite bounded continuous mesh False None Extend 0,25
PASS read-only shared endpoints False None Extend 0,5
PASS finite bounded continuous mesh False None Extend 0,5
PASS read-only shared endpoints False None Extend 0,75
PASS finite bounded continuous mesh False None Extend 0,75
PASS read-only shared endpoints False None Extend 1
PASS finite bounded continuous mesh False None Extend 1
PASS read-only shared endpoints False None Recover 0
PASS finite bounded continuous mesh False None Recover 0
PASS portrait guard elbow inside frustum False Recover
elbow_viewport=(0.9260, 0.0909, 0.3286)
PASS read-only shared endpoints False None Recover 0,25
PASS finite bounded continuous mesh False None Recover 0,25
PASS read-only shared endpoints False None Recover 0,5
PASS finite bounded continuous mesh False None Recover 0,5
PASS read-only shared endpoints False None Recover 0,75
PASS finite bounded continuous mesh False None Recover 0,75
PASS read-only shared endpoints False None Recover 1
PASS finite bounded continuous mesh False None Recover 1
PASS read-only shared endpoints False Jab Commit 0
PASS finite bounded continuous mesh False Jab Commit 0
PASS read-only shared endpoints False Jab Commit 0,25
PASS finite bounded continuous mesh False Jab Commit 0,25
PASS read-only shared endpoints False Jab Commit 0,5
PASS finite bounded continuous mesh False Jab Commit 0,5
PASS read-only shared endpoints False Jab Commit 0,75
PASS finite bounded continuous mesh False Jab Commit 0,75
PASS read-only shared endpoints False Jab Commit 1
PASS finite bounded continuous mesh False Jab Commit 1
PASS read-only shared endpoints False Jab Extend 0
PASS finite bounded continuous mesh False Jab Extend 0
PASS read-only shared endpoints False Jab Extend 0,25
PASS finite bounded continuous mesh False Jab Extend 0,25
PASS read-only shared endpoints False Jab Extend 0,5
PASS finite bounded continuous mesh False Jab Extend 0,5
PASS read-only shared endpoints False Jab Extend 0,75
PASS finite bounded continuous mesh False Jab Extend 0,75
PASS read-only shared endpoints False Jab Extend 1
PASS finite bounded continuous mesh False Jab Extend 1
PASS read-only shared endpoints False Jab Recover 0
PASS finite bounded continuous mesh False Jab Recover 0
PASS read-only shared endpoints False Jab Recover 0,25
PASS finite bounded continuous mesh False Jab Recover 0,25
PASS read-only shared endpoints False Jab Recover 0,5
PASS finite bounded continuous mesh False Jab Recover 0,5
PASS read-only shared endpoints False Jab Recover 0,75
PASS finite bounded continuous mesh False Jab Recover 0,75
PASS read-only shared endpoints False Jab Recover 1
PASS finite bounded continuous mesh False Jab Recover 1
PASS read-only shared endpoints False Cross Commit 0
PASS finite bounded continuous mesh False Cross Commit 0
PASS read-only shared endpoints False Cross Commit 0,25
PASS finite bounded continuous mesh False Cross Commit 0,25
PASS read-only shared endpoints False Cross Commit 0,5
PASS finite bounded continuous mesh False Cross Commit 0,5
PASS read-only shared endpoints False Cross Commit 0,75
PASS finite bounded continuous mesh False Cross Commit 0,75
PASS read-only shared endpoints False Cross Commit 1
PASS finite bounded continuous mesh False Cross Commit 1
PASS read-only shared endpoints False Cross Extend 0
PASS finite bounded continuous mesh False Cross Extend 0
PASS read-only shared endpoints False Cross Extend 0,25
PASS finite bounded continuous mesh False Cross Extend 0,25
PASS read-only shared endpoints False Cross Extend 0,5
PASS finite bounded continuous mesh False Cross Extend 0,5
PASS read-only shared endpoints False Cross Extend 0,75
PASS finite bounded continuous mesh False Cross Extend 0,75
PASS read-only shared endpoints False Cross Extend 1
PASS finite bounded continuous mesh False Cross Extend 1
PASS read-only shared endpoints False Cross Recover 0
PASS finite bounded continuous mesh False Cross Recover 0
PASS read-only shared endpoints False Cross Recover 0,25
PASS finite bounded continuous mesh False Cross Recover 0,25
PASS read-only shared endpoints False Cross Recover 0,5
PASS finite bounded continuous mesh False Cross Recover 0,5
PASS read-only shared endpoints False Cross Recover 0,75
PASS finite bounded continuous mesh False Cross Recover 0,75
PASS read-only shared endpoints False Cross Recover 1
PASS finite bounded continuous mesh False Cross Recover 1
PASS read-only shared endpoints False LeadHook Commit 0
PASS finite bounded continuous mesh False LeadHook Commit 0
PASS read-only shared endpoints False LeadHook Commit 0,25
PASS finite bounded continuous mesh False LeadHook Commit 0,25
PASS read-only shared endpoints False LeadHook Commit 0,5
PASS finite bounded continuous mesh False LeadHook Commit 0,5
PASS read-only shared endpoints False LeadHook Commit 0,75
PASS finite bounded continuous mesh False LeadHook Commit 0,75
PASS read-only shared endpoints False LeadHook Commit 1
PASS finite bounded continuous mesh False LeadHook Commit 1
PASS read-only shared endpoints False LeadHook Extend 0
PASS finite bounded continuous mesh False LeadHook Extend 0
PASS read-only shared endpoints False LeadHook Extend 0,25
PASS finite bounded continuous mesh False LeadHook Extend 0,25
PASS read-only shared endpoints False LeadHook Extend 0,5
PASS finite bounded continuous mesh False LeadHook Extend 0,5
PASS read-only shared endpoints False LeadHook Extend 0,75
PASS finite bounded continuous mesh False LeadHook Extend 0,75
PASS read-only shared endpoints False LeadHook Extend 1
PASS finite bounded continuous mesh False LeadHook Extend 1
PASS read-only shared endpoints False LeadHook Recover 0
PASS finite bounded continuous mesh False LeadHook Recover 0
PASS read-only shared endpoints False LeadHook Recover 0,25
PASS finite bounded continuous mesh False LeadHook Recover 0,25
PASS read-only shared endpoints False LeadHook Recover 0,5
PASS finite bounded continuous mesh False LeadHook Recover 0,5
PASS read-only shared endpoints False LeadHook Recover 0,75
PASS finite bounded continuous mesh False LeadHook Recover 0,75
PASS read-only shared endpoints False LeadHook Recover 1
PASS finite bounded continuous mesh False LeadHook Recover 1
PASS read-only shared endpoints False RearHook Commit 0
PASS finite bounded continuous mesh False RearHook Commit 0
PASS read-only shared endpoints False RearHook Commit 0,25
PASS finite bounded continuous mesh False RearHook Commit 0,25
PASS read-only shared endpoints False RearHook Commit 0,5
PASS finite bounded continuous mesh False RearHook Commit 0,5
PASS read-only shared endpoints False RearHook Commit 0,75
PASS finite bounded continuous mesh False RearHook Commit 0,75
PASS read-only shared endpoints False RearHook Commit 1
PASS finite bounded continuous mesh False RearHook Commit 1
PASS read-only shared endpoints False RearHook Extend 0
PASS finite bounded continuous mesh False RearHook Extend 0
PASS read-only shared endpoints False RearHook Extend 0,25
PASS finite bounded continuous mesh False RearHook Extend 0,25
PASS read-only shared endpoints False RearHook Extend 0,5
PASS finite bounded continuous mesh False RearHook Extend 0,5
PASS read-only shared endpoints False RearHook Extend 0,75
PASS finite bounded continuous mesh False RearHook Extend 0,75
PASS read-only shared endpoints False RearHook Extend 1
PASS finite bounded continuous mesh False RearHook Extend 1
PASS read-only shared endpoints False RearHook Recover 0
PASS finite bounded continuous mesh False RearHook Recover 0
PASS read-only shared endpoints False RearHook Recover 0,25
PASS finite bounded continuous mesh False RearHook Recover 0,25
PASS read-only shared endpoints False RearHook Recover 0,5
PASS finite bounded continuous mesh False RearHook Recover 0,5
PASS read-only shared endpoints False RearHook Recover 0,75
PASS finite bounded continuous mesh False RearHook Recover 0,75
PASS read-only shared endpoints False RearHook Recover 1
PASS finite bounded continuous mesh False RearHook Recover 1
PASS read-only shared endpoints False LeadUppercut Commit 0
PASS finite bounded continuous mesh False LeadUppercut Commit 0
PASS read-only shared endpoints False LeadUppercut Commit 0,25
PASS finite bounded continuous mesh False LeadUppercut Commit 0,25
PASS read-only shared endpoints False LeadUppercut Commit 0,5
PASS finite bounded continuous mesh False LeadUppercut Commit 0,5
PASS read-only shared endpoints False LeadUppercut Commit 0,75
PASS finite bounded continuous mesh False LeadUppercut Commit 0,75
PASS read-only shared endpoints False LeadUppercut Commit 1
PASS finite bounded continuous mesh False LeadUppercut Commit 1
PASS read-only shared endpoints False LeadUppercut Extend 0
PASS finite bounded continuous mesh False LeadUppercut Extend 0
PASS read-only shared endpoints False LeadUppercut Extend 0,25
PASS finite bounded continuous mesh False LeadUppercut Extend 0,25
PASS read-only shared endpoints False LeadUppercut Extend 0,5
PASS finite bounded continuous mesh False LeadUppercut Extend 0,5
PASS read-only shared endpoints False LeadUppercut Extend 0,75
PASS finite bounded continuous mesh False LeadUppercut Extend 0,75
PASS read-only shared endpoints False LeadUppercut Extend 1
PASS finite bounded continuous mesh False LeadUppercut Extend 1
PASS read-only shared endpoints False LeadUppercut Recover 0
PASS finite bounded continuous mesh False LeadUppercut Recover 0
PASS read-only shared endpoints False LeadUppercut Recover 0,25
PASS finite bounded continuous mesh False LeadUppercut Recover 0,25
PASS read-only shared endpoints False LeadUppercut Recover 0,5
PASS finite bounded continuous mesh False LeadUppercut Recover 0,5
PASS read-only shared endpoints False LeadUppercut Recover 0,75
PASS finite bounded continuous mesh False LeadUppercut Recover 0,75
PASS read-only shared endpoints False LeadUppercut Recover 1
PASS finite bounded continuous mesh False LeadUppercut Recover 1
PASS read-only shared endpoints False RearUppercut Commit 0
PASS finite bounded continuous mesh False RearUppercut Commit 0
PASS read-only shared endpoints False RearUppercut Commit 0,25
PASS finite bounded continuous mesh False RearUppercut Commit 0,25
PASS read-only shared endpoints False RearUppercut Commit 0,5
PASS finite bounded continuous mesh False RearUppercut Commit 0,5
PASS read-only shared endpoints False RearUppercut Commit 0,75
PASS finite bounded continuous mesh False RearUppercut Commit 0,75
PASS read-only shared endpoints False RearUppercut Commit 1
PASS finite bounded continuous mesh False RearUppercut Commit 1
PASS read-only shared endpoints False RearUppercut Extend 0
PASS finite bounded continuous mesh False RearUppercut Extend 0
PASS read-only shared endpoints False RearUppercut Extend 0,25
PASS finite bounded continuous mesh False RearUppercut Extend 0,25
PASS read-only shared endpoints False RearUppercut Extend 0,5
PASS finite bounded continuous mesh False RearUppercut Extend 0,5
PASS read-only shared endpoints False RearUppercut Extend 0,75
PASS finite bounded continuous mesh False RearUppercut Extend 0,75
PASS read-only shared endpoints False RearUppercut Extend 1
PASS finite bounded continuous mesh False RearUppercut Extend 1
PASS read-only shared endpoints False RearUppercut Recover 0
PASS finite bounded continuous mesh False RearUppercut Recover 0
PASS read-only shared endpoints False RearUppercut Recover 0,25
PASS finite bounded continuous mesh False RearUppercut Recover 0,25
PASS read-only shared endpoints False RearUppercut Recover 0,5
PASS finite bounded continuous mesh False RearUppercut Recover 0,5
PASS read-only shared endpoints False RearUppercut Recover 0,75
PASS finite bounded continuous mesh False RearUppercut Recover 0,75
PASS read-only shared endpoints False RearUppercut Recover 1
PASS finite bounded continuous mesh False RearUppercut Recover 1
PASS read-only shared endpoints False LeadOverhand Commit 0
PASS finite bounded continuous mesh False LeadOverhand Commit 0
PASS read-only shared endpoints False LeadOverhand Commit 0,25
PASS finite bounded continuous mesh False LeadOverhand Commit 0,25
PASS read-only shared endpoints False LeadOverhand Commit 0,5
PASS finite bounded continuous mesh False LeadOverhand Commit 0,5
PASS read-only shared endpoints False LeadOverhand Commit 0,75
PASS finite bounded continuous mesh False LeadOverhand Commit 0,75
PASS read-only shared endpoints False LeadOverhand Commit 1
PASS finite bounded continuous mesh False LeadOverhand Commit 1
PASS read-only shared endpoints False LeadOverhand Extend 0
PASS finite bounded continuous mesh False LeadOverhand Extend 0
PASS read-only shared endpoints False LeadOverhand Extend 0,25
PASS finite bounded continuous mesh False LeadOverhand Extend 0,25
PASS read-only shared endpoints False LeadOverhand Extend 0,5
PASS finite bounded continuous mesh False LeadOverhand Extend 0,5
PASS read-only shared endpoints False LeadOverhand Extend 0,75
PASS finite bounded continuous mesh False LeadOverhand Extend 0,75
PASS read-only shared endpoints False LeadOverhand Extend 1
PASS finite bounded continuous mesh False LeadOverhand Extend 1
PASS read-only shared endpoints False LeadOverhand Recover 0
PASS finite bounded continuous mesh False LeadOverhand Recover 0
PASS read-only shared endpoints False LeadOverhand Recover 0,25
PASS finite bounded continuous mesh False LeadOverhand Recover 0,25
PASS read-only shared endpoints False LeadOverhand Recover 0,5
PASS finite bounded continuous mesh False LeadOverhand Recover 0,5
PASS read-only shared endpoints False LeadOverhand Recover 0,75
PASS finite bounded continuous mesh False LeadOverhand Recover 0,75
PASS read-only shared endpoints False LeadOverhand Recover 1
PASS finite bounded continuous mesh False LeadOverhand Recover 1
PASS read-only shared endpoints False RearOverhand Commit 0
PASS finite bounded continuous mesh False RearOverhand Commit 0
PASS read-only shared endpoints False RearOverhand Commit 0,25
PASS finite bounded continuous mesh False RearOverhand Commit 0,25
PASS read-only shared endpoints False RearOverhand Commit 0,5
PASS finite bounded continuous mesh False RearOverhand Commit 0,5
PASS read-only shared endpoints False RearOverhand Commit 0,75
PASS finite bounded continuous mesh False RearOverhand Commit 0,75
PASS read-only shared endpoints False RearOverhand Commit 1
PASS finite bounded continuous mesh False RearOverhand Commit 1
PASS read-only shared endpoints False RearOverhand Extend 0
PASS finite bounded continuous mesh False RearOverhand Extend 0
PASS read-only shared endpoints False RearOverhand Extend 0,25
PASS finite bounded continuous mesh False RearOverhand Extend 0,25
PASS read-only shared endpoints False RearOverhand Extend 0,5
PASS finite bounded continuous mesh False RearOverhand Extend 0,5
PASS read-only shared endpoints False RearOverhand Extend 0,75
PASS finite bounded continuous mesh False RearOverhand Extend 0,75
PASS read-only shared endpoints False RearOverhand Extend 1
PASS finite bounded continuous mesh False RearOverhand Extend 1
PASS read-only shared endpoints False RearOverhand Recover 0
PASS finite bounded continuous mesh False RearOverhand Recover 0
PASS read-only shared endpoints False RearOverhand Recover 0,25
PASS finite bounded continuous mesh False RearOverhand Recover 0,25
PASS read-only shared endpoints False RearOverhand Recover 0,5
PASS finite bounded continuous mesh False RearOverhand Recover 0,5
PASS read-only shared endpoints False RearOverhand Recover 0,75
PASS finite bounded continuous mesh False RearOverhand Recover 0,75
PASS read-only shared endpoints False RearOverhand Recover 1
PASS finite bounded continuous mesh False RearOverhand Recover 1
PASS blur shader included through Resources
PASS skin shader included through Resources
TOTAL=550 PASS=550 FAIL=0
UnityEngine.Debug:ExtractStackTraceNoAlloc (byte*,int,string)
UnityEngine.StackTraceUtility:ExtractStackTrace ()
UnityEngine.DebugLogHandler:Internal_Log (UnityEngine.LogType,UnityEngine.LogOption,string,UnityEngine.Object)
UnityEngine.DebugLogHandler:LogFormat (UnityEngine.LogType,UnityEngine.Object,string,object[])
UnityEngine.Logger:Log (UnityEngine.LogType,object)
UnityEngine.Debug:Log (object)
BoxerP0.Editor.TrainingPovSelfTests:Run () (at Assets/Editor/TrainingPovSelfTests.cs:58)
BoxerP0.Editor.PunchFeelSelfTests:RunAll () (at Assets/Editor/PunchFeelSelfTests.cs:20)
BoxerP0.Editor.CoachAnalysisSelfTests:RunAll () (at Assets/Editor/CoachAnalysisSelfTests.cs:10)

(Filename: Assets/Editor/TrainingPovSelfTests.cs Line: 58)

Batchmode quit successfully invoked - shutting down!
[Physics::Module] Cleanup current backend.
[Physics::Module] Id: 0xf2b8ea05
Input System module state changed to: ShutdownInProgress.
Input Polling Thread exited.
Input System module state changed to: Shutdown.
[Licensing::IpcConnector] LicenseClient-minht-notifications channel disconnected successfully.
[Licensing::IpcConnector] LicenseClient-minht channel disconnected successfully.
AcceleratorClientConnectionCallback - disconnected - :0
Cleanup mono
CodeReloadManager destroyed
Exiting batchmode successfully now!
Exiting without the bug reporter. Application will terminate with return code 0