mode,intent,phase,seconds,x,y,z,speed_mps
Legacy,Jab,Commit,0.000450,-0.220002,1.489998,0.279996,0.012194
Legacy,Jab,Commit,0.000900,-0.220009,1.489991,0.279982,0.036473
Legacy,Jab,Commit,0.001350,-0.220020,1.489980,0.279960,0.060415
Legacy,Jab,Commit,0.001800,-0.220036,1.489964,0.279929,0.084289
Legacy,Jab,Commit,0.002250,-0.220055,1.489945,0.279889,0.107716
Legacy,Jab,Commit,0.002700,-0.220079,1.489921,0.279841,0.131009
Legacy,Jab,Commit,0.003150,-0.220108,1.489892,0.279785,0.153991
Legacy,Jab,Commit,0.003600,-0.220140,1.489860,0.279720,0.176878
Legacy,Jab,Commit,0.004050,-0.220177,1.489823,0.279646,0.199345
Legacy,Jab,Commit,0.004500,-0.220218,1.489782,0.279565,0.221651
Legacy,Jab,Commit,0.004950,-0.220262,1.489738,0.279476,0.243605
Legacy,Jab,Commit,0.005400,-0.220311,1.489689,0.279378,0.265519
Legacy,Jab,Commit,0.005850,-0.220364,1.489636,0.279273,0.287068
Legacy,Jab,Commit,0.006300,-0.220420,1.489580,0.279159,0.308359
Legacy,Jab,Commit,0.006750,-0.220481,1.489519,0.279038,0.329327
Legacy,Jab,Commit,0.007200,-0.220545,1.489455,0.278909,0.350267
Legacy,Jab,Commit,0.007650,-0.220613,1.489387,0.278773,0.370897
Legacy,Jab,Commit,0.008100,-0.220685,1.489315,0.278630,0.391039
Legacy,Jab,Commit,0.008550,-0.220761,1.489239,0.278478,0.411263
Legacy,Jab,Commit,0.009000,-0.220840,1.489160,0.278320,0.431000
Legacy,Jab,Commit,0.009450,-0.220923,1.489077,0.278154,0.450778
Legacy,Jab,Commit,0.009900,-0.221009,1.488991,0.277982,0.469934
Legacy,Jab,Commit,0.010350,-0.221099,1.488901,0.277802,0.489130
Legacy,Jab,Commit,0.010800,-0.221192,1.488808,0.277615,0.508029
Legacy,Jab,Commit,0.011250,-0.221289,1.488711,0.277422,0.526563
Legacy,Jab,Commit,0.011700,-0.221389,1.488611,0.277222,0.544962
Legacy,Jab,Commit,0.012150,-0.221493,1.488507,0.277015,0.563172
Legacy,Jab,Commit,0.012600,-0.221599,1.488401,0.276801,0.580868
Legacy,Jab,Commit,0.013050,-0.221709,1.488291,0.276581,0.598658
Legacy,Jab,Commit,0.013500,-0.221823,1.488178,0.276355,0.616029
Legacy,Jab,Commit,0.013950,-0.221939,1.488061,0.276122,0.633171
Legacy,Jab,Commit,0.014400,-0.222058,1.487942,0.275884,0.650056
Legacy,Jab,Commit,0.014850,-0.222181,1.487819,0.275639,0.666670
Legacy,Jab,Commit,0.015300,-0.222306,1.487694,0.275388,0.683163
Legacy,Jab,Commit,0.015750,-0.222435,1.487565,0.275131,0.699304
Legacy,Jab,Commit,0.016200,-0.222566,1.487434,0.274868,0.715215
Legacy,Jab,Commit,0.016650,-0.222700,1.487300,0.274599,0.730857
Legacy,Jab,Commit,0.017100,-0.222838,1.487163,0.274325,0.746308
Legacy,Jab,Commit,0.017550,-0.222977,1.487023,0.274045,0.761517
Legacy,Jab,Commit,0.018000,-0.223120,1.486880,0.273760,0.776414
Legacy,Jab,Commit,0.018450,-0.223265,1.486735,0.273469,0.791177
Legacy,Jab,Commit,0.018900,-0.223413,1.486587,0.273173,0.805547
Legacy,Jab,Commit,0.019350,-0.223564,1.486436,0.272872,0.819809
Legacy,Jab,Commit,0.019800,-0.223717,1.486283,0.272566,0.833774
Legacy,Jab,Commit,0.020250,-0.223873,1.486127,0.272254,0.847468
Legacy,Jab,Commit,0.020700,-0.224031,1.485969,0.271938,0.861000
Legacy,Jab,Commit,0.021150,-0.224192,1.485808,0.271617,0.874127
Legacy,Jab,Commit,0.021600,-0.224355,1.485645,0.271291,0.887226
Legacy,Jab,Commit,0.022050,-0.224520,1.485480,0.270960,0.899826
Legacy,Jab,Commit,0.022500,-0.224688,1.485312,0.270625,0.912466
Legacy,Jab,Commit,0.022950,-0.224857,1.485143,0.270285,0.924659
Legacy,Jab,Commit,0.023400,-0.225029,1.484971,0.269941,0.936623
Legacy,Jab,Commit,0.023850,-0.225204,1.484796,0.269593,0.948479
Legacy,Jab,Commit,0.024300,-0.225380,1.484620,0.269240,0.959848
Legacy,Jab,Commit,0.024750,-0.225558,1.484442,0.268883,0.971190
Legacy,Jab,Commit,0.025200,-0.225739,1.484261,0.268522,0.982181
Legacy,Jab,Commit,0.025650,-0.225921,1.484079,0.268157,0.992942
Legacy,Jab,Commit,0.026100,-0.226106,1.483894,0.267789,1.003567
Legacy,Jab,Commit,0.026550,-0.226292,1.483708,0.267416,1.013774
Legacy,Jab,Commit,0.027000,-0.226480,1.483520,0.267040,1.023805
Legacy,Jab,Commit,0.027450,-0.226670,1.483330,0.266660,1.033700
Legacy,Jab,Commit,0.027900,-0.226862,1.483138,0.266277,1.043217
Legacy,Jab,Commit,0.028350,-0.227055,1.482945,0.265890,1.052505
Legacy,Jab,Commit,0.028800,-0.227250,1.482750,0.265500,1.061589
Legacy,Jab,Commit,0.029250,-0.227447,1.482553,0.265107,1.070295
Legacy,Jab,Commit,0.029700,-0.227645,1.482355,0.264710,1.079042
Legacy,Jab,Commit,0.030150,-0.227845,1.482155,0.264311,1.087275
Legacy,Jab,Commit,0.030600,-0.228046,1.481954,0.263909,1.095345
Legacy,Jab,Commit,0.031050,-0.228248,1.481752,0.263503,1.103240
Legacy,Jab,Commit,0.031500,-0.228453,1.481547,0.263095,1.110838
Legacy,Jab,Commit,0.031950,-0.228658,1.481342,0.262684,1.118111
Legacy,Jab,Commit,0.032400,-0.228865,1.481135,0.262271,1.125248
Legacy,Jab,Commit,0.032850,-0.229073,1.480927,0.261855,1.132116
Legacy,Jab,Commit,0.033300,-0.229282,1.480718,0.261436,1.138632
Legacy,Jab,Commit,0.033750,-0.229492,1.480508,0.261016,1.145161
Legacy,Jab,Commit,0.034200,-0.229704,1.480296,0.260593,1.151204
Legacy,Jab,Commit,0.034650,-0.229916,1.480084,0.260168,1.157044
Legacy,Jab,Commit,0.035100,-0.230130,1.479870,0.259740,1.162749
Legacy,Jab,Commit,0.035550,-0.230344,1.479656,0.259311,1.168238
Legacy,Jab,Commit,0.036000,-0.230560,1.479440,0.258880,1.173280
Legacy,Jab,Commit,0.036450,-0.230776,1.479224,0.258447,1.178079
Legacy,Jab,Commit,0.036900,-0.230994,1.479006,0.258013,1.182797
Legacy,Jab,Commit,0.037350,-0.231212,1.478788,0.257576,1.187272
Legacy,Jab,Commit,0.037800,-0.231431,1.478569,0.257139,1.191435
Legacy,Jab,Commit,0.038250,-0.231650,1.478350,0.256699,1.195261
Legacy,Jab,Commit,0.038700,-0.231871,1.478129,0.256259,1.199019
Legacy,Jab,Commit,0.039150,-0.232092,1.477908,0.255817,1.202399
Legacy,Jab,Commit,0.039600,-0.232313,1.477687,0.255374,1.205535
Legacy,Jab,Commit,0.040050,-0.232535,1.477465,0.254930,1.208550
Legacy,Jab,Commit,0.040500,-0.232758,1.477242,0.254485,1.211281
Legacy,Jab,Commit,0.040950,-0.232981,1.477020,0.254039,1.213701
Legacy,Jab,Commit,0.041400,-0.233204,1.476796,0.253592,1.215891
Legacy,Jab,Commit,0.041850,-0.233428,1.476572,0.253145,1.217837
Legacy,Jab,Commit,0.042300,-0.233652,1.476348,0.252697,1.219541
Legacy,Jab,Commit,0.042750,-0.233876,1.476124,0.252248,1.221014
Legacy,Jab,Commit,0.043200,-0.234101,1.475900,0.251799,1.222204
Legacy,Jab,Commit,0.043650,-0.234325,1.475675,0.251350,1.223231
Legacy,Jab,Commit,0.044100,-0.234550,1.475450,0.250900,1.224056
Legacy,Jab,Commit,0.044550,-0.234775,1.475225,0.250450,1.224461
Legacy,Jab,Commit,0.045000,-0.235000,1.475000,0.250000,1.224664
Legacy,Jab,Commit,0.045450,-0.235225,1.474775,0.249550,1.224664
Legacy,Jab,Commit,0.045900,-0.235450,1.474550,0.249100,1.224461
Legacy,Jab,Commit,0.046350,-0.235675,1.474325,0.248650,1.224056
Legacy,Jab,Commit,0.046800,-0.235900,1.474100,0.248201,1.223231
Legacy,Jab,Commit,0.047250,-0.236124,1.473876,0.247752,1.222150
Legacy,Jab,Commit,0.047700,-0.236348,1.473652,0.247303,1.221068
Legacy,Jab,Commit,0.048150,-0.236572,1.473428,0.246855,1.219541
Legacy,Jab,Commit,0.048600,-0.236796,1.473204,0.246408,1.217891
Legacy,Jab,Commit,0.049050,-0.237020,1.472980,0.245961,1.215904
Legacy,Jab,Commit,0.049500,-0.237243,1.472758,0.245515,1.213633
Legacy,Jab,Commit,0.049950,-0.237465,1.472535,0.245070,1.211254
Legacy,Jab,Commit,0.050400,-0.237687,1.472313,0.244626,1.208577
Legacy,Jab,Commit,0.050850,-0.237909,1.472092,0.244183,1.205508
Legacy,Jab,Commit,0.051300,-0.238129,1.471871,0.243741,1.202426
Legacy,Jab,Commit,0.051750,-0.238350,1.471650,0.243301,1.199019
Legacy,Jab,Commit,0.052200,-0.238569,1.471431,0.242861,1.195288
Legacy,Jab,Commit,0.052650,-0.238788,1.471212,0.242424,1.191381
Legacy,Jab,Commit,0.053100,-0.239006,1.470994,0.241988,1.187258
Legacy,Jab,Commit,0.053550,-0.239224,1.470776,0.241553,1.182838
Legacy,Jab,Commit,0.054000,-0.239440,1.470560,0.241120,1.178079
Legacy,Jab,Commit,0.054450,-0.239656,1.470345,0.240689,1.173293
Legacy,Jab,Commit,0.054900,-0.239870,1.470130,0.240260,1.168197
Legacy,Jab,Commit,0.055350,-0.240084,1.469916,0.239833,1.162749
Legacy,Jab,Commit,0.055800,-0.240296,1.469704,0.239407,1.157071
Legacy,Jab,Commit,0.056250,-0.240508,1.469492,0.238984,1.151204
Legacy,Jab,Commit,0.056700,-0.240718,1.469282,0.238564,1.145134
Legacy,Jab,Commit,0.057150,-0.240927,1.469073,0.238145,1.138632
Legacy,Jab,Commit,0.057600,-0.241135,1.468865,0.237729,1.132143
Legacy,Jab,Commit,0.058050,-0.241342,1.468658,0.237316,1.125248
Legacy,Jab,Commit,0.058500,-0.241548,1.468453,0.236905,1.118138
Legacy,Jab,Commit,0.058950,-0.241752,1.468248,0.236497,1.110811
Legacy,Jab,Commit,0.059400,-0.241954,1.468046,0.236092,1.103186
Legacy,Jab,Commit,0.059850,-0.242156,1.467845,0.235689,1.095372
Legacy,Jab,Commit,0.060300,-0.242355,1.467645,0.235290,1.087342
Legacy,Jab,Commit,0.060750,-0.242553,1.467447,0.234893,1.079001
Legacy,Jab,Commit,0.061200,-0.242750,1.467250,0.234500,1.070295
Legacy,Jab,Commit,0.061650,-0.242945,1.467055,0.234110,1.061589
Legacy,Jab,Commit,0.062100,-0.243139,1.466862,0.233723,1.052505
Legacy,Jab,Commit,0.062550,-0.243330,1.466670,0.233340,1.043217
Legacy,Jab,Commit,0.063000,-0.243520,1.466480,0.232960,1.033687
Legacy,Jab,Commit,0.063450,-0.243708,1.466292,0.232584,1.023818
Legacy,Jab,Commit,0.063900,-0.243894,1.466106,0.232211,1.013774
Legacy,Jab,Commit,0.064350,-0.244079,1.465921,0.231843,1.003567
Legacy,Jab,Commit,0.064800,-0.244261,1.465739,0.231478,0.992969
Legacy,Jab,Commit,0.065250,-0.244442,1.465559,0.231117,0.982127
Legacy,Jab,Commit,0.065700,-0.244620,1.465380,0.230760,0.971217
Legacy,Jab,Commit,0.066150,-0.244796,1.465204,0.230407,0.959916
Legacy,Jab,Commit,0.066600,-0.244971,1.465029,0.230059,0.948411
Legacy,Jab,Commit,0.067050,-0.245143,1.464857,0.229715,0.936623
Legacy,Jab,Commit,0.067500,-0.245313,1.464688,0.229375,0.924605
Legacy,Jab,Commit,0.067950,-0.245480,1.464520,0.229040,0.912493
Legacy,Jab,Commit,0.068400,-0.245645,1.464355,0.228709,0.899826
Legacy,Jab,Commit,0.068850,-0.245808,1.464192,0.228383,0.887253
Legacy,Jab,Commit,0.069300,-0.245969,1.464031,0.228062,0.874127
Legacy,Jab,Commit,0.069750,-0.246127,1.463873,0.227746,0.861014
Legacy,Jab,Commit,0.070200,-0.246283,1.463717,0.227434,0.847455
Legacy,Jab,Commit,0.070650,-0.246436,1.463564,0.227128,0.833693
Legacy,Jab,Commit,0.071100,-0.246587,1.463413,0.226827,0.819863
Legacy,Jab,Commit,0.071550,-0.246735,1.463265,0.226531,0.805547
Legacy,Jab,Commit,0.072000,-0.246880,1.463120,0.226240,0.791231
Legacy,Jab,Commit,0.072450,-0.247023,1.462977,0.225955,0.776387
Legacy,Jab,Commit,0.072900,-0.247163,1.462837,0.225675,0.761530
Legacy,Jab,Commit,0.073350,-0.247300,1.462700,0.225401,0.746295
Legacy,Jab,Commit,0.073800,-0.247434,1.462566,0.225132,0.730857
Legacy,Jab,Commit,0.074250,-0.247565,1.462435,0.224869,0.715215
Legacy,Jab,Commit,0.074700,-0.247694,1.462306,0.224612,0.699304
Legacy,Jab,Commit,0.075150,-0.247819,1.462181,0.224361,0.683149
Legacy,Jab,Commit,0.075600,-0.247942,1.462058,0.224117,0.666684
Legacy,Jab,Commit,0.076050,-0.248061,1.461939,0.223878,0.650056
Legacy,Jab,Commit,0.076500,-0.248178,1.461823,0.223645,0.633185
Legacy,Jab,Commit,0.076950,-0.248291,1.461709,0.223419,0.615975
Legacy,Jab,Commit,0.077400,-0.248401,1.461599,0.223199,0.598685
Legacy,Jab,Commit,0.077850,-0.248507,1.461493,0.222985,0.580922
Legacy,Jab,Commit,0.078300,-0.248611,1.461389,0.222778,0.563118
Legacy,Jab,Commit,0.078750,-0.248711,1.461289,0.222578,0.544989
Legacy,Jab,Commit,0.079200,-0.248808,1.461192,0.222385,0.526536
Legacy,Jab,Commit,0.079650,-0.248901,1.461099,0.222198,0.508016
Legacy,Jab,Commit,0.080100,-0.248991,1.461009,0.222018,0.489157
Legacy,Jab,Commit,0.080550,-0.249077,1.460923,0.221846,0.469934
Legacy,Jab,Commit,0.081000,-0.249160,1.460840,0.221680,0.450765
Legacy,Jab,Commit,0.081450,-0.249239,1.460761,0.221522,0.431027
Legacy,Jab,Commit,0.081900,-0.249315,1.460685,0.221371,0.411250
Legacy,Jab,Commit,0.082350,-0.249387,1.460613,0.221227,0.391066
Legacy,Jab,Commit,0.082800,-0.249455,1.460545,0.221091,0.370883
Legacy,Jab,Commit,0.083250,-0.249519,1.460481,0.220962,0.350254
Legacy,Jab,Commit,0.083700,-0.249580,1.460420,0.220841,0.329327
Legacy,Jab,Commit,0.084150,-0.249636,1.460364,0.220728,0.308332
Legacy,Jab,Commit,0.084600,-0.249689,1.460311,0.220622,0.287108
Legacy,Jab,Commit,0.085050,-0.249738,1.460262,0.220525,0.265478
Legacy,Jab,Commit,0.085500,-0.249783,1.460218,0.220435,0.243632
Legacy,Jab,Commit,0.085950,-0.249823,1.460177,0.220354,0.221678
Legacy,Jab,Commit,0.086400,-0.249860,1.460140,0.220280,0.199318
Legacy,Jab,Commit,0.086850,-0.249892,1.460108,0.220215,0.176878
Legacy,Jab,Commit,0.087300,-0.249921,1.460079,0.220159,0.154004
Legacy,Jab,Commit,0.087750,-0.249945,1.460055,0.220111,0.130995
Legacy,Jab,Commit,0.088200,-0.249965,1.460036,0.220071,0.107743
Legacy,Jab,Commit,0.088650,-0.249980,1.460020,0.220040,0.084194
Legacy,Jab,Commit,0.089100,-0.249991,1.460009,0.220018,0.060482
Legacy,Jab,Commit,0.089550,-0.249998,1.460002,0.220005,0.036446
Legacy,Jab,Commit,0.090000,-0.250000,1.460000,0.220000,0.012221
Legacy,Jab,Extend,0.000700,-0.249990,1.460004,0.220029,0.044207
Legacy,Jab,Extend,0.001400,-0.249961,1.460015,0.220116,0.132086
Legacy,Jab,Extend,0.002100,-0.249913,1.460033,0.220261,0.219049
Legacy,Jab,Extend,0.002800,-0.249846,1.460059,0.220462,0.305124
Legacy,Jab,Extend,0.003500,-0.249760,1.460092,0.220719,0.390295
Legacy,Jab,Extend,0.004200,-0.249656,1.460132,0.221032,0.474631
Legacy,Jab,Extend,0.004900,-0.249533,1.460179,0.221400,0.558018
Legacy,Jab,Extend,0.005600,-0.249393,1.460234,0.221822,0.640596
Legacy,Jab,Extend,0.006300,-0.249234,1.460295,0.222298,0.722204
Legacy,Jab,Extend,0.007000,-0.249058,1.460363,0.222828,0.802944
Legacy,Jab,Extend,0.007700,-0.248864,1.460437,0.223410,0.882835
Legacy,Jab,Extend,0.008400,-0.248652,1.460518,0.224044,0.961810
Legacy,Jab,Extend,0.009100,-0.248424,1.460606,0.224729,1.039888
Legacy,Jab,Extend,0.009800,-0.248178,1.460701,0.225465,1.117092
Legacy,Jab,Extend,0.010500,-0.247916,1.460802,0.226252,1.193433
Legacy,Jab,Extend,0.011200,-0.247637,1.460909,0.227089,1.268872
Legacy,Jab,Extend,0.011900,-0.247342,1.461022,0.227974,1.343394
Legacy,Jab,Extend,0.012600,-0.247031,1.461142,0.228908,1.417035
Legacy,Jab,Extend,0.013300,-0.246703,1.461268,0.229891,1.489819
Legacy,Jab,Extend,0.014000,-0.246360,1.461400,0.230920,1.561715
Legacy,Jab,Extend,0.014700,-0.246001,1.461538,0.231996,1.632674
Legacy,Jab,Extend,0.015400,-0.245627,1.461682,0.233119,1.702792
Legacy,Jab,Extend,0.016100,-0.245238,1.461832,0.234287,1.772007
Legacy,Jab,Extend,0.016800,-0.244833,1.461987,0.235500,1.840353
Legacy,Jab,Extend,0.017500,-0.244414,1.462148,0.236758,1.907782
Legacy,Jab,Extend,0.018200,-0.243980,1.462315,0.238059,1.974350
Legacy,Jab,Extend,0.018900,-0.243532,1.462488,0.239404,2.040002
Legacy,Jab,Extend,0.019600,-0.243069,1.462666,0.240792,2.104806
Legacy,Jab,Extend,0.020300,-0.242593,1.462849,0.242221,2.168685
Legacy,Jab,Extend,0.021000,-0.242103,1.463037,0.243693,2.231683
Legacy,Jab,Extend,0.021700,-0.241599,1.463231,0.245205,2.293826
Legacy,Jab,Extend,0.022400,-0.241081,1.463430,0.246757,2.355032
Legacy,Jab,Extend,0.023100,-0.240550,1.463635,0.248349,2.415404
Legacy,Jab,Extend,0.023800,-0.240006,1.463844,0.249981,2.474838
Legacy,Jab,Extend,0.024500,-0.239450,1.464058,0.251651,2.533384
Legacy,Jab,Extend,0.025200,-0.238880,1.464277,0.253359,2.591121
Legacy,Jab,Extend,0.025900,-0.238299,1.464501,0.255105,2.647876
Legacy,Jab,Extend,0.026600,-0.237704,1.464729,0.256887,2.703828
Legacy,Jab,Extend,0.027300,-0.237098,1.464962,0.258706,2.758784
Legacy,Jab,Extend,0.028000,-0.236480,1.465200,0.260560,2.812972
Legacy,Jab,Extend,0.028700,-0.235850,1.465442,0.262449,2.866169
Legacy,Jab,Extend,0.029400,-0.235209,1.465689,0.264373,2.918565
Legacy,Jab,Extend,0.030100,-0.234556,1.465940,0.266331,2.970019
Legacy,Jab,Extend,0.030800,-0.233893,1.466195,0.268323,3.020589
Legacy,Jab,Extend,0.031500,-0.233218,1.466455,0.270347,3.070292
Legacy,Jab,Extend,0.032200,-0.232532,1.466718,0.272403,3.119111
Legacy,Jab,Extend,0.032900,-0.231837,1.466986,0.274491,3.167021
Legacy,Jab,Extend,0.033600,-0.231130,1.467258,0.276609,3.214056
Legacy,Jab,Extend,0.034300,-0.230414,1.467533,0.278759,3.260201
Legacy,Jab,Extend,0.035000,-0.229688,1.467813,0.280938,3.305471
Legacy,Jab,Extend,0.035700,-0.228951,1.468096,0.283146,3.349852
Legacy,Jab,Extend,0.036400,-0.228206,1.468382,0.285383,3.393310
Legacy,Jab,Extend,0.037100,-0.227451,1.468673,0.287648,3.435886
Legacy,Jab,Extend,0.037800,-0.226687,1.468967,0.289940,3.477646
Legacy,Jab,Extend,0.038500,-0.225913,1.469264,0.292260,3.518451
Legacy,Jab,Extend,0.039200,-0.225132,1.469565,0.294605,3.558338
Legacy,Jab,Extend,0.039900,-0.224341,1.469869,0.296977,3.597432
Legacy,Jab,Extend,0.040600,-0.223542,1.470176,0.299374,3.635562
Legacy,Jab,Extend,0.041300,-0.222735,1.470487,0.301795,3.672870
Legacy,Jab,Extend,0.042000,-0.221920,1.470800,0.304240,3.709263
Legacy,Jab,Extend,0.042700,-0.221097,1.471117,0.306709,3.744713
Legacy,Jab,Extend,0.043400,-0.220267,1.471436,0.309200,3.779327
Legacy,Jab,Extend,0.044100,-0.219429,1.471758,0.311714,3.813072
Legacy,Jab,Extend,0.044800,-0.218584,1.472083,0.314249,3.845874
Legacy,Jab,Extend,0.045500,-0.217732,1.472411,0.316805,3.877835
Legacy,Jab,Extend,0.046200,-0.216873,1.472741,0.319382,3.908960
Legacy,Jab,Extend,0.046900,-0.216007,1.473074,0.321979,3.939047
Legacy,Jab,Extend,0.047600,-0.215135,1.473410,0.324595,3.968361
Legacy,Jab,Extend,0.048300,-0.214257,1.473747,0.327230,3.996731
Legacy,Jab,Extend,0.049000,-0.213373,1.474087,0.329883,4.024273
Legacy,Jab,Extend,0.049700,-0.212482,1.474430,0.332553,4.050858
Legacy,Jab,Extend,0.050400,-0.211587,1.474774,0.335240,4.076689
Legacy,Jab,Extend,0.051100,-0.210685,1.475121,0.337944,4.101436
Legacy,Jab,Extend,0.051800,-0.209779,1.475470,0.340664,4.125442
Legacy,Jab,Extend,0.052500,-0.208867,1.475820,0.343399,4.148504
Legacy,Jab,Extend,0.053200,-0.207951,1.476173,0.346148,4.170665
Legacy,Jab,Extend,0.053900,-0.207030,1.476527,0.348911,4.191996
Legacy,Jab,Extend,0.054600,-0.206104,1.476883,0.351688,4.212405
Legacy,Jab,Extend,0.055300,-0.205174,1.477241,0.354478,4.231911
Legacy,Jab,Extend,0.056000,-0.204240,1.477600,0.357280,4.250575
Legacy,Jab,Extend,0.056700,-0.203302,1.477961,0.360094,4.268303
Legacy,Jab,Extend,0.057400,-0.202361,1.478323,0.362919,4.285129
Legacy,Jab,Extend,0.058100,-0.201415,1.478686,0.365754,4.301147
Legacy,Jab,Extend,0.058800,-0.200467,1.479051,0.368599,4.316227
Legacy,Jab,Extend,0.059500,-0.199515,1.479417,0.371454,4.330466
Legacy,Jab,Extend,0.060200,-0.198561,1.479784,0.374318,4.343696
Legacy,Jab,Extend,0.060900,-0.197604,1.480152,0.377189,4.356175
Legacy,Jab,Extend,0.061600,-0.196644,1.480522,0.380069,4.367667
Legacy,Jab,Extend,0.062300,-0.195682,1.480892,0.382955,4.378363
Legacy,Jab,Extend,0.063000,-0.194718,1.481263,0.385848,4.388116
Legacy,Jab,Extend,0.063700,-0.193751,1.481634,0.388746,4.396966
Legacy,Jab,Extend,0.064400,-0.192783,1.482006,0.391650,4.404935
Legacy,Jab,Extend,0.065100,-0.191814,1.482379,0.394559,4.412148
Legacy,Jab,Extend,0.065800,-0.190843,1.482753,0.397471,4.418218
Legacy,Jab,Extend,0.066500,-0.189871,1.483127,0.400387,4.423592
Legacy,Jab,Extend,0.067200,-0.188898,1.483501,0.403306,4.428051
Legacy,Jab,Extend,0.067900,-0.187924,1.483875,0.406228,4.431608
Legacy,Jab,Extend,0.068600,-0.186950,1.484250,0.409151,4.434215
Legacy,Jab,Extend,0.069300,-0.185975,1.484625,0.412075,4.436027
Legacy,Jab,Extend,0.070000,-0.185000,1.485000,0.415000,4.436942
Legacy,Jab,Extend,0.070700,-0.184025,1.485375,0.417925,4.436909
Legacy,Jab,Extend,0.071400,-0.183050,1.485750,0.420849,4.435993
Legacy,Jab,Extend,0.072100,-0.182076,1.486125,0.423772,4.434247
Legacy,Jab,Extend,0.072800,-0.181102,1.486499,0.426694,4.431641
Legacy,Jab,Extend,0.073500,-0.180129,1.486874,0.429613,4.428005
Legacy,Jab,Extend,0.074200,-0.179157,1.487247,0.432529,4.423599
Legacy,Jab,Extend,0.074900,-0.178186,1.487621,0.435442,4.418344
Legacy,Jab,Extend,0.075600,-0.177217,1.487994,0.438350,4.412027
Legacy,Jab,Extend,0.076300,-0.176249,1.488366,0.441254,4.404968
Legacy,Jab,Extend,0.077000,-0.175283,1.488737,0.444153,4.396933
Legacy,Jab,Extend,0.077700,-0.174318,1.489108,0.447045,4.388069
Legacy,Jab,Extend,0.078400,-0.173356,1.489478,0.449932,4.378450
Legacy,Jab,Extend,0.079100,-0.172396,1.489848,0.452811,4.367620
Legacy,Jab,Extend,0.079800,-0.171439,1.490216,0.455683,4.356142
Legacy,Jab,Extend,0.080500,-0.170485,1.490583,0.458546,4.343735
Legacy,Jab,Extend,0.081200,-0.169533,1.490949,0.461401,4.330459
Legacy,Jab,Extend,0.081900,-0.168585,1.491314,0.464246,4.316187
Legacy,Jab,Extend,0.082600,-0.167640,1.491677,0.467081,4.301133
Legacy,Jab,Extend,0.083300,-0.166698,1.492039,0.469906,4.285217
Legacy,Jab,Extend,0.084000,-0.165760,1.492400,0.472720,4.268317
Legacy,Jab,Extend,0.084700,-0.164826,1.492759,0.475522,4.250575
Legacy,Jab,Extend,0.085400,-0.163896,1.493117,0.478312,4.231871
Legacy,Jab,Extend,0.086100,-0.162970,1.493473,0.481089,4.212398
Legacy,Jab,Extend,0.086800,-0.162049,1.493827,0.483852,4.192036
Legacy,Jab,Extend,0.087500,-0.161133,1.494180,0.486602,4.170624
Legacy,Jab,Extend,0.088200,-0.160221,1.494530,0.489336,4.148504
Legacy,Jab,Extend,0.088900,-0.159315,1.494879,0.492056,4.125415
Legacy,Jab,Extend,0.089600,-0.158413,1.495226,0.494760,4.101469
Legacy,Jab,Extend,0.090300,-0.157518,1.495570,0.497447,4.076643
Legacy,Jab,Extend,0.091000,-0.156628,1.495913,0.500118,4.050858
Legacy,Jab,Extend,0.091700,-0.155743,1.496253,0.502770,4.024273
Legacy,Jab,Extend,0.092400,-0.154865,1.496590,0.505405,3.996778
Legacy,Jab,Extend,0.093100,-0.153993,1.496926,0.508021,3.968401
Legacy,Jab,Extend,0.093800,-0.153127,1.497259,0.510618,3.939088
Legacy,Jab,Extend,0.094500,-0.152268,1.497589,0.513195,3.908920
Legacy,Jab,Extend,0.095200,-0.151416,1.497917,0.515751,3.877794
Legacy,Jab,Extend,0.095900,-0.150571,1.498242,0.518286,3.845867
Legacy,Jab,Extend,0.096600,-0.149733,1.498564,0.520800,3.813079
Legacy,Jab,Extend,0.097300,-0.148903,1.498883,0.523291,3.779327
Legacy,Jab,Extend,0.098000,-0.148080,1.499200,0.525760,3.744706
Legacy,Jab,Extend,0.098700,-0.147265,1.499514,0.528205,3.709270
Legacy,Jab,Extend,0.099400,-0.146458,1.499824,0.530626,3.672824
Legacy,Jab,Extend,0.100100,-0.145659,1.500131,0.533023,3.635562
Legacy,Jab,Extend,0.100800,-0.144869,1.500435,0.535395,3.597432
Legacy,Jab,Extend,0.101500,-0.144087,1.500736,0.537740,3.558426
Legacy,Jab,Extend,0.102200,-0.143313,1.501033,0.540060,3.518404
Legacy,Jab,Extend,0.102900,-0.142549,1.501327,0.542352,3.477606
Legacy,Jab,Extend,0.103600,-0.141794,1.501618,0.544617,3.435933
Legacy,Jab,Extend,0.104300,-0.141049,1.501904,0.546854,3.393344
Legacy,Jab,Extend,0.105000,-0.140313,1.502187,0.549063,3.349778
Legacy,Jab,Extend,0.105700,-0.139586,1.502467,0.551242,3.305465
Legacy,Jab,Extend,0.106400,-0.138870,1.502742,0.553391,3.260241
Legacy,Jab,Extend,0.107100,-0.138164,1.503014,0.555510,3.214056
Legacy,Jab,Extend,0.107800,-0.137468,1.503282,0.557597,3.167028
Legacy,Jab,Extend,0.108500,-0.136782,1.503545,0.559654,3.119104
Legacy,Jab,Extend,0.109200,-0.136108,1.503805,0.561678,3.070292
Legacy,Jab,Extend,0.109900,-0.135444,1.504060,0.563669,3.020636
Legacy,Jab,Extend,0.110600,-0.134791,1.504311,0.565627,2.970019
Legacy,Jab,Extend,0.111300,-0.134150,1.504558,0.567551,2.918478
Legacy,Jab,Extend,0.112000,-0.133520,1.504800,0.569440,2.866216
Legacy,Jab,Extend,0.112700,-0.132902,1.505038,0.571294,2.812972
Legacy,Jab,Extend,0.113400,-0.132296,1.505271,0.573113,2.758784
Legacy,Jab,Extend,0.114100,-0.131702,1.505499,0.574895,2.703821
Legacy,Jab,Extend,0.114800,-0.131120,1.505723,0.576641,2.647876
Legacy,Jab,Extend,0.115500,-0.130550,1.505942,0.578349,2.591081
Legacy,Jab,Extend,0.116200,-0.129994,1.506156,0.580019,2.533471
Legacy,Jab,Extend,0.116900,-0.129450,1.506365,0.581651,2.474791
Legacy,Jab,Extend,0.117600,-0.128919,1.506570,0.583243,2.415404
Legacy,Jab,Extend,0.118300,-0.128402,1.506769,0.584795,2.355079
Legacy,Jab,Extend,0.119000,-0.127898,1.506963,0.586308,2.293800
Legacy,Jab,Extend,0.119700,-0.127407,1.507151,0.587779,2.231670
Legacy,Jab,Extend,0.120400,-0.126931,1.507334,0.589208,2.168639
Legacy,Jab,Extend,0.121100,-0.126468,1.507512,0.590596,2.104832
Legacy,Jab,Extend,0.121800,-0.126020,1.507685,0.591941,2.039982
Legacy,Jab,Extend,0.122500,-0.125586,1.507852,0.593242,1.974431
Legacy,Jab,Extend,0.123200,-0.125167,1.508013,0.594500,1.907702
Legacy,Jab,Extend,0.123900,-0.124762,1.508168,0.595713,1.840346
Legacy,Jab,Extend,0.124600,-0.124373,1.508318,0.596881,1.772073
Legacy,Jab,Extend,0.125300,-0.123999,1.508462,0.598004,1.702731
Legacy,Jab,Extend,0.126000,-0.123640,1.508600,0.599080,1.632668
Legacy,Jab,Extend,0.126700,-0.123297,1.508732,0.600110,1.561761
Legacy,Jab,Extend,0.127400,-0.122969,1.508858,0.601092,1.489799
Legacy,Jab,Extend,0.128100,-0.122658,1.508978,0.602026,1.417101
Legacy,Jab,Extend,0.128800,-0.122363,1.509091,0.602911,1.343320
Legacy,Jab,Extend,0.129500,-0.122084,1.509198,0.603748,1.268918
Legacy,Jab,Extend,0.130200,-0.121822,1.509299,0.604535,1.193406
Legacy,Jab,Extend,0.130900,-0.121576,1.509394,0.605271,1.117105
Legacy,Jab,Extend,0.131600,-0.121348,1.509482,0.605957,1.039955
Legacy,Jab,Extend,0.132300,-0.121137,1.509563,0.606591,0.961696
Legacy,Jab,Extend,0.133000,-0.120943,1.509637,0.607173,0.882835
Legacy,Jab,Extend,0.133700,-0.120766,1.509705,0.607702,0.802977
Legacy,Jab,Extend,0.134400,-0.120607,1.509766,0.608178,0.722251
Legacy,Jab,Extend,0.135100,-0.120467,1.509821,0.608600,0.640529
Legacy,Jab,Extend,0.135800,-0.120344,1.509868,0.608968,0.558038
Legacy,Jab,Extend,0.136500,-0.120240,1.509908,0.609281,0.474618
Legacy,Jab,Extend,0.137200,-0.120154,1.509941,0.609538,0.390308
Legacy,Jab,Extend,0.137900,-0.120087,1.509967,0.609739,0.305170
Legacy,Jab,Extend,0.138600,-0.120039,1.509985,0.609884,0.218982
Legacy,Jab,Extend,0.139300,-0.120010,1.509996,0.609971,0.132106
Legacy,Jab,Extend,0.140000,-0.120000,1.510000,0.610000,0.044213
Legacy,Jab,Recover,0.001400,-0.120008,1.509998,0.609975,0.018451
Legacy,Jab,Recover,0.002800,-0.120030,1.509994,0.609902,0.055078
Legacy,Jab,Recover,0.004200,-0.120067,1.509987,0.609780,0.091348
Legacy,Jab,Recover,0.005600,-0.120118,1.509976,0.609609,0.127226
Legacy,Jab,Recover,0.007000,-0.120184,1.509963,0.609392,0.162777
Legacy,Jab,Recover,0.008400,-0.120265,1.509947,0.609127,0.197943
Legacy,Jab,Recover,0.009800,-0.120359,1.509928,0.608816,0.232699
Legacy,Jab,Recover,0.011200,-0.120467,1.509907,0.608458,0.267107
Legacy,Jab,Recover,0.012600,-0.120589,1.509882,0.608055,0.301189
Legacy,Jab,Recover,0.014000,-0.120725,1.509855,0.607608,0.334834
Legacy,Jab,Recover,0.015400,-0.120874,1.509825,0.607115,0.368167
Legacy,Jab,Recover,0.016800,-0.121037,1.509793,0.606579,0.401092
Legacy,Jab,Recover,0.018200,-0.121213,1.509758,0.605999,0.433670
Legacy,Jab,Recover,0.019600,-0.121401,1.509720,0.605375,0.465847
Legacy,Jab,Recover,0.021000,-0.121603,1.509679,0.604710,0.497708
Legacy,Jab,Recover,0.022400,-0.121818,1.509637,0.604002,0.529115
Legacy,Jab,Recover,0.023800,-0.122045,1.509591,0.603253,0.560229
Legacy,Jab,Recover,0.025200,-0.122284,1.509543,0.602462,0.590929
Legacy,Jab,Recover,0.026600,-0.122536,1.509493,0.601631,0.621319
Legacy,Jab,Recover,0.028000,-0.122800,1.509440,0.600760,0.651221
Legacy,Jab,Recover,0.029400,-0.123076,1.509385,0.599849,0.680894
Legacy,Jab,Recover,0.030800,-0.123364,1.509327,0.598900,0.710088
Legacy,Jab,Recover,0.032200,-0.123663,1.509267,0.597911,0.738960
Legacy,Jab,Recover,0.033600,-0.123974,1.509205,0.596885,0.767480
Legacy,Jab,Recover,0.035000,-0.124297,1.509141,0.595820,0.795598
Legacy,Jab,Recover,0.036400,-0.124631,1.509074,0.594719,0.823319
Legacy,Jab,Recover,0.037800,-0.124975,1.509005,0.593581,0.850757
Legacy,Jab,Recover,0.039200,-0.125331,1.508934,0.592407,0.877728
Legacy,Jab,Recover,0.040600,-0.125698,1.508860,0.591197,0.904376
Legacy,Jab,Recover,0.042000,-0.126075,1.508785,0.589953,0.930664
Legacy,Jab,Recover,0.043400,-0.126463,1.508707,0.588673,0.956599
Legacy,Jab,Recover,0.044800,-0.126861,1.508628,0.587359,0.982089
Legacy,Jab,Recover,0.046200,-0.127269,1.508546,0.586012,1.007261
Legacy,Jab,Recover,0.047600,-0.127687,1.508463,0.584632,1.032043
Legacy,Jab,Recover,0.049000,-0.128116,1.508377,0.583219,1.056507
Legacy,Jab,Recover,0.050400,-0.128554,1.508289,0.581773,1.080526
Legacy,Jab,Recover,0.051800,-0.129001,1.508200,0.580296,1.104225
Legacy,Jab,Recover,0.053200,-0.129458,1.508108,0.578788,1.127539
Legacy,Jab,Recover,0.054600,-0.129925,1.508015,0.577249,1.150486
Legacy,Jab,Recover,0.056000,-0.130400,1.507920,0.575680,1.173074
Legacy,Jab,Recover,0.057400,-0.130885,1.507823,0.574081,1.195268
Legacy,Jab,Recover,0.058800,-0.131378,1.507724,0.572453,1.217107
Legacy,Jab,Recover,0.060200,-0.131880,1.507624,0.570797,1.238538
Legacy,Jab,Recover,0.061600,-0.132390,1.507522,0.569112,1.259661
Legacy,Jab,Recover,0.063000,-0.132909,1.507418,0.567399,1.280378
Legacy,Jab,Recover,0.064400,-0.133437,1.507313,0.565659,1.300749
Legacy,Jab,Recover,0.065800,-0.133972,1.507206,0.563893,1.320709
Legacy,Jab,Recover,0.067200,-0.134515,1.507097,0.562100,1.340314
Legacy,Jab,Recover,0.068600,-0.135066,1.506987,0.560281,1.359610
Legacy,Jab,Recover,0.070000,-0.135625,1.506875,0.558438,1.378419
Legacy,Jab,Recover,0.071400,-0.136191,1.506762,0.556569,1.396952
Legacy,Jab,Recover,0.072800,-0.136765,1.506647,0.554676,1.415093
Legacy,Jab,Recover,0.074200,-0.137346,1.506531,0.552760,1.432825
Legacy,Jab,Recover,0.075600,-0.137933,1.506413,0.550820,1.450250
Legacy,Jab,Recover,0.077000,-0.138528,1.506294,0.548857,1.467271
Legacy,Jab,Recover,0.078400,-0.139130,1.506174,0.546872,1.483934
Legacy,Jab,Recover,0.079800,-0.139738,1.506052,0.544866,1.500201
Legacy,Jab,Recover,0.081200,-0.140352,1.505930,0.542838,1.516114
Legacy,Jab,Recover,0.082600,-0.140973,1.505805,0.540789,1.531662
Legacy,Jab,Recover,0.084000,-0.141600,1.505680,0.538720,1.546817
Legacy,Jab,Recover,0.085400,-0.142233,1.505553,0.536631,1.561650
Legacy,Jab,Recover,0.086800,-0.142872,1.505426,0.534523,1.576044
Legacy,Jab,Recover,0.088200,-0.143516,1.505297,0.532396,1.590129
Legacy,Jab,Recover,0.089600,-0.144166,1.505167,0.530251,1.603806
Legacy,Jab,Recover,0.091000,-0.144822,1.505036,0.528088,1.617133
Legacy,Jab,Recover,0.092400,-0.145483,1.504903,0.525908,1.630102
Legacy,Jab,Recover,0.093800,-0.146148,1.504770,0.523710,1.642707
Legacy,Jab,Recover,0.095200,-0.146819,1.504636,0.521497,1.654875
Legacy,Jab,Recover,0.096600,-0.147495,1.504501,0.519267,1.666731
Legacy,Jab,Recover,0.098000,-0.148175,1.504365,0.517023,1.678222
Legacy,Jab,Recover,0.099400,-0.148860,1.504228,0.514763,1.689280
Legacy,Jab,Recover,0.100800,-0.149549,1.504090,0.512489,1.700058
Legacy,Jab,Recover,0.102200,-0.150242,1.503952,0.510201,1.710398
Legacy,Jab,Recover,0.103600,-0.150939,1.503812,0.507900,1.720382
Legacy,Jab,Recover,0.105000,-0.151641,1.503672,0.505586,1.730003
Legacy,Jab,Recover,0.106400,-0.152346,1.503531,0.503260,1.739274
Legacy,Jab,Recover,0.107800,-0.153054,1.503389,0.500921,1.748144
Legacy,Jab,Recover,0.109200,-0.153766,1.503247,0.498572,1.756670
Legacy,Jab,Recover,0.110600,-0.154482,1.503104,0.496211,1.764787
Legacy,Jab,Recover,0.112000,-0.155200,1.502960,0.493840,1.772585
Legacy,Jab,Recover,0.113400,-0.155922,1.502816,0.491459,1.779977
Legacy,Jab,Recover,0.114800,-0.156646,1.502671,0.489069,1.787000
Legacy,Jab,Recover,0.116200,-0.157373,1.502525,0.486670,1.793660
Legacy,Jab,Recover,0.117600,-0.158102,1.502380,0.484262,1.799945
Legacy,Jab,Recover,0.119000,-0.158834,1.502233,0.481847,1.805895
Legacy,Jab,Recover,0.120400,-0.159569,1.502086,0.479424,1.811418
Legacy,Jab,Recover,0.121800,-0.160305,1.501939,0.476994,1.816629
Legacy,Jab,Recover,0.123200,-0.161043,1.501791,0.474558,1.821405
Legacy,Jab,Recover,0.124600,-0.161783,1.501643,0.472115,1.825860
Legacy,Jab,Recover,0.126000,-0.162525,1.501495,0.469668,1.829931
Legacy,Jab,Recover,0.127400,-0.163268,1.501346,0.467215,1.833654
Legacy,Jab,Recover,0.128800,-0.164013,1.501197,0.464758,1.836934
Legacy,Jab,Recover,0.130200,-0.164759,1.501048,0.462297,1.839936
Legacy,Jab,Recover,0.131600,-0.165505,1.500899,0.459832,1.842520
Legacy,Jab,Recover,0.133000,-0.166253,1.500749,0.457365,1.844712
Legacy,Jab,Recover,0.134400,-0.167002,1.500600,0.454895,1.846579
Legacy,Jab,Recover,0.135800,-0.167751,1.500450,0.452423,1.848129
Legacy,Jab,Recover,0.137200,-0.168500,1.500300,0.449949,1.849167
Legacy,Jab,Recover,0.138600,-0.169250,1.500150,0.447475,1.849920
Legacy,Jab,Recover,0.140000,-0.170000,1.500000,0.445000,1.850276
Legacy,Jab,Recover,0.141400,-0.170750,1.499850,0.442525,1.850276
Legacy,Jab,Recover,0.142800,-0.171500,1.499700,0.440051,1.849917
Legacy,Jab,Recover,0.144200,-0.172249,1.499550,0.437577,1.849167
Legacy,Jab,Recover,0.145600,-0.172998,1.499400,0.435105,1.848068
Legacy,Jab,Recover,0.147000,-0.173747,1.499251,0.432635,1.846559
Legacy,Jab,Recover,0.148400,-0.174495,1.499101,0.430168,1.844752
Legacy,Jab,Recover,0.149800,-0.175241,1.498952,0.427703,1.842544
Legacy,Jab,Recover,0.151200,-0.175987,1.498803,0.425242,1.839915
Legacy,Jab,Recover,0.152600,-0.176732,1.498654,0.422785,1.836974
Legacy,Jab,Recover,0.154000,-0.177475,1.498505,0.420333,1.833633
Legacy,Jab,Recover,0.155400,-0.178217,1.498357,0.417885,1.829931
Legacy,Jab,Recover,0.156800,-0.178957,1.498209,0.415443,1.825860
Legacy,Jab,Recover,0.158200,-0.179695,1.498061,0.413006,1.821422
Legacy,Jab,Recover,0.159600,-0.180431,1.497914,0.410576,1.816588
Legacy,Jab,Recover,0.161000,-0.181166,1.497767,0.408154,1.811421
Legacy,Jab,Recover,0.162400,-0.181898,1.497620,0.405738,1.805892
Legacy,Jab,Recover,0.163800,-0.182627,1.497475,0.403330,1.799966
Legacy,Jab,Recover,0.165200,-0.183354,1.497329,0.400931,1.793643
Legacy,Jab,Recover,0.166600,-0.184079,1.497184,0.398541,1.787041
Legacy,Jab,Recover,0.168000,-0.184800,1.497040,0.396160,1.779977
Legacy,Jab,Recover,0.169400,-0.185519,1.496896,0.393789,1.772565
Legacy,Jab,Recover,0.170800,-0.186234,1.496753,0.391429,1.764787
Legacy,Jab,Recover,0.172200,-0.186946,1.496611,0.389079,1.756670
Legacy,Jab,Recover,0.173600,-0.187654,1.496469,0.386741,1.748144
Legacy,Jab,Recover,0.175000,-0.188359,1.496328,0.384414,1.739254
Legacy,Jab,Recover,0.176400,-0.189061,1.496188,0.382100,1.730023
Legacy,Jab,Recover,0.177800,-0.189758,1.496048,0.379799,1.720403
Legacy,Jab,Recover,0.179200,-0.190451,1.495910,0.377511,1.710378
Legacy,Jab,Recover,0.180600,-0.191140,1.495772,0.375237,1.700034
Legacy,Jab,Recover,0.182000,-0.191825,1.495635,0.372978,1.689303
Legacy,Jab,Recover,0.183400,-0.192505,1.495499,0.370733,1.678222
Legacy,Jab,Recover,0.184800,-0.193181,1.495364,0.368503,1.666731
Legacy,Jab,Recover,0.186200,-0.193852,1.495230,0.366290,1.654895
Legacy,Jab,Recover,0.187600,-0.194517,1.495097,0.364093,1.642687
Legacy,Jab,Recover,0.189000,-0.195178,1.494964,0.361912,1.630079
Legacy,Jab,Recover,0.190400,-0.195834,1.494833,0.359749,1.617174
Legacy,Jab,Recover,0.191800,-0.196484,1.494703,0.357604,1.603786
Legacy,Jab,Recover,0.193200,-0.197128,1.494574,0.355477,1.590129
Legacy,Jab,Recover,0.194600,-0.197767,1.494447,0.353369,1.576065
Legacy,Jab,Recover,0.196000,-0.198400,1.494320,0.351280,1.561650
Legacy,Jab,Recover,0.197400,-0.199027,1.494195,0.349211,1.546814
Legacy,Jab,Recover,0.198800,-0.199648,1.494070,0.347162,1.531647
Legacy,Jab,Recover,0.200200,-0.200262,1.493948,0.345134,1.516087
Legacy,Jab,Recover,0.201600,-0.200870,1.493826,0.343128,1.500244
Legacy,Jab,Recover,0.203000,-0.201472,1.493706,0.341143,1.483900
Legacy,Jab,Recover,0.204400,-0.202067,1.493587,0.339180,1.467268
Legacy,Jab,Recover,0.205800,-0.202654,1.493469,0.337240,1.450247
Legacy,Jab,Recover,0.207200,-0.203235,1.493353,0.335324,1.432846
Legacy,Jab,Recover,0.208600,-0.203809,1.493238,0.333431,1.415093
Legacy,Jab,Recover,0.210000,-0.204375,1.493125,0.331563,1.396934
Legacy,Jab,Recover,0.211400,-0.204934,1.493013,0.329719,1.378453
Legacy,Jab,Recover,0.212800,-0.205485,1.492903,0.327900,1.359570
Legacy,Jab,Recover,0.214200,-0.206028,1.492794,0.326107,1.340360
Legacy,Jab,Recover,0.215600,-0.206563,1.492687,0.324341,1.320689
Legacy,Jab,Recover,0.217000,-0.207091,1.492582,0.322601,1.300746
Legacy,Jab,Recover,0.218400,-0.207610,1.492478,0.320888,1.280358
Legacy,Jab,Recover,0.219800,-0.208120,1.492376,0.319203,1.259682
Legacy,Jab,Recover,0.221200,-0.208622,1.492276,0.317547,1.238518
Legacy,Jab,Recover,0.222600,-0.209116,1.492177,0.315919,1.217127
Legacy,Jab,Recover,0.224000,-0.209600,1.492080,0.314320,1.195271
Legacy,Jab,Recover,0.225400,-0.210076,1.491985,0.312751,1.173050
Legacy,Jab,Recover,0.226800,-0.210542,1.491892,0.311212,1.150489
Legacy,Jab,Recover,0.228200,-0.210999,1.491800,0.309704,1.127536
Legacy,Jab,Recover,0.229600,-0.211446,1.491711,0.308227,1.104228
Legacy,Jab,Recover,0.231000,-0.211884,1.491623,0.306782,1.080546
Legacy,Jab,Recover,0.232400,-0.212313,1.491537,0.305368,1.056484
Legacy,Jab,Recover,0.233800,-0.212731,1.491454,0.303988,1.032063
Legacy,Jab,Recover,0.235200,-0.213139,1.491372,0.302641,1.007261
Legacy,Jab,Recover,0.236600,-0.213537,1.491293,0.301327,0.982112
Legacy,Jab,Recover,0.238000,-0.213925,1.491215,0.300048,0.956558
Legacy,Jab,Recover,0.239400,-0.214302,1.491140,0.298803,0.930664
Legacy,Jab,Recover,0.240800,-0.214669,1.491066,0.297593,0.904393
Legacy,Jab,Recover,0.242200,-0.215025,1.490995,0.296419,0.877749
Legacy,Jab,Recover,0.243600,-0.215369,1.490926,0.295281,0.850723
Legacy,Jab,Recover,0.245000,-0.215703,1.490859,0.294180,0.823356
Legacy,Jab,Recover,0.246400,-0.216026,1.490795,0.293116,0.795574
Legacy,Jab,Recover,0.247800,-0.216337,1.490733,0.292089,0.767459
Legacy,Jab,Recover,0.249200,-0.216636,1.490673,0.291101,0.738980
Legacy,Jab,Recover,0.250600,-0.216924,1.490615,0.290151,0.710088
Legacy,Jab,Recover,0.252000,-0.217200,1.490560,0.289240,0.680870
Legacy,Jab,Recover,0.253400,-0.217464,1.490507,0.288369,0.651267
Legacy,Jab,Recover,0.254800,-0.217716,1.490457,0.287538,0.621279
Legacy,Jab,Recover,0.256200,-0.217955,1.490409,0.286747,0.590946
Legacy,Jab,Recover,0.257600,-0.218182,1.490363,0.285998,0.560229
Legacy,Jab,Recover,0.259000,-0.218397,1.490321,0.285290,0.529118
Legacy,Jab,Recover,0.260400,-0.218599,1.490280,0.284625,0.497688
Legacy,Jab,Recover,0.261800,-0.218787,1.490242,0.284002,0.465867
Legacy,Jab,Recover,0.263200,-0.218963,1.490207,0.283421,0.433670
Legacy,Jab,Recover,0.264600,-0.219126,1.490175,0.282885,0.401072
Legacy,Jab,Recover,0.266000,-0.219275,1.490145,0.282393,0.368167
Legacy,Jab,Recover,0.267400,-0.219411,1.490118,0.281945,0.334851
Legacy,Jab,Recover,0.268800,-0.219533,1.490093,0.281542,0.301172
Legacy,Jab,Recover,0.270200,-0.219641,1.490072,0.281185,0.267125
Legacy,Jab,Recover,0.271600,-0.219735,1.490053,0.280873,0.232723
Legacy,Jab,Recover,0.273000,-0.219816,1.490037,0.280608,0.197919
Legacy,Jab,Recover,0.274400,-0.219882,1.490024,0.280391,0.162773
Legacy,Jab,Recover,0.275800,-0.219933,1.490013,0.280221,0.127253
Legacy,Jab,Recover,0.277200,-0.219970,1.490006,0.280098,0.091327
Legacy,Jab,Recover,0.278600,-0.219993,1.490002,0.280025,0.055075
Legacy,Jab,Recover,0.280000,-0.220000,1.490000,0.280000,0.018451
Curve,Jab,Commit,0.000450,-0.220002,1.489998,0.279996,0.012194
Curve,Jab,Commit,0.000900,-0.220009,1.489991,0.279982,0.036473
Curve,Jab,Commit,0.001350,-0.220020,1.489980,0.279960,0.060415
Curve,Jab,Commit,0.001800,-0.220036,1.489964,0.279929,0.084289
Curve,Jab,Commit,0.002250,-0.220055,1.489945,0.279889,0.107716
Curve,Jab,Commit,0.002700,-0.220079,1.489921,0.279841,0.131009
Curve,Jab,Commit,0.003150,-0.220108,1.489892,0.279785,0.153991
Curve,Jab,Commit,0.003600,-0.220140,1.489860,0.279720,0.176878
Curve,Jab,Commit,0.004050,-0.220177,1.489823,0.279646,0.199345
Curve,Jab,Commit,0.004500,-0.220218,1.489782,0.279565,0.221651
Curve,Jab,Commit,0.004950,-0.220262,1.489738,0.279476,0.243605
Curve,Jab,Commit,0.005400,-0.220311,1.489689,0.279378,0.265519
Curve,Jab,Commit,0.005850,-0.220364,1.489636,0.279273,0.287068
Curve,Jab,Commit,0.006300,-0.220420,1.489580,0.279159,0.308359
Curve,Jab,Commit,0.006750,-0.220481,1.489519,0.279038,0.329327
Curve,Jab,Commit,0.007200,-0.220545,1.489455,0.278909,0.350267
Curve,Jab,Commit,0.007650,-0.220613,1.489387,0.278773,0.370897
Curve,Jab,Commit,0.008100,-0.220685,1.489315,0.278630,0.391039
Curve,Jab,Commit,0.008550,-0.220761,1.489239,0.278478,0.411263
Curve,Jab,Commit,0.009000,-0.220840,1.489160,0.278320,0.431000
Curve,Jab,Commit,0.009450,-0.220923,1.489077,0.278154,0.450778
Curve,Jab,Commit,0.009900,-0.221009,1.488991,0.277982,0.469934
Curve,Jab,Commit,0.010350,-0.221099,1.488901,0.277802,0.489130
Curve,Jab,Commit,0.010800,-0.221192,1.488808,0.277615,0.508029
Curve,Jab,Commit,0.011250,-0.221289,1.488711,0.277422,0.526563
Curve,Jab,Commit,0.011700,-0.221389,1.488611,0.277222,0.544962
Curve,Jab,Commit,0.012150,-0.221493,1.488507,0.277015,0.563172
Curve,Jab,Commit,0.012600,-0.221599,1.488401,0.276801,0.580868
Curve,Jab,Commit,0.013050,-0.221709,1.488291,0.276581,0.598658
Curve,Jab,Commit,0.013500,-0.221823,1.488178,0.276355,0.616029
Curve,Jab,Commit,0.013950,-0.221939,1.488061,0.276122,0.633171
Curve,Jab,Commit,0.014400,-0.222058,1.487942,0.275884,0.650056
Curve,Jab,Commit,0.014850,-0.222181,1.487819,0.275639,0.666670
Curve,Jab,Commit,0.015300,-0.222306,1.487694,0.275388,0.683163
Curve,Jab,Commit,0.015750,-0.222435,1.487565,0.275131,0.699304
Curve,Jab,Commit,0.016200,-0.222566,1.487434,0.274868,0.715215
Curve,Jab,Commit,0.016650,-0.222700,1.487300,0.274599,0.730857
Curve,Jab,Commit,0.017100,-0.222838,1.487163,0.274325,0.746308
Curve,Jab,Commit,0.017550,-0.222977,1.487023,0.274045,0.761517
Curve,Jab,Commit,0.018000,-0.223120,1.486880,0.273760,0.776414
Curve,Jab,Commit,0.018450,-0.223265,1.486735,0.273469,0.791177
Curve,Jab,Commit,0.018900,-0.223413,1.486587,0.273173,0.805547
Curve,Jab,Commit,0.019350,-0.223564,1.486436,0.272872,0.819809
Curve,Jab,Commit,0.019800,-0.223717,1.486283,0.272566,0.833774
Curve,Jab,Commit,0.020250,-0.223873,1.486127,0.272254,0.847468
Curve,Jab,Commit,0.020700,-0.224031,1.485969,0.271938,0.861000
Curve,Jab,Commit,0.021150,-0.224192,1.485808,0.271617,0.874127
Curve,Jab,Commit,0.021600,-0.224355,1.485645,0.271291,0.887226
Curve,Jab,Commit,0.022050,-0.224520,1.485480,0.270960,0.899826
Curve,Jab,Commit,0.022500,-0.224688,1.485312,0.270625,0.912466
Curve,Jab,Commit,0.022950,-0.224857,1.485143,0.270285,0.924659
Curve,Jab,Commit,0.023400,-0.225029,1.484971,0.269941,0.936623
Curve,Jab,Commit,0.023850,-0.225204,1.484796,0.269593,0.948479
Curve,Jab,Commit,0.024300,-0.225380,1.484620,0.269240,0.959848
Curve,Jab,Commit,0.024750,-0.225558,1.484442,0.268883,0.971190
Curve,Jab,Commit,0.025200,-0.225739,1.484261,0.268522,0.982181
Curve,Jab,Commit,0.025650,-0.225921,1.484079,0.268157,0.992942
Curve,Jab,Commit,0.026100,-0.226106,1.483894,0.267789,1.003567
Curve,Jab,Commit,0.026550,-0.226292,1.483708,0.267416,1.013774
Curve,Jab,Commit,0.027000,-0.226480,1.483520,0.267040,1.023805
Curve,Jab,Commit,0.027450,-0.226670,1.483330,0.266660,1.033700
Curve,Jab,Commit,0.027900,-0.226862,1.483138,0.266277,1.043217
Curve,Jab,Commit,0.028350,-0.227055,1.482945,0.265890,1.052505
Curve,Jab,Commit,0.028800,-0.227250,1.482750,0.265500,1.061589
Curve,Jab,Commit,0.029250,-0.227447,1.482553,0.265107,1.070295
Curve,Jab,Commit,0.029700,-0.227645,1.482355,0.264710,1.079042
Curve,Jab,Commit,0.030150,-0.227845,1.482155,0.264311,1.087275
Curve,Jab,Commit,0.030600,-0.228046,1.481954,0.263909,1.095345
Curve,Jab,Commit,0.031050,-0.228248,1.481752,0.263503,1.103240
Curve,Jab,Commit,0.031500,-0.228453,1.481547,0.263095,1.110838
Curve,Jab,Commit,0.031950,-0.228658,1.481342,0.262684,1.118111
Curve,Jab,Commit,0.032400,-0.228865,1.481135,0.262271,1.125248
Curve,Jab,Commit,0.032850,-0.229073,1.480927,0.261855,1.132116
Curve,Jab,Commit,0.033300,-0.229282,1.480718,0.261436,1.138632
Curve,Jab,Commit,0.033750,-0.229492,1.480508,0.261016,1.145161
Curve,Jab,Commit,0.034200,-0.229704,1.480296,0.260593,1.151204
Curve,Jab,Commit,0.034650,-0.229916,1.480084,0.260168,1.157044
Curve,Jab,Commit,0.035100,-0.230130,1.479870,0.259740,1.162749
Curve,Jab,Commit,0.035550,-0.230344,1.479656,0.259311,1.168238
Curve,Jab,Commit,0.036000,-0.230560,1.479440,0.258880,1.173280
Curve,Jab,Commit,0.036450,-0.230776,1.479224,0.258447,1.178079
Curve,Jab,Commit,0.036900,-0.230994,1.479006,0.258013,1.182797
Curve,Jab,Commit,0.037350,-0.231212,1.478788,0.257576,1.187272
Curve,Jab,Commit,0.037800,-0.231431,1.478569,0.257139,1.191435
Curve,Jab,Commit,0.038250,-0.231650,1.478350,0.256699,1.195261
Curve,Jab,Commit,0.038700,-0.231871,1.478129,0.256259,1.199019
Curve,Jab,Commit,0.039150,-0.232092,1.477908,0.255817,1.202399
Curve,Jab,Commit,0.039600,-0.232313,1.477687,0.255374,1.205535
Curve,Jab,Commit,0.040050,-0.232535,1.477465,0.254930,1.208550
Curve,Jab,Commit,0.040500,-0.232758,1.477242,0.254485,1.211281
Curve,Jab,Commit,0.040950,-0.232981,1.477020,0.254039,1.213701
Curve,Jab,Commit,0.041400,-0.233204,1.476796,0.253592,1.215891
Curve,Jab,Commit,0.041850,-0.233428,1.476572,0.253145,1.217837
Curve,Jab,Commit,0.042300,-0.233652,1.476348,0.252697,1.219541
Curve,Jab,Commit,0.042750,-0.233876,1.476124,0.252248,1.221014
Curve,Jab,Commit,0.043200,-0.234101,1.475900,0.251799,1.222204
Curve,Jab,Commit,0.043650,-0.234325,1.475675,0.251350,1.223231
Curve,Jab,Commit,0.044100,-0.234550,1.475450,0.250900,1.224056
Curve,Jab,Commit,0.044550,-0.234775,1.475225,0.250450,1.224461
Curve,Jab,Commit,0.045000,-0.235000,1.475000,0.250000,1.224664
Curve,Jab,Commit,0.045450,-0.235225,1.474775,0.249550,1.224664
Curve,Jab,Commit,0.045900,-0.235450,1.474550,0.249100,1.224461
Curve,Jab,Commit,0.046350,-0.235675,1.474325,0.248650,1.224056
Curve,Jab,Commit,0.046800,-0.235900,1.474100,0.248201,1.223231
Curve,Jab,Commit,0.047250,-0.236124,1.473876,0.247752,1.222150
Curve,Jab,Commit,0.047700,-0.236348,1.473652,0.247303,1.221068
Curve,Jab,Commit,0.048150,-0.236572,1.473428,0.246855,1.219541
Curve,Jab,Commit,0.048600,-0.236796,1.473204,0.246408,1.217891
Curve,Jab,Commit,0.049050,-0.237020,1.472980,0.245961,1.215904
Curve,Jab,Commit,0.049500,-0.237243,1.472758,0.245515,1.213633
Curve,Jab,Commit,0.049950,-0.237465,1.472535,0.245070,1.211254
Curve,Jab,Commit,0.050400,-0.237687,1.472313,0.244626,1.208577
Curve,Jab,Commit,0.050850,-0.237909,1.472092,0.244183,1.205508
Curve,Jab,Commit,0.051300,-0.238129,1.471871,0.243741,1.202426
Curve,Jab,Commit,0.051750,-0.238350,1.471650,0.243301,1.199019
Curve,Jab,Commit,0.052200,-0.238569,1.471431,0.242861,1.195288
Curve,Jab,Commit,0.052650,-0.238788,1.471212,0.242424,1.191381
Curve,Jab,Commit,0.053100,-0.239006,1.470994,0.241988,1.187258
Curve,Jab,Commit,0.053550,-0.239224,1.470776,0.241553,1.182838
Curve,Jab,Commit,0.054000,-0.239440,1.470560,0.241120,1.178079
Curve,Jab,Commit,0.054450,-0.239656,1.470345,0.240689,1.173293
Curve,Jab,Commit,0.054900,-0.239870,1.470130,0.240260,1.168197
Curve,Jab,Commit,0.055350,-0.240084,1.469916,0.239833,1.162749
Curve,Jab,Commit,0.055800,-0.240296,1.469704,0.239407,1.157071
Curve,Jab,Commit,0.056250,-0.240508,1.469492,0.238984,1.151204
Curve,Jab,Commit,0.056700,-0.240718,1.469282,0.238564,1.145134
Curve,Jab,Commit,0.057150,-0.240927,1.469073,0.238145,1.138632
Curve,Jab,Commit,0.057600,-0.241135,1.468865,0.237729,1.132143
Curve,Jab,Commit,0.058050,-0.241342,1.468658,0.237316,1.125248
Curve,Jab,Commit,0.058500,-0.241548,1.468453,0.236905,1.118138
Curve,Jab,Commit,0.058950,-0.241752,1.468248,0.236497,1.110811
Curve,Jab,Commit,0.059400,-0.241954,1.468046,0.236092,1.103186
Curve,Jab,Commit,0.059850,-0.242156,1.467845,0.235689,1.095372
Curve,Jab,Commit,0.060300,-0.242355,1.467645,0.235290,1.087342
Curve,Jab,Commit,0.060750,-0.242553,1.467447,0.234893,1.079001
Curve,Jab,Commit,0.061200,-0.242750,1.467250,0.234500,1.070295
Curve,Jab,Commit,0.061650,-0.242945,1.467055,0.234110,1.061589
Curve,Jab,Commit,0.062100,-0.243139,1.466862,0.233723,1.052505
Curve,Jab,Commit,0.062550,-0.243330,1.466670,0.233340,1.043217
Curve,Jab,Commit,0.063000,-0.243520,1.466480,0.232960,1.033687
Curve,Jab,Commit,0.063450,-0.243708,1.466292,0.232584,1.023818
Curve,Jab,Commit,0.063900,-0.243894,1.466106,0.232211,1.013774
Curve,Jab,Commit,0.064350,-0.244079,1.465921,0.231843,1.003567
Curve,Jab,Commit,0.064800,-0.244261,1.465739,0.231478,0.992969
Curve,Jab,Commit,0.065250,-0.244442,1.465559,0.231117,0.982127
Curve,Jab,Commit,0.065700,-0.244620,1.465380,0.230760,0.971217
Curve,Jab,Commit,0.066150,-0.244796,1.465204,0.230407,0.959916
Curve,Jab,Commit,0.066600,-0.244971,1.465029,0.230059,0.948411
Curve,Jab,Commit,0.067050,-0.245143,1.464857,0.229715,0.936623
Curve,Jab,Commit,0.067500,-0.245313,1.464688,0.229375,0.924605
Curve,Jab,Commit,0.067950,-0.245480,1.464520,0.229040,0.912493
Curve,Jab,Commit,0.068400,-0.245645,1.464355,0.228709,0.899826
Curve,Jab,Commit,0.068850,-0.245808,1.464192,0.228383,0.887253
Curve,Jab,Commit,0.069300,-0.245969,1.464031,0.228062,0.874127
Curve,Jab,Commit,0.069750,-0.246127,1.463873,0.227746,0.861014
Curve,Jab,Commit,0.070200,-0.246283,1.463717,0.227434,0.847455
Curve,Jab,Commit,0.070650,-0.246436,1.463564,0.227128,0.833693
Curve,Jab,Commit,0.071100,-0.246587,1.463413,0.226827,0.819863
Curve,Jab,Commit,0.071550,-0.246735,1.463265,0.226531,0.805547
Curve,Jab,Commit,0.072000,-0.246880,1.463120,0.226240,0.791231
Curve,Jab,Commit,0.072450,-0.247023,1.462977,0.225955,0.776387
Curve,Jab,Commit,0.072900,-0.247163,1.462837,0.225675,0.761530
Curve,Jab,Commit,0.073350,-0.247300,1.462700,0.225401,0.746295
Curve,Jab,Commit,0.073800,-0.247434,1.462566,0.225132,0.730857
Curve,Jab,Commit,0.074250,-0.247565,1.462435,0.224869,0.715215
Curve,Jab,Commit,0.074700,-0.247694,1.462306,0.224612,0.699304
Curve,Jab,Commit,0.075150,-0.247819,1.462181,0.224361,0.683149
Curve,Jab,Commit,0.075600,-0.247942,1.462058,0.224117,0.666684
Curve,Jab,Commit,0.076050,-0.248061,1.461939,0.223878,0.650056
Curve,Jab,Commit,0.076500,-0.248178,1.461823,0.223645,0.633185
Curve,Jab,Commit,0.076950,-0.248291,1.461709,0.223419,0.615975
Curve,Jab,Commit,0.077400,-0.248401,1.461599,0.223199,0.598685
Curve,Jab,Commit,0.077850,-0.248507,1.461493,0.222985,0.580922
Curve,Jab,Commit,0.078300,-0.248611,1.461389,0.222778,0.563118
Curve,Jab,Commit,0.078750,-0.248711,1.461289,0.222578,0.544989
Curve,Jab,Commit,0.079200,-0.248808,1.461192,0.222385,0.526536
Curve,Jab,Commit,0.079650,-0.248901,1.461099,0.222198,0.508016
Curve,Jab,Commit,0.080100,-0.248991,1.461009,0.222018,0.489157
Curve,Jab,Commit,0.080550,-0.249077,1.460923,0.221846,0.469934
Curve,Jab,Commit,0.081000,-0.249160,1.460840,0.221680,0.450765
Curve,Jab,Commit,0.081450,-0.249239,1.460761,0.221522,0.431027
Curve,Jab,Commit,0.081900,-0.249315,1.460685,0.221371,0.411250
Curve,Jab,Commit,0.082350,-0.249387,1.460613,0.221227,0.391066
Curve,Jab,Commit,0.082800,-0.249455,1.460545,0.221091,0.370883
Curve,Jab,Commit,0.083250,-0.249519,1.460481,0.220962,0.350254
Curve,Jab,Commit,0.083700,-0.249580,1.460420,0.220841,0.329327
Curve,Jab,Commit,0.084150,-0.249636,1.460364,0.220728,0.308332
Curve,Jab,Commit,0.084600,-0.249689,1.460311,0.220622,0.287108
Curve,Jab,Commit,0.085050,-0.249738,1.460262,0.220525,0.265478
Curve,Jab,Commit,0.085500,-0.249783,1.460218,0.220435,0.243632
Curve,Jab,Commit,0.085950,-0.249823,1.460177,0.220354,0.221678
Curve,Jab,Commit,0.086400,-0.249860,1.460140,0.220280,0.199318
Curve,Jab,Commit,0.086850,-0.249892,1.460108,0.220215,0.176878
Curve,Jab,Commit,0.087300,-0.249921,1.460079,0.220159,0.154004
Curve,Jab,Commit,0.087750,-0.249945,1.460055,0.220111,0.130995
Curve,Jab,Commit,0.088200,-0.249965,1.460036,0.220071,0.107743
Curve,Jab,Commit,0.088650,-0.249980,1.460020,0.220040,0.084194
Curve,Jab,Commit,0.089100,-0.249991,1.460009,0.220018,0.060482
Curve,Jab,Commit,0.089550,-0.249998,1.460002,0.220005,0.036446
Curve,Jab,Commit,0.090000,-0.250000,1.460000,0.220000,0.012221
Curve,Jab,Extend,0.000700,-0.249992,1.460003,0.220023,0.034661
Curve,Jab,Extend,0.001400,-0.249970,1.460012,0.220091,0.103582
Curve,Jab,Extend,0.002100,-0.249932,1.460026,0.220204,0.171868
Curve,Jab,Extend,0.002800,-0.249879,1.460047,0.220362,0.239605
Curve,Jab,Extend,0.003500,-0.249812,1.460072,0.220565,0.306734
Curve,Jab,Extend,0.004200,-0.249730,1.460104,0.220811,0.373249
Curve,Jab,Extend,0.004900,-0.249633,1.460141,0.221100,0.439148
Curve,Jab,Extend,0.005600,-0.249522,1.460184,0.221433,0.504486
Curve,Jab,Extend,0.006300,-0.249397,1.460232,0.221808,0.569188
Curve,Jab,Extend,0.007000,-0.249258,1.460285,0.222225,0.633323
Curve,Jab,Extend,0.007700,-0.249105,1.460344,0.222685,0.696862
Curve,Jab,Extend,0.008400,-0.248938,1.460408,0.223186,0.759780
Curve,Jab,Extend,0.009100,-0.248758,1.460478,0.223728,0.822096
Curve,Jab,Extend,0.009800,-0.248563,1.460553,0.224310,0.883838
Curve,Jab,Extend,0.010500,-0.248356,1.460632,0.224933,0.944950
Curve,Jab,Extend,0.011200,-0.248135,1.460717,0.225596,1.005482
Curve,Jab,Extend,0.011900,-0.247901,1.460808,0.226298,1.065438
Curve,Jab,Extend,0.012600,-0.247653,1.460903,0.227040,1.124732
Curve,Jab,Extend,0.013300,-0.247393,1.461003,0.227820,1.183492
Curve,Jab,Extend,0.014000,-0.247121,1.461107,0.228639,1.241597
Curve,Jab,Extend,0.014700,-0.246835,1.461217,0.229495,1.299114
Curve,Jab,Extend,0.015400,-0.246537,1.461332,0.230389,1.356122
Curve,Jab,Extend,0.016100,-0.246227,1.461451,0.231320,1.412395
Curve,Jab,Extend,0.016800,-0.245904,1.461575,0.232288,1.468174
Curve,Jab,Extend,0.017500,-0.245569,1.461704,0.233292,1.523277
Curve,Jab,Extend,0.018200,-0.245223,1.461838,0.234332,1.577825
Curve,Jab,Extend,0.018900,-0.244864,1.461975,0.235408,1.631799
Curve,Jab,Extend,0.019600,-0.244494,1.462118,0.236519,1.685090
Curve,Jab,Extend,0.020300,-0.244112,1.462265,0.237664,1.737854
Curve,Jab,Extend,0.021000,-0.243719,1.462416,0.238844,1.789982
Curve,Jab,Extend,0.021700,-0.243314,1.462572,0.240058,1.841529
Curve,Jab,Extend,0.022400,-0.242898,1.462732,0.241306,1.892521
Curve,Jab,Extend,0.023100,-0.242471,1.462896,0.242587,1.942824
Curve,Jab,Extend,0.023800,-0.242033,1.463064,0.243900,1.992567
Curve,Jab,Extend,0.024500,-0.241585,1.463237,0.245246,2.041740
Curve,Jab,Extend,0.025200,-0.241125,1.463413,0.246624,2.090259
Curve,Jab,Extend,0.025900,-0.240656,1.463594,0.248034,2.138223
Curve,Jab,Extend,0.026600,-0.240175,1.463779,0.249474,2.185592
Curve,Jab,Extend,0.027300,-0.239685,1.463967,0.250946,2.232312
Curve,Jab,Extend,0.028000,-0.239184,1.464160,0.252448,2.278471
Curve,Jab,Extend,0.028700,-0.238673,1.464356,0.253980,2.324021
Curve,Jab,Extend,0.029400,-0.238153,1.464557,0.255542,2.369018
Curve,Jab,Extend,0.030100,-0.237622,1.464761,0.257133,2.413324
Curve,Jab,Extend,0.030800,-0.237083,1.464968,0.258752,2.457117
Curve,Jab,Extend,0.031500,-0.236533,1.465180,0.260401,2.500241
Curve,Jab,Extend,0.032200,-0.235974,1.465394,0.262077,2.542803
Curve,Jab,Extend,0.032900,-0.235406,1.465613,0.263781,2.584798
Curve,Jab,Extend,0.033600,-0.234829,1.465835,0.265512,2.626103
Curve,Jab,Extend,0.034300,-0.234243,1.466060,0.267270,2.666934
Curve,Jab,Extend,0.035000,-0.233648,1.466289,0.269055,2.707036
Curve,Jab,Extend,0.035700,-0.233045,1.466521,0.270865,2.746651
Curve,Jab,Extend,0.036400,-0.232433,1.466757,0.272702,2.785570
Curve,Jab,Extend,0.037100,-0.231812,1.466995,0.274563,2.823941
Curve,Jab,Extend,0.037800,-0.231183,1.467237,0.276450,2.861744
Curve,Jab,Extend,0.038500,-0.230546,1.467482,0.278361,2.898892
Curve,Jab,Extend,0.039200,-0.229901,1.467730,0.280296,2.935471
Curve,Jab,Extend,0.039900,-0.229248,1.467981,0.282255,2.971423
Curve,Jab,Extend,0.040600,-0.228588,1.468235,0.284237,3.006798
Curve,Jab,Extend,0.041300,-0.227919,1.468493,0.286242,3.041547
Curve,Jab,Extend,0.042000,-0.227244,1.468753,0.288270,3.075746
Curve,Jab,Extend,0.042700,-0.226560,1.469015,0.290319,3.109351
Curve,Jab,Extend,0.043400,-0.225870,1.469281,0.292391,3.142287
Curve,Jab,Extend,0.044100,-0.225172,1.469549,0.294484,3.174642
Curve,Jab,Extend,0.044800,-0.224468,1.469820,0.296597,3.206441
Curve,Jab,Extend,0.045500,-0.223756,1.470094,0.298732,3.237620
Curve,Jab,Extend,0.046200,-0.223038,1.470370,0.300886,3.268250
Curve,Jab,Extend,0.046900,-0.222313,1.470649,0.303060,3.298171
Curve,Jab,Extend,0.047600,-0.221582,1.470930,0.305254,3.327524
Curve,Jab,Extend,0.048300,-0.220845,1.471214,0.307466,3.356376
Curve,Jab,Extend,0.049000,-0.220101,1.471500,0.309698,3.384512
Curve,Jab,Extend,0.049700,-0.219351,1.471788,0.311947,3.412108
Curve,Jab,Extend,0.050400,-0.218595,1.472079,0.314214,3.439115
Curve,Jab,Extend,0.051100,-0.217834,1.472372,0.316499,3.465439
Curve,Jab,Extend,0.051800,-0.217067,1.472667,0.318800,3.491324
Curve,Jab,Extend,0.052500,-0.216294,1.472964,0.321118,3.516445
Curve,Jab,Extend,0.053200,-0.215516,1.473263,0.323453,3.541031
Curve,Jab,Extend,0.053900,-0.214733,1.473565,0.325803,3.565017
Curve,Jab,Extend,0.054600,-0.213944,1.473868,0.328168,3.588414
Curve,Jab,Extend,0.055300,-0.213150,1.474173,0.330549,3.611249
Curve,Jab,Extend,0.056000,-0.212352,1.474480,0.332944,3.633396
Curve,Jab,Extend,0.056700,-0.211549,1.474789,0.335354,3.655008
Curve,Jab,Extend,0.057400,-0.210741,1.475100,0.337777,3.675985
Curve,Jab,Extend,0.058100,-0.209929,1.475412,0.340214,3.696388
Curve,Jab,Extend,0.058800,-0.209112,1.475726,0.342663,3.716189
Curve,Jab,Extend,0.059500,-0.208291,1.476042,0.345126,3.735427
Curve,Jab,Extend,0.060200,-0.207467,1.476359,0.347600,3.753924
Curve,Jab,Extend,0.060900,-0.206638,1.476678,0.350087,3.772027
Curve,Jab,Extend,0.061600,-0.205805,1.476998,0.352585,3.789360
Curve,Jab,Extend,0.062300,-0.204969,1.477320,0.355094,3.806200
Curve,Jab,Extend,0.063000,-0.204129,1.477643,0.357614,3.822350
Curve,Jab,Extend,0.063700,-0.203285,1.477967,0.360144,3.838040
Curve,Jab,Extend,0.064400,-0.202439,1.478293,0.362684,3.852973
Curve,Jab,Extend,0.065100,-0.201589,1.478620,0.365234,3.867400
Curve,Jab,Extend,0.065800,-0.200736,1.478948,0.367792,3.881237
Curve,Jab,Extend,0.066500,-0.199880,1.479277,0.370359,3.894400
Curve,Jab,Extend,0.067200,-0.199022,1.479607,0.372935,3.907048
Curve,Jab,Extend,0.067900,-0.198161,1.479938,0.375518,3.919013
Curve,Jab,Extend,0.068600,-0.197297,1.480271,0.378110,3.930471
Curve,Jab,Extend,0.069300,-0.196431,1.480604,0.380708,3.941260
Curve,Jab,Extend,0.070000,-0.195563,1.480937,0.383313,3.951448
Curve,Jab,Extend,0.070700,-0.194692,1.481272,0.385924,3.961048
Curve,Jab,Extend,0.071400,-0.193820,1.481608,0.388541,3.970139
Curve,Jab,Extend,0.072100,-0.192946,1.481944,0.391164,3.978489
Curve,Jab,Extend,0.072800,-0.192070,1.482281,0.393791,3.986290
Curve,Jab,Extend,0.073500,-0.191192,1.482618,0.396424,3.993616
Curve,Jab,Extend,0.074200,-0.190313,1.482957,0.399061,4.000141
Curve,Jab,Extend,0.074900,-0.189433,1.483295,0.401702,4.006251
Curve,Jab,Extend,0.075600,-0.188551,1.483634,0.404347,4.011572
Curve,Jab,Extend,0.076300,-0.187669,1.483974,0.406994,4.016438
Curve,Jab,Extend,0.077000,-0.186785,1.484313,0.409645,4.020670
Curve,Jab,Extend,0.077700,-0.185901,1.484654,0.412298,4.024266
Curve,Jab,Extend,0.078400,-0.185016,1.484994,0.414953,4.027308
Curve,Jab,Extend,0.079100,-0.184130,1.485335,0.417609,4.029695
Curve,Jab,Extend,0.079800,-0.183244,1.485675,0.420267,4.031553
Curve,Jab,Extend,0.080500,-0.182358,1.486016,0.422925,4.032803
Curve,Jab,Extend,0.081200,-0.181472,1.486357,0.425584,4.033425
Curve,Jab,Extend,0.081900,-0.180586,1.486698,0.428243,4.033391
Curve,Jab,Extend,0.082600,-0.179700,1.487039,0.430902,4.032884
Curve,Jab,Extend,0.083300,-0.178814,1.487379,0.433559,4.031686
Curve,Jab,Extend,0.084000,-0.177928,1.487720,0.436216,4.029968
Curve,Jab,Extend,0.084700,-0.177043,1.488060,0.438871,4.027608
Curve,Jab,Extend,0.085400,-0.176159,1.488401,0.441524,4.024561
Curve,Jab,Extend,0.086100,-0.175275,1.488740,0.444175,4.020997
Curve,Jab,Extend,0.086800,-0.174392,1.489080,0.446823,4.016873
Curve,Jab,Extend,0.087500,-0.173511,1.489419,0.449468,4.012094
Curve,Jab,Extend,0.088200,-0.172630,1.489758,0.452109,4.006792
Curve,Jab,Extend,0.088900,-0.171751,1.490096,0.454747,4.000790
Curve,Jab,Extend,0.089600,-0.170874,1.490433,0.457380,3.994211
Curve,Jab,Extend,0.090300,-0.169997,1.490770,0.460008,3.987091
Curve,Jab,Extend,0.091000,-0.169123,1.491107,0.462631,3.979290
Curve,Jab,Extend,0.091700,-0.168250,1.491442,0.465249,3.970989
Curve,Jab,Extend,0.092400,-0.167380,1.491777,0.467861,3.962030
Curve,Jab,Extend,0.093100,-0.166511,1.492111,0.470466,3.952438
Curve,Jab,Extend,0.093800,-0.165645,1.492444,0.473065,3.942263
Curve,Jab,Extend,0.094500,-0.164781,1.492777,0.475657,3.931587
Curve,Jab,Extend,0.095200,-0.163920,1.493108,0.478241,3.920156
Curve,Jab,Extend,0.095900,-0.163061,1.493438,0.480818,3.908224
Curve,Jab,Extend,0.096600,-0.162205,1.493767,0.483386,3.895703
Curve,Jab,Extend,0.097300,-0.161352,1.494096,0.485945,3.882514
Curve,Jab,Extend,0.098000,-0.160502,1.494423,0.488496,3.868804
Curve,Jab,Extend,0.098700,-0.159655,1.494748,0.491036,3.854457
Curve,Jab,Extend,0.099400,-0.158811,1.495073,0.493568,3.839504
Curve,Jab,Extend,0.100100,-0.157971,1.495396,0.496088,3.823915
Curve,Jab,Extend,0.100800,-0.157134,1.495718,0.498599,3.807864
Curve,Jab,Extend,0.101500,-0.156301,1.496038,0.501098,3.791099
Curve,Jab,Extend,0.102200,-0.155472,1.496357,0.503585,3.773718
Curve,Jab,Extend,0.102900,-0.154646,1.496675,0.506061,3.755830
Curve,Jab,Extend,0.103600,-0.153825,1.496990,0.508525,3.737192
Curve,Jab,Extend,0.104300,-0.153008,1.497305,0.510976,3.718141
Curve,Jab,Extend,0.105000,-0.152195,1.497617,0.513414,3.698407
Curve,Jab,Extend,0.105700,-0.151387,1.497928,0.515839,3.677971
Curve,Jab,Extend,0.106400,-0.150584,1.498237,0.518250,3.657101
Curve,Jab,Extend,0.107100,-0.149785,1.498544,0.520646,3.635562
Curve,Jab,Extend,0.107800,-0.148991,1.498850,0.523028,3.613422
Curve,Jab,Extend,0.108500,-0.148202,1.499153,0.525395,3.590727
Curve,Jab,Extend,0.109200,-0.147418,1.499455,0.527747,3.567310
Curve,Jab,Extend,0.109900,-0.146639,1.499754,0.530083,3.543518
Curve,Jab,Extend,0.110600,-0.145866,1.500052,0.532403,3.518939
Curve,Jab,Extend,0.111300,-0.145098,1.500347,0.534706,3.493716
Curve,Jab,Extend,0.112000,-0.144336,1.500640,0.536992,3.468120
Curve,Jab,Extend,0.112700,-0.143580,1.500931,0.539261,3.441715
Curve,Jab,Extend,0.113400,-0.142829,1.501220,0.541512,3.414775
Curve,Jab,Extend,0.114100,-0.142085,1.501506,0.543745,3.387280
Curve,Jab,Extend,0.114800,-0.141347,1.501790,0.545959,3.359177
Curve,Jab,Extend,0.115500,-0.140615,1.502071,0.548155,3.330412
Curve,Jab,Extend,0.116200,-0.139890,1.502350,0.550331,3.301032
Curve,Jab,Extend,0.116900,-0.139171,1.502627,0.552487,3.271265
Curve,Jab,Extend,0.117600,-0.138459,1.502900,0.554624,3.240648
Curve,Jab,Extend,0.118300,-0.137754,1.503172,0.556740,3.209523
Curve,Jab,Extend,0.119000,-0.137055,1.503440,0.558834,3.177877
Curve,Jab,Extend,0.119700,-0.136364,1.503706,0.560908,3.145509
Curve,Jab,Extend,0.120400,-0.135680,1.503969,0.562960,3.112607
Curve,Jab,Extend,0.121100,-0.135003,1.504229,0.564990,3.079062
Curve,Jab,Extend,0.121800,-0.134334,1.504487,0.566997,3.044970
Curve,Jab,Extend,0.122500,-0.133673,1.504741,0.568981,3.010248
Curve,Jab,Extend,0.123200,-0.133019,1.504993,0.570943,2.974979
Curve,Jab,Extend,0.123900,-0.132373,1.505241,0.572880,2.939014
Curve,Jab,Extend,0.124600,-0.131736,1.505486,0.574794,2.902562
Curve,Jab,Extend,0.125300,-0.131106,1.505728,0.576682,2.865387
Curve,Jab,Extend,0.126000,-0.130485,1.505967,0.578547,2.827712
Curve,Jab,Extend,0.126700,-0.129872,1.506203,0.580385,2.789367
Curve,Jab,Extend,0.127400,-0.129267,1.506436,0.582199,2.750568
Curve,Jab,Extend,0.128100,-0.128672,1.506665,0.583986,2.710974
Curve,Jab,Extend,0.128800,-0.128085,1.506891,0.585746,2.670898
Curve,Jab,Extend,0.129500,-0.127507,1.507113,0.587480,2.630148
Curve,Jab,Extend,0.130200,-0.126938,1.507332,0.589187,2.588895
Curve,Jab,Extend,0.130900,-0.126378,1.507547,0.590866,2.547048
Curve,Jab,Extend,0.131600,-0.125828,1.507759,0.592517,2.504466
Curve,Jab,Extend,0.132300,-0.125287,1.507967,0.594140,2.461415
Curve,Jab,Extend,0.133000,-0.124756,1.508171,0.595733,2.417663
Curve,Jab,Extend,0.133700,-0.124234,1.508371,0.597298,2.373335
Curve,Jab,Extend,0.134400,-0.123722,1.508568,0.598833,2.328514
Curve,Jab,Extend,0.135100,-0.123221,1.508761,0.600338,2.283030
Curve,Jab,Extend,0.135800,-0.122729,1.508950,0.601813,2.236911
Curve,Jab,Extend,0.136500,-0.122248,1.509135,0.603256,2.190244
Curve,Jab,Extend,0.137200,-0.121777,1.509317,0.604669,2.142903
Curve,Jab,Extend,0.137900,-0.121317,1.509494,0.606050,2.095039
Curve,Jab,Extend,0.138600,-0.120867,1.509667,0.607399,2.046587
Curve,Jab,Extend,0.139300,-0.120428,1.509835,0.608716,1.997400
Curve,Jab,Extend,0.140000,-0.120000,1.510000,0.610000,1.947772
Curve,Jab,Recover,0.001400,-0.121493,1.509701,0.605075,3.682237
Curve,Jab,Recover,0.002800,-0.122970,1.509406,0.600199,3.645390
Curve,Jab,Recover,0.004200,-0.124433,1.509113,0.595372,3.608755
Curve,Jab,Recover,0.005600,-0.125881,1.508824,0.590593,3.572345
Curve,Jab,Recover,0.007000,-0.127314,1.508537,0.585864,3.536036
Curve,Jab,Recover,0.008400,-0.128733,1.508253,0.581182,3.499939
Curve,Jab,Recover,0.009800,-0.130137,1.507973,0.576549,3.464068
Curve,Jab,Recover,0.011200,-0.131526,1.507695,0.571963,3.428368
Curve,Jab,Recover,0.012600,-0.132902,1.507420,0.567425,3.392813
Curve,Jab,Recover,0.014000,-0.134263,1.507148,0.562934,3.357517
Curve,Jab,Recover,0.015400,-0.135609,1.506878,0.558490,3.322320
Curve,Jab,Recover,0.016800,-0.136942,1.506612,0.554093,3.287375
Curve,Jab,Recover,0.018200,-0.138260,1.506348,0.549742,3.252538
Curve,Jab,Recover,0.019600,-0.139564,1.506087,0.545438,3.217995
Curve,Jab,Recover,0.021000,-0.140855,1.505829,0.541180,3.183551
Curve,Jab,Recover,0.022400,-0.142131,1.505574,0.536967,3.149329
Curve,Jab,Recover,0.023800,-0.143394,1.505321,0.532800,3.115280
Curve,Jab,Recover,0.025200,-0.144643,1.505071,0.528678,3.081423
Curve,Jab,Recover,0.026600,-0.145878,1.504824,0.524602,3.047727
Curve,Jab,Recover,0.028000,-0.147100,1.504580,0.520570,3.014222
Curve,Jab,Recover,0.029400,-0.148308,1.504338,0.516583,2.980972
Curve,Jab,Recover,0.030800,-0.149503,1.504099,0.512640,2.947824
Curve,Jab,Recover,0.032200,-0.150685,1.503863,0.508741,2.914889
Curve,Jab,Recover,0.033600,-0.151853,1.503629,0.504886,2.882100
Curve,Jab,Recover,0.035000,-0.153008,1.503398,0.501074,2.849564
Curve,Jab,Recover,0.036400,-0.154150,1.503170,0.497306,2.817213
Curve,Jab,Recover,0.037800,-0.155279,1.502944,0.493581,2.784975
Curve,Jab,Recover,0.039200,-0.156394,1.502721,0.489899,2.752977
Curve,Jab,Recover,0.040600,-0.157497,1.502501,0.486259,2.721159
Curve,Jab,Recover,0.042000,-0.158588,1.502283,0.482661,2.689522
Curve,Jab,Recover,0.043400,-0.159665,1.502067,0.479106,2.658043
Curve,Jab,Recover,0.044800,-0.160730,1.501854,0.475592,2.626801
Curve,Jab,Recover,0.046200,-0.161782,1.501644,0.472120,2.595698
Curve,Jab,Recover,0.047600,-0.162821,1.501436,0.468690,2.564793
Curve,Jab,Recover,0.049000,-0.163848,1.501230,0.465300,2.534070
Curve,Jab,Recover,0.050400,-0.164863,1.501027,0.461951,2.503571
Curve,Jab,Recover,0.051800,-0.165866,1.500827,0.458643,2.473200
Curve,Jab,Recover,0.053200,-0.166856,1.500629,0.455376,2.443032
Curve,Jab,Recover,0.054600,-0.167834,1.500433,0.452148,2.413064
Curve,Jab,Recover,0.056000,-0.168800,1.500240,0.448960,2.383297
Curve,Jab,Recover,0.057400,-0.169754,1.500049,0.445812,2.353683
Curve,Jab,Recover,0.058800,-0.170696,1.499861,0.442703,2.324234
Curve,Jab,Recover,0.060200,-0.171626,1.499675,0.439633,2.295022
Curve,Jab,Recover,0.061600,-0.172545,1.499491,0.436602,2.265986
Curve,Jab,Recover,0.063000,-0.173452,1.499310,0.433610,2.237093
Curve,Jab,Recover,0.064400,-0.174347,1.499131,0.430656,2.208419
Curve,Jab,Recover,0.065800,-0.175230,1.498954,0.427740,2.179939
Curve,Jab,Recover,0.067200,-0.176102,1.498780,0.424862,2.151599
Curve,Jab,Recover,0.068600,-0.176963,1.498607,0.422022,2.123484
Curve,Jab,Recover,0.070000,-0.177813,1.498438,0.419219,2.095562
Curve,Jab,Recover,0.071400,-0.178651,1.498270,0.416453,2.067779
Curve,Jab,Recover,0.072800,-0.179478,1.498104,0.413724,2.040224
Curve,Jab,Recover,0.074200,-0.180294,1.497941,0.411032,2.012856
Curve,Jab,Recover,0.075600,-0.181098,1.497780,0.408376,1.985632
Curve,Jab,Recover,0.077000,-0.181892,1.497622,0.405756,1.958628
Curve,Jab,Recover,0.078400,-0.182675,1.497465,0.403172,1.931797
Curve,Jab,Recover,0.079800,-0.183447,1.497311,0.400624,1.905134
Curve,Jab,Recover,0.081200,-0.184209,1.497158,0.398111,1.878709
Curve,Jab,Recover,0.082600,-0.184960,1.497008,0.395633,1.852392
Curve,Jab,Recover,0.084000,-0.185700,1.496860,0.393190,1.826345
Curve,Jab,Recover,0.085400,-0.186430,1.496714,0.390782,1.800418
Curve,Jab,Recover,0.086800,-0.187149,1.496570,0.388408,1.774696
Curve,Jab,Recover,0.088200,-0.187858,1.496428,0.386068,1.749168
Curve,Jab,Recover,0.089600,-0.188557,1.496289,0.383763,1.723808
Curve,Jab,Recover,0.091000,-0.189245,1.496151,0.381491,1.698637
Curve,Jab,Recover,0.092400,-0.189924,1.496015,0.379252,1.673679
Curve,Jab,Recover,0.093800,-0.190592,1.495882,0.377046,1.648883
Curve,Jab,Recover,0.095200,-0.191250,1.495750,0.374874,1.624279
Curve,Jab,Recover,0.096600,-0.191899,1.495620,0.372734,1.599820
Curve,Jab,Recover,0.098000,-0.192538,1.495492,0.370626,1.575606
Curve,Jab,Recover,0.099400,-0.193166,1.495367,0.368551,1.551558
Curve,Jab,Recover,0.100800,-0.193786,1.495243,0.366508,1.527697
Curve,Jab,Recover,0.102200,-0.194395,1.495121,0.364496,1.503986
Curve,Jab,Recover,0.103600,-0.194995,1.495001,0.362516,1.480485
Curve,Jab,Recover,0.105000,-0.195586,1.494883,0.360566,1.457159
Curve,Jab,Recover,0.106400,-0.196167,1.494767,0.358648,1.434071
Curve,Jab,Recover,0.107800,-0.196739,1.494652,0.356761,1.411105
Curve,Jab,Recover,0.109200,-0.197302,1.494540,0.354904,1.388330
Curve,Jab,Recover,0.110600,-0.197856,1.494429,0.353077,1.365805
Curve,Jab,Recover,0.112000,-0.198400,1.494320,0.351280,1.343386
Curve,Jab,Recover,0.113400,-0.198936,1.494213,0.349513,1.321158
Curve,Jab,Recover,0.114800,-0.199462,1.494108,0.347775,1.299165
Curve,Jab,Recover,0.116200,-0.199980,1.494004,0.346067,1.277331
Curve,Jab,Recover,0.117600,-0.200489,1.493902,0.344387,1.255673
Curve,Jab,Recover,0.119000,-0.200989,1.493802,0.342736,1.234214
Curve,Jab,Recover,0.120400,-0.201481,1.493704,0.341114,1.212937
Curve,Jab,Recover,0.121800,-0.201964,1.493607,0.339520,1.191834
Curve,Jab,Recover,0.123200,-0.202438,1.493512,0.337953,1.170925
Curve,Jab,Recover,0.124600,-0.202905,1.493419,0.336415,1.150213
Curve,Jab,Recover,0.126000,-0.203363,1.493327,0.334904,1.129669
Curve,Jab,Recover,0.127400,-0.203812,1.493238,0.333420,1.109313
Curve,Jab,Recover,0.128800,-0.204254,1.493149,0.331963,1.089148
Curve,Jab,Recover,0.130200,-0.204687,1.493063,0.330533,1.069162
Curve,Jab,Recover,0.131600,-0.205112,1.492977,0.329129,1.049373
Curve,Jab,Recover,0.133000,-0.205530,1.492894,0.327752,1.029727
Curve,Jab,Recover,0.134400,-0.205939,1.492812,0.326401,1.010338
Curve,Jab,Recover,0.135800,-0.206341,1.492732,0.325075,0.991087
Curve,Jab,Recover,0.137200,-0.206735,1.492653,0.323775,0.972017
Curve,Jab,Recover,0.138600,-0.207121,1.492576,0.322500,0.953125
Curve,Jab,Recover,0.140000,-0.207500,1.492500,0.321250,0.934472
Curve,Jab,Recover,0.141400,-0.207871,1.492426,0.320025,0.915935
Curve,Jab,Recover,0.142800,-0.208235,1.492353,0.318824,0.897650
Curve,Jab,Recover,0.144200,-0.208592,1.492282,0.317648,0.879502
Curve,Jab,Recover,0.145600,-0.208941,1.492212,0.316495,0.861552
Curve,Jab,Recover,0.147000,-0.209283,1.492143,0.315367,0.843795
Curve,Jab,Recover,0.148400,-0.209618,1.492077,0.314262,0.826205
Curve,Jab,Recover,0.149800,-0.209946,1.492011,0.313180,0.808812
Curve,Jab,Recover,0.151200,-0.210266,1.491947,0.312121,0.791611
Curve,Jab,Recover,0.152600,-0.210580,1.491884,0.311085,0.774582
Curve,Jab,Recover,0.154000,-0.210888,1.491822,0.310071,0.757749
Curve,Jab,Recover,0.155400,-0.211188,1.491762,0.309080,0.741101
Curve,Jab,Recover,0.156800,-0.211482,1.491704,0.308111,0.724636
Curve,Jab,Recover,0.158200,-0.211769,1.491646,0.307163,0.708344
Curve,Jab,Recover,0.159600,-0.212049,1.491590,0.306237,0.692237
Curve,Jab,Recover,0.161000,-0.212323,1.491535,0.305333,0.676330
Curve,Jab,Recover,0.162400,-0.212591,1.491482,0.304449,0.660601
Curve,Jab,Recover,0.163800,-0.212853,1.491429,0.303586,0.645070
Curve,Jab,Recover,0.165200,-0.213108,1.491378,0.302744,0.629697
Curve,Jab,Recover,0.166600,-0.213357,1.491329,0.301922,0.614545
Curve,Jab,Recover,0.168000,-0.213600,1.491280,0.301120,0.599510
Curve,Jab,Recover,0.169400,-0.213837,1.491233,0.300338,0.584750
Curve,Jab,Recover,0.170800,-0.214068,1.491186,0.299575,0.570143
Curve,Jab,Recover,0.172200,-0.214293,1.491141,0.298832,0.555683
Curve,Jab,Recover,0.173600,-0.214513,1.491097,0.298108,0.541462
Curve,Jab,Recover,0.175000,-0.214727,1.491055,0.297402,0.527364
Curve,Jab,Recover,0.176400,-0.214935,1.491013,0.296716,0.513502
Curve,Jab,Recover,0.177800,-0.215137,1.490973,0.296047,0.499803
Curve,Jab,Recover,0.179200,-0.215334,1.490933,0.295397,0.486312
Curve,Jab,Recover,0.180600,-0.215526,1.490895,0.294764,0.472975
Curve,Jab,Recover,0.182000,-0.215713,1.490857,0.294149,0.459854
Curve,Jab,Recover,0.183400,-0.215894,1.490821,0.293551,0.446885
Curve,Jab,Recover,0.184800,-0.216070,1.490786,0.292970,0.434114
Curve,Jab,Recover,0.186200,-0.216241,1.490752,0.292407,0.421550
Curve,Jab,Recover,0.187600,-0.216406,1.490719,0.291859,0.409139
Curve,Jab,Recover,0.189000,-0.216567,1.490687,0.291328,0.396931
Curve,Jab,Recover,0.190400,-0.216723,1.490655,0.290813,0.384899
Curve,Jab,Recover,0.191800,-0.216874,1.490625,0.290314,0.373066
Curve,Jab,Recover,0.193200,-0.217021,1.490596,0.289831,0.361396
Curve,Jab,Recover,0.194600,-0.217163,1.490567,0.289363,0.349938
Curve,Jab,Recover,0.196000,-0.217300,1.490540,0.288910,0.338644
Curve,Jab,Recover,0.197400,-0.217433,1.490513,0.288472,0.327550
Curve,Jab,Recover,0.198800,-0.217561,1.490488,0.288048,0.316610
Curve,Jab,Recover,0.200200,-0.217685,1.490463,0.287639,0.305910
Curve,Jab,Recover,0.201600,-0.217805,1.490439,0.287244,0.295354
Curve,Jab,Recover,0.203000,-0.217920,1.490416,0.286863,0.284969
Curve,Jab,Recover,0.204400,-0.218032,1.490394,0.286495,0.274816
Curve,Jab,Recover,0.205800,-0.218139,1.490372,0.286141,0.264802
Curve,Jab,Recover,0.207200,-0.218242,1.490352,0.285800,0.255020
Curve,Jab,Recover,0.208600,-0.218342,1.490332,0.285472,0.245379
Curve,Jab,Recover,0.210000,-0.218438,1.490312,0.285156,0.235955
Curve,Jab,Recover,0.211400,-0.218529,1.490294,0.284853,0.226706
Curve,Jab,Recover,0.212800,-0.218618,1.490276,0.284562,0.217638
Curve,Jab,Recover,0.214200,-0.218702,1.490260,0.284283,0.208724
Curve,Jab,Recover,0.215600,-0.218783,1.490243,0.284015,0.200082
Curve,Jab,Recover,0.217000,-0.218861,1.490228,0.283759,0.191524
Curve,Jab,Recover,0.218400,-0.218935,1.490213,0.283514,0.183214
Curve,Jab,Recover,0.219800,-0.219006,1.490199,0.283280,0.175083
Curve,Jab,Recover,0.221200,-0.219074,1.490185,0.283056,0.167104
Curve,Jab,Recover,0.222600,-0.219139,1.490172,0.282843,0.159356
Curve,Jab,Recover,0.224000,-0.219200,1.490160,0.282640,0.151750
Curve,Jab,Recover,0.225400,-0.219259,1.490148,0.282447,0.144357
Curve,Jab,Recover,0.226800,-0.219314,1.490137,0.282264,0.137138
Curve,Jab,Recover,0.228200,-0.219367,1.490127,0.282089,0.130121
Curve,Jab,Recover,0.229600,-0.219417,1.490117,0.281925,0.123252
Curve,Jab,Recover,0.231000,-0.219464,1.490107,0.281769,0.116618
Curve,Jab,Recover,0.232400,-0.219509,1.490098,0.281621,0.110138
Curve,Jab,Recover,0.233800,-0.219551,1.490090,0.281482,0.103824
Curve,Jab,Recover,0.235200,-0.219590,1.490082,0.281352,0.097722
Curve,Jab,Recover,0.236600,-0.219628,1.490075,0.281229,0.091818
Curve,Jab,Recover,0.238000,-0.219663,1.490067,0.281114,0.086072
Curve,Jab,Recover,0.239400,-0.219695,1.490061,0.281006,0.080526
Curve,Jab,Recover,0.240800,-0.219726,1.490055,0.280906,0.075148
Curve,Jab,Recover,0.242200,-0.219754,1.490049,0.280812,0.069982
Curve,Jab,Recover,0.243600,-0.219780,1.490044,0.280725,0.064948
Curve,Jab,Recover,0.245000,-0.219805,1.490039,0.280645,0.060181
Curve,Jab,Recover,0.246400,-0.219827,1.490035,0.280570,0.055547
Curve,Jab,Recover,0.247800,-0.219848,1.490030,0.280502,0.051092
Curve,Jab,Recover,0.249200,-0.219867,1.490027,0.280439,0.046855
Curve,Jab,Recover,0.250600,-0.219884,1.490023,0.280382,0.042756
Curve,Jab,Recover,0.252000,-0.219900,1.490020,0.280330,0.038899
Curve,Jab,Recover,0.253400,-0.219914,1.490017,0.280283,0.035202
Curve,Jab,Recover,0.254800,-0.219927,1.490015,0.280241,0.031666
Curve,Jab,Recover,0.256200,-0.219939,1.490012,0.280203,0.028340
Curve,Jab,Recover,0.257600,-0.219949,1.490010,0.280169,0.025200
Curve,Jab,Recover,0.259000,-0.219958,1.490008,0.280139,0.022233
Curve,Jab,Recover,0.260400,-0.219966,1.490007,0.280113,0.019450
Curve,Jab,Recover,0.261800,-0.219973,1.490005,0.280091,0.016870
Curve,Jab,Recover,0.263200,-0.219978,1.490004,0.280071,0.014460
Curve,Jab,Recover,0.264600,-0.219983,1.490003,0.280055,0.012255
Curve,Jab,Recover,0.266000,-0.219988,1.490003,0.280041,0.010203
Curve,Jab,Recover,0.267400,-0.219991,1.490002,0.280030,0.008356
Curve,Jab,Recover,0.268800,-0.219994,1.490001,0.280021,0.006685
Curve,Jab,Recover,0.270200,-0.219996,1.490001,0.280014,0.005210
Curve,Jab,Recover,0.271600,-0.219997,1.490001,0.280009,0.003923
Curve,Jab,Recover,0.273000,-0.219998,1.490000,0.280005,0.002807
Curve,Jab,Recover,0.274400,-0.219999,1.490000,0.280003,0.001894
Curve,Jab,Recover,0.275800,-0.220000,1.490000,0.280001,0.001118
Curve,Jab,Recover,0.277200,-0.220000,1.490000,0.280000,0.000605
Curve,Jab,Recover,0.278600,-0.220000,1.490000,0.280000,0.000222
Curve,Jab,Recover,0.280000,-0.220000,1.490000,0.280000,0.000024
Fast,Jab,Commit,0.000200,-0.220002,1.489998,0.279996,0.027436
Fast,Jab,Commit,0.000400,-0.220009,1.489991,0.279982,0.082065
Fast,Jab,Commit,0.000600,-0.220020,1.489980,0.279960,0.135933
Fast,Jab,Commit,0.000800,-0.220036,1.489964,0.279929,0.189649
Fast,Jab,Commit,0.001000,-0.220055,1.489945,0.279889,0.242362
Fast,Jab,Commit,0.001200,-0.220079,1.489921,0.279841,0.294770
Fast,Jab,Commit,0.001400,-0.220108,1.489892,0.279785,0.346479
Fast,Jab,Commit,0.001600,-0.220140,1.489860,0.279720,0.397974
Fast,Jab,Commit,0.001800,-0.220177,1.489823,0.279646,0.448527
Fast,Jab,Commit,0.002000,-0.220218,1.489782,0.279565,0.498715
Fast,Jab,Commit,0.002200,-0.220262,1.489738,0.279476,0.548112
Fast,Jab,Commit,0.002400,-0.220311,1.489689,0.279378,0.597418
Fast,Jab,Commit,0.002600,-0.220364,1.489636,0.279273,0.645902
Fast,Jab,Commit,0.002800,-0.220420,1.489580,0.279159,0.693809
Fast,Jab,Commit,0.003000,-0.220481,1.489519,0.279038,0.740986
Fast,Jab,Commit,0.003200,-0.220545,1.489455,0.278909,0.788101
Fast,Jab,Commit,0.003400,-0.220613,1.489387,0.278773,0.834517
Fast,Jab,Commit,0.003600,-0.220685,1.489315,0.278630,0.879838
Fast,Jab,Commit,0.003800,-0.220761,1.489239,0.278478,0.925342
Fast,Jab,Commit,0.004000,-0.220840,1.489160,0.278320,0.969751
Fast,Jab,Commit,0.004200,-0.220923,1.489077,0.278154,1.014251
Fast,Jab,Commit,0.004400,-0.221009,1.488991,0.277982,1.057351
Fast,Jab,Commit,0.004600,-0.221099,1.488901,0.277802,1.100543
Fast,Jab,Commit,0.004800,-0.221192,1.488808,0.277615,1.143066
Fast,Jab,Commit,0.005000,-0.221289,1.488711,0.277422,1.184767
Fast,Jab,Commit,0.005200,-0.221389,1.488611,0.277222,1.226165
Fast,Jab,Commit,0.005400,-0.221493,1.488507,0.277015,1.267136
Fast,Jab,Commit,0.005600,-0.221599,1.488401,0.276801,1.306952
Fast,Jab,Commit,0.005800,-0.221709,1.488291,0.276581,1.346981
Fast,Jab,Commit,0.006000,-0.221823,1.488178,0.276355,1.386066
Fast,Jab,Commit,0.006200,-0.221939,1.488061,0.276122,1.424635
Fast,Jab,Commit,0.006400,-0.222058,1.487942,0.275884,1.462626
Fast,Jab,Commit,0.006600,-0.222181,1.487819,0.275639,1.500008
Fast,Jab,Commit,0.006800,-0.222306,1.487694,0.275388,1.537117
Fast,Jab,Commit,0.007000,-0.222435,1.487565,0.275131,1.573434
Fast,Jab,Commit,0.007200,-0.222566,1.487434,0.274868,1.609235
Fast,Jab,Commit,0.007400,-0.222700,1.487300,0.274599,1.644427
Fast,Jab,Commit,0.007600,-0.222838,1.487163,0.274325,1.679194
Fast,Jab,Commit,0.007800,-0.222977,1.487023,0.274045,1.713413
Fast,Jab,Commit,0.008000,-0.223120,1.486880,0.273760,1.746932
Fast,Jab,Commit,0.008200,-0.223265,1.486735,0.273469,1.780147
Fast,Jab,Commit,0.008400,-0.223413,1.486587,0.273173,1.812480
Fast,Jab,Commit,0.008600,-0.223564,1.486436,0.272872,1.844570
Fast,Jab,Commit,0.008800,-0.223717,1.486283,0.272566,1.875991
Fast,Jab,Commit,0.009000,-0.223873,1.486127,0.272254,1.906803
Fast,Jab,Commit,0.009200,-0.224031,1.485969,0.271938,1.937250
Fast,Jab,Commit,0.009400,-0.224192,1.485808,0.271617,1.966785
Fast,Jab,Commit,0.009600,-0.224355,1.485645,0.271291,1.996259
Fast,Jab,Commit,0.009800,-0.224520,1.485480,0.270960,2.024608
Fast,Jab,Commit,0.010000,-0.224688,1.485312,0.270625,2.053047
Fast,Jab,Commit,0.010200,-0.224857,1.485143,0.270285,2.080483
Fast,Jab,Commit,0.010400,-0.225029,1.484971,0.269941,2.107402
Fast,Jab,Commit,0.010600,-0.225204,1.484796,0.269593,2.134078
Fast,Jab,Commit,0.010800,-0.225380,1.484620,0.269240,2.159658
Fast,Jab,Commit,0.011000,-0.225558,1.484442,0.268883,2.185178
Fast,Jab,Commit,0.011200,-0.225739,1.484261,0.268522,2.209907
Fast,Jab,Commit,0.011400,-0.225921,1.484079,0.268157,2.234119
Fast,Jab,Commit,0.011600,-0.226106,1.483894,0.267789,2.258027
Fast,Jab,Commit,0.011800,-0.226292,1.483708,0.267416,2.280991
Fast,Jab,Commit,0.012000,-0.226480,1.483520,0.267040,2.303561
Fast,Jab,Commit,0.012200,-0.226670,1.483330,0.266660,2.325826
Fast,Jab,Commit,0.012400,-0.226862,1.483138,0.266277,2.347239
Fast,Jab,Commit,0.012600,-0.227055,1.482945,0.265890,2.368136
Fast,Jab,Commit,0.012800,-0.227250,1.482750,0.265500,2.388576
Fast,Jab,Commit,0.013000,-0.227447,1.482553,0.265107,2.408164
Fast,Jab,Commit,0.013200,-0.227645,1.482355,0.264710,2.427844
Fast,Jab,Commit,0.013400,-0.227845,1.482155,0.264311,2.446368
Fast,Jab,Commit,0.013600,-0.228046,1.481954,0.263909,2.464527
Fast,Jab,Commit,0.013800,-0.228248,1.481752,0.263503,2.482290
Fast,Jab,Commit,0.014000,-0.228453,1.481547,0.263095,2.499385
Fast,Jab,Commit,0.014200,-0.228658,1.481342,0.262684,2.515749
Fast,Jab,Commit,0.014400,-0.228865,1.481135,0.262271,2.531809
Fast,Jab,Commit,0.014600,-0.229073,1.480927,0.261855,2.547261
Fast,Jab,Commit,0.014800,-0.229282,1.480718,0.261436,2.561922
Fast,Jab,Commit,0.015000,-0.229492,1.480508,0.261016,2.576613
Fast,Jab,Commit,0.015200,-0.229704,1.480296,0.260593,2.590209
Fast,Jab,Commit,0.015400,-0.229916,1.480084,0.260168,2.603349
Fast,Jab,Commit,0.015600,-0.230130,1.479870,0.259740,2.616185
Fast,Jab,Commit,0.015800,-0.230344,1.479656,0.259311,2.628535
Fast,Jab,Commit,0.016000,-0.230560,1.479440,0.258880,2.639880
Fast,Jab,Commit,0.016200,-0.230776,1.479224,0.258447,2.650678
Fast,Jab,Commit,0.016400,-0.230994,1.479006,0.258013,2.661294
Fast,Jab,Commit,0.016600,-0.231212,1.478788,0.257576,2.671361
Fast,Jab,Commit,0.016800,-0.231431,1.478569,0.257139,2.680730
Fast,Jab,Commit,0.017000,-0.231650,1.478350,0.256699,2.689338
Fast,Jab,Commit,0.017200,-0.231871,1.478129,0.256259,2.697794
Fast,Jab,Commit,0.017400,-0.232092,1.477908,0.255817,2.705398
Fast,Jab,Commit,0.017600,-0.232313,1.477687,0.255374,2.712455
Fast,Jab,Commit,0.017800,-0.232535,1.477465,0.254930,2.719238
Fast,Jab,Commit,0.018000,-0.232758,1.477242,0.254485,2.725382
Fast,Jab,Commit,0.018200,-0.232981,1.477020,0.254039,2.730826
Fast,Jab,Commit,0.018400,-0.233204,1.476796,0.253592,2.735754
Fast,Jab,Commit,0.018600,-0.233428,1.476572,0.253145,2.740134
Fast,Jab,Commit,0.018800,-0.233652,1.476348,0.252697,2.743967
Fast,Jab,Commit,0.019000,-0.233876,1.476124,0.252248,2.747282
Fast,Jab,Commit,0.019200,-0.234101,1.475900,0.251799,2.749959
Fast,Jab,Commit,0.019400,-0.234325,1.475675,0.251350,2.752270
Fast,Jab,Commit,0.019600,-0.234550,1.475450,0.250900,2.754126
Fast,Jab,Commit,0.019800,-0.234775,1.475225,0.250450,2.755038
Fast,Jab,Commit,0.020000,-0.235000,1.475000,0.250000,2.755495
Fast,Jab,Commit,0.020200,-0.235225,1.474775,0.249550,2.755495
Fast,Jab,Commit,0.020400,-0.235450,1.474550,0.249100,2.755038
Fast,Jab,Commit,0.020600,-0.235675,1.474325,0.248650,2.754126
Fast,Jab,Commit,0.020800,-0.235900,1.474100,0.248201,2.752270
Fast,Jab,Commit,0.021000,-0.236124,1.473876,0.247752,2.749837
Fast,Jab,Commit,0.021200,-0.236348,1.473652,0.247303,2.747404
Fast,Jab,Commit,0.021400,-0.236572,1.473428,0.246855,2.743967
Fast,Jab,Commit,0.021600,-0.236796,1.473204,0.246408,2.740256
Fast,Jab,Commit,0.021800,-0.237020,1.472980,0.245961,2.735784
Fast,Jab,Commit,0.022000,-0.237243,1.472758,0.245515,2.730675
Fast,Jab,Commit,0.022200,-0.237465,1.472535,0.245070,2.725321
Fast,Jab,Commit,0.022400,-0.237687,1.472313,0.244626,2.719298
Fast,Jab,Commit,0.022600,-0.237909,1.472092,0.244183,2.712394
Fast,Jab,Commit,0.022800,-0.238129,1.471871,0.243741,2.705459
Fast,Jab,Commit,0.023000,-0.238350,1.471650,0.243301,2.697794
Fast,Jab,Commit,0.023200,-0.238569,1.471431,0.242861,2.689399
Fast,Jab,Commit,0.023400,-0.238788,1.471212,0.242424,2.680608
Fast,Jab,Commit,0.023600,-0.239006,1.470994,0.241988,2.671331
Fast,Jab,Commit,0.023800,-0.239224,1.470776,0.241553,2.661385
Fast,Jab,Commit,0.024000,-0.239440,1.470560,0.241120,2.650678
Fast,Jab,Commit,0.024200,-0.239656,1.470345,0.240689,2.639910
Fast,Jab,Commit,0.024400,-0.239870,1.470130,0.240260,2.628443
Fast,Jab,Commit,0.024600,-0.240084,1.469916,0.239833,2.616185
Fast,Jab,Commit,0.024800,-0.240296,1.469704,0.239407,2.603410
Fast,Jab,Commit,0.025000,-0.240508,1.469492,0.238984,2.590209
Fast,Jab,Commit,0.025200,-0.240718,1.469282,0.238564,2.576552
Fast,Jab,Commit,0.025400,-0.240927,1.469073,0.238145,2.561922
Fast,Jab,Commit,0.025600,-0.241135,1.468865,0.237729,2.547322
Fast,Jab,Commit,0.025800,-0.241342,1.468658,0.237316,2.531809
Fast,Jab,Commit,0.026000,-0.241548,1.468453,0.236905,2.515810
Fast,Jab,Commit,0.026200,-0.241752,1.468248,0.236497,2.499324
Fast,Jab,Commit,0.026400,-0.241954,1.468046,0.236092,2.482168
Fast,Jab,Commit,0.026600,-0.242156,1.467845,0.235689,2.464587
Fast,Jab,Commit,0.026800,-0.242355,1.467645,0.235290,2.446520
Fast,Jab,Commit,0.027000,-0.242553,1.467447,0.234893,2.427753
Fast,Jab,Commit,0.027200,-0.242750,1.467250,0.234500,2.408164
Fast,Jab,Commit,0.027400,-0.242945,1.467055,0.234110,2.388576
Fast,Jab,Commit,0.027600,-0.243139,1.466862,0.233723,2.368136
Fast,Jab,Commit,0.027800,-0.243330,1.466670,0.233340,2.347239
Fast,Jab,Commit,0.028000,-0.243520,1.466480,0.232960,2.325795
Fast,Jab,Commit,0.028200,-0.243708,1.466292,0.232584,2.303591
Fast,Jab,Commit,0.028400,-0.243894,1.466106,0.232211,2.280991
Fast,Jab,Commit,0.028600,-0.244079,1.465921,0.231843,2.258027
Fast,Jab,Commit,0.028800,-0.244261,1.465739,0.231478,2.234180
Fast,Jab,Commit,0.029000,-0.244442,1.465559,0.231117,2.209785
Fast,Jab,Commit,0.029200,-0.244620,1.465380,0.230760,2.185239
Fast,Jab,Commit,0.029400,-0.244796,1.465204,0.230407,2.159811
Fast,Jab,Commit,0.029600,-0.244971,1.465029,0.230059,2.133926
Fast,Jab,Commit,0.029800,-0.245143,1.464857,0.229715,2.107402
Fast,Jab,Commit,0.030000,-0.245313,1.464688,0.229375,2.080362
Fast,Jab,Commit,0.030200,-0.245480,1.464520,0.229040,2.053108
Fast,Jab,Commit,0.030400,-0.245645,1.464355,0.228709,2.024608
Fast,Jab,Commit,0.030600,-0.245808,1.464192,0.228383,1.996320
Fast,Jab,Commit,0.030800,-0.245969,1.464031,0.228062,1.966785
Fast,Jab,Commit,0.031000,-0.246127,1.463873,0.227746,1.937281
Fast,Jab,Commit,0.031200,-0.246283,1.463717,0.227434,1.906773
Fast,Jab,Commit,0.031400,-0.246436,1.463564,0.227128,1.875808
Fast,Jab,Commit,0.031600,-0.246587,1.463413,0.226827,1.844692
Fast,Jab,Commit,0.031800,-0.246735,1.463265,0.226531,1.812480
Fast,Jab,Commit,0.032000,-0.246880,1.463120,0.226240,1.780269
Fast,Jab,Commit,0.032200,-0.247023,1.462977,0.225955,1.746871
Fast,Jab,Commit,0.032400,-0.247163,1.462837,0.225675,1.713443
Fast,Jab,Commit,0.032600,-0.247300,1.462700,0.225401,1.679163
Fast,Jab,Commit,0.032800,-0.247434,1.462566,0.225132,1.644427
Fast,Jab,Commit,0.033000,-0.247565,1.462435,0.224869,1.609235
Fast,Jab,Commit,0.033200,-0.247694,1.462306,0.224612,1.573434
Fast,Jab,Commit,0.033400,-0.247819,1.462181,0.224361,1.537086
Fast,Jab,Commit,0.033600,-0.247942,1.462058,0.224117,1.500038
Fast,Jab,Commit,0.033800,-0.248061,1.461939,0.223878,1.462626
Fast,Jab,Commit,0.034000,-0.248178,1.461823,0.223645,1.424665
Fast,Jab,Commit,0.034200,-0.248291,1.461709,0.223419,1.385945
Fast,Jab,Commit,0.034400,-0.248401,1.461599,0.223199,1.347041
Fast,Jab,Commit,0.034600,-0.248507,1.461493,0.222985,1.307074
Fast,Jab,Commit,0.034800,-0.248611,1.461389,0.222778,1.267015
Fast,Jab,Commit,0.035000,-0.248711,1.461289,0.222578,1.226226
Fast,Jab,Commit,0.035200,-0.248808,1.461192,0.222385,1.184707
Fast,Jab,Commit,0.035400,-0.248901,1.461099,0.222198,1.143036
Fast,Jab,Commit,0.035600,-0.248991,1.461009,0.222018,1.100604
Fast,Jab,Commit,0.035800,-0.249077,1.460923,0.221846,1.057351
Fast,Jab,Commit,0.036000,-0.249160,1.460840,0.221680,1.014220
Fast,Jab,Commit,0.036200,-0.249239,1.460761,0.221522,0.969811
Fast,Jab,Commit,0.036400,-0.249315,1.460685,0.221371,0.925312
Fast,Jab,Commit,0.036600,-0.249387,1.460613,0.221227,0.879899
Fast,Jab,Commit,0.036800,-0.249455,1.460545,0.221091,0.834487
Fast,Jab,Commit,0.037000,-0.249519,1.460481,0.220962,0.788071
Fast,Jab,Commit,0.037200,-0.249580,1.460420,0.220841,0.740986
Fast,Jab,Commit,0.037400,-0.249636,1.460364,0.220728,0.693748
Fast,Jab,Commit,0.037600,-0.249689,1.460311,0.220622,0.645994
Fast,Jab,Commit,0.037800,-0.249738,1.460262,0.220525,0.597327
Fast,Jab,Commit,0.038000,-0.249783,1.460218,0.220435,0.548173
Fast,Jab,Commit,0.038200,-0.249823,1.460177,0.220354,0.498776
Fast,Jab,Commit,0.038400,-0.249860,1.460140,0.220280,0.448466
Fast,Jab,Commit,0.038600,-0.249892,1.460108,0.220215,0.397974
Fast,Jab,Commit,0.038800,-0.249921,1.460079,0.220159,0.346509
Fast,Jab,Commit,0.039000,-0.249945,1.460055,0.220111,0.294740
Fast,Jab,Commit,0.039200,-0.249965,1.460036,0.220071,0.242422
Fast,Jab,Commit,0.039400,-0.249980,1.460020,0.220040,0.189436
Fast,Jab,Commit,0.039600,-0.249991,1.460009,0.220018,0.136085
Fast,Jab,Commit,0.039800,-0.249998,1.460002,0.220005,0.082004
Fast,Jab,Commit,0.040000,-0.250000,1.460000,0.220000,0.027497
Fast,Jab,Extend,0.000350,-0.249992,1.460003,0.220023,0.069322
Fast,Jab,Extend,0.000700,-0.249970,1.460012,0.220091,0.207163
Fast,Jab,Extend,0.001050,-0.249932,1.460026,0.220204,0.343735
Fast,Jab,Extend,0.001400,-0.249879,1.460047,0.220362,0.479210
Fast,Jab,Extend,0.001750,-0.249812,1.460072,0.220565,0.613468
Fast,Jab,Extend,0.002100,-0.249730,1.460104,0.220811,0.746498
Fast,Jab,Extend,0.002450,-0.249633,1.460141,0.221100,0.878295
Fast,Jab,Extend,0.002800,-0.249522,1.460184,0.221433,1.008971
Fast,Jab,Extend,0.003150,-0.249397,1.460232,0.221808,1.138376
Fast,Jab,Extend,0.003500,-0.249258,1.460285,0.222225,1.266645
Fast,Jab,Extend,0.003850,-0.249105,1.460344,0.222685,1.393724
Fast,Jab,Extend,0.004200,-0.248938,1.460408,0.223186,1.519560
Fast,Jab,Extend,0.004550,-0.248758,1.460478,0.223728,1.644192
Fast,Jab,Extend,0.004900,-0.248563,1.460553,0.224310,1.767675
Fast,Jab,Extend,0.005250,-0.248356,1.460632,0.224933,1.889900
Fast,Jab,Extend,0.005600,-0.248135,1.460717,0.225596,2.010963
Fast,Jab,Extend,0.005950,-0.247901,1.460808,0.226298,2.130877
Fast,Jab,Extend,0.006300,-0.247653,1.460903,0.227040,2.249465
Fast,Jab,Extend,0.006650,-0.247393,1.461003,0.227820,2.366985
Fast,Jab,Extend,0.007000,-0.247121,1.461107,0.228639,2.483194
Fast,Jab,Extend,0.007350,-0.246835,1.461217,0.229495,2.598227
Fast,Jab,Extend,0.007700,-0.246537,1.461332,0.230389,2.712245
Fast,Jab,Extend,0.008050,-0.246227,1.461451,0.231320,2.824790
Fast,Jab,Extend,0.008400,-0.245904,1.461575,0.232288,2.936347
Fast,Jab,Extend,0.008750,-0.245569,1.461704,0.233292,3.046554
Fast,Jab,Extend,0.009100,-0.245223,1.461838,0.234332,3.155650
Fast,Jab,Extend,0.009450,-0.244864,1.461975,0.235408,3.263597
Fast,Jab,Extend,0.009800,-0.244494,1.462118,0.236519,3.370180
Fast,Jab,Extend,0.010150,-0.244112,1.462265,0.237664,3.475708
Fast,Jab,Extend,0.010500,-0.243719,1.462416,0.238844,3.579964
Fast,Jab,Extend,0.010850,-0.243314,1.462572,0.240058,3.683059
Fast,Jab,Extend,0.011200,-0.242898,1.462732,0.241306,3.785043
Fast,Jab,Extend,0.011550,-0.242471,1.462896,0.242587,3.885649
Fast,Jab,Extend,0.011900,-0.242033,1.463064,0.243900,3.985134
Fast,Jab,Extend,0.012250,-0.241585,1.463237,0.245246,4.083480
Fast,Jab,Extend,0.012600,-0.241125,1.463413,0.246624,4.180518
Fast,Jab,Extend,0.012950,-0.240656,1.463594,0.248034,4.276446
Fast,Jab,Extend,0.013300,-0.240175,1.463779,0.249474,4.371184
Fast,Jab,Extend,0.013650,-0.239685,1.463967,0.250946,4.464623
Fast,Jab,Extend,0.014000,-0.239184,1.464160,0.252448,4.556942
Fast,Jab,Extend,0.014350,-0.238673,1.464356,0.253980,4.648042
Fast,Jab,Extend,0.014700,-0.238153,1.464557,0.255542,4.738035
Fast,Jab,Extend,0.015050,-0.237622,1.464761,0.257133,4.826649
Fast,Jab,Extend,0.015400,-0.237083,1.464968,0.258752,4.914234
Fast,Jab,Extend,0.015750,-0.236533,1.465180,0.260401,5.000481
Fast,Jab,Extend,0.016100,-0.235974,1.465394,0.262077,5.085607
Fast,Jab,Extend,0.016450,-0.235406,1.465613,0.263781,5.169595
Fast,Jab,Extend,0.016800,-0.234829,1.465835,0.265512,5.252206
Fast,Jab,Extend,0.017150,-0.234243,1.466060,0.267270,5.333869
Fast,Jab,Extend,0.017500,-0.233648,1.466289,0.269055,5.414073
Fast,Jab,Extend,0.017850,-0.233045,1.466521,0.270865,5.493303
Fast,Jab,Extend,0.018200,-0.232433,1.466757,0.272702,5.571141
Fast,Jab,Extend,0.018550,-0.231812,1.466995,0.274563,5.647882
Fast,Jab,Extend,0.018900,-0.231183,1.467237,0.276450,5.723488
Fast,Jab,Extend,0.019250,-0.230546,1.467482,0.278361,5.797784
Fast,Jab,Extend,0.019600,-0.229901,1.467730,0.280296,5.870943
Fast,Jab,Extend,0.019950,-0.229248,1.467981,0.282255,5.942845
Fast,Jab,Extend,0.020300,-0.228588,1.468235,0.284237,6.013597
Fast,Jab,Extend,0.020650,-0.227919,1.468493,0.286242,6.083094
Fast,Jab,Extend,0.021000,-0.227244,1.468753,0.288270,6.151492
Fast,Jab,Extend,0.021350,-0.226560,1.469015,0.290319,6.218702
Fast,Jab,Extend,0.021700,-0.225870,1.469281,0.292391,6.284574
Fast,Jab,Extend,0.022050,-0.225172,1.469549,0.294484,6.349284
Fast,Jab,Extend,0.022400,-0.224468,1.469820,0.296597,6.412883
Fast,Jab,Extend,0.022750,-0.223756,1.470094,0.298732,6.475240
Fast,Jab,Extend,0.023100,-0.223038,1.470370,0.300886,6.536500
Fast,Jab,Extend,0.023450,-0.222313,1.470649,0.303060,6.596342
Fast,Jab,Extend,0.023800,-0.221582,1.470930,0.305254,6.655049
Fast,Jab,Extend,0.024150,-0.220845,1.471214,0.307466,6.712753
Fast,Jab,Extend,0.024500,-0.220101,1.471500,0.309698,6.769025
Fast,Jab,Extend,0.024850,-0.219351,1.471788,0.311947,6.824215
Fast,Jab,Extend,0.025200,-0.218595,1.472079,0.314214,6.878230
Fast,Jab,Extend,0.025550,-0.217834,1.472372,0.316499,6.930878
Fast,Jab,Extend,0.025900,-0.217067,1.472667,0.318800,6.982647
Fast,Jab,Extend,0.026250,-0.216294,1.472964,0.321118,7.032890
Fast,Jab,Extend,0.026600,-0.215516,1.473263,0.323453,7.082063
Fast,Jab,Extend,0.026950,-0.214733,1.473565,0.325803,7.130034
Fast,Jab,Extend,0.027300,-0.213944,1.473868,0.328168,7.176828
Fast,Jab,Extend,0.027650,-0.213150,1.474173,0.330549,7.222499
Fast,Jab,Extend,0.028000,-0.212352,1.474480,0.332944,7.266793
Fast,Jab,Extend,0.028350,-0.211549,1.474789,0.335354,7.310017
Fast,Jab,Extend,0.028700,-0.210741,1.475100,0.337777,7.351971
Fast,Jab,Extend,0.029050,-0.209929,1.475412,0.340214,7.392776
Fast,Jab,Extend,0.029400,-0.209112,1.475726,0.342663,7.432377
Fast,Jab,Extend,0.029750,-0.208291,1.476042,0.345126,7.470854
Fast,Jab,Extend,0.030100,-0.207467,1.476359,0.347600,7.507848
Fast,Jab,Extend,0.030450,-0.206638,1.476678,0.350087,7.544055
Fast,Jab,Extend,0.030800,-0.205805,1.476998,0.352585,7.578721
Fast,Jab,Extend,0.031150,-0.204969,1.477320,0.355094,7.612400
Fast,Jab,Extend,0.031500,-0.204129,1.477643,0.357614,7.644700
Fast,Jab,Extend,0.031850,-0.203285,1.477967,0.360144,7.676080
Fast,Jab,Extend,0.032200,-0.202439,1.478293,0.362684,7.705946
Fast,Jab,Extend,0.032550,-0.201589,1.478620,0.365234,7.734799
Fast,Jab,Extend,0.032900,-0.200736,1.478948,0.367792,7.762475
Fast,Jab,Extend,0.033250,-0.199880,1.479277,0.370359,7.788800
Fast,Jab,Extend,0.033600,-0.199022,1.479607,0.372935,7.814095
Fast,Jab,Extend,0.033950,-0.198161,1.479938,0.375518,7.838026
Fast,Jab,Extend,0.034300,-0.197297,1.480271,0.378110,7.860942
Fast,Jab,Extend,0.034650,-0.196431,1.480604,0.380708,7.882521
Fast,Jab,Extend,0.035000,-0.195563,1.480937,0.383313,7.902896
Fast,Jab,Extend,0.035350,-0.194692,1.481272,0.385924,7.922096
Fast,Jab,Extend,0.035700,-0.193820,1.481608,0.388541,7.940277
Fast,Jab,Extend,0.036050,-0.192946,1.481944,0.391164,7.956977
Fast,Jab,Extend,0.036400,-0.192070,1.482281,0.393791,7.972579
Fast,Jab,Extend,0.036750,-0.191192,1.482618,0.396424,7.987232
Fast,Jab,Extend,0.037100,-0.190313,1.482957,0.399061,8.000281
Fast,Jab,Extend,0.037450,-0.189433,1.483295,0.401702,8.012502
Fast,Jab,Extend,0.037800,-0.188551,1.483634,0.404347,8.023144
Fast,Jab,Extend,0.038150,-0.187669,1.483974,0.406994,8.032876
Fast,Jab,Extend,0.038500,-0.186785,1.484313,0.409645,8.041341
Fast,Jab,Extend,0.038850,-0.185901,1.484654,0.412298,8.048532
Fast,Jab,Extend,0.039200,-0.185016,1.484994,0.414953,8.054616
Fast,Jab,Extend,0.039550,-0.184130,1.485335,0.417609,8.059389
Fast,Jab,Extend,0.039900,-0.183244,1.485675,0.420267,8.063106
Fast,Jab,Extend,0.040250,-0.182358,1.486016,0.422925,8.065605
Fast,Jab,Extend,0.040600,-0.181472,1.486357,0.425584,8.066850
Fast,Jab,Extend,0.040950,-0.180586,1.486698,0.428243,8.066781
Fast,Jab,Extend,0.041300,-0.179700,1.487039,0.430902,8.065767
Fast,Jab,Extend,0.041650,-0.178814,1.487379,0.433559,8.063373
Fast,Jab,Extend,0.042000,-0.177928,1.487720,0.436216,8.059937
Fast,Jab,Extend,0.042350,-0.177043,1.488060,0.438871,8.055217
Fast,Jab,Extend,0.042700,-0.176159,1.488401,0.441524,8.049122
Fast,Jab,Extend,0.043050,-0.175275,1.488740,0.444175,8.041994
Fast,Jab,Extend,0.043400,-0.174392,1.489080,0.446823,8.033746
Fast,Jab,Extend,0.043750,-0.173511,1.489419,0.449468,8.024187
Fast,Jab,Extend,0.044100,-0.172630,1.489758,0.452109,8.013584
Fast,Jab,Extend,0.044450,-0.171751,1.490096,0.454747,8.001579
Fast,Jab,Extend,0.044800,-0.170874,1.490433,0.457380,7.988423
Fast,Jab,Extend,0.045150,-0.169997,1.490770,0.460008,7.974183
Fast,Jab,Extend,0.045500,-0.169123,1.491107,0.462631,7.958581
Fast,Jab,Extend,0.045850,-0.168250,1.491442,0.465249,7.941977
Fast,Jab,Extend,0.046200,-0.167380,1.491777,0.467861,7.924061
Fast,Jab,Extend,0.046550,-0.166511,1.492111,0.470466,7.904875
Fast,Jab,Extend,0.046900,-0.165645,1.492444,0.473065,7.884526
Fast,Jab,Extend,0.047250,-0.164781,1.492777,0.475657,7.863174
Fast,Jab,Extend,0.047600,-0.163920,1.493108,0.478241,7.840312
Fast,Jab,Extend,0.047950,-0.163061,1.493438,0.480818,7.816448
Fast,Jab,Extend,0.048300,-0.162205,1.493767,0.483386,7.791407
Fast,Jab,Extend,0.048650,-0.161352,1.494096,0.485945,7.765028
Fast,Jab,Extend,0.049000,-0.160502,1.494423,0.488496,7.737607
Fast,Jab,Extend,0.049350,-0.159655,1.494748,0.491036,7.708915
Fast,Jab,Extend,0.049700,-0.158811,1.495073,0.493568,7.679008
Fast,Jab,Extend,0.050050,-0.157971,1.495396,0.496088,7.647830
Fast,Jab,Extend,0.050400,-0.157134,1.495718,0.498599,7.615729
Fast,Jab,Extend,0.050750,-0.156301,1.496038,0.501098,7.582198
Fast,Jab,Extend,0.051100,-0.155472,1.496357,0.503585,7.547435
Fast,Jab,Extend,0.051450,-0.154646,1.496675,0.506061,7.511659
Fast,Jab,Extend,0.051800,-0.153825,1.496990,0.508525,7.474384
Fast,Jab,Extend,0.052150,-0.153008,1.497305,0.510976,7.436281
Fast,Jab,Extend,0.052500,-0.152195,1.497617,0.513414,7.396813
Fast,Jab,Extend,0.052850,-0.151387,1.497928,0.515839,7.355942
Fast,Jab,Extend,0.053200,-0.150584,1.498237,0.518250,7.314202
Fast,Jab,Extend,0.053550,-0.149785,1.498544,0.520646,7.271124
Fast,Jab,Extend,0.053900,-0.148991,1.498850,0.523028,7.226844
Fast,Jab,Extend,0.054250,-0.148202,1.499153,0.525395,7.181454
Fast,Jab,Extend,0.054600,-0.147418,1.499455,0.527747,7.134620
Fast,Jab,Extend,0.054950,-0.146639,1.499754,0.530083,7.087037
Fast,Jab,Extend,0.055300,-0.145866,1.500052,0.532403,7.037877
Fast,Jab,Extend,0.055650,-0.145098,1.500347,0.534706,6.987433
Fast,Jab,Extend,0.056000,-0.144336,1.500640,0.536992,6.936240
Fast,Jab,Extend,0.056350,-0.143580,1.500931,0.539261,6.883430
Fast,Jab,Extend,0.056700,-0.142829,1.501220,0.541512,6.829550
Fast,Jab,Extend,0.057050,-0.142085,1.501506,0.543745,6.774560
Fast,Jab,Extend,0.057400,-0.141347,1.501790,0.545959,6.718355
Fast,Jab,Extend,0.057750,-0.140615,1.502071,0.548155,6.660824
Fast,Jab,Extend,0.058100,-0.139890,1.502350,0.550331,6.602065
Fast,Jab,Extend,0.058450,-0.139171,1.502627,0.552487,6.542529
Fast,Jab,Extend,0.058800,-0.138459,1.502900,0.554624,6.481297
Fast,Jab,Extend,0.059150,-0.137754,1.503172,0.556740,6.419046
Fast,Jab,Extend,0.059500,-0.137055,1.503440,0.558834,6.355755
Fast,Jab,Extend,0.059850,-0.136364,1.503706,0.560908,6.291019
Fast,Jab,Extend,0.060200,-0.135680,1.503969,0.562960,6.225214
Fast,Jab,Extend,0.060550,-0.135003,1.504229,0.564990,6.158123
Fast,Jab,Extend,0.060900,-0.134334,1.504487,0.566997,6.089939
Fast,Jab,Extend,0.061250,-0.133673,1.504741,0.568981,6.020496
Fast,Jab,Extend,0.061600,-0.133019,1.504993,0.570943,5.949957
Fast,Jab,Extend,0.061950,-0.132373,1.505241,0.572880,5.878029
Fast,Jab,Extend,0.062300,-0.131736,1.505486,0.574794,5.805124
Fast,Jab,Extend,0.062650,-0.131106,1.505728,0.576682,5.730774
Fast,Jab,Extend,0.063000,-0.130485,1.505967,0.578547,5.655424
Fast,Jab,Extend,0.063350,-0.129872,1.506203,0.580385,5.578735
Fast,Jab,Extend,0.063700,-0.129267,1.506436,0.582199,5.501137
Fast,Jab,Extend,0.064050,-0.128672,1.506665,0.583986,5.421948
Fast,Jab,Extend,0.064400,-0.128085,1.506891,0.585746,5.341796
Fast,Jab,Extend,0.064750,-0.127507,1.507113,0.587480,5.260295
Fast,Jab,Extend,0.065100,-0.126938,1.507332,0.589187,5.177790
Fast,Jab,Extend,0.065450,-0.126378,1.507547,0.590866,5.094097
Fast,Jab,Extend,0.065800,-0.125828,1.507759,0.592517,5.008932
Fast,Jab,Extend,0.066150,-0.125287,1.507967,0.594140,4.922831
Fast,Jab,Extend,0.066500,-0.124756,1.508171,0.595733,4.835326
Fast,Jab,Extend,0.066850,-0.124234,1.508371,0.597298,4.746671
Fast,Jab,Extend,0.067200,-0.123722,1.508568,0.598833,4.657028
Fast,Jab,Extend,0.067550,-0.123221,1.508761,0.600338,4.566061
Fast,Jab,Extend,0.067900,-0.122729,1.508950,0.601813,4.473823
Fast,Jab,Extend,0.068250,-0.122248,1.509135,0.603256,4.380488
Fast,Jab,Extend,0.068600,-0.121777,1.509317,0.604669,4.285805
Fast,Jab,Extend,0.068950,-0.121317,1.509494,0.606050,4.190077
Fast,Jab,Extend,0.069300,-0.120867,1.509667,0.607399,4.093174
Fast,Jab,Extend,0.069650,-0.120428,1.509835,0.608716,3.994799
Fast,Jab,Extend,0.070000,-0.120000,1.510000,0.610000,3.895543
Fast,Jab,Recover,0.000950,-0.121493,1.509701,0.605075,5.426455
Fast,Jab,Recover,0.001900,-0.122970,1.509406,0.600199,5.372153
Fast,Jab,Recover,0.002850,-0.124433,1.509113,0.595372,5.318165
Fast,Jab,Recover,0.003800,-0.125881,1.508824,0.590593,5.264508
Fast,Jab,Recover,0.004750,-0.127314,1.508537,0.585864,5.211001
Fast,Jab,Recover,0.005700,-0.128733,1.508253,0.581182,5.157805
Fast,Jab,Recover,0.006650,-0.130137,1.507973,0.576549,5.104943
Fast,Jab,Recover,0.007600,-0.131526,1.507695,0.571963,5.052331
Fast,Jab,Recover,0.008550,-0.132902,1.507420,0.567425,4.999935
Fast,Jab,Recover,0.009500,-0.134263,1.507148,0.562934,4.947920
Fast,Jab,Recover,0.010450,-0.135609,1.506878,0.558490,4.896050
Fast,Jab,Recover,0.011400,-0.136942,1.506612,0.554093,4.844553
Fast,Jab,Recover,0.012350,-0.138260,1.506348,0.549742,4.793214
Fast,Jab,Recover,0.013300,-0.139564,1.506087,0.545438,4.742309
Fast,Jab,Recover,0.014250,-0.140855,1.505829,0.541180,4.691549
Fast,Jab,Recover,0.015200,-0.142131,1.505574,0.536967,4.641117
Fast,Jab,Recover,0.016150,-0.143394,1.505321,0.532800,4.590940
Fast,Jab,Recover,0.017100,-0.144643,1.505071,0.528678,4.541044
Fast,Jab,Recover,0.018050,-0.145878,1.504824,0.524602,4.491387
Fast,Jab,Recover,0.019000,-0.147100,1.504580,0.520570,4.442012
Fast,Jab,Recover,0.019950,-0.148308,1.504338,0.516583,4.393012
Fast,Jab,Recover,0.020900,-0.149503,1.504099,0.512640,4.344161
Fast,Jab,Recover,0.021850,-0.150685,1.503863,0.508741,4.295626
Fast,Jab,Recover,0.022800,-0.151853,1.503629,0.504886,4.247305
Fast,Jab,Recover,0.023750,-0.153008,1.503398,0.501074,4.199358
Fast,Jab,Recover,0.024700,-0.154150,1.503170,0.497306,4.151682
Fast,Jab,Recover,0.025650,-0.155279,1.502944,0.493581,4.104174
Fast,Jab,Recover,0.026600,-0.156394,1.502721,0.489899,4.057018
Fast,Jab,Recover,0.027550,-0.157497,1.502501,0.486259,4.010130
Fast,Jab,Recover,0.028500,-0.158588,1.502283,0.482661,3.963506
Fast,Jab,Recover,0.029450,-0.159665,1.502067,0.479106,3.917116
Fast,Jab,Recover,0.030400,-0.160730,1.501854,0.475592,3.871075
Fast,Jab,Recover,0.031350,-0.161782,1.501644,0.472120,3.825239
Fast,Jab,Recover,0.032300,-0.162821,1.501436,0.468690,3.779696
Fast,Jab,Recover,0.033250,-0.163848,1.501230,0.465300,3.734419
Fast,Jab,Recover,0.034200,-0.164863,1.501027,0.461951,3.689472
Fast,Jab,Recover,0.035150,-0.165866,1.500827,0.458643,3.644717
Fast,Jab,Recover,0.036100,-0.166856,1.500629,0.455376,3.600258
Fast,Jab,Recover,0.037050,-0.167834,1.500433,0.452148,3.556094
Fast,Jab,Recover,0.038000,-0.168800,1.500240,0.448960,3.512227
Fast,Jab,Recover,0.038950,-0.169754,1.500049,0.445812,3.468586
Fast,Jab,Recover,0.039900,-0.170696,1.499861,0.442703,3.425187
Fast,Jab,Recover,0.040850,-0.171626,1.499675,0.439633,3.382137
Fast,Jab,Recover,0.041800,-0.172545,1.499491,0.436602,3.339348
Fast,Jab,Recover,0.042750,-0.173452,1.499310,0.433610,3.296769
Fast,Jab,Recover,0.043700,-0.174347,1.499131,0.430656,3.254512
Fast,Jab,Recover,0.044650,-0.175230,1.498954,0.427740,3.212542
Fast,Jab,Recover,0.045600,-0.176102,1.498780,0.424862,3.170778
Fast,Jab,Recover,0.046550,-0.176963,1.498607,0.422022,3.129345
Fast,Jab,Recover,0.047500,-0.177813,1.498438,0.419219,3.088196
Fast,Jab,Recover,0.048450,-0.178651,1.498270,0.416453,3.047254
Fast,Jab,Recover,0.049400,-0.179478,1.498104,0.413724,3.006646
Fast,Jab,Recover,0.050350,-0.180294,1.497941,0.411032,2.966314
Fast,Jab,Recover,0.051300,-0.181098,1.497780,0.408376,2.926194
Fast,Jab,Recover,0.052250,-0.181892,1.497622,0.405756,2.886399
Fast,Jab,Recover,0.053200,-0.182675,1.497465,0.403172,2.846859
Fast,Jab,Recover,0.054150,-0.183447,1.497311,0.400624,2.807566
Fast,Jab,Recover,0.055100,-0.184209,1.497158,0.398111,2.768623
Fast,Jab,Recover,0.056050,-0.184960,1.497008,0.395633,2.729841
Fast,Jab,Recover,0.057000,-0.185700,1.496860,0.393190,2.691455
Fast,Jab,Recover,0.057950,-0.186430,1.496714,0.390782,2.653247
Fast,Jab,Recover,0.058900,-0.187149,1.496570,0.388408,2.615342
Fast,Jab,Recover,0.059850,-0.187858,1.496428,0.386068,2.577721
Fast,Jab,Recover,0.060800,-0.188557,1.496289,0.383763,2.540349
Fast,Jab,Recover,0.061750,-0.189245,1.496151,0.381491,2.503255
Fast,Jab,Recover,0.062700,-0.189924,1.496015,0.379252,2.466474
Fast,Jab,Recover,0.063650,-0.190592,1.495882,0.377046,2.429933
Fast,Jab,Recover,0.064600,-0.191250,1.495750,0.374874,2.393675
Fast,Jab,Recover,0.065550,-0.191899,1.495620,0.372734,2.357629
Fast,Jab,Recover,0.066500,-0.192538,1.495492,0.370626,2.321945
Fast,Jab,Recover,0.067450,-0.193166,1.495367,0.368551,2.286507
Fast,Jab,Recover,0.068400,-0.193786,1.495243,0.366508,2.251343
Fast,Jab,Recover,0.069350,-0.194395,1.495121,0.364496,2.216400
Fast,Jab,Recover,0.070300,-0.194995,1.495001,0.362516,2.181768
Fast,Jab,Recover,0.071250,-0.195586,1.494883,0.360566,2.147392
Fast,Jab,Recover,0.072200,-0.196167,1.494767,0.358648,2.113368
Fast,Jab,Recover,0.073150,-0.196739,1.494652,0.356761,2.079524
Fast,Jab,Recover,0.074100,-0.197302,1.494540,0.354904,2.045960
Fast,Jab,Recover,0.075050,-0.197856,1.494429,0.353077,2.012765
Fast,Jab,Recover,0.076000,-0.198400,1.494320,0.351280,1.979727
Fast,Jab,Recover,0.076950,-0.198936,1.494213,0.349513,1.946970
Fast,Jab,Recover,0.077900,-0.199462,1.494108,0.347775,1.914559
Fast,Jab,Recover,0.078850,-0.199980,1.494004,0.346067,1.882383
Fast,Jab,Recover,0.079800,-0.200489,1.493902,0.344387,1.850466
Fast,Jab,Recover,0.080750,-0.200989,1.493802,0.342736,1.818842
Fast,Jab,Recover,0.081700,-0.201481,1.493704,0.341114,1.787487
Fast,Jab,Recover,0.082650,-0.201964,1.493607,0.339520,1.756387
Fast,Jab,Recover,0.083600,-0.202438,1.493512,0.337953,1.725574
Fast,Jab,Recover,0.084550,-0.202905,1.493419,0.336415,1.695050
Fast,Jab,Recover,0.085500,-0.203363,1.493327,0.334904,1.664776
Fast,Jab,Recover,0.086450,-0.203812,1.493238,0.333420,1.634777
Fast,Jab,Recover,0.087400,-0.204254,1.493149,0.331963,1.605060
Fast,Jab,Recover,0.088350,-0.204687,1.493063,0.330533,1.575607
Fast,Jab,Recover,0.089300,-0.205112,1.492977,0.329129,1.546445
Fast,Jab,Recover,0.090250,-0.205530,1.492894,0.327752,1.517492
Fast,Jab,Recover,0.091200,-0.205939,1.492812,0.326401,1.488919
Fast,Jab,Recover,0.092150,-0.206341,1.492732,0.325075,1.460549
Fast,Jab,Recover,0.093100,-0.206735,1.492653,0.323775,1.432446
Fast,Jab,Recover,0.094050,-0.207121,1.492576,0.322500,1.404605
Fast,Jab,Recover,0.095000,-0.207500,1.492500,0.321250,1.377117
Fast,Jab,Recover,0.095950,-0.207871,1.492426,0.320025,1.349799
Fast,Jab,Recover,0.096900,-0.208235,1.492353,0.318824,1.322852
Fast,Jab,Recover,0.097850,-0.208592,1.492282,0.317648,1.296108
Fast,Jab,Recover,0.098800,-0.208941,1.492212,0.316495,1.269656
Fast,Jab,Recover,0.099750,-0.209283,1.492143,0.315367,1.243488
Fast,Jab,Recover,0.100700,-0.209618,1.492077,0.314262,1.217565
Fast,Jab,Recover,0.101650,-0.209946,1.492011,0.313180,1.191933
Fast,Jab,Recover,0.102600,-0.210266,1.491947,0.312121,1.166585
Fast,Jab,Recover,0.103550,-0.210580,1.491884,0.311085,1.141489
Fast,Jab,Recover,0.104500,-0.210888,1.491822,0.310071,1.116682
Fast,Jab,Recover,0.105450,-0.211188,1.491762,0.309080,1.092148
Fast,Jab,Recover,0.106400,-0.211482,1.491704,0.308111,1.067884
Fast,Jab,Recover,0.107350,-0.211769,1.491646,0.307163,1.043876
Fast,Jab,Recover,0.108300,-0.212049,1.491590,0.306237,1.020139
Fast,Jab,Recover,0.109250,-0.212323,1.491535,0.305333,0.996697
Fast,Jab,Recover,0.110200,-0.212591,1.491482,0.304449,0.973518
Fast,Jab,Recover,0.111150,-0.212853,1.491429,0.303586,0.950629
Fast,Jab,Recover,0.112100,-0.213108,1.491378,0.302744,0.927975
Fast,Jab,Recover,0.113050,-0.213357,1.491329,0.301922,0.905645
Fast,Jab,Recover,0.114000,-0.213600,1.491280,0.301120,0.883488
Fast,Jab,Recover,0.114950,-0.213837,1.491233,0.300338,0.861737
Fast,Jab,Recover,0.115900,-0.214068,1.491186,0.299575,0.840211
Fast,Jab,Recover,0.116850,-0.214293,1.491141,0.298832,0.818902
Fast,Jab,Recover,0.117800,-0.214513,1.491097,0.298108,0.797945
Fast,Jab,Recover,0.118750,-0.214727,1.491055,0.297402,0.777168
Fast,Jab,Recover,0.119700,-0.214935,1.491013,0.296716,0.756740
Fast,Jab,Recover,0.120650,-0.215137,1.490973,0.296047,0.736552
Fast,Jab,Recover,0.121600,-0.215334,1.490933,0.295397,0.716671
Fast,Jab,Recover,0.122550,-0.215526,1.490895,0.294764,0.697015
Fast,Jab,Recover,0.123500,-0.215713,1.490857,0.294149,0.677679
Fast,Jab,Recover,0.124450,-0.215894,1.490821,0.293551,0.658567
Fast,Jab,Recover,0.125400,-0.216070,1.490786,0.292970,0.639747
Fast,Jab,Recover,0.126350,-0.216241,1.490752,0.292407,0.621232
Fast,Jab,Recover,0.127300,-0.216406,1.490719,0.291859,0.602941
Fast,Jab,Recover,0.128250,-0.216567,1.490687,0.291328,0.584951
Fast,Jab,Recover,0.129200,-0.216723,1.490655,0.290813,0.567220
Fast,Jab,Recover,0.130150,-0.216874,1.490625,0.290314,0.549782
Fast,Jab,Recover,0.131100,-0.217021,1.490596,0.289831,0.532583
Fast,Jab,Recover,0.132050,-0.217163,1.490567,0.289363,0.515698
Fast,Jab,Recover,0.133000,-0.217300,1.490540,0.288910,0.499054
Fast,Jab,Recover,0.133950,-0.217433,1.490513,0.288472,0.482706
Fast,Jab,Recover,0.134900,-0.217561,1.490488,0.288048,0.466583
Fast,Jab,Recover,0.135850,-0.217685,1.490463,0.287639,0.450815
Fast,Jab,Recover,0.136800,-0.217805,1.490439,0.287244,0.435258
Fast,Jab,Recover,0.137750,-0.217920,1.490416,0.286863,0.419955
Fast,Jab,Recover,0.138700,-0.218032,1.490394,0.286495,0.404992
Fast,Jab,Recover,0.139650,-0.218139,1.490372,0.286141,0.390235
Fast,Jab,Recover,0.140600,-0.218242,1.490352,0.285800,0.375818
Fast,Jab,Recover,0.141550,-0.218342,1.490332,0.285472,0.361611
Fast,Jab,Recover,0.142500,-0.218438,1.490312,0.285156,0.347722
Fast,Jab,Recover,0.143450,-0.218529,1.490294,0.284853,0.334093
Fast,Jab,Recover,0.144400,-0.218618,1.490276,0.284562,0.320729
Fast,Jab,Recover,0.145350,-0.218702,1.490260,0.284283,0.307593
Fast,Jab,Recover,0.146300,-0.218783,1.490243,0.284015,0.294858
Fast,Jab,Recover,0.147250,-0.218861,1.490228,0.283759,0.282247
Fast,Jab,Recover,0.148200,-0.218935,1.490213,0.283514,0.270000
Fast,Jab,Recover,0.149150,-0.219006,1.490199,0.283280,0.258017
Fast,Jab,Recover,0.150100,-0.219074,1.490185,0.283056,0.246258
Fast,Jab,Recover,0.151050,-0.219139,1.490172,0.282843,0.234840
Fast,Jab,Recover,0.152000,-0.219200,1.490160,0.282640,0.223632
Fast,Jab,Recover,0.152950,-0.219259,1.490148,0.282447,0.212736
Fast,Jab,Recover,0.153900,-0.219314,1.490137,0.282264,0.202099
Fast,Jab,Recover,0.154850,-0.219367,1.490127,0.282089,0.191757
Fast,Jab,Recover,0.155800,-0.219417,1.490117,0.281925,0.181635
Fast,Jab,Recover,0.156750,-0.219464,1.490107,0.281769,0.171859
Fast,Jab,Recover,0.157700,-0.219509,1.490098,0.281621,0.162308
Fast,Jab,Recover,0.158650,-0.219551,1.490090,0.281482,0.153004
Fast,Jab,Recover,0.159600,-0.219590,1.490082,0.281352,0.144012
Fast,Jab,Recover,0.160550,-0.219628,1.490075,0.281229,0.135311
Fast,Jab,Recover,0.161500,-0.219663,1.490067,0.281114,0.126843
Fast,Jab,Recover,0.162450,-0.219695,1.490061,0.281006,0.118670
Fast,Jab,Recover,0.163400,-0.219726,1.490055,0.280906,0.110745
Fast,Jab,Recover,0.164350,-0.219754,1.490049,0.280812,0.103131
Fast,Jab,Recover,0.165300,-0.219780,1.490044,0.280725,0.095713
Fast,Jab,Recover,0.166250,-0.219805,1.490039,0.280645,0.088687
Fast,Jab,Recover,0.167200,-0.219827,1.490035,0.280570,0.081859
Fast,Jab,Recover,0.168150,-0.219848,1.490030,0.280502,0.075293
Fast,Jab,Recover,0.169100,-0.219867,1.490027,0.280439,0.069050
Fast,Jab,Recover,0.170050,-0.219884,1.490023,0.280382,0.063009
Fast,Jab,Recover,0.171000,-0.219900,1.490020,0.280330,0.057325
Fast,Jab,Recover,0.171950,-0.219914,1.490017,0.280283,0.051877
Fast,Jab,Recover,0.172900,-0.219927,1.490015,0.280241,0.046665
Fast,Jab,Recover,0.173850,-0.219939,1.490012,0.280203,0.041764
Fast,Jab,Recover,0.174800,-0.219949,1.490010,0.280169,0.037138
Fast,Jab,Recover,0.175750,-0.219958,1.490008,0.280139,0.032764
Fast,Jab,Recover,0.176700,-0.219966,1.490007,0.280113,0.028663
Fast,Jab,Recover,0.177650,-0.219973,1.490005,0.280091,0.024861
Fast,Jab,Recover,0.178600,-0.219978,1.490004,0.280071,0.021309
Fast,Jab,Recover,0.179550,-0.219983,1.490003,0.280055,0.018060
Fast,Jab,Recover,0.180500,-0.219988,1.490003,0.280041,0.015036
Fast,Jab,Recover,0.181450,-0.219991,1.490002,0.280030,0.012314
Fast,Jab,Recover,0.182400,-0.219994,1.490001,0.280021,0.009852
Fast,Jab,Recover,0.183350,-0.219996,1.490001,0.280014,0.007679
Fast,Jab,Recover,0.184300,-0.219997,1.490001,0.280009,0.005781
Fast,Jab,Recover,0.185250,-0.219998,1.490000,0.280005,0.004136
Fast,Jab,Recover,0.186200,-0.219999,1.490000,0.280003,0.002791
Fast,Jab,Recover,0.187150,-0.220000,1.490000,0.280001,0.001647
Fast,Jab,Recover,0.188100,-0.220000,1.490000,0.280000,0.000892
Fast,Jab,Recover,0.189050,-0.220000,1.490000,0.280000,0.000328
Fast,Jab,Recover,0.190000,-0.220000,1.490000,0.280000,0.000035
Legacy,Cross,Commit,0.000450,0.220002,1.459998,0.279996,0.012194
Legacy,Cross,Commit,0.000900,0.220009,1.459991,0.279982,0.036473
Legacy,Cross,Commit,0.001350,0.220020,1.459980,0.279960,0.060415
Legacy,Cross,Commit,0.001800,0.220036,1.459965,0.279929,0.084302
Legacy,Cross,Commit,0.002250,0.220055,1.459945,0.279889,0.107703
Legacy,Cross,Commit,0.002700,0.220079,1.459921,0.279841,0.131009
Legacy,Cross,Commit,0.003150,0.220108,1.459892,0.279785,0.153991
Legacy,Cross,Commit,0.003600,0.220140,1.459860,0.279720,0.176878
Legacy,Cross,Commit,0.004050,0.220177,1.459823,0.279646,0.199345
Legacy,Cross,Commit,0.004500,0.220218,1.459782,0.279565,0.221651
Legacy,Cross,Commit,0.004950,0.220262,1.459738,0.279476,0.243605
Legacy,Cross,Commit,0.005400,0.220311,1.459689,0.279378,0.265533
Legacy,Cross,Commit,0.005850,0.220364,1.459636,0.279273,0.287054
Legacy,Cross,Commit,0.006300,0.220420,1.459580,0.279159,0.308359
Legacy,Cross,Commit,0.006750,0.220481,1.459519,0.279038,0.329327
Legacy,Cross,Commit,0.007200,0.220545,1.459455,0.278909,0.350267
Legacy,Cross,Commit,0.007650,0.220613,1.459387,0.278773,0.370897
Legacy,Cross,Commit,0.008100,0.220685,1.459315,0.278630,0.391039
Legacy,Cross,Commit,0.008550,0.220761,1.459239,0.278478,0.411263
Legacy,Cross,Commit,0.009000,0.220840,1.459160,0.278320,0.431000
Legacy,Cross,Commit,0.009450,0.220923,1.459077,0.278154,0.450764
Legacy,Cross,Commit,0.009900,0.221009,1.458991,0.277982,0.469961
Legacy,Cross,Commit,0.010350,0.221099,1.458901,0.277802,0.489117
Legacy,Cross,Commit,0.010800,0.221192,1.458808,0.277615,0.508016
Legacy,Cross,Commit,0.011250,0.221289,1.458711,0.277422,0.526590
Legacy,Cross,Commit,0.011700,0.221389,1.458611,0.277222,0.544935
Legacy,Cross,Commit,0.012150,0.221493,1.458507,0.277015,0.563172
Legacy,Cross,Commit,0.012600,0.221599,1.458401,0.276801,0.580895
Legacy,Cross,Commit,0.013050,0.221709,1.458291,0.276581,0.598658
Legacy,Cross,Commit,0.013500,0.221823,1.458178,0.276355,0.616002
Legacy,Cross,Commit,0.013950,0.221939,1.458061,0.276122,0.633185
Legacy,Cross,Commit,0.014400,0.222058,1.457942,0.275884,0.650056
Legacy,Cross,Commit,0.014850,0.222181,1.457819,0.275639,0.666684
Legacy,Cross,Commit,0.015300,0.222306,1.457694,0.275388,0.683149
Legacy,Cross,Commit,0.015750,0.222435,1.457565,0.275131,0.699318
Legacy,Cross,Commit,0.016200,0.222566,1.457434,0.274868,0.715202
Legacy,Cross,Commit,0.016650,0.222700,1.457300,0.274599,0.730857
Legacy,Cross,Commit,0.017100,0.222838,1.457163,0.274325,0.746295
Legacy,Cross,Commit,0.017550,0.222977,1.457023,0.274045,0.761584
Legacy,Cross,Commit,0.018000,0.223120,1.456880,0.273760,0.776360
Legacy,Cross,Commit,0.018450,0.223265,1.456735,0.273469,0.791177
Legacy,Cross,Commit,0.018900,0.223413,1.456587,0.273173,0.805547
Legacy,Cross,Commit,0.019350,0.223564,1.456436,0.272872,0.819863
Legacy,Cross,Commit,0.019800,0.223717,1.456283,0.272566,0.833733
Legacy,Cross,Commit,0.020250,0.223873,1.456127,0.272254,0.847441
Legacy,Cross,Commit,0.020700,0.224031,1.455969,0.271938,0.861014
Legacy,Cross,Commit,0.021150,0.224192,1.455809,0.271617,0.874127
Legacy,Cross,Commit,0.021600,0.224355,1.455645,0.271291,0.887280
Legacy,Cross,Commit,0.022050,0.224520,1.455480,0.270960,0.899772
Legacy,Cross,Commit,0.022500,0.224688,1.455312,0.270625,0.912520
Legacy,Cross,Commit,0.022950,0.224857,1.455143,0.270285,0.924605
Legacy,Cross,Commit,0.023400,0.225029,1.454971,0.269941,0.936623
Legacy,Cross,Commit,0.023850,0.225204,1.454796,0.269593,0.948479
Legacy,Cross,Commit,0.024300,0.225380,1.454620,0.269240,0.959848
Legacy,Cross,Commit,0.024750,0.225558,1.454442,0.268883,0.971190
Legacy,Cross,Commit,0.025200,0.225739,1.454261,0.268522,0.982181
Legacy,Cross,Commit,0.025650,0.225921,1.454079,0.268157,0.992942
Legacy,Cross,Commit,0.026100,0.226106,1.453894,0.267789,1.003567
Legacy,Cross,Commit,0.026550,0.226292,1.453708,0.267416,1.013774
Legacy,Cross,Commit,0.027000,0.226480,1.453520,0.267040,1.023818
Legacy,Cross,Commit,0.027450,0.226670,1.453330,0.266660,1.033673
Legacy,Cross,Commit,0.027900,0.226862,1.453138,0.266277,1.043231
Legacy,Cross,Commit,0.028350,0.227055,1.452945,0.265890,1.052505
Legacy,Cross,Commit,0.028800,0.227250,1.452750,0.265500,1.061589
Legacy,Cross,Commit,0.029250,0.227447,1.452554,0.265107,1.070295
Legacy,Cross,Commit,0.029700,0.227645,1.452355,0.264710,1.079042
Legacy,Cross,Commit,0.030150,0.227845,1.452155,0.264311,1.087275
Legacy,Cross,Commit,0.030600,0.228046,1.451954,0.263909,1.095399
Legacy,Cross,Commit,0.031050,0.228248,1.451752,0.263503,1.103186
Legacy,Cross,Commit,0.031500,0.228453,1.451548,0.263095,1.110824
Legacy,Cross,Commit,0.031950,0.228658,1.451342,0.262684,1.118124
Legacy,Cross,Commit,0.032400,0.228865,1.451135,0.262271,1.125262
Legacy,Cross,Commit,0.032850,0.229073,1.450927,0.261855,1.132102
Legacy,Cross,Commit,0.033300,0.229282,1.450718,0.261436,1.138632
Legacy,Cross,Commit,0.033750,0.229492,1.450508,0.261016,1.145161
Legacy,Cross,Commit,0.034200,0.229704,1.450296,0.260593,1.151204
Legacy,Cross,Commit,0.034650,0.229916,1.450084,0.260168,1.157044
Legacy,Cross,Commit,0.035100,0.230130,1.449870,0.259740,1.162749
Legacy,Cross,Commit,0.035550,0.230345,1.449656,0.259311,1.168251
Legacy,Cross,Commit,0.036000,0.230560,1.449440,0.258880,1.173266
Legacy,Cross,Commit,0.036450,0.230776,1.449224,0.258447,1.178079
Legacy,Cross,Commit,0.036900,0.230994,1.449006,0.258013,1.182797
Legacy,Cross,Commit,0.037350,0.231212,1.448788,0.257576,1.187272
Legacy,Cross,Commit,0.037800,0.231431,1.448569,0.257139,1.191435
Legacy,Cross,Commit,0.038250,0.231650,1.448350,0.256699,1.195261
Legacy,Cross,Commit,0.038700,0.231871,1.448129,0.256259,1.199019
Legacy,Cross,Commit,0.039150,0.232092,1.447909,0.255817,1.202399
Legacy,Cross,Commit,0.039600,0.232313,1.447687,0.255374,1.205535
Legacy,Cross,Commit,0.040050,0.232535,1.447465,0.254930,1.208550
Legacy,Cross,Commit,0.040500,0.232758,1.447242,0.254485,1.211281
Legacy,Cross,Commit,0.040950,0.232981,1.447020,0.254039,1.213701
Legacy,Cross,Commit,0.041400,0.233204,1.446796,0.253592,1.215891
Legacy,Cross,Commit,0.041850,0.233428,1.446572,0.253145,1.217837
Legacy,Cross,Commit,0.042300,0.233652,1.446348,0.252697,1.219541
Legacy,Cross,Commit,0.042750,0.233876,1.446124,0.252248,1.221014
Legacy,Cross,Commit,0.043200,0.234101,1.445900,0.251799,1.222204
Legacy,Cross,Commit,0.043650,0.234325,1.445675,0.251350,1.223231
Legacy,Cross,Commit,0.044100,0.234550,1.445450,0.250900,1.224056
Legacy,Cross,Commit,0.044550,0.234775,1.445225,0.250450,1.224461
Legacy,Cross,Commit,0.045000,0.235000,1.445000,0.250000,1.224664
Legacy,Cross,Commit,0.045450,0.235225,1.444775,0.249550,1.224664
Legacy,Cross,Commit,0.045900,0.235450,1.444550,0.249100,1.224461
Legacy,Cross,Commit,0.046350,0.235675,1.444325,0.248650,1.224056
Legacy,Cross,Commit,0.046800,0.235900,1.444100,0.248201,1.223231
Legacy,Cross,Commit,0.047250,0.236124,1.443876,0.247752,1.222150
Legacy,Cross,Commit,0.047700,0.236348,1.443652,0.247303,1.221068
Legacy,Cross,Commit,0.048150,0.236572,1.443428,0.246855,1.219541
Legacy,Cross,Commit,0.048600,0.236796,1.443204,0.246408,1.217891
Legacy,Cross,Commit,0.049050,0.237020,1.442981,0.245961,1.215904
Legacy,Cross,Commit,0.049500,0.237243,1.442758,0.245515,1.213633
Legacy,Cross,Commit,0.049950,0.237465,1.442535,0.245070,1.211254
Legacy,Cross,Commit,0.050400,0.237687,1.442313,0.244626,1.208577
Legacy,Cross,Commit,0.050850,0.237909,1.442092,0.244183,1.205508
Legacy,Cross,Commit,0.051300,0.238129,1.441871,0.243741,1.202426
Legacy,Cross,Commit,0.051750,0.238350,1.441650,0.243301,1.199019
Legacy,Cross,Commit,0.052200,0.238569,1.441431,0.242861,1.195288
Legacy,Cross,Commit,0.052650,0.238788,1.441212,0.242424,1.191381
Legacy,Cross,Commit,0.053100,0.239006,1.440994,0.241988,1.187258
Legacy,Cross,Commit,0.053550,0.239224,1.440776,0.241553,1.182838
Legacy,Cross,Commit,0.054000,0.239440,1.440560,0.241120,1.178079
Legacy,Cross,Commit,0.054450,0.239656,1.440345,0.240689,1.173293
Legacy,Cross,Commit,0.054900,0.239870,1.440130,0.240260,1.168197
Legacy,Cross,Commit,0.055350,0.240084,1.439916,0.239833,1.162749
Legacy,Cross,Commit,0.055800,0.240296,1.439704,0.239407,1.157071
Legacy,Cross,Commit,0.056250,0.240508,1.439492,0.238984,1.151204
Legacy,Cross,Commit,0.056700,0.240718,1.439282,0.238564,1.145134
Legacy,Cross,Commit,0.057150,0.240927,1.439073,0.238145,1.138632
Legacy,Cross,Commit,0.057600,0.241135,1.438865,0.237729,1.132143
Legacy,Cross,Commit,0.058050,0.241342,1.438658,0.237316,1.125248
Legacy,Cross,Commit,0.058500,0.241548,1.438453,0.236905,1.118138
Legacy,Cross,Commit,0.058950,0.241752,1.438249,0.236497,1.110811
Legacy,Cross,Commit,0.059400,0.241954,1.438046,0.236092,1.103186
Legacy,Cross,Commit,0.059850,0.242156,1.437845,0.235689,1.095372
Legacy,Cross,Commit,0.060300,0.242355,1.437645,0.235290,1.087342
Legacy,Cross,Commit,0.060750,0.242553,1.437447,0.234893,1.079001
Legacy,Cross,Commit,0.061200,0.242750,1.437250,0.234500,1.070295
Legacy,Cross,Commit,0.061650,0.242945,1.437055,0.234110,1.061589
Legacy,Cross,Commit,0.062100,0.243139,1.436862,0.233723,1.052505
Legacy,Cross,Commit,0.062550,0.243330,1.436670,0.233340,1.043217
Legacy,Cross,Commit,0.063000,0.243520,1.436480,0.232960,1.033687
Legacy,Cross,Commit,0.063450,0.243708,1.436292,0.232584,1.023818
Legacy,Cross,Commit,0.063900,0.243894,1.436106,0.232211,1.013774
Legacy,Cross,Commit,0.064350,0.244079,1.435921,0.231843,1.003567
Legacy,Cross,Commit,0.064800,0.244261,1.435739,0.231478,0.992969
Legacy,Cross,Commit,0.065250,0.244442,1.435559,0.231117,0.982127
Legacy,Cross,Commit,0.065700,0.244620,1.435380,0.230760,0.971217
Legacy,Cross,Commit,0.066150,0.244796,1.435204,0.230407,0.959916
Legacy,Cross,Commit,0.066600,0.244971,1.435030,0.230059,0.948411
Legacy,Cross,Commit,0.067050,0.245143,1.434857,0.229715,0.936623
Legacy,Cross,Commit,0.067500,0.245313,1.434688,0.229375,0.924605
Legacy,Cross,Commit,0.067950,0.245480,1.434520,0.229040,0.912493
Legacy,Cross,Commit,0.068400,0.245645,1.434355,0.228709,0.899826
Legacy,Cross,Commit,0.068850,0.245808,1.434192,0.228383,0.887253
Legacy,Cross,Commit,0.069300,0.245969,1.434031,0.228062,0.874127
Legacy,Cross,Commit,0.069750,0.246127,1.433873,0.227746,0.861014
Legacy,Cross,Commit,0.070200,0.246283,1.433717,0.227434,0.847455
Legacy,Cross,Commit,0.070650,0.246436,1.433564,0.227128,0.833693
Legacy,Cross,Commit,0.071100,0.246587,1.433413,0.226827,0.819863
Legacy,Cross,Commit,0.071550,0.246735,1.433265,0.226531,0.805547
Legacy,Cross,Commit,0.072000,0.246880,1.433120,0.226240,0.791231
Legacy,Cross,Commit,0.072450,0.247023,1.432977,0.225955,0.776387
Legacy,Cross,Commit,0.072900,0.247163,1.432837,0.225675,0.761530
Legacy,Cross,Commit,0.073350,0.247300,1.432700,0.225401,0.746295
Legacy,Cross,Commit,0.073800,0.247434,1.432566,0.225132,0.730857
Legacy,Cross,Commit,0.074250,0.247565,1.432435,0.224869,0.715215
Legacy,Cross,Commit,0.074700,0.247694,1.432306,0.224612,0.699304
Legacy,Cross,Commit,0.075150,0.247819,1.432181,0.224361,0.683149
Legacy,Cross,Commit,0.075600,0.247942,1.432058,0.224117,0.666684
Legacy,Cross,Commit,0.076050,0.248061,1.431939,0.223878,0.650056
Legacy,Cross,Commit,0.076500,0.248178,1.431823,0.223645,0.633185
Legacy,Cross,Commit,0.076950,0.248291,1.431709,0.223419,0.615975
Legacy,Cross,Commit,0.077400,0.248401,1.431599,0.223199,0.598685
Legacy,Cross,Commit,0.077850,0.248507,1.431493,0.222985,0.580935
Legacy,Cross,Commit,0.078300,0.248611,1.431389,0.222778,0.563104
Legacy,Cross,Commit,0.078750,0.248711,1.431289,0.222578,0.545016
Legacy,Cross,Commit,0.079200,0.248808,1.431192,0.222385,0.526509
Legacy,Cross,Commit,0.079650,0.248901,1.431099,0.222198,0.507989
Legacy,Cross,Commit,0.080100,0.248991,1.431009,0.222018,0.489184
Legacy,Cross,Commit,0.080550,0.249077,1.430923,0.221846,0.469961
Legacy,Cross,Commit,0.081000,0.249160,1.430840,0.221680,0.450683
Legacy,Cross,Commit,0.081450,0.249239,1.430761,0.221522,0.431068
Legacy,Cross,Commit,0.081900,0.249315,1.430685,0.221371,0.411263
Legacy,Cross,Commit,0.082350,0.249387,1.430614,0.221227,0.391080
Legacy,Cross,Commit,0.082800,0.249455,1.430545,0.221091,0.370856
Legacy,Cross,Commit,0.083250,0.249519,1.430481,0.220962,0.350267
Legacy,Cross,Commit,0.083700,0.249580,1.430421,0.220841,0.329327
Legacy,Cross,Commit,0.084150,0.249636,1.430364,0.220728,0.308332
Legacy,Cross,Commit,0.084600,0.249689,1.430311,0.220622,0.287108
Legacy,Cross,Commit,0.085050,0.249738,1.430262,0.220525,0.265478
Legacy,Cross,Commit,0.085500,0.249783,1.430218,0.220435,0.243632
Legacy,Cross,Commit,0.085950,0.249823,1.430177,0.220354,0.221705
Legacy,Cross,Commit,0.086400,0.249860,1.430140,0.220280,0.199291
Legacy,Cross,Commit,0.086850,0.249892,1.430108,0.220215,0.176878
Legacy,Cross,Commit,0.087300,0.249921,1.430079,0.220159,0.154004
Legacy,Cross,Commit,0.087750,0.249945,1.430055,0.220111,0.130995
Legacy,Cross,Commit,0.088200,0.249965,1.430036,0.220071,0.107743
Legacy,Cross,Commit,0.088650,0.249980,1.430020,0.220040,0.084234
Legacy,Cross,Commit,0.089100,0.249991,1.430009,0.220018,0.060442
Legacy,Cross,Commit,0.089550,0.249998,1.430002,0.220005,0.036446
Legacy,Cross,Commit,0.090000,0.250000,1.430000,0.220000,0.012221
Legacy,Cross,Extend,0.000700,0.249990,1.430006,0.220034,0.050730
Legacy,Cross,Extend,0.001400,0.249961,1.430024,0.220134,0.151538
Legacy,Cross,Extend,0.002100,0.249913,1.430053,0.220301,0.251341
Legacy,Cross,Extend,0.002800,0.249846,1.430095,0.220533,0.350149
Legacy,Cross,Extend,0.003500,0.249760,1.430148,0.220830,0.447825
Legacy,Cross,Extend,0.004200,0.249656,1.430212,0.221191,0.544630
Legacy,Cross,Extend,0.004900,0.249533,1.430287,0.221615,0.640306
Legacy,Cross,Extend,0.005600,0.249393,1.430374,0.222102,0.734991
Legacy,Cross,Extend,0.006300,0.249234,1.430472,0.222652,0.828721
Legacy,Cross,Extend,0.007000,0.249058,1.430580,0.223263,0.921334
Legacy,Cross,Extend,0.007700,0.248864,1.430699,0.223934,1.012980
Legacy,Cross,Extend,0.008400,0.248652,1.430830,0.224666,1.103593
Legacy,Cross,Extend,0.009100,0.248424,1.430970,0.225457,1.193214
Legacy,Cross,Extend,0.009800,0.248178,1.431121,0.226306,1.281852
Legacy,Cross,Extend,0.010500,0.247916,1.431283,0.227214,1.369360
Legacy,Cross,Extend,0.011200,0.247637,1.431454,0.228179,1.455944
Legacy,Cross,Extend,0.011900,0.247342,1.431636,0.229201,1.541443
Legacy,Cross,Extend,0.012600,0.247031,1.431827,0.230279,1.625975
Legacy,Cross,Extend,0.013300,0.246703,1.432029,0.231412,1.709492
Legacy,Cross,Extend,0.014000,0.246360,1.432240,0.232600,1.791940
Legacy,Cross,Extend,0.014700,0.246001,1.432461,0.233842,1.873422
Legacy,Cross,Extend,0.015400,0.245627,1.432691,0.235137,1.953862
Legacy,Cross,Extend,0.016100,0.245238,1.432931,0.236485,2.033286
Legacy,Cross,Extend,0.016800,0.244833,1.433180,0.237885,2.111668
Legacy,Cross,Extend,0.017500,0.244414,1.433438,0.239336,2.189064
Legacy,Cross,Extend,0.018200,0.243980,1.433704,0.240838,2.265434
Legacy,Cross,Extend,0.018900,0.243532,1.433980,0.242389,2.340795
Legacy,Cross,Extend,0.019600,0.243069,1.434265,0.243990,2.415145
Legacy,Cross,Extend,0.020300,0.242593,1.434558,0.245640,2.488420
Legacy,Cross,Extend,0.021000,0.242103,1.434860,0.247338,2.560761
Legacy,Cross,Extend,0.021700,0.241599,1.435170,0.249082,2.632013
Legacy,Cross,Extend,0.022400,0.241081,1.435489,0.250874,2.702247
Legacy,Cross,Extend,0.023100,0.240550,1.435815,0.252711,2.771533
Legacy,Cross,Extend,0.023800,0.240006,1.436150,0.254593,2.839731
Legacy,Cross,Extend,0.024500,0.239450,1.436493,0.256520,2.906907
Legacy,Cross,Extend,0.025200,0.238880,1.436843,0.258491,2.973122
Legacy,Cross,Extend,0.025900,0.238299,1.437201,0.260505,3.038321
Legacy,Cross,Extend,0.026600,0.237704,1.437567,0.262562,3.102426
Legacy,Cross,Extend,0.027300,0.237098,1.437940,0.264660,3.165574
Legacy,Cross,Extend,0.028000,0.236480,1.438320,0.266800,3.227719
Legacy,Cross,Extend,0.028700,0.235850,1.438708,0.268980,3.288763
Legacy,Cross,Extend,0.029400,0.235209,1.439102,0.271200,3.348850
Legacy,Cross,Extend,0.030100,0.234556,1.439504,0.273459,3.407946
Legacy,Cross,Extend,0.030800,0.233893,1.439912,0.275757,3.465936
Legacy,Cross,Extend,0.031500,0.233218,1.440328,0.278092,3.522962
Legacy,Cross,Extend,0.032200,0.232532,1.440749,0.280465,3.579015
Legacy,Cross,Extend,0.032900,0.231837,1.441178,0.282874,3.633967
Legacy,Cross,Extend,0.033600,0.231130,1.441612,0.285318,3.687951
Legacy,Cross,Extend,0.034300,0.230414,1.442053,0.287798,3.740862
Legacy,Cross,Extend,0.035000,0.229688,1.442500,0.290313,3.792845
Legacy,Cross,Extend,0.035700,0.228951,1.442953,0.292861,3.843699
Legacy,Cross,Extend,0.036400,0.228206,1.443412,0.295442,3.893654
Legacy,Cross,Extend,0.037100,0.227451,1.443877,0.298055,3.942479
Legacy,Cross,Extend,0.037800,0.226687,1.444347,0.300700,3.990382
Legacy,Cross,Extend,0.038500,0.225913,1.444823,0.303377,4.037178
Legacy,Cross,Extend,0.039200,0.225132,1.445304,0.306083,4.083017
Legacy,Cross,Extend,0.039900,0.224341,1.445790,0.308820,4.127824
Legacy,Cross,Extend,0.040600,0.223542,1.446282,0.311585,4.171600
Legacy,Cross,Extend,0.041300,0.222735,1.446778,0.314379,4.214391
Legacy,Cross,Extend,0.042000,0.221920,1.447280,0.317200,4.256132
Legacy,Cross,Extend,0.042700,0.221097,1.447786,0.320048,4.296859
Legacy,Cross,Extend,0.043400,0.220267,1.448298,0.322923,4.336548
Legacy,Cross,Extend,0.044100,0.219429,1.448813,0.325824,4.375246
Legacy,Cross,Extend,0.044800,0.218584,1.449333,0.328749,4.412947
Legacy,Cross,Extend,0.045500,0.217732,1.449858,0.331698,4.449575
Legacy,Cross,Extend,0.046200,0.216873,1.450386,0.334672,4.485265
Legacy,Cross,Extend,0.046900,0.216007,1.450919,0.337668,4.519836
Legacy,Cross,Extend,0.047600,0.215135,1.451455,0.340686,4.553450
Legacy,Cross,Extend,0.048300,0.214257,1.451996,0.343727,4.586027
Legacy,Cross,Extend,0.049000,0.213373,1.452540,0.346788,4.617624
Legacy,Cross,Extend,0.049700,0.212482,1.453088,0.349869,4.648103
Legacy,Cross,Extend,0.050400,0.211587,1.453639,0.352970,4.677723
Legacy,Cross,Extend,0.051100,0.210685,1.454194,0.356089,4.706196
Legacy,Cross,Extend,0.051800,0.209779,1.454752,0.359227,4.733672
Legacy,Cross,Extend,0.052500,0.208867,1.455312,0.362383,4.760163
Legacy,Cross,Extend,0.053200,0.207951,1.455876,0.365555,4.785586
Legacy,Cross,Extend,0.053900,0.207030,1.456443,0.368744,4.810059
Legacy,Cross,Extend,0.054600,0.206104,1.457013,0.371948,4.833460
Legacy,Cross,Extend,0.055300,0.205174,1.457585,0.375167,4.855841
Legacy,Cross,Extend,0.056000,0.204240,1.458160,0.378400,4.877299
Legacy,Cross,Extend,0.056700,0.203302,1.458737,0.381647,4.897628
Legacy,Cross,Extend,0.057400,0.202361,1.459317,0.384906,4.916995
Legacy,Cross,Extend,0.058100,0.201415,1.459898,0.388178,4.935295
Legacy,Cross,Extend,0.058800,0.200467,1.460482,0.391461,4.952598
Legacy,Cross,Extend,0.059500,0.199515,1.461068,0.394755,4.968915
Legacy,Cross,Extend,0.060200,0.198561,1.461655,0.398059,4.984154
Legacy,Cross,Extend,0.060900,0.197604,1.462244,0.401372,4.998396
Legacy,Cross,Extend,0.061600,0.196644,1.462835,0.404694,5.011734
Legacy,Cross,Extend,0.062300,0.195682,1.463427,0.408025,5.023832
Legacy,Cross,Extend,0.063000,0.194718,1.464020,0.411363,5.035077
Legacy,Cross,Extend,0.063700,0.193751,1.464615,0.414707,5.045354
Legacy,Cross,Extend,0.064400,0.192783,1.465210,0.418058,5.054391
Legacy,Cross,Extend,0.065100,0.191814,1.465807,0.421414,5.062541
Legacy,Cross,Extend,0.065800,0.190843,1.466404,0.424774,5.069683
Legacy,Cross,Extend,0.066500,0.189871,1.467003,0.428139,5.075839
Legacy,Cross,Extend,0.067200,0.188898,1.467601,0.431507,5.080905
Legacy,Cross,Extend,0.067900,0.187924,1.468201,0.434878,5.085003
Legacy,Cross,Extend,0.068600,0.186950,1.468800,0.438251,5.088017
Legacy,Cross,Extend,0.069300,0.185975,1.469400,0.441625,5.090075
Legacy,Cross,Extend,0.070000,0.185000,1.470000,0.445000,5.091072
Legacy,Cross,Extend,0.070700,0.184025,1.470600,0.448375,5.091113
Legacy,Cross,Extend,0.071400,0.183050,1.471200,0.451749,5.090040
Legacy,Cross,Extend,0.072100,0.182076,1.471799,0.455122,5.088058
Legacy,Cross,Extend,0.072800,0.181102,1.472399,0.458493,5.084997
Legacy,Cross,Extend,0.073500,0.180129,1.472998,0.461861,5.080830
Legacy,Cross,Extend,0.074200,0.179157,1.473596,0.465226,5.075873
Legacy,Cross,Extend,0.074900,0.178186,1.474193,0.468586,5.069764
Legacy,Cross,Extend,0.075600,0.177217,1.474790,0.471942,5.062541
Legacy,Cross,Extend,0.076300,0.176249,1.475385,0.475293,5.054478
Legacy,Cross,Extend,0.077000,0.175283,1.475980,0.478638,5.045227
Legacy,Cross,Extend,0.077700,0.174318,1.476573,0.481975,5.035037
Legacy,Cross,Extend,0.078400,0.173356,1.477165,0.485306,5.023912
Legacy,Cross,Extend,0.079100,0.172396,1.477756,0.488628,5.011664
Legacy,Cross,Extend,0.079800,0.171439,1.478345,0.491941,4.998466
Legacy,Cross,Extend,0.080500,0.170485,1.478932,0.495245,4.984074
Legacy,Cross,Extend,0.081200,0.169533,1.479518,0.498539,4.968955
Legacy,Cross,Extend,0.081900,0.168585,1.480102,0.501822,4.952598
Legacy,Cross,Extend,0.082600,0.167640,1.480683,0.505094,4.935254
Legacy,Cross,Extend,0.083300,0.166698,1.481263,0.508353,4.917075
Legacy,Cross,Extend,0.084000,0.165760,1.481840,0.511600,4.897588
Legacy,Cross,Extend,0.084700,0.164826,1.482415,0.514833,4.877265
Legacy,Cross,Extend,0.085400,0.163896,1.482987,0.518052,4.855841
Legacy,Cross,Extend,0.086100,0.162970,1.483557,0.521256,4.833455
Legacy,Cross,Extend,0.086800,0.162049,1.484124,0.524445,4.810105
Legacy,Cross,Extend,0.087500,0.161133,1.484688,0.527617,4.785626
Legacy,Cross,Extend,0.088200,0.160221,1.485248,0.530773,4.760076
Legacy,Cross,Extend,0.088900,0.159315,1.485806,0.533911,4.733753
Legacy,Cross,Extend,0.089600,0.158413,1.486361,0.537030,4.706161
Legacy,Cross,Extend,0.090300,0.157518,1.486912,0.540131,4.677637
Legacy,Cross,Extend,0.091000,0.156628,1.487460,0.543213,4.648143
Legacy,Cross,Extend,0.091700,0.155743,1.488004,0.546274,4.617665
Legacy,Cross,Extend,0.092400,0.154865,1.488545,0.549314,4.586033
Legacy,Cross,Extend,0.093100,0.153993,1.489081,0.552332,4.553450
Legacy,Cross,Extend,0.093800,0.153127,1.489614,0.555328,4.519836
Legacy,Cross,Extend,0.094500,0.152268,1.490142,0.558302,4.485225
Legacy,Cross,Extend,0.095200,0.151416,1.490667,0.561251,4.449616
Legacy,Cross,Extend,0.095900,0.150571,1.491187,0.564177,4.412941
Legacy,Cross,Extend,0.096600,0.149733,1.491703,0.567077,4.375252
Legacy,Cross,Extend,0.097300,0.148903,1.492214,0.569952,4.336588
Legacy,Cross,Extend,0.098000,0.148080,1.492720,0.572800,4.296772
Legacy,Cross,Extend,0.098700,0.147265,1.493222,0.575621,4.256137
Legacy,Cross,Extend,0.099400,0.146458,1.493718,0.578415,4.214385
Legacy,Cross,Extend,0.100100,0.145659,1.494210,0.581181,4.171600
Legacy,Cross,Extend,0.100800,0.144869,1.494696,0.583917,4.127905
Legacy,Cross,Extend,0.101500,0.144087,1.495178,0.586624,4.083023
Legacy,Cross,Extend,0.102200,0.143313,1.495653,0.589300,4.037172
Legacy,Cross,Extend,0.102900,0.142549,1.496124,0.591945,3.990341
Legacy,Cross,Extend,0.103600,0.141794,1.496588,0.594558,3.942485
Legacy,Cross,Extend,0.104300,0.141049,1.497047,0.597140,3.893608
Legacy,Cross,Extend,0.105000,0.140313,1.497500,0.599688,3.843745
Legacy,Cross,Extend,0.105700,0.139586,1.497947,0.602202,3.792799
Legacy,Cross,Extend,0.106400,0.138870,1.498388,0.604682,3.740903
Legacy,Cross,Extend,0.107100,0.138164,1.498822,0.607126,3.687951
Legacy,Cross,Extend,0.107800,0.137468,1.499251,0.609535,3.633933
Legacy,Cross,Extend,0.108500,0.136782,1.499673,0.611908,3.579050
Legacy,Cross,Extend,0.109200,0.136108,1.500088,0.614243,3.523015
Legacy,Cross,Extend,0.109900,0.135444,1.500496,0.616541,3.465970
Legacy,Cross,Extend,0.110600,0.134791,1.500898,0.618800,3.407866
Legacy,Cross,Extend,0.111300,0.134150,1.501292,0.621020,3.348885
Legacy,Cross,Extend,0.112000,0.133520,1.501680,0.623200,3.288729
Legacy,Cross,Extend,0.112700,0.132902,1.502060,0.625340,3.227679
Legacy,Cross,Extend,0.113400,0.132296,1.502433,0.627438,3.165614
Legacy,Cross,Extend,0.114100,0.131702,1.502799,0.629495,3.102420
Legacy,Cross,Extend,0.114800,0.131120,1.503157,0.631509,3.038321
Legacy,Cross,Extend,0.115500,0.130550,1.503507,0.633480,2.973122
Legacy,Cross,Extend,0.116200,0.129994,1.503850,0.635407,2.906953
Legacy,Cross,Extend,0.116900,0.129450,1.504185,0.637289,2.839690
Legacy,Cross,Extend,0.117600,0.128919,1.504511,0.639126,2.771528
Legacy,Cross,Extend,0.118300,0.128402,1.504830,0.640918,2.702293
Legacy,Cross,Extend,0.119000,0.127898,1.505140,0.642663,2.631993
Legacy,Cross,Extend,0.119700,0.127407,1.505442,0.644360,2.560695
Legacy,Cross,Extend,0.120400,0.126931,1.505735,0.646010,2.488480
Legacy,Cross,Extend,0.121100,0.126468,1.506020,0.647611,2.415125
Legacy,Cross,Extend,0.121800,0.126020,1.506296,0.649162,2.340761
Legacy,Cross,Extend,0.122500,0.125586,1.506562,0.650664,2.265474
Legacy,Cross,Extend,0.123200,0.125167,1.506820,0.652115,2.189064
Legacy,Cross,Extend,0.123900,0.124762,1.507069,0.653515,2.111662
Legacy,Cross,Extend,0.124600,0.124373,1.507309,0.654863,2.033413
Legacy,Cross,Extend,0.125300,0.123999,1.507539,0.656158,1.953752
Legacy,Cross,Extend,0.126000,0.123640,1.507760,0.657400,1.873405
Legacy,Cross,Extend,0.126700,0.123297,1.507971,0.658588,1.791906
Legacy,Cross,Extend,0.127400,0.122969,1.508173,0.659721,1.709547
Legacy,Cross,Extend,0.128100,0.122658,1.508364,0.660799,1.625840
Legacy,Cross,Extend,0.128800,0.122363,1.508546,0.661821,1.541579
Legacy,Cross,Extend,0.129500,0.122084,1.508718,0.662786,1.455929
Legacy,Cross,Extend,0.130200,0.121822,1.508879,0.663694,1.369294
Legacy,Cross,Extend,0.130900,0.121576,1.509030,0.664543,1.281932
Legacy,Cross,Extend,0.131600,0.121348,1.509171,0.665334,1.193153
Legacy,Cross,Extend,0.132300,0.121137,1.509301,0.666066,1.103619
Legacy,Cross,Extend,0.133000,0.120943,1.509420,0.666738,1.012995
Legacy,Cross,Extend,0.133700,0.120766,1.509529,0.667348,0.921334
Legacy,Cross,Extend,0.134400,0.120607,1.509626,0.667898,0.828767
Legacy,Cross,Extend,0.135100,0.120467,1.509713,0.668385,0.734945
Legacy,Cross,Extend,0.135800,0.120344,1.509788,0.668809,0.640367
Legacy,Cross,Extend,0.136500,0.120240,1.509853,0.669170,0.544556
Legacy,Cross,Extend,0.137200,0.120154,1.509905,0.669467,0.447840
Legacy,Cross,Extend,0.137900,0.120087,1.509947,0.669699,0.350155
Legacy,Cross,Extend,0.138600,0.120039,1.509976,0.669866,0.251295
Legacy,Cross,Extend,0.139300,0.120010,1.509994,0.669966,0.151599
Legacy,Cross,Extend,0.140000,0.120000,1.510000,0.670000,0.050710
Legacy,Cross,Recover,0.001400,0.120008,1.509996,0.669971,0.021653
Legacy,Cross,Recover,0.002800,0.120030,1.509985,0.669884,0.064712
Legacy,Cross,Recover,0.004200,0.120067,1.509967,0.669740,0.107226
Legacy,Cross,Recover,0.005600,0.120118,1.509941,0.669538,0.149521
Legacy,Cross,Recover,0.007000,0.120184,1.509908,0.669281,0.191153
Legacy,Cross,Recover,0.008400,0.120265,1.509868,0.668968,0.232519
Legacy,Cross,Recover,0.009800,0.120359,1.509821,0.668600,0.273351
Legacy,Cross,Recover,0.011200,0.120467,1.509766,0.668178,0.313761
Legacy,Cross,Recover,0.012600,0.120589,1.509705,0.667702,0.353781
Legacy,Cross,Recover,0.014000,0.120725,1.509637,0.667173,0.393337
Legacy,Cross,Recover,0.015400,0.120874,1.509563,0.666591,0.432444
Legacy,Cross,Recover,0.016800,0.121037,1.509482,0.665957,0.471114
Legacy,Cross,Recover,0.018200,0.121213,1.509394,0.665271,0.509414
Legacy,Cross,Recover,0.019600,0.121401,1.509299,0.664535,0.547156
Legacy,Cross,Recover,0.021000,0.121603,1.509198,0.663748,0.584580
Legacy,Cross,Recover,0.022400,0.121818,1.509091,0.662911,0.621560
Legacy,Cross,Recover,0.023800,0.122045,1.508978,0.662026,0.658013
Legacy,Cross,Recover,0.025200,0.122284,1.508858,0.661092,0.694153
Legacy,Cross,Recover,0.026600,0.122536,1.508732,0.660110,0.729760
Legacy,Cross,Recover,0.028000,0.122800,1.508600,0.659080,0.764967
Legacy,Cross,Recover,0.029400,0.123076,1.508462,0.658004,0.799785
Legacy,Cross,Recover,0.030800,0.123364,1.508318,0.656881,0.834061
Legacy,Cross,Recover,0.032200,0.123663,1.508168,0.655713,0.868031
Legacy,Cross,Recover,0.033600,0.123974,1.508013,0.654500,0.901475
Legacy,Cross,Recover,0.035000,0.124297,1.507852,0.653242,0.934465
Legacy,Cross,Recover,0.036400,0.124631,1.507685,0.651941,0.967109
Legacy,Cross,Recover,0.037800,0.124975,1.507512,0.650596,0.999305
Legacy,Cross,Recover,0.039200,0.125331,1.507334,0.649208,1.031025
Legacy,Cross,Recover,0.040600,0.125698,1.507151,0.647779,1.062282
Legacy,Cross,Recover,0.042000,0.126075,1.506963,0.646308,1.093159
Legacy,Cross,Recover,0.043400,0.126463,1.506769,0.644795,1.123635
Legacy,Cross,Recover,0.044800,0.126861,1.506570,0.643243,1.153563
Legacy,Cross,Recover,0.046200,0.127269,1.506365,0.641651,1.183157
Legacy,Cross,Recover,0.047600,0.127687,1.506156,0.640019,1.212250
Legacy,Cross,Recover,0.049000,0.128116,1.505942,0.638349,1.240994
Legacy,Cross,Recover,0.050400,0.128554,1.505723,0.636641,1.269210
Legacy,Cross,Recover,0.051800,0.129001,1.505499,0.634895,1.297031
Legacy,Cross,Recover,0.053200,0.129458,1.505271,0.633113,1.324440
Legacy,Cross,Recover,0.054600,0.129925,1.505038,0.631294,1.351356
Legacy,Cross,Recover,0.056000,0.130400,1.504800,0.629440,1.377904
Legacy,Cross,Recover,0.057400,0.130885,1.504558,0.627551,1.403980
Legacy,Cross,Recover,0.058800,0.131378,1.504311,0.625627,1.429582
Legacy,Cross,Recover,0.060200,0.131880,1.504060,0.623669,1.454874
Legacy,Cross,Recover,0.061600,0.132390,1.503805,0.621678,1.479581
Legacy,Cross,Recover,0.063000,0.132909,1.503545,0.619654,1.503948
Legacy,Cross,Recover,0.064400,0.133437,1.503282,0.617597,1.527858
Legacy,Cross,Recover,0.065800,0.133972,1.503014,0.615510,1.551330
Legacy,Cross,Recover,0.067200,0.134515,1.502742,0.613391,1.574367
Legacy,Cross,Recover,0.068600,0.135066,1.502467,0.611242,1.596950
Legacy,Cross,Recover,0.070000,0.135625,1.502187,0.609063,1.619190
Legacy,Cross,Recover,0.071400,0.136191,1.501904,0.606854,1.640845
Legacy,Cross,Recover,0.072800,0.136765,1.501618,0.604617,1.662193
Legacy,Cross,Recover,0.074200,0.137346,1.501327,0.602352,1.683051
Legacy,Cross,Recover,0.075600,0.137933,1.501033,0.600060,1.703466
Legacy,Cross,Recover,0.077000,0.138528,1.500736,0.597740,1.723491
Legacy,Cross,Recover,0.078400,0.139130,1.500435,0.595395,1.743011
Legacy,Cross,Recover,0.079800,0.139738,1.500131,0.593023,1.762158
Legacy,Cross,Recover,0.081200,0.140352,1.499824,0.590626,1.780840
Legacy,Cross,Recover,0.082600,0.140973,1.499514,0.588205,1.799090
Legacy,Cross,Recover,0.084000,0.141600,1.499200,0.585760,1.816942
Legacy,Cross,Recover,0.085400,0.142233,1.498883,0.583291,1.834300
Legacy,Cross,Recover,0.086800,0.142872,1.498564,0.580800,1.851262
Legacy,Cross,Recover,0.088200,0.143516,1.498242,0.578286,1.867790
Legacy,Cross,Recover,0.089600,0.144166,1.497917,0.575751,1.883855
Legacy,Cross,Recover,0.091000,0.144822,1.497589,0.573195,1.899534
Legacy,Cross,Recover,0.092400,0.145483,1.497259,0.570618,1.914739
Legacy,Cross,Recover,0.093800,0.146148,1.496926,0.568021,1.929475
Legacy,Cross,Recover,0.095200,0.146819,1.496590,0.565405,1.943878
Legacy,Cross,Recover,0.096600,0.147495,1.496253,0.562770,1.957773
Legacy,Cross,Recover,0.098000,0.148175,1.495913,0.560118,1.971202
Legacy,Cross,Recover,0.099400,0.148860,1.495570,0.557447,1.984308
Legacy,Cross,Recover,0.100800,0.149549,1.495226,0.554760,1.996896
Legacy,Cross,Recover,0.102200,0.150242,1.494879,0.552056,2.009059
Legacy,Cross,Recover,0.103600,0.150939,1.494530,0.549336,2.020766
Legacy,Cross,Recover,0.105000,0.151641,1.494180,0.546602,2.032095
Legacy,Cross,Recover,0.106400,0.152346,1.493827,0.543852,2.042992
Legacy,Cross,Recover,0.107800,0.153054,1.493473,0.541089,2.053361
Legacy,Cross,Recover,0.109200,0.153766,1.493117,0.538312,2.063415
Legacy,Cross,Recover,0.110600,0.154482,1.492759,0.535522,2.072974
Legacy,Cross,Recover,0.112000,0.155200,1.492400,0.532720,2.082054
Legacy,Cross,Recover,0.113400,0.155922,1.492039,0.529906,2.090780
Legacy,Cross,Recover,0.114800,0.156646,1.491677,0.527081,2.099063
Legacy,Cross,Recover,0.116200,0.157373,1.491314,0.524246,2.106864
Legacy,Cross,Recover,0.117600,0.158102,1.490949,0.521401,2.114214
Legacy,Cross,Recover,0.119000,0.158834,1.490583,0.518546,2.121251
Legacy,Cross,Recover,0.120400,0.159569,1.490216,0.515683,2.127722
Legacy,Cross,Recover,0.121800,0.160305,1.489848,0.512811,2.133785
Legacy,Cross,Recover,0.123200,0.161043,1.489478,0.509932,2.139493
Legacy,Cross,Recover,0.124600,0.161783,1.489108,0.507045,2.144652
Legacy,Cross,Recover,0.126000,0.162525,1.488737,0.504153,2.149465
Legacy,Cross,Recover,0.127400,0.163268,1.488366,0.501254,2.153844
Legacy,Cross,Recover,0.128800,0.164013,1.487994,0.498350,2.157706
Legacy,Cross,Recover,0.130200,0.164759,1.487621,0.495442,2.161202
Legacy,Cross,Recover,0.131600,0.165505,1.487247,0.492529,2.164211
Legacy,Cross,Recover,0.133000,0.166253,1.486874,0.489613,2.166868
Legacy,Cross,Recover,0.134400,0.167002,1.486499,0.486694,2.169006
Legacy,Cross,Recover,0.135800,0.167751,1.486125,0.483772,2.170812
Legacy,Cross,Recover,0.137200,0.168500,1.485750,0.480849,2.172047
Legacy,Cross,Recover,0.138600,0.169250,1.485375,0.477925,2.172939
Legacy,Cross,Recover,0.140000,0.170000,1.485000,0.475000,2.173345
Legacy,Cross,Recover,0.141400,0.170750,1.484625,0.472075,2.173385
Legacy,Cross,Recover,0.142800,0.171500,1.484250,0.469151,2.172937
Legacy,Cross,Recover,0.144200,0.172249,1.483875,0.466228,2.172047
Legacy,Cross,Recover,0.145600,0.172998,1.483501,0.463306,2.170771
Legacy,Cross,Recover,0.147000,0.173747,1.483127,0.460387,2.169006
Legacy,Cross,Recover,0.148400,0.174495,1.482753,0.457471,2.166868
Legacy,Cross,Recover,0.149800,0.175241,1.482379,0.454558,2.164254
Legacy,Cross,Recover,0.151200,0.175987,1.482006,0.451650,2.161202
Legacy,Cross,Recover,0.152600,0.176732,1.481634,0.448746,2.157706
Legacy,Cross,Recover,0.154000,0.177475,1.481263,0.445848,2.153803
Legacy,Cross,Recover,0.155400,0.178217,1.480892,0.442955,2.149465
Legacy,Cross,Recover,0.156800,0.178957,1.480522,0.440069,2.144693
Legacy,Cross,Recover,0.158200,0.179695,1.480152,0.437189,2.139449
Legacy,Cross,Recover,0.159600,0.180431,1.479784,0.434318,2.133806
Legacy,Cross,Recover,0.161000,0.181166,1.479417,0.431454,2.127745
Legacy,Cross,Recover,0.162400,0.181898,1.479051,0.428599,2.121207
Legacy,Cross,Recover,0.163800,0.182627,1.478686,0.425754,2.114214
Legacy,Cross,Recover,0.165200,0.183354,1.478323,0.422919,2.106897
Legacy,Cross,Recover,0.166600,0.184079,1.477961,0.420094,2.099073
Legacy,Cross,Recover,0.168000,0.184800,1.477600,0.417280,2.090760
Legacy,Cross,Recover,0.169400,0.185519,1.477241,0.414478,2.082074
Legacy,Cross,Recover,0.170800,0.186234,1.476883,0.411688,2.072933
Legacy,Cross,Recover,0.172200,0.186946,1.476527,0.408911,2.063415
Legacy,Cross,Recover,0.173600,0.187654,1.476173,0.406148,2.053402
Legacy,Cross,Recover,0.175000,0.188359,1.475820,0.403399,2.042951
Legacy,Cross,Recover,0.176400,0.189061,1.475470,0.400664,2.032095
Legacy,Cross,Recover,0.177800,0.189758,1.475121,0.397944,2.020807
Legacy,Cross,Recover,0.179200,0.190451,1.474774,0.395240,2.009038
Legacy,Cross,Recover,0.180600,0.191140,1.474430,0.392553,1.996894
Legacy,Cross,Recover,0.182000,0.191825,1.474087,0.389883,1.984290
Legacy,Cross,Recover,0.183400,0.192505,1.473747,0.387230,1.971243
Legacy,Cross,Recover,0.184800,0.193181,1.473410,0.384595,1.957752
Legacy,Cross,Recover,0.186200,0.193852,1.473074,0.381979,1.943878
Legacy,Cross,Recover,0.187600,0.194517,1.472741,0.379382,1.929495
Legacy,Cross,Recover,0.189000,0.195178,1.472411,0.376805,1.914737
Legacy,Cross,Recover,0.190400,0.195834,1.472083,0.374249,1.899534
Legacy,Cross,Recover,0.191800,0.196484,1.471758,0.371714,1.883835
Legacy,Cross,Recover,0.193200,0.197128,1.471436,0.369200,1.867792
Legacy,Cross,Recover,0.194600,0.197767,1.471117,0.366709,1.851257
Legacy,Cross,Recover,0.196000,0.198400,1.470800,0.364240,1.834323
Legacy,Cross,Recover,0.197400,0.199027,1.470487,0.361795,1.816922
Legacy,Cross,Recover,0.198800,0.199648,1.470176,0.359374,1.799093
Legacy,Cross,Recover,0.200200,0.200262,1.469869,0.356977,1.780817
Legacy,Cross,Recover,0.201600,0.200870,1.469565,0.354605,1.762199
Legacy,Cross,Recover,0.203000,0.201472,1.469264,0.352260,1.743014
Legacy,Cross,Recover,0.204400,0.202067,1.468967,0.349940,1.723471
Legacy,Cross,Recover,0.205800,0.202654,1.468673,0.347648,1.703484
Legacy,Cross,Recover,0.207200,0.203235,1.468382,0.345383,1.683030
Legacy,Cross,Recover,0.208600,0.203809,1.468096,0.343146,1.662172
Legacy,Cross,Recover,0.210000,0.204375,1.467813,0.340938,1.640888
Legacy,Cross,Recover,0.211400,0.204934,1.467533,0.338759,1.619126
Legacy,Cross,Recover,0.212800,0.205485,1.467258,0.336609,1.596970
Legacy,Cross,Recover,0.214200,0.206028,1.466986,0.334491,1.574413
Legacy,Cross,Recover,0.215600,0.206563,1.466718,0.332403,1.551287
Legacy,Cross,Recover,0.217000,0.207091,1.466455,0.330347,1.527858
Legacy,Cross,Recover,0.218400,0.207610,1.466195,0.328323,1.503945
Legacy,Cross,Recover,0.219800,0.208120,1.465940,0.326331,1.479645
Legacy,Cross,Recover,0.221200,0.208622,1.465689,0.324373,1.454810
Legacy,Cross,Recover,0.222600,0.209116,1.465442,0.322449,1.429623
Legacy,Cross,Recover,0.224000,0.209600,1.465200,0.320560,1.403980
Legacy,Cross,Recover,0.225400,0.210076,1.464962,0.318706,1.377883
Legacy,Cross,Recover,0.226800,0.210542,1.464729,0.316887,1.351358
Legacy,Cross,Recover,0.228200,0.210999,1.464501,0.315105,1.324416
Legacy,Cross,Recover,0.229600,0.211446,1.464277,0.313359,1.297054
Legacy,Cross,Recover,0.231000,0.211884,1.464058,0.311651,1.269230
Legacy,Cross,Recover,0.232400,0.212313,1.463844,0.309981,1.240953
Legacy,Cross,Recover,0.233800,0.212731,1.463635,0.308349,1.212265
Legacy,Cross,Recover,0.235200,0.213139,1.463430,0.306757,1.183140
Legacy,Cross,Recover,0.236600,0.213537,1.463231,0.305205,1.153606
Legacy,Cross,Recover,0.238000,0.213925,1.463037,0.303693,1.123594
Legacy,Cross,Recover,0.239400,0.214302,1.462849,0.302221,1.093156
Legacy,Cross,Recover,0.240800,0.214669,1.462666,0.300792,1.062323
Legacy,Cross,Recover,0.242200,0.215025,1.462488,0.299404,1.031007
Legacy,Cross,Recover,0.243600,0.215369,1.462315,0.298059,0.999282
Legacy,Cross,Recover,0.245000,0.215703,1.462148,0.296758,0.967112
Legacy,Cross,Recover,0.246400,0.216026,1.461987,0.295500,0.934503
Legacy,Cross,Recover,0.247800,0.216337,1.461832,0.294287,0.901475
Legacy,Cross,Recover,0.249200,0.216636,1.461682,0.293119,0.867987
Legacy,Cross,Recover,0.250600,0.216924,1.461538,0.291996,0.834102
Legacy,Cross,Recover,0.252000,0.217200,1.461400,0.290920,0.799767
Legacy,Cross,Recover,0.253400,0.217464,1.461268,0.289891,0.764949
Legacy,Cross,Recover,0.254800,0.217716,1.461142,0.288908,0.729780
Legacy,Cross,Recover,0.256200,0.217955,1.461022,0.287974,0.694153
Legacy,Cross,Recover,0.257600,0.218182,1.460909,0.287089,0.658013
Legacy,Cross,Recover,0.259000,0.218397,1.460802,0.286252,0.621540
Legacy,Cross,Recover,0.260400,0.218599,1.460701,0.285465,0.584621
Legacy,Cross,Recover,0.261800,0.218787,1.460606,0.284729,0.547179
Legacy,Cross,Recover,0.263200,0.218963,1.460518,0.284044,0.509373
Legacy,Cross,Recover,0.264600,0.219126,1.460437,0.283410,0.471132
Legacy,Cross,Recover,0.266000,0.219275,1.460363,0.282828,0.432444
Legacy,Cross,Recover,0.267400,0.219411,1.460295,0.282298,0.393311
Legacy,Cross,Recover,0.268800,0.219533,1.460234,0.281822,0.353765
Legacy,Cross,Recover,0.270200,0.219641,1.460179,0.281400,0.313779
Legacy,Cross,Recover,0.271600,0.219735,1.460132,0.281032,0.273348
Legacy,Cross,Recover,0.273000,0.219816,1.460092,0.280719,0.232483
Legacy,Cross,Recover,0.274400,0.219882,1.460059,0.280462,0.191189
Legacy,Cross,Recover,0.275800,0.219933,1.460033,0.280261,0.149465
Legacy,Cross,Recover,0.277200,0.219970,1.460015,0.280116,0.107287
Legacy,Cross,Recover,0.278600,0.219993,1.460004,0.280029,0.064710
Legacy,Cross,Recover,0.280000,0.220000,1.460000,0.280000,0.021655
Curve,Cross,Commit,0.000450,0.220002,1.459998,0.279996,0.012194
Curve,Cross,Commit,0.000900,0.220009,1.459991,0.279982,0.036473
Curve,Cross,Commit,0.001350,0.220020,1.459980,0.279960,0.060415
Curve,Cross,Commit,0.001800,0.220036,1.459965,0.279929,0.084302
Curve,Cross,Commit,0.002250,0.220055,1.459945,0.279889,0.107703
Curve,Cross,Commit,0.002700,0.220079,1.459921,0.279841,0.131009
Curve,Cross,Commit,0.003150,0.220108,1.459892,0.279785,0.153991
Curve,Cross,Commit,0.003600,0.220140,1.459860,0.279720,0.176878
Curve,Cross,Commit,0.004050,0.220177,1.459823,0.279646,0.199345
Curve,Cross,Commit,0.004500,0.220218,1.459782,0.279565,0.221651
Curve,Cross,Commit,0.004950,0.220262,1.459738,0.279476,0.243605
Curve,Cross,Commit,0.005400,0.220311,1.459689,0.279378,0.265533
Curve,Cross,Commit,0.005850,0.220364,1.459636,0.279273,0.287054
Curve,Cross,Commit,0.006300,0.220420,1.459580,0.279159,0.308359
Curve,Cross,Commit,0.006750,0.220481,1.459519,0.279038,0.329327
Curve,Cross,Commit,0.007200,0.220545,1.459455,0.278909,0.350267
Curve,Cross,Commit,0.007650,0.220613,1.459387,0.278773,0.370897
Curve,Cross,Commit,0.008100,0.220685,1.459315,0.278630,0.391039
Curve,Cross,Commit,0.008550,0.220761,1.459239,0.278478,0.411263
Curve,Cross,Commit,0.009000,0.220840,1.459160,0.278320,0.431000
Curve,Cross,Commit,0.009450,0.220923,1.459077,0.278154,0.450764
Curve,Cross,Commit,0.009900,0.221009,1.458991,0.277982,0.469961
Curve,Cross,Commit,0.010350,0.221099,1.458901,0.277802,0.489117
Curve,Cross,Commit,0.010800,0.221192,1.458808,0.277615,0.508016
Curve,Cross,Commit,0.011250,0.221289,1.458711,0.277422,0.526590
Curve,Cross,Commit,0.011700,0.221389,1.458611,0.277222,0.544935
Curve,Cross,Commit,0.012150,0.221493,1.458507,0.277015,0.563172
Curve,Cross,Commit,0.012600,0.221599,1.458401,0.276801,0.580895
Curve,Cross,Commit,0.013050,0.221709,1.458291,0.276581,0.598658
Curve,Cross,Commit,0.013500,0.221823,1.458178,0.276355,0.616002
Curve,Cross,Commit,0.013950,0.221939,1.458061,0.276122,0.633185
Curve,Cross,Commit,0.014400,0.222058,1.457942,0.275884,0.650056
Curve,Cross,Commit,0.014850,0.222181,1.457819,0.275639,0.666684
Curve,Cross,Commit,0.015300,0.222306,1.457694,0.275388,0.683149
Curve,Cross,Commit,0.015750,0.222435,1.457565,0.275131,0.699318
Curve,Cross,Commit,0.016200,0.222566,1.457434,0.274868,0.715202
Curve,Cross,Commit,0.016650,0.222700,1.457300,0.274599,0.730857
Curve,Cross,Commit,0.017100,0.222838,1.457163,0.274325,0.746295
Curve,Cross,Commit,0.017550,0.222977,1.457023,0.274045,0.761584
Curve,Cross,Commit,0.018000,0.223120,1.456880,0.273760,0.776360
Curve,Cross,Commit,0.018450,0.223265,1.456735,0.273469,0.791177
Curve,Cross,Commit,0.018900,0.223413,1.456587,0.273173,0.805547
Curve,Cross,Commit,0.019350,0.223564,1.456436,0.272872,0.819863
Curve,Cross,Commit,0.019800,0.223717,1.456283,0.272566,0.833733
Curve,Cross,Commit,0.020250,0.223873,1.456127,0.272254,0.847441
Curve,Cross,Commit,0.020700,0.224031,1.455969,0.271938,0.861014
Curve,Cross,Commit,0.021150,0.224192,1.455809,0.271617,0.874127
Curve,Cross,Commit,0.021600,0.224355,1.455645,0.271291,0.887280
Curve,Cross,Commit,0.022050,0.224520,1.455480,0.270960,0.899772
Curve,Cross,Commit,0.022500,0.224688,1.455312,0.270625,0.912520
Curve,Cross,Commit,0.022950,0.224857,1.455143,0.270285,0.924605
Curve,Cross,Commit,0.023400,0.225029,1.454971,0.269941,0.936623
Curve,Cross,Commit,0.023850,0.225204,1.454796,0.269593,0.948479
Curve,Cross,Commit,0.024300,0.225380,1.454620,0.269240,0.959848
Curve,Cross,Commit,0.024750,0.225558,1.454442,0.268883,0.971190
Curve,Cross,Commit,0.025200,0.225739,1.454261,0.268522,0.982181
Curve,Cross,Commit,0.025650,0.225921,1.454079,0.268157,0.992942
Curve,Cross,Commit,0.026100,0.226106,1.453894,0.267789,1.003567
Curve,Cross,Commit,0.026550,0.226292,1.453708,0.267416,1.013774
Curve,Cross,Commit,0.027000,0.226480,1.453520,0.267040,1.023818
Curve,Cross,Commit,0.027450,0.226670,1.453330,0.266660,1.033673
Curve,Cross,Commit,0.027900,0.226862,1.453138,0.266277,1.043231
Curve,Cross,Commit,0.028350,0.227055,1.452945,0.265890,1.052505
Curve,Cross,Commit,0.028800,0.227250,1.452750,0.265500,1.061589
Curve,Cross,Commit,0.029250,0.227447,1.452554,0.265107,1.070295
Curve,Cross,Commit,0.029700,0.227645,1.452355,0.264710,1.079042
Curve,Cross,Commit,0.030150,0.227845,1.452155,0.264311,1.087275
Curve,Cross,Commit,0.030600,0.228046,1.451954,0.263909,1.095399
Curve,Cross,Commit,0.031050,0.228248,1.451752,0.263503,1.103186
Curve,Cross,Commit,0.031500,0.228453,1.451548,0.263095,1.110824
Curve,Cross,Commit,0.031950,0.228658,1.451342,0.262684,1.118124
Curve,Cross,Commit,0.032400,0.228865,1.451135,0.262271,1.125262
Curve,Cross,Commit,0.032850,0.229073,1.450927,0.261855,1.132102
Curve,Cross,Commit,0.033300,0.229282,1.450718,0.261436,1.138632
Curve,Cross,Commit,0.033750,0.229492,1.450508,0.261016,1.145161
Curve,Cross,Commit,0.034200,0.229704,1.450296,0.260593,1.151204
Curve,Cross,Commit,0.034650,0.229916,1.450084,0.260168,1.157044
Curve,Cross,Commit,0.035100,0.230130,1.449870,0.259740,1.162749
Curve,Cross,Commit,0.035550,0.230345,1.449656,0.259311,1.168251
Curve,Cross,Commit,0.036000,0.230560,1.449440,0.258880,1.173266
Curve,Cross,Commit,0.036450,0.230776,1.449224,0.258447,1.178079
Curve,Cross,Commit,0.036900,0.230994,1.449006,0.258013,1.182797
Curve,Cross,Commit,0.037350,0.231212,1.448788,0.257576,1.187272
Curve,Cross,Commit,0.037800,0.231431,1.448569,0.257139,1.191435
Curve,Cross,Commit,0.038250,0.231650,1.448350,0.256699,1.195261
Curve,Cross,Commit,0.038700,0.231871,1.448129,0.256259,1.199019
Curve,Cross,Commit,0.039150,0.232092,1.447909,0.255817,1.202399
Curve,Cross,Commit,0.039600,0.232313,1.447687,0.255374,1.205535
Curve,Cross,Commit,0.040050,0.232535,1.447465,0.254930,1.208550
Curve,Cross,Commit,0.040500,0.232758,1.447242,0.254485,1.211281
Curve,Cross,Commit,0.040950,0.232981,1.447020,0.254039,1.213701
Curve,Cross,Commit,0.041400,0.233204,1.446796,0.253592,1.215891
Curve,Cross,Commit,0.041850,0.233428,1.446572,0.253145,1.217837
Curve,Cross,Commit,0.042300,0.233652,1.446348,0.252697,1.219541
Curve,Cross,Commit,0.042750,0.233876,1.446124,0.252248,1.221014
Curve,Cross,Commit,0.043200,0.234101,1.445900,0.251799,1.222204
Curve,Cross,Commit,0.043650,0.234325,1.445675,0.251350,1.223231
Curve,Cross,Commit,0.044100,0.234550,1.445450,0.250900,1.224056
Curve,Cross,Commit,0.044550,0.234775,1.445225,0.250450,1.224461
Curve,Cross,Commit,0.045000,0.235000,1.445000,0.250000,1.224664
Curve,Cross,Commit,0.045450,0.235225,1.444775,0.249550,1.224664
Curve,Cross,Commit,0.045900,0.235450,1.444550,0.249100,1.224461
Curve,Cross,Commit,0.046350,0.235675,1.444325,0.248650,1.224056
Curve,Cross,Commit,0.046800,0.235900,1.444100,0.248201,1.223231
Curve,Cross,Commit,0.047250,0.236124,1.443876,0.247752,1.222150
Curve,Cross,Commit,0.047700,0.236348,1.443652,0.247303,1.221068
Curve,Cross,Commit,0.048150,0.236572,1.443428,0.246855,1.219541
Curve,Cross,Commit,0.048600,0.236796,1.443204,0.246408,1.217891
Curve,Cross,Commit,0.049050,0.237020,1.442981,0.245961,1.215904
Curve,Cross,Commit,0.049500,0.237243,1.442758,0.245515,1.213633
Curve,Cross,Commit,0.049950,0.237465,1.442535,0.245070,1.211254
Curve,Cross,Commit,0.050400,0.237687,1.442313,0.244626,1.208577
Curve,Cross,Commit,0.050850,0.237909,1.442092,0.244183,1.205508
Curve,Cross,Commit,0.051300,0.238129,1.441871,0.243741,1.202426
Curve,Cross,Commit,0.051750,0.238350,1.441650,0.243301,1.199019
Curve,Cross,Commit,0.052200,0.238569,1.441431,0.242861,1.195288
Curve,Cross,Commit,0.052650,0.238788,1.441212,0.242424,1.191381
Curve,Cross,Commit,0.053100,0.239006,1.440994,0.241988,1.187258
Curve,Cross,Commit,0.053550,0.239224,1.440776,0.241553,1.182838
Curve,Cross,Commit,0.054000,0.239440,1.440560,0.241120,1.178079
Curve,Cross,Commit,0.054450,0.239656,1.440345,0.240689,1.173293
Curve,Cross,Commit,0.054900,0.239870,1.440130,0.240260,1.168197
Curve,Cross,Commit,0.055350,0.240084,1.439916,0.239833,1.162749
Curve,Cross,Commit,0.055800,0.240296,1.439704,0.239407,1.157071
Curve,Cross,Commit,0.056250,0.240508,1.439492,0.238984,1.151204
Curve,Cross,Commit,0.056700,0.240718,1.439282,0.238564,1.145134
Curve,Cross,Commit,0.057150,0.240927,1.439073,0.238145,1.138632
Curve,Cross,Commit,0.057600,0.241135,1.438865,0.237729,1.132143
Curve,Cross,Commit,0.058050,0.241342,1.438658,0.237316,1.125248
Curve,Cross,Commit,0.058500,0.241548,1.438453,0.236905,1.118138
Curve,Cross,Commit,0.058950,0.241752,1.438249,0.236497,1.110811
Curve,Cross,Commit,0.059400,0.241954,1.438046,0.236092,1.103186
Curve,Cross,Commit,0.059850,0.242156,1.437845,0.235689,1.095372
Curve,Cross,Commit,0.060300,0.242355,1.437645,0.235290,1.087342
Curve,Cross,Commit,0.060750,0.242553,1.437447,0.234893,1.079001
Curve,Cross,Commit,0.061200,0.242750,1.437250,0.234500,1.070295
Curve,Cross,Commit,0.061650,0.242945,1.437055,0.234110,1.061589
Curve,Cross,Commit,0.062100,0.243139,1.436862,0.233723,1.052505
Curve,Cross,Commit,0.062550,0.243330,1.436670,0.233340,1.043217
Curve,Cross,Commit,0.063000,0.243520,1.436480,0.232960,1.033687
Curve,Cross,Commit,0.063450,0.243708,1.436292,0.232584,1.023818
Curve,Cross,Commit,0.063900,0.243894,1.436106,0.232211,1.013774
Curve,Cross,Commit,0.064350,0.244079,1.435921,0.231843,1.003567
Curve,Cross,Commit,0.064800,0.244261,1.435739,0.231478,0.992969
Curve,Cross,Commit,0.065250,0.244442,1.435559,0.231117,0.982127
Curve,Cross,Commit,0.065700,0.244620,1.435380,0.230760,0.971217
Curve,Cross,Commit,0.066150,0.244796,1.435204,0.230407,0.959916
Curve,Cross,Commit,0.066600,0.244971,1.435030,0.230059,0.948411
Curve,Cross,Commit,0.067050,0.245143,1.434857,0.229715,0.936623
Curve,Cross,Commit,0.067500,0.245313,1.434688,0.229375,0.924605
Curve,Cross,Commit,0.067950,0.245480,1.434520,0.229040,0.912493
Curve,Cross,Commit,0.068400,0.245645,1.434355,0.228709,0.899826
Curve,Cross,Commit,0.068850,0.245808,1.434192,0.228383,0.887253
Curve,Cross,Commit,0.069300,0.245969,1.434031,0.228062,0.874127
Curve,Cross,Commit,0.069750,0.246127,1.433873,0.227746,0.861014
Curve,Cross,Commit,0.070200,0.246283,1.433717,0.227434,0.847455
Curve,Cross,Commit,0.070650,0.246436,1.433564,0.227128,0.833693
Curve,Cross,Commit,0.071100,0.246587,1.433413,0.226827,0.819863
Curve,Cross,Commit,0.071550,0.246735,1.433265,0.226531,0.805547
Curve,Cross,Commit,0.072000,0.246880,1.433120,0.226240,0.791231
Curve,Cross,Commit,0.072450,0.247023,1.432977,0.225955,0.776387
Curve,Cross,Commit,0.072900,0.247163,1.432837,0.225675,0.761530
Curve,Cross,Commit,0.073350,0.247300,1.432700,0.225401,0.746295
Curve,Cross,Commit,0.073800,0.247434,1.432566,0.225132,0.730857
Curve,Cross,Commit,0.074250,0.247565,1.432435,0.224869,0.715215
Curve,Cross,Commit,0.074700,0.247694,1.432306,0.224612,0.699304
Curve,Cross,Commit,0.075150,0.247819,1.432181,0.224361,0.683149
Curve,Cross,Commit,0.075600,0.247942,1.432058,0.224117,0.666684
Curve,Cross,Commit,0.076050,0.248061,1.431939,0.223878,0.650056
Curve,Cross,Commit,0.076500,0.248178,1.431823,0.223645,0.633185
Curve,Cross,Commit,0.076950,0.248291,1.431709,0.223419,0.615975
Curve,Cross,Commit,0.077400,0.248401,1.431599,0.223199,0.598685
Curve,Cross,Commit,0.077850,0.248507,1.431493,0.222985,0.580935
Curve,Cross,Commit,0.078300,0.248611,1.431389,0.222778,0.563104
Curve,Cross,Commit,0.078750,0.248711,1.431289,0.222578,0.545016
Curve,Cross,Commit,0.079200,0.248808,1.431192,0.222385,0.526509
Curve,Cross,Commit,0.079650,0.248901,1.431099,0.222198,0.507989
Curve,Cross,Commit,0.080100,0.248991,1.431009,0.222018,0.489184
Curve,Cross,Commit,0.080550,0.249077,1.430923,0.221846,0.469961
Curve,Cross,Commit,0.081000,0.249160,1.430840,0.221680,0.450683
Curve,Cross,Commit,0.081450,0.249239,1.430761,0.221522,0.431068
Curve,Cross,Commit,0.081900,0.249315,1.430685,0.221371,0.411263
Curve,Cross,Commit,0.082350,0.249387,1.430614,0.221227,0.391080
Curve,Cross,Commit,0.082800,0.249455,1.430545,0.221091,0.370856
Curve,Cross,Commit,0.083250,0.249519,1.430481,0.220962,0.350267
Curve,Cross,Commit,0.083700,0.249580,1.430421,0.220841,0.329327
Curve,Cross,Commit,0.084150,0.249636,1.430364,0.220728,0.308332
Curve,Cross,Commit,0.084600,0.249689,1.430311,0.220622,0.287108
Curve,Cross,Commit,0.085050,0.249738,1.430262,0.220525,0.265478
Curve,Cross,Commit,0.085500,0.249783,1.430218,0.220435,0.243632
Curve,Cross,Commit,0.085950,0.249823,1.430177,0.220354,0.221705
Curve,Cross,Commit,0.086400,0.249860,1.430140,0.220280,0.199291
Curve,Cross,Commit,0.086850,0.249892,1.430108,0.220215,0.176878
Curve,Cross,Commit,0.087300,0.249921,1.430079,0.220159,0.154004
Curve,Cross,Commit,0.087750,0.249945,1.430055,0.220111,0.130995
Curve,Cross,Commit,0.088200,0.249965,1.430036,0.220071,0.107743
Curve,Cross,Commit,0.088650,0.249980,1.430020,0.220040,0.084234
Curve,Cross,Commit,0.089100,0.249991,1.430009,0.220018,0.060442
Curve,Cross,Commit,0.089550,0.249998,1.430002,0.220005,0.036446
Curve,Cross,Commit,0.090000,0.250000,1.430000,0.220000,0.012221
Curve,Cross,Extend,0.000700,0.249992,1.430005,0.220026,0.039750
Curve,Cross,Extend,0.001400,0.249970,1.430019,0.220105,0.118863
Curve,Cross,Extend,0.002100,0.249932,1.430042,0.220236,0.197231
Curve,Cross,Extend,0.002800,0.249879,1.430074,0.220418,0.274961
Curve,Cross,Extend,0.003500,0.249812,1.430116,0.220651,0.351936
Curve,Cross,Extend,0.004200,0.249730,1.430166,0.220935,0.428254
Curve,Cross,Extend,0.004900,0.249633,1.430226,0.221269,0.503921
Curve,Cross,Extend,0.005600,0.249522,1.430294,0.221653,0.578847
Curve,Cross,Extend,0.006300,0.249397,1.430371,0.222086,0.653125
Curve,Cross,Extend,0.007000,0.249258,1.430457,0.222568,0.726720
Curve,Cross,Extend,0.007700,0.249105,1.430551,0.223098,0.799585
Curve,Cross,Extend,0.008400,0.248938,1.430654,0.223676,0.871817
Curve,Cross,Extend,0.009100,0.248758,1.430765,0.224301,0.943282
Curve,Cross,Extend,0.009800,0.248563,1.430884,0.224973,1.014171
Curve,Cross,Extend,0.010500,0.248356,1.431012,0.225692,1.084281
Curve,Cross,Extend,0.011200,0.248135,1.431148,0.226457,1.153683
Curve,Cross,Extend,0.011900,0.247901,1.431292,0.227267,1.222537
Curve,Cross,Extend,0.012600,0.247653,1.431444,0.228123,1.290575
Curve,Cross,Extend,0.013300,0.247393,1.431604,0.229023,1.357994
Curve,Cross,Extend,0.014000,0.247121,1.431772,0.229968,1.424672
Curve,Cross,Extend,0.014700,0.246835,1.431948,0.230956,1.490639
Curve,Cross,Extend,0.015400,0.246537,1.432131,0.231987,1.556080
Curve,Cross,Extend,0.016100,0.246227,1.432322,0.233062,1.620643
Curve,Cross,Extend,0.016800,0.245904,1.432521,0.234178,1.684616
Curve,Cross,Extend,0.017500,0.245569,1.432727,0.235337,1.747879
Curve,Cross,Extend,0.018200,0.245223,1.432940,0.236537,1.810462
Curve,Cross,Extend,0.018900,0.244864,1.433161,0.237778,1.872365
Curve,Cross,Extend,0.019600,0.244494,1.433388,0.239060,1.933542
Curve,Cross,Extend,0.020300,0.244112,1.433624,0.240382,1.994104
Curve,Cross,Extend,0.021000,0.243719,1.433866,0.241743,2.053869
Curve,Cross,Extend,0.021700,0.243314,1.434115,0.243144,2.113086
Curve,Cross,Extend,0.022400,0.242898,1.434371,0.244584,2.171522
Curve,Cross,Extend,0.023100,0.242471,1.434633,0.246062,2.229286
Curve,Cross,Extend,0.023800,0.242033,1.434903,0.247577,2.286345
Curve,Cross,Extend,0.024500,0.241585,1.435179,0.249130,2.342778
Curve,Cross,Extend,0.025200,0.241125,1.435461,0.250720,2.398433
Curve,Cross,Extend,0.025900,0.240656,1.435751,0.252347,2.453517
Curve,Cross,Extend,0.026600,0.240175,1.436046,0.254009,2.507812
Curve,Cross,Extend,0.027300,0.239685,1.436348,0.255707,2.561444
Curve,Cross,Extend,0.028000,0.239184,1.436656,0.257440,2.614419
Curve,Cross,Extend,0.028700,0.238673,1.436970,0.259208,2.666691
Curve,Cross,Extend,0.029400,0.238153,1.437291,0.261010,2.718253
Curve,Cross,Extend,0.030100,0.237622,1.437617,0.262845,2.769171
Curve,Cross,Extend,0.030800,0.237083,1.437949,0.264714,2.819361
Curve,Cross,Extend,0.031500,0.236533,1.438287,0.266616,2.868907
Curve,Cross,Extend,0.032200,0.235974,1.438631,0.268550,2.917726
Curve,Cross,Extend,0.032900,0.235406,1.438981,0.270516,2.965842
Curve,Cross,Extend,0.033600,0.234829,1.439336,0.272514,3.013364
Curve,Cross,Extend,0.034300,0.234243,1.439697,0.274543,3.060137
Curve,Cross,Extend,0.035000,0.233648,1.440063,0.276602,3.106138
Curve,Cross,Extend,0.035700,0.233045,1.440434,0.278691,3.151614
Curve,Cross,Extend,0.036400,0.232433,1.440811,0.280810,3.196301
Curve,Cross,Extend,0.037100,0.231812,1.441193,0.282958,3.240296
Curve,Cross,Extend,0.037800,0.231183,1.441579,0.285134,3.283645
Curve,Cross,Extend,0.038500,0.230546,1.441972,0.287339,3.326326
Curve,Cross,Extend,0.039200,0.229901,1.442368,0.289572,3.368234
Curve,Cross,Extend,0.039900,0.229248,1.442770,0.291832,3.409537
Curve,Cross,Extend,0.040600,0.228588,1.443177,0.294119,3.450131
Curve,Cross,Extend,0.041300,0.227919,1.443588,0.296433,3.490034
Curve,Cross,Extend,0.042000,0.227244,1.444004,0.298773,3.529251
Curve,Cross,Extend,0.042700,0.226560,1.444425,0.301138,3.567730
Curve,Cross,Extend,0.043400,0.225870,1.444849,0.303528,3.605575
Curve,Cross,Extend,0.044100,0.225172,1.445279,0.305943,3.642792
Curve,Cross,Extend,0.044800,0.224468,1.445712,0.308381,3.679172
Curve,Cross,Extend,0.045500,0.223756,1.446150,0.310844,3.714954
Curve,Cross,Extend,0.046200,0.223038,1.446592,0.313330,3.750101
Curve,Cross,Extend,0.046900,0.222313,1.447038,0.315839,3.784459
Curve,Cross,Extend,0.047600,0.221582,1.447488,0.318370,3.818160
Curve,Cross,Extend,0.048300,0.220845,1.447942,0.320923,3.851227
Curve,Cross,Extend,0.049000,0.220101,1.448400,0.323497,3.883504
Curve,Cross,Extend,0.049700,0.219351,1.448861,0.326093,3.915222
Curve,Cross,Extend,0.050400,0.218595,1.449326,0.328709,3.946179
Curve,Cross,Extend,0.051100,0.217834,1.449795,0.331345,3.976404
Curve,Cross,Extend,0.051800,0.217067,1.450267,0.334000,4.006007
Curve,Cross,Extend,0.052500,0.216294,1.450742,0.336675,4.034930
Curve,Cross,Extend,0.053200,0.215516,1.451221,0.339368,4.063126
Curve,Cross,Extend,0.053900,0.214733,1.451703,0.342080,4.090677
Curve,Cross,Extend,0.054600,0.213944,1.452188,0.344809,4.117455
Curve,Cross,Extend,0.055300,0.213150,1.452677,0.347556,4.143698
Curve,Cross,Extend,0.056000,0.212352,1.453168,0.350320,4.169110
Curve,Cross,Extend,0.056700,0.211549,1.453662,0.353100,4.193860
Curve,Cross,Extend,0.057400,0.210741,1.454159,0.355896,4.217999
Curve,Cross,Extend,0.058100,0.209929,1.454659,0.358708,4.241377
Curve,Cross,Extend,0.058800,0.209112,1.455162,0.361535,4.264109
Curve,Cross,Extend,0.059500,0.208291,1.455667,0.364376,4.286167
Curve,Cross,Extend,0.060200,0.207467,1.456174,0.367231,4.307464
Curve,Cross,Extend,0.060900,0.206638,1.456685,0.370100,4.328145
Curve,Cross,Extend,0.061600,0.205805,1.457197,0.372983,4.348047
Curve,Cross,Extend,0.062300,0.204969,1.457712,0.375878,4.367395
Curve,Cross,Extend,0.063000,0.204129,1.458229,0.378785,4.385961
Curve,Cross,Extend,0.063700,0.203285,1.458748,0.381705,4.403881
Curve,Cross,Extend,0.064400,0.202439,1.459269,0.384635,4.421079
Curve,Cross,Extend,0.065100,0.201589,1.459792,0.387577,4.437575
Curve,Cross,Extend,0.065800,0.200736,1.460316,0.390529,4.453461
Curve,Cross,Extend,0.066500,0.199880,1.460843,0.393492,4.468596
Curve,Cross,Extend,0.067200,0.199022,1.461371,0.396463,4.483121
Curve,Cross,Extend,0.067900,0.198161,1.461901,0.399444,4.496873
Curve,Cross,Extend,0.068600,0.197297,1.462433,0.402434,4.509934
Curve,Cross,Extend,0.069300,0.196431,1.462966,0.405432,4.522367
Curve,Cross,Extend,0.070000,0.195563,1.463500,0.408438,4.534044
Curve,Cross,Extend,0.070700,0.194692,1.464036,0.411450,4.545099
Curve,Cross,Extend,0.071400,0.193820,1.464573,0.414470,4.555462
Curve,Cross,Extend,0.072100,0.192946,1.465111,0.417497,4.565110
Curve,Cross,Extend,0.072800,0.192070,1.465650,0.420529,4.574021
Curve,Cross,Extend,0.073500,0.191192,1.466190,0.423566,4.582413
Curve,Cross,Extend,0.074200,0.190313,1.466730,0.426609,4.589918
Curve,Cross,Extend,0.074900,0.189433,1.467272,0.429656,4.596915
Curve,Cross,Extend,0.075600,0.188551,1.467815,0.432708,4.603042
Curve,Cross,Extend,0.076300,0.187669,1.468358,0.435763,4.608627
Curve,Cross,Extend,0.077000,0.186785,1.468902,0.438821,4.613451
Curve,Cross,Extend,0.077700,0.185901,1.469446,0.441882,4.617624
Curve,Cross,Extend,0.078400,0.185016,1.469990,0.444945,4.621071
Curve,Cross,Extend,0.079100,0.184130,1.470535,0.448010,4.623866
Curve,Cross,Extend,0.079800,0.183244,1.471080,0.451077,4.625970
Curve,Cross,Extend,0.080500,0.182358,1.471626,0.454145,4.627359
Curve,Cross,Extend,0.081200,0.181472,1.472171,0.457212,4.628120
Curve,Cross,Extend,0.081900,0.180586,1.472717,0.460280,4.628091
Curve,Cross,Extend,0.082600,0.179700,1.473262,0.463348,4.627446
Curve,Cross,Extend,0.083300,0.178814,1.473807,0.466415,4.626229
Curve,Cross,Extend,0.084000,0.177928,1.474352,0.469480,4.624125
Curve,Cross,Extend,0.084700,0.177043,1.474897,0.472544,4.621371
Curve,Cross,Extend,0.085400,0.176159,1.475441,0.475605,4.618011
Curve,Cross,Extend,0.086100,0.175275,1.475985,0.478663,4.613843
Curve,Cross,Extend,0.086800,0.174392,1.476528,0.481719,4.609099
Curve,Cross,Extend,0.087500,0.173511,1.477070,0.484771,4.603641
Curve,Cross,Extend,0.088200,0.172630,1.477612,0.487818,4.597520
Curve,Cross,Extend,0.088900,0.171751,1.478153,0.490861,4.590644
Curve,Cross,Extend,0.089600,0.170874,1.478693,0.493900,4.583146
Curve,Cross,Extend,0.090300,0.169997,1.479232,0.496932,4.574920
Curve,Cross,Extend,0.091000,0.169123,1.479771,0.499959,4.566015
Curve,Cross,Extend,0.091700,0.168250,1.480307,0.502980,4.556465
Curve,Cross,Extend,0.092400,0.167380,1.480843,0.505993,4.546205
Curve,Cross,Extend,0.093100,0.166511,1.481378,0.509000,4.535122
Curve,Cross,Extend,0.093800,0.165645,1.481911,0.511998,4.523612
Curve,Cross,Extend,0.094500,0.164781,1.482442,0.514989,4.511219
Curve,Cross,Extend,0.095200,0.163920,1.482973,0.517971,4.498147
Curve,Cross,Extend,0.095900,0.163061,1.483501,0.520943,4.484435
Curve,Cross,Extend,0.096600,0.162205,1.484028,0.523907,4.470112
Curve,Cross,Extend,0.097300,0.161352,1.484553,0.526860,4.454925
Curve,Cross,Extend,0.098000,0.160502,1.485076,0.529803,4.439253
Curve,Cross,Extend,0.098700,0.159655,1.485597,0.532734,4.422757
Curve,Cross,Extend,0.099400,0.158811,1.486116,0.535655,4.405552
Curve,Cross,Extend,0.100100,0.157971,1.486634,0.538563,4.387765
Curve,Cross,Extend,0.100800,0.157134,1.487148,0.541460,4.369304
Curve,Cross,Extend,0.101500,0.156301,1.487661,0.544344,4.350018
Curve,Cross,Extend,0.102200,0.155472,1.488171,0.547214,4.330099
Curve,Cross,Extend,0.102900,0.154646,1.488679,0.550071,4.309550
Curve,Cross,Extend,0.103600,0.153825,1.489185,0.552913,4.288294
Curve,Cross,Extend,0.104300,0.153008,1.489687,0.555742,4.266293
Curve,Cross,Extend,0.105000,0.152195,1.490188,0.558555,4.243700
Curve,Cross,Extend,0.105700,0.151387,1.490685,0.561352,4.220247
Curve,Cross,Extend,0.106400,0.150584,1.491179,0.564134,4.196316
Curve,Cross,Extend,0.107100,0.149785,1.491671,0.566899,4.171600
Curve,Cross,Extend,0.107800,0.148991,1.492160,0.569648,4.146159
Curve,Cross,Extend,0.108500,0.148202,1.492645,0.572379,4.120078
Curve,Cross,Extend,0.109200,0.147418,1.493128,0.575093,4.093380
Curve,Cross,Extend,0.109900,0.146639,1.493607,0.577788,4.065933
Curve,Cross,Extend,0.110600,0.145866,1.494083,0.580465,4.037731
Curve,Cross,Extend,0.111300,0.145098,1.494555,0.583122,4.008935
Curve,Cross,Extend,0.112000,0.144336,1.495024,0.585760,3.979367
Curve,Cross,Extend,0.112700,0.143580,1.495489,0.588378,3.949148
Curve,Cross,Extend,0.113400,0.142829,1.495951,0.590975,3.918317
Curve,Cross,Extend,0.114100,0.142085,1.496409,0.593552,3.886662
Curve,Cross,Extend,0.114800,0.141347,1.496863,0.596107,3.854477
Curve,Cross,Extend,0.115500,0.140615,1.497314,0.598640,3.821393
Curve,Cross,Extend,0.116200,0.139890,1.497760,0.601151,3.787820
Curve,Cross,Extend,0.116900,0.139171,1.498203,0.603639,3.753508
Curve,Cross,Extend,0.117600,0.138459,1.498641,0.606104,3.718516
Curve,Cross,Extend,0.118300,0.137754,1.499075,0.608546,3.682746
Curve,Cross,Extend,0.119000,0.137055,1.499504,0.610963,3.646382
Curve,Cross,Extend,0.119700,0.136364,1.499930,0.613355,3.609298
Curve,Cross,Extend,0.120400,0.135680,1.500351,0.615723,3.571482
Curve,Cross,Extend,0.121100,0.135003,1.500767,0.618065,3.533124
Curve,Cross,Extend,0.121800,0.134334,1.501179,0.620381,3.493907
Curve,Cross,Extend,0.122500,0.133673,1.501586,0.622671,3.454091
Curve,Cross,Extend,0.123200,0.133019,1.501988,0.624934,3.413514
Curve,Cross,Extend,0.123900,0.132373,1.502386,0.627169,3.372355
Curve,Cross,Extend,0.124600,0.131736,1.502778,0.629377,3.330544
Curve,Cross,Extend,0.125300,0.131106,1.503166,0.631557,3.287818
Curve,Cross,Extend,0.126000,0.130485,1.503548,0.633708,3.244682
Curve,Cross,Extend,0.126700,0.129872,1.503925,0.635829,3.200687
Curve,Cross,Extend,0.127400,0.129267,1.504297,0.637921,3.156018
Curve,Cross,Extend,0.128100,0.128672,1.504664,0.639983,3.110692
Curve,Cross,Extend,0.128800,0.128085,1.505025,0.642015,3.064748
Curve,Cross,Extend,0.129500,0.127507,1.505381,0.644016,3.017975
Curve,Cross,Extend,0.130200,0.126938,1.505731,0.645985,2.970534
Curve,Cross,Extend,0.130900,0.126378,1.506075,0.647922,2.922504
Curve,Cross,Extend,0.131600,0.125828,1.506414,0.649827,2.873766
Curve,Cross,Extend,0.132300,0.125287,1.506747,0.651699,2.824312
Curve,Cross,Extend,0.133000,0.124756,1.507074,0.653538,2.774081
Curve,Cross,Extend,0.133700,0.124234,1.507394,0.655344,2.723487
Curve,Cross,Extend,0.134400,0.123722,1.507709,0.657115,2.671734
Curve,Cross,Extend,0.135100,0.123221,1.508018,0.658851,2.619589
Curve,Cross,Extend,0.135800,0.122729,1.508320,0.660553,2.566701
Curve,Cross,Extend,0.136500,0.122248,1.508617,0.662219,2.513219
Curve,Cross,Extend,0.137200,0.121777,1.508906,0.663849,2.458826
Curve,Cross,Extend,0.137900,0.121317,1.509190,0.665442,2.403943
Curve,Cross,Extend,0.138600,0.120867,1.509467,0.666999,2.348323
Curve,Cross,Extend,0.139300,0.120428,1.509737,0.668518,2.291901
Curve,Cross,Extend,0.140000,0.120000,1.510000,0.670000,2.234949
Curve,Cross,Recover,0.001400,0.121493,1.509254,0.664179,4.325192
Curve,Cross,Recover,0.002800,0.122970,1.508515,0.658417,4.281923
Curve,Cross,Recover,0.004200,0.124433,1.507784,0.652712,4.238968
Curve,Cross,Recover,0.005600,0.125881,1.507060,0.647065,4.196004
Curve,Cross,Recover,0.007000,0.127314,1.506343,0.641475,4.153521
Curve,Cross,Recover,0.008400,0.128733,1.505634,0.635943,4.111108
Curve,Cross,Recover,0.009800,0.130137,1.504932,0.630467,4.068934
Curve,Cross,Recover,0.011200,0.131526,1.504237,0.625047,4.026988
Curve,Cross,Recover,0.012600,0.132902,1.503549,0.619684,3.985230
Curve,Cross,Recover,0.014000,0.134263,1.502869,0.614376,3.943772
Curve,Cross,Recover,0.015400,0.135609,1.502195,0.609124,3.902448
Curve,Cross,Recover,0.016800,0.136942,1.501529,0.603928,3.861354
Curve,Cross,Recover,0.018200,0.138260,1.500870,0.598786,3.820519
Curve,Cross,Recover,0.019600,0.139564,1.500218,0.593699,3.779905
Curve,Cross,Recover,0.021000,0.140855,1.499573,0.588667,3.739416
Curve,Cross,Recover,0.022400,0.142131,1.498934,0.583688,3.699247
Curve,Cross,Recover,0.023800,0.143394,1.498303,0.578764,3.659212
Curve,Cross,Recover,0.025200,0.144643,1.497679,0.573893,3.619489
Curve,Cross,Recover,0.026600,0.145878,1.497061,0.569075,3.579928
Curve,Cross,Recover,0.028000,0.147100,1.496450,0.564310,3.540566
Curve,Cross,Recover,0.029400,0.148308,1.495846,0.559598,3.501443
Curve,Cross,Recover,0.030800,0.149503,1.495248,0.554938,3.462569
Curve,Cross,Recover,0.032200,0.150685,1.494658,0.550330,3.423851
Curve,Cross,Recover,0.033600,0.151853,1.494074,0.545774,3.385374
Curve,Cross,Recover,0.035000,0.153008,1.493496,0.541270,3.347150
Curve,Cross,Recover,0.036400,0.154150,1.492925,0.536816,3.309098
Curve,Cross,Recover,0.037800,0.155279,1.492361,0.532414,3.271282
Curve,Cross,Recover,0.039200,0.156394,1.491803,0.528062,3.233674
Curve,Cross,Recover,0.040600,0.157497,1.491251,0.523760,3.196296
Curve,Cross,Recover,0.042000,0.158588,1.490706,0.519509,3.159144
Curve,Cross,Recover,0.043400,0.159665,1.490168,0.515307,3.122189
Curve,Cross,Recover,0.044800,0.160730,1.489635,0.511155,3.085444
Curve,Cross,Recover,0.046200,0.161782,1.489109,0.507051,3.048945
Curve,Cross,Recover,0.047600,0.162821,1.488589,0.502997,3.012665
Curve,Cross,Recover,0.049000,0.163848,1.488076,0.498991,2.976553
Curve,Cross,Recover,0.050400,0.164863,1.487568,0.495034,2.940710
Curve,Cross,Recover,0.051800,0.165866,1.487067,0.491124,2.905062
Curve,Cross,Recover,0.053200,0.166856,1.486572,0.487262,2.869625
Curve,Cross,Recover,0.054600,0.167834,1.486083,0.483448,2.834422
Curve,Cross,Recover,0.056000,0.168800,1.485600,0.479680,2.799441
Curve,Cross,Recover,0.057400,0.169754,1.485123,0.475959,2.764646
Curve,Cross,Recover,0.058800,0.170696,1.484652,0.472285,2.730108
Curve,Cross,Recover,0.060200,0.171626,1.484187,0.468657,2.695749
Curve,Cross,Recover,0.061600,0.172545,1.483728,0.465075,2.661642
Curve,Cross,Recover,0.063000,0.173452,1.483274,0.461539,2.627723
Curve,Cross,Recover,0.064400,0.174347,1.482827,0.458048,2.594021
Curve,Cross,Recover,0.065800,0.175230,1.482385,0.454602,2.560584
Curve,Cross,Recover,0.067200,0.176102,1.481949,0.451201,2.527322
Curve,Cross,Recover,0.068600,0.176963,1.481519,0.447844,2.494283
Curve,Cross,Recover,0.070000,0.177813,1.481094,0.444531,2.461447
Curve,Cross,Recover,0.071400,0.178651,1.480675,0.441263,2.428861
Curve,Cross,Recover,0.072800,0.179478,1.480261,0.438037,2.396476
Curve,Cross,Recover,0.074200,0.180294,1.479853,0.434856,2.364293
Curve,Cross,Recover,0.075600,0.181098,1.479451,0.431717,2.332384
Curve,Cross,Recover,0.077000,0.181892,1.479054,0.428621,2.300598
Curve,Cross,Recover,0.078400,0.182675,1.478662,0.425567,2.269122
Curve,Cross,Recover,0.079800,0.183447,1.478276,0.422555,2.237792
Curve,Cross,Recover,0.081200,0.184209,1.477896,0.419585,2.206755
Curve,Cross,Recover,0.082600,0.184960,1.477520,0.416657,2.175871
Curve,Cross,Recover,0.084000,0.185700,1.477150,0.413770,2.145236
Curve,Cross,Recover,0.085400,0.186430,1.476785,0.410924,2.114780
Curve,Cross,Recover,0.086800,0.187149,1.476426,0.408119,2.084581
Curve,Cross,Recover,0.088200,0.187858,1.476071,0.405354,2.054599
Curve,Cross,Recover,0.089600,0.188557,1.475722,0.402629,2.024815
Curve,Cross,Recover,0.091000,0.189245,1.475377,0.399943,1.995253
Curve,Cross,Recover,0.092400,0.189924,1.475038,0.397298,1.965905
Curve,Cross,Recover,0.093800,0.190592,1.474704,0.394691,1.936805
Curve,Cross,Recover,0.095200,0.191250,1.474375,0.392123,1.907894
Curve,Cross,Recover,0.096600,0.191899,1.474051,0.389595,1.879158
Curve,Cross,Recover,0.098000,0.192538,1.473731,0.387104,1.850737
Curve,Cross,Recover,0.099400,0.193166,1.473417,0.384651,1.822478
Curve,Cross,Recover,0.100800,0.193786,1.473107,0.382236,1.794438
Curve,Cross,Recover,0.102200,0.194395,1.472802,0.379859,1.766604
Curve,Cross,Recover,0.103600,0.194995,1.472502,0.377518,1.738991
Curve,Cross,Recover,0.105000,0.195586,1.472207,0.375215,1.711615
Curve,Cross,Recover,0.106400,0.196167,1.471916,0.372948,1.684468
Curve,Cross,Recover,0.107800,0.196739,1.471630,0.370717,1.657498
Curve,Cross,Recover,0.109200,0.197302,1.471349,0.368523,1.630743
Curve,Cross,Recover,0.110600,0.197856,1.471072,0.366364,1.604303
Curve,Cross,Recover,0.112000,0.198400,1.470800,0.364240,1.577952
Curve,Cross,Recover,0.113400,0.198936,1.470532,0.362152,1.551866
Curve,Cross,Recover,0.114800,0.199462,1.470269,0.360098,1.526006
Curve,Cross,Recover,0.116200,0.199980,1.470010,0.358079,1.500372
Curve,Cross,Recover,0.117600,0.200489,1.469756,0.356094,1.474937
Curve,Cross,Recover,0.119000,0.200989,1.469506,0.354143,1.449710
Curve,Cross,Recover,0.120400,0.201481,1.469260,0.352225,1.424730
Curve,Cross,Recover,0.121800,0.201964,1.469018,0.350341,1.399959
Curve,Cross,Recover,0.123200,0.202438,1.468781,0.348490,1.375366
Curve,Cross,Recover,0.124600,0.202905,1.468548,0.346672,1.351082
Curve,Cross,Recover,0.126000,0.203363,1.468319,0.344886,1.326912
Curve,Cross,Recover,0.127400,0.203812,1.468094,0.343133,1.303025
Curve,Cross,Recover,0.128800,0.204254,1.467873,0.341411,1.279312
Curve,Cross,Recover,0.130200,0.204687,1.467656,0.339721,1.255860
Curve,Cross,Recover,0.131600,0.205112,1.467444,0.338062,1.232580
Curve,Cross,Recover,0.133000,0.205530,1.467235,0.336434,1.209549
Curve,Cross,Recover,0.134400,0.205939,1.467030,0.334837,1.186743
Curve,Cross,Recover,0.135800,0.206341,1.466830,0.333270,1.164152
Curve,Cross,Recover,0.137200,0.206735,1.466633,0.331734,1.141738
Curve,Cross,Recover,0.138600,0.207121,1.466439,0.330227,1.119560
Curve,Cross,Recover,0.140000,0.207500,1.466250,0.328750,1.097628
Curve,Cross,Recover,0.141400,0.207871,1.466064,0.327302,1.075878
Curve,Cross,Recover,0.142800,0.208235,1.465883,0.325883,1.054384
Curve,Cross,Recover,0.144200,0.208592,1.465704,0.324493,1.033085
Curve,Cross,Recover,0.145600,0.208941,1.465530,0.323131,1.011991
Curve,Cross,Recover,0.147000,0.209283,1.465359,0.321797,0.991123
Curve,Cross,Recover,0.148400,0.209618,1.465191,0.320491,0.970480
Curve,Cross,Recover,0.149800,0.209946,1.465027,0.319212,0.950052
Curve,Cross,Recover,0.151200,0.210266,1.464867,0.317961,0.929831
Curve,Cross,Recover,0.152600,0.210580,1.464710,0.316737,0.909845
Curve,Cross,Recover,0.154000,0.210888,1.464556,0.315539,0.890040
Curve,Cross,Recover,0.155400,0.211188,1.464406,0.314367,0.870514
Curve,Cross,Recover,0.156800,0.211482,1.464259,0.313222,0.851163
Curve,Cross,Recover,0.158200,0.211769,1.464116,0.312102,0.832035
Curve,Cross,Recover,0.159600,0.212049,1.463975,0.311008,0.813106
Curve,Cross,Recover,0.161000,0.212323,1.463838,0.309939,0.794421
Curve,Cross,Recover,0.162400,0.212591,1.463704,0.308894,0.775956
Curve,Cross,Recover,0.163800,0.212853,1.463574,0.307875,0.757712
Curve,Cross,Recover,0.165200,0.213108,1.463446,0.306879,0.739655
Curve,Cross,Recover,0.166600,0.213357,1.463322,0.305908,0.721856
Curve,Cross,Recover,0.168000,0.213600,1.463200,0.304960,0.704202
Curve,Cross,Recover,0.169400,0.213837,1.463081,0.304036,0.686857
Curve,Cross,Recover,0.170800,0.214068,1.462966,0.303134,0.669679
Curve,Cross,Recover,0.172200,0.214293,1.462853,0.302256,0.652721
Curve,Cross,Recover,0.173600,0.214513,1.462744,0.301400,0.635994
Curve,Cross,Recover,0.175000,0.214727,1.462637,0.300566,0.619464
Curve,Cross,Recover,0.176400,0.214935,1.462533,0.299755,0.603160
Curve,Cross,Recover,0.177800,0.215137,1.462431,0.298965,0.587073
Curve,Cross,Recover,0.179200,0.215334,1.462333,0.298196,0.571228
Curve,Cross,Recover,0.180600,0.215526,1.462237,0.297448,0.555567
Curve,Cross,Recover,0.182000,0.215713,1.462144,0.296721,0.540137
Curve,Cross,Recover,0.183400,0.215894,1.462053,0.296015,0.524927
Curve,Cross,Recover,0.184800,0.216070,1.461965,0.295329,0.509927
Curve,Cross,Recover,0.186200,0.216241,1.461880,0.294662,0.495132
Curve,Cross,Recover,0.187600,0.216406,1.461797,0.294015,0.480591
Curve,Cross,Recover,0.189000,0.216567,1.461716,0.293388,0.466260
Curve,Cross,Recover,0.190400,0.216723,1.461638,0.292780,0.452085
Curve,Cross,Recover,0.191800,0.216874,1.461563,0.292190,0.438198
Curve,Cross,Recover,0.193200,0.217021,1.461490,0.291619,0.424523
Curve,Cross,Recover,0.194600,0.217163,1.461419,0.291065,0.411030
Curve,Cross,Recover,0.196000,0.217300,1.461350,0.290530,0.397780
Curve,Cross,Recover,0.197400,0.217433,1.461284,0.290012,0.384723
Curve,Cross,Recover,0.198800,0.217561,1.461219,0.289512,0.371928
Curve,Cross,Recover,0.200200,0.217685,1.461157,0.289028,0.359303
Curve,Cross,Recover,0.201600,0.217805,1.461098,0.288561,0.346920
Curve,Cross,Recover,0.203000,0.217920,1.461040,0.288111,0.334737
Curve,Cross,Recover,0.204400,0.218032,1.460984,0.287676,0.322802
Curve,Cross,Recover,0.205800,0.218139,1.460930,0.287258,0.311055
Curve,Cross,Recover,0.207200,0.218242,1.460879,0.286855,0.299548
Curve,Cross,Recover,0.208600,0.218342,1.460829,0.286467,0.288233
Curve,Cross,Recover,0.210000,0.218438,1.460781,0.286094,0.277141
Curve,Cross,Recover,0.211400,0.218529,1.460735,0.285735,0.266278
Curve,Cross,Recover,0.212800,0.218618,1.460691,0.285391,0.255640
Curve,Cross,Recover,0.214200,0.218702,1.460649,0.285061,0.245189
Curve,Cross,Recover,0.215600,0.218783,1.460608,0.284745,0.234997
Curve,Cross,Recover,0.217000,0.218861,1.460570,0.284442,0.224989
Curve,Cross,Recover,0.218400,0.218935,1.460532,0.284153,0.215205
Curve,Cross,Recover,0.219800,0.219006,1.460497,0.283876,0.205641
Curve,Cross,Recover,0.221200,0.219074,1.460463,0.283612,0.196312
Curve,Cross,Recover,0.222600,0.219139,1.460431,0.283360,0.187150
Curve,Cross,Recover,0.224000,0.219200,1.460400,0.283120,0.178268
Curve,Cross,Recover,0.225400,0.219259,1.460371,0.282892,0.169557
Curve,Cross,Recover,0.226800,0.219314,1.460343,0.282675,0.161079
Curve,Cross,Recover,0.228200,0.219367,1.460317,0.282469,0.152840
Curve,Cross,Recover,0.229600,0.219417,1.460292,0.282275,0.144788
Curve,Cross,Recover,0.231000,0.219464,1.460268,0.282090,0.136964
Curve,Cross,Recover,0.232400,0.219509,1.460246,0.281916,0.129368
Curve,Cross,Recover,0.233800,0.219551,1.460225,0.281752,0.121954
Curve,Cross,Recover,0.235200,0.219590,1.460205,0.281598,0.114778
Curve,Cross,Recover,0.236600,0.219628,1.460186,0.281452,0.107866
Curve,Cross,Recover,0.238000,0.219663,1.460169,0.281316,0.101090
Curve,Cross,Recover,0.239400,0.219695,1.460153,0.281189,0.094578
Curve,Cross,Recover,0.240800,0.219726,1.460137,0.281070,0.088272
Curve,Cross,Recover,0.242200,0.219754,1.460123,0.280960,0.082203
Curve,Cross,Recover,0.243600,0.219780,1.460110,0.280857,0.076314
Curve,Cross,Recover,0.245000,0.219805,1.460098,0.280762,0.070683
Curve,Cross,Recover,0.246400,0.219827,1.460086,0.280674,0.065237
Curve,Cross,Recover,0.247800,0.219848,1.460076,0.280593,0.060035
Curve,Cross,Recover,0.249200,0.219867,1.460067,0.280519,0.055035
Curve,Cross,Recover,0.250600,0.219884,1.460058,0.280452,0.050214
Curve,Cross,Recover,0.252000,0.219900,1.460050,0.280390,0.045715
Curve,Cross,Recover,0.253400,0.219914,1.460043,0.280334,0.041291
Curve,Cross,Recover,0.254800,0.219927,1.460037,0.280284,0.037209
Curve,Cross,Recover,0.256200,0.219939,1.460031,0.280240,0.033303
Curve,Cross,Recover,0.257600,0.219949,1.460026,0.280200,0.029587
Curve,Cross,Recover,0.259000,0.219958,1.460021,0.280165,0.026112
Curve,Cross,Recover,0.260400,0.219966,1.460017,0.280134,0.022852
Curve,Cross,Recover,0.261800,0.219973,1.460014,0.280107,0.019843
Curve,Cross,Recover,0.263200,0.219978,1.460011,0.280084,0.016958
Curve,Cross,Recover,0.264600,0.219983,1.460008,0.280065,0.014400
Curve,Cross,Recover,0.266000,0.219988,1.460006,0.280049,0.011986
Curve,Cross,Recover,0.267400,0.219991,1.460005,0.280036,0.009805
Curve,Cross,Recover,0.268800,0.219994,1.460003,0.280025,0.007857
Curve,Cross,Recover,0.270200,0.219996,1.460002,0.280017,0.006133
Curve,Cross,Recover,0.271600,0.219997,1.460001,0.280011,0.004613
Curve,Cross,Recover,0.273000,0.219998,1.460001,0.280006,0.003291
Curve,Cross,Recover,0.274400,0.219999,1.460000,0.280003,0.002203
Curve,Cross,Recover,0.275800,0.220000,1.460000,0.280001,0.001351
Curve,Cross,Recover,0.277200,0.220000,1.460000,0.280000,0.000687
Curve,Cross,Recover,0.278600,0.220000,1.460000,0.280000,0.000246
Curve,Cross,Recover,0.280000,0.220000,1.460000,0.280000,0.000043
Fast,Cross,Commit,0.000300,0.220002,1.459998,0.279996,0.018291
Fast,Cross,Commit,0.000600,0.220009,1.459991,0.279982,0.054710
Fast,Cross,Commit,0.000900,0.220020,1.459980,0.279960,0.090622
Fast,Cross,Commit,0.001200,0.220036,1.459965,0.279929,0.126453
Fast,Cross,Commit,0.001500,0.220055,1.459945,0.279889,0.161554
Fast,Cross,Commit,0.001800,0.220079,1.459921,0.279841,0.196513
Fast,Cross,Commit,0.002100,0.220108,1.459892,0.279785,0.230986
Fast,Cross,Commit,0.002400,0.220140,1.459860,0.279720,0.265316
Fast,Cross,Commit,0.002700,0.220177,1.459823,0.279646,0.299018
Fast,Cross,Commit,0.003000,0.220218,1.459782,0.279565,0.332477
Fast,Cross,Commit,0.003300,0.220262,1.459738,0.279476,0.365408
Fast,Cross,Commit,0.003600,0.220311,1.459689,0.279378,0.398299
Fast,Cross,Commit,0.003900,0.220364,1.459636,0.279273,0.430581
Fast,Cross,Commit,0.004200,0.220420,1.459580,0.279159,0.462539
Fast,Cross,Commit,0.004500,0.220481,1.459519,0.279038,0.493990
Fast,Cross,Commit,0.004800,0.220545,1.459455,0.278909,0.525401
Fast,Cross,Commit,0.005100,0.220613,1.459387,0.278773,0.556345
Fast,Cross,Commit,0.005400,0.220685,1.459315,0.278630,0.586559
Fast,Cross,Commit,0.005700,0.220761,1.459239,0.278478,0.616895
Fast,Cross,Commit,0.006000,0.220840,1.459160,0.278320,0.646500
Fast,Cross,Commit,0.006300,0.220923,1.459077,0.278154,0.676147
Fast,Cross,Commit,0.006600,0.221009,1.458991,0.277982,0.704941
Fast,Cross,Commit,0.006900,0.221099,1.458901,0.277802,0.733675
Fast,Cross,Commit,0.007200,0.221192,1.458808,0.277615,0.762024
Fast,Cross,Commit,0.007500,0.221289,1.458711,0.277422,0.789886
Fast,Cross,Commit,0.007800,0.221389,1.458611,0.277222,0.817403
Fast,Cross,Commit,0.008100,0.221493,1.458507,0.277015,0.844758
Fast,Cross,Commit,0.008400,0.221599,1.458401,0.276801,0.871342
Fast,Cross,Commit,0.008700,0.221709,1.458291,0.276581,0.897987
Fast,Cross,Commit,0.009000,0.221823,1.458178,0.276355,0.924004
Fast,Cross,Commit,0.009300,0.221939,1.458061,0.276122,0.949777
Fast,Cross,Commit,0.009600,0.222058,1.457942,0.275884,0.975084
Fast,Cross,Commit,0.009900,0.222181,1.457819,0.275639,1.000026
Fast,Cross,Commit,0.010200,0.222306,1.457694,0.275388,1.024724
Fast,Cross,Commit,0.010500,0.222435,1.457565,0.275131,1.048976
Fast,Cross,Commit,0.010800,0.222566,1.457434,0.274868,1.072803
Fast,Cross,Commit,0.011100,0.222700,1.457300,0.274599,1.096285
Fast,Cross,Commit,0.011400,0.222838,1.457163,0.274325,1.119442
Fast,Cross,Commit,0.011700,0.222977,1.457023,0.274045,1.142377
Fast,Cross,Commit,0.012000,0.223120,1.456880,0.273760,1.164540
Fast,Cross,Commit,0.012300,0.223265,1.456735,0.273469,1.186765
Fast,Cross,Commit,0.012600,0.223413,1.456587,0.273173,1.208320
Fast,Cross,Commit,0.012900,0.223564,1.456436,0.272872,1.229795
Fast,Cross,Commit,0.013200,0.223717,1.456283,0.272566,1.250600
Fast,Cross,Commit,0.013500,0.223873,1.456127,0.272254,1.271162
Fast,Cross,Commit,0.013800,0.224031,1.455969,0.271938,1.291520
Fast,Cross,Commit,0.014100,0.224192,1.455809,0.271617,1.311190
Fast,Cross,Commit,0.014400,0.224355,1.455645,0.271291,1.330921
Fast,Cross,Commit,0.014700,0.224520,1.455480,0.270960,1.349657
Fast,Cross,Commit,0.015000,0.224688,1.455312,0.270625,1.368779
Fast,Cross,Commit,0.015300,0.224857,1.455143,0.270285,1.386908
Fast,Cross,Commit,0.015600,0.225029,1.454971,0.269941,1.404935
Fast,Cross,Commit,0.015900,0.225204,1.454796,0.269593,1.422719
Fast,Cross,Commit,0.016200,0.225380,1.454620,0.269240,1.439772
Fast,Cross,Commit,0.016500,0.225558,1.454442,0.268883,1.456785
Fast,Cross,Commit,0.016800,0.225739,1.454261,0.268522,1.473271
Fast,Cross,Commit,0.017100,0.225921,1.454079,0.268157,1.489413
Fast,Cross,Commit,0.017400,0.226106,1.453894,0.267789,1.505351
Fast,Cross,Commit,0.017700,0.226292,1.453708,0.267416,1.520661
Fast,Cross,Commit,0.018000,0.226480,1.453520,0.267040,1.535727
Fast,Cross,Commit,0.018300,0.226670,1.453330,0.266660,1.550510
Fast,Cross,Commit,0.018600,0.226862,1.453138,0.266277,1.564847
Fast,Cross,Commit,0.018900,0.227055,1.452945,0.265890,1.578757
Fast,Cross,Commit,0.019200,0.227250,1.452750,0.265500,1.592384
Fast,Cross,Commit,0.019500,0.227447,1.452554,0.265107,1.605443
Fast,Cross,Commit,0.019800,0.227645,1.452355,0.264710,1.618563
Fast,Cross,Commit,0.020100,0.227845,1.452155,0.264311,1.630912
Fast,Cross,Commit,0.020400,0.228046,1.451954,0.263909,1.643099
Fast,Cross,Commit,0.020700,0.228248,1.451752,0.263503,1.654779
Fast,Cross,Commit,0.021000,0.228453,1.451548,0.263095,1.666236
Fast,Cross,Commit,0.021300,0.228658,1.451342,0.262684,1.677186
Fast,Cross,Commit,0.021600,0.228865,1.451135,0.262271,1.687893
Fast,Cross,Commit,0.021900,0.229073,1.450927,0.261855,1.698153
Fast,Cross,Commit,0.022200,0.229282,1.450718,0.261436,1.707948
Fast,Cross,Commit,0.022500,0.229492,1.450508,0.261016,1.717742
Fast,Cross,Commit,0.022800,0.229704,1.450296,0.260593,1.726806
Fast,Cross,Commit,0.023100,0.229916,1.450084,0.260168,1.735566
Fast,Cross,Commit,0.023400,0.230130,1.449870,0.259740,1.744124
Fast,Cross,Commit,0.023700,0.230345,1.449656,0.259311,1.752377
Fast,Cross,Commit,0.024000,0.230560,1.449440,0.258880,1.759900
Fast,Cross,Commit,0.024300,0.230776,1.449224,0.258447,1.767119
Fast,Cross,Commit,0.024600,0.230994,1.449006,0.258013,1.774196
Fast,Cross,Commit,0.024900,0.231212,1.448788,0.257576,1.780908
Fast,Cross,Commit,0.025200,0.231431,1.448569,0.257139,1.787153
Fast,Cross,Commit,0.025500,0.231650,1.448350,0.256699,1.792892
Fast,Cross,Commit,0.025800,0.231871,1.448129,0.256259,1.798529
Fast,Cross,Commit,0.026100,0.232092,1.447909,0.255817,1.803599
Fast,Cross,Commit,0.026400,0.232313,1.447687,0.255374,1.808303
Fast,Cross,Commit,0.026700,0.232535,1.447465,0.254930,1.812825
Fast,Cross,Commit,0.027000,0.232758,1.447242,0.254485,1.816921
Fast,Cross,Commit,0.027300,0.232981,1.447020,0.254039,1.820551
Fast,Cross,Commit,0.027600,0.233204,1.446796,0.253592,1.823836
Fast,Cross,Commit,0.027900,0.233428,1.446572,0.253145,1.826756
Fast,Cross,Commit,0.028200,0.233652,1.446348,0.252697,1.829311
Fast,Cross,Commit,0.028500,0.233876,1.446124,0.252248,1.831521
Fast,Cross,Commit,0.028800,0.234101,1.445900,0.251799,1.833306
Fast,Cross,Commit,0.029100,0.234325,1.445675,0.251350,1.834847
Fast,Cross,Commit,0.029400,0.234550,1.445450,0.250900,1.836084
Fast,Cross,Commit,0.029700,0.234775,1.445225,0.250450,1.836692
Fast,Cross,Commit,0.030000,0.235000,1.445000,0.250000,1.836996
Fast,Cross,Commit,0.030300,0.235225,1.444775,0.249550,1.836996
Fast,Cross,Commit,0.030600,0.235450,1.444550,0.249100,1.836692
Fast,Cross,Commit,0.030900,0.235675,1.444325,0.248650,1.836084
Fast,Cross,Commit,0.031200,0.235900,1.444100,0.248201,1.834847
Fast,Cross,Commit,0.031500,0.236124,1.443876,0.247752,1.833225
Fast,Cross,Commit,0.031800,0.236348,1.443652,0.247303,1.831602
Fast,Cross,Commit,0.032100,0.236572,1.443428,0.246855,1.829311
Fast,Cross,Commit,0.032400,0.236796,1.443204,0.246408,1.826837
Fast,Cross,Commit,0.032700,0.237020,1.442981,0.245961,1.823856
Fast,Cross,Commit,0.033000,0.237243,1.442758,0.245515,1.820450
Fast,Cross,Commit,0.033300,0.237465,1.442535,0.245070,1.816881
Fast,Cross,Commit,0.033600,0.237687,1.442313,0.244626,1.812866
Fast,Cross,Commit,0.033900,0.237909,1.442092,0.244183,1.808263
Fast,Cross,Commit,0.034200,0.238129,1.441871,0.243741,1.803639
Fast,Cross,Commit,0.034500,0.238350,1.441650,0.243301,1.798529
Fast,Cross,Commit,0.034800,0.238569,1.441431,0.242861,1.792932
Fast,Cross,Commit,0.035100,0.238788,1.441212,0.242424,1.787072
Fast,Cross,Commit,0.035400,0.239006,1.440994,0.241988,1.780887
Fast,Cross,Commit,0.035700,0.239224,1.440776,0.241553,1.774256
Fast,Cross,Commit,0.036000,0.239440,1.440560,0.241120,1.767119
Fast,Cross,Commit,0.036300,0.239656,1.440345,0.240689,1.759940
Fast,Cross,Commit,0.036600,0.239870,1.440130,0.240260,1.752295
Fast,Cross,Commit,0.036900,0.240084,1.439916,0.239833,1.744124
Fast,Cross,Commit,0.037200,0.240296,1.439704,0.239407,1.735607
Fast,Cross,Commit,0.037500,0.240508,1.439492,0.238984,1.726806
Fast,Cross,Commit,0.037800,0.240718,1.439282,0.238564,1.717701
Fast,Cross,Commit,0.038100,0.240927,1.439073,0.238145,1.707948
Fast,Cross,Commit,0.038400,0.241135,1.438865,0.237729,1.698214
Fast,Cross,Commit,0.038700,0.241342,1.438658,0.237316,1.687873
Fast,Cross,Commit,0.039000,0.241548,1.438453,0.236905,1.677206
Fast,Cross,Commit,0.039300,0.241752,1.438249,0.236497,1.666216
Fast,Cross,Commit,0.039600,0.241954,1.438046,0.236092,1.654779
Fast,Cross,Commit,0.039900,0.242156,1.437845,0.235689,1.643058
Fast,Cross,Commit,0.040200,0.242355,1.437645,0.235290,1.631013
Fast,Cross,Commit,0.040500,0.242553,1.437447,0.234893,1.618502
Fast,Cross,Commit,0.040800,0.242750,1.437250,0.234500,1.605443
Fast,Cross,Commit,0.041100,0.242945,1.437055,0.234110,1.592384
Fast,Cross,Commit,0.041400,0.243139,1.436862,0.233723,1.578757
Fast,Cross,Commit,0.041700,0.243330,1.436670,0.233340,1.564826
Fast,Cross,Commit,0.042000,0.243520,1.436480,0.232960,1.550530
Fast,Cross,Commit,0.042300,0.243708,1.436292,0.232584,1.535727
Fast,Cross,Commit,0.042600,0.243894,1.436106,0.232211,1.520661
Fast,Cross,Commit,0.042900,0.244079,1.435921,0.231843,1.505351
Fast,Cross,Commit,0.043200,0.244261,1.435739,0.231478,1.489453
Fast,Cross,Commit,0.043500,0.244442,1.435559,0.231117,1.473190
Fast,Cross,Commit,0.043800,0.244620,1.435380,0.230760,1.456826
Fast,Cross,Commit,0.044100,0.244796,1.435204,0.230407,1.439874
Fast,Cross,Commit,0.044400,0.244971,1.435030,0.230059,1.422617
Fast,Cross,Commit,0.044700,0.245143,1.434857,0.229715,1.404935
Fast,Cross,Commit,0.045000,0.245313,1.434688,0.229375,1.386908
Fast,Cross,Commit,0.045300,0.245480,1.434520,0.229040,1.368739
Fast,Cross,Commit,0.045600,0.245645,1.434355,0.228709,1.349738
Fast,Cross,Commit,0.045900,0.245808,1.434192,0.228383,1.330880
Fast,Cross,Commit,0.046200,0.245969,1.434031,0.228062,1.311190
Fast,Cross,Commit,0.046500,0.246127,1.433873,0.227746,1.291520
Fast,Cross,Commit,0.046800,0.246283,1.433717,0.227434,1.271182
Fast,Cross,Commit,0.047100,0.246436,1.433564,0.227128,1.250539
Fast,Cross,Commit,0.047400,0.246587,1.433413,0.226827,1.229795
Fast,Cross,Commit,0.047700,0.246735,1.433265,0.226531,1.208320
Fast,Cross,Commit,0.048000,0.246880,1.433120,0.226240,1.186846
Fast,Cross,Commit,0.048300,0.247023,1.432977,0.225955,1.164581
Fast,Cross,Commit,0.048600,0.247163,1.432837,0.225675,1.142295
Fast,Cross,Commit,0.048900,0.247300,1.432700,0.225401,1.119442
Fast,Cross,Commit,0.049200,0.247434,1.432566,0.225132,1.096285
Fast,Cross,Commit,0.049500,0.247565,1.432435,0.224869,1.072823
Fast,Cross,Commit,0.049800,0.247694,1.432306,0.224612,1.048956
Fast,Cross,Commit,0.050100,0.247819,1.432181,0.224361,1.024724
Fast,Cross,Commit,0.050400,0.247942,1.432058,0.224117,1.000026
Fast,Cross,Commit,0.050700,0.248061,1.431939,0.223878,0.975084
Fast,Cross,Commit,0.051000,0.248178,1.431823,0.223645,0.949777
Fast,Cross,Commit,0.051300,0.248291,1.431709,0.223419,0.923963
Fast,Cross,Commit,0.051600,0.248401,1.431599,0.223199,0.898028
Fast,Cross,Commit,0.051900,0.248507,1.431493,0.222985,0.871403
Fast,Cross,Commit,0.052200,0.248611,1.431389,0.222778,0.844656
Fast,Cross,Commit,0.052500,0.248711,1.431289,0.222578,0.817524
Fast,Cross,Commit,0.052800,0.248808,1.431192,0.222385,0.789764
Fast,Cross,Commit,0.053100,0.248901,1.431099,0.222198,0.761983
Fast,Cross,Commit,0.053400,0.248991,1.431009,0.222018,0.733777
Fast,Cross,Commit,0.053700,0.249077,1.430923,0.221846,0.704941
Fast,Cross,Commit,0.054000,0.249160,1.430840,0.221680,0.676025
Fast,Cross,Commit,0.054300,0.249239,1.430761,0.221522,0.646602
Fast,Cross,Commit,0.054600,0.249315,1.430685,0.221371,0.616895
Fast,Cross,Commit,0.054900,0.249387,1.430614,0.221227,0.586620
Fast,Cross,Commit,0.055200,0.249455,1.430545,0.221091,0.556284
Fast,Cross,Commit,0.055500,0.249519,1.430481,0.220962,0.525401
Fast,Cross,Commit,0.055800,0.249580,1.430421,0.220841,0.493990
Fast,Cross,Commit,0.056100,0.249636,1.430364,0.220728,0.462499
Fast,Cross,Commit,0.056400,0.249689,1.430311,0.220622,0.430662
Fast,Cross,Commit,0.056700,0.249738,1.430262,0.220525,0.398218
Fast,Cross,Commit,0.057000,0.249783,1.430218,0.220435,0.365449
Fast,Cross,Commit,0.057300,0.249823,1.430177,0.220354,0.332558
Fast,Cross,Commit,0.057600,0.249860,1.430140,0.220280,0.298937
Fast,Cross,Commit,0.057900,0.249892,1.430108,0.220215,0.265316
Fast,Cross,Commit,0.058200,0.249921,1.430079,0.220159,0.231006
Fast,Cross,Commit,0.058500,0.249945,1.430055,0.220111,0.196493
Fast,Cross,Commit,0.058800,0.249965,1.430036,0.220071,0.161615
Fast,Cross,Commit,0.059100,0.249980,1.430020,0.220040,0.126352
Fast,Cross,Commit,0.059400,0.249991,1.430009,0.220018,0.090663
Fast,Cross,Commit,0.059700,0.249998,1.430002,0.220005,0.054669
Fast,Cross,Commit,0.060000,0.250000,1.430000,0.220000,0.018331
Fast,Cross,Extend,0.000425,0.249992,1.430005,0.220026,0.065470
Fast,Cross,Extend,0.000850,0.249970,1.430019,0.220105,0.195775
Fast,Cross,Extend,0.001275,0.249932,1.430042,0.220236,0.324850
Fast,Cross,Extend,0.001700,0.249879,1.430074,0.220418,0.452877
Fast,Cross,Extend,0.002125,0.249812,1.430116,0.220651,0.579659
Fast,Cross,Extend,0.002550,0.249730,1.430166,0.220935,0.705360
Fast,Cross,Extend,0.002975,0.249633,1.430226,0.221269,0.829988
Fast,Cross,Extend,0.003400,0.249522,1.430294,0.221653,0.953396
Fast,Cross,Extend,0.003825,0.249397,1.430371,0.222086,1.075735
Fast,Cross,Extend,0.004250,0.249258,1.430457,0.222568,1.196950
Fast,Cross,Extend,0.004675,0.249105,1.430551,0.223098,1.316964
Fast,Cross,Extend,0.005100,0.248938,1.430654,0.223676,1.435934
Fast,Cross,Extend,0.005525,0.248758,1.430765,0.224301,1.553641
Fast,Cross,Extend,0.005950,0.248563,1.430884,0.224973,1.670399
Fast,Cross,Extend,0.006375,0.248356,1.431012,0.225692,1.785875
Fast,Cross,Extend,0.006800,0.248135,1.431148,0.226457,1.900183
Fast,Cross,Extend,0.007225,0.247901,1.431292,0.227267,2.013590
Fast,Cross,Extend,0.007650,0.247653,1.431444,0.228123,2.125653
Fast,Cross,Extend,0.008075,0.247393,1.431604,0.229023,2.236696
Fast,Cross,Extend,0.008500,0.247121,1.431772,0.229968,2.346519
Fast,Cross,Extend,0.008925,0.246835,1.431948,0.230956,2.455170
Fast,Cross,Extend,0.009350,0.246537,1.432131,0.231987,2.562956
Fast,Cross,Extend,0.009775,0.246227,1.432322,0.233062,2.669295
Fast,Cross,Extend,0.010200,0.245904,1.432521,0.234178,2.774661
Fast,Cross,Extend,0.010625,0.245569,1.432727,0.235337,2.878859
Fast,Cross,Extend,0.011050,0.245223,1.432940,0.236537,2.981937
Fast,Cross,Extend,0.011475,0.244864,1.433161,0.237778,3.083895
Fast,Cross,Extend,0.011900,0.244494,1.433388,0.239060,3.184657
Fast,Cross,Extend,0.012325,0.244112,1.433624,0.240382,3.284407
Fast,Cross,Extend,0.012750,0.243719,1.433866,0.241743,3.382843
Fast,Cross,Extend,0.013175,0.243314,1.434115,0.243144,3.480376
Fast,Cross,Extend,0.013600,0.242898,1.434371,0.244584,3.576624
Fast,Cross,Extend,0.014025,0.242471,1.434633,0.246062,3.671766
Fast,Cross,Extend,0.014450,0.242033,1.434903,0.247577,3.765744
Fast,Cross,Extend,0.014875,0.241585,1.435179,0.249130,3.858693
Fast,Cross,Extend,0.015300,0.241125,1.435461,0.250720,3.950360
Fast,Cross,Extend,0.015725,0.240656,1.435751,0.252347,4.041087
Fast,Cross,Extend,0.016150,0.240175,1.436046,0.254009,4.130514
Fast,Cross,Extend,0.016575,0.239685,1.436348,0.255707,4.218849
Fast,Cross,Extend,0.017000,0.239184,1.436656,0.257440,4.306102
Fast,Cross,Extend,0.017425,0.238673,1.436970,0.259208,4.392196
Fast,Cross,Extend,0.017850,0.238153,1.437291,0.261010,4.477123
Fast,Cross,Extend,0.018275,0.237622,1.437617,0.262845,4.560987
Fast,Cross,Extend,0.018700,0.237083,1.437949,0.264714,4.643654
Fast,Cross,Extend,0.019125,0.236533,1.438287,0.266616,4.725258
Fast,Cross,Extend,0.019550,0.235974,1.438631,0.268550,4.805666
Fast,Cross,Extend,0.019975,0.235406,1.438981,0.270516,4.884916
Fast,Cross,Extend,0.020400,0.234829,1.439336,0.272514,4.963188
Fast,Cross,Extend,0.020825,0.234243,1.439697,0.274543,5.040226
Fast,Cross,Extend,0.021250,0.233648,1.440063,0.276602,5.115992
Fast,Cross,Extend,0.021675,0.233045,1.440434,0.278691,5.190894
Fast,Cross,Extend,0.022100,0.232433,1.440811,0.280810,5.264495
Fast,Cross,Extend,0.022525,0.231812,1.441193,0.282958,5.336957
Fast,Cross,Extend,0.022950,0.231183,1.441579,0.285134,5.408357
Fast,Cross,Extend,0.023375,0.230546,1.441972,0.287339,5.478654
Fast,Cross,Extend,0.023800,0.229901,1.442368,0.289572,5.547680
Fast,Cross,Extend,0.024225,0.229248,1.442770,0.291832,5.615708
Fast,Cross,Extend,0.024650,0.228588,1.443177,0.294119,5.682570
Fast,Cross,Extend,0.025075,0.227919,1.443588,0.296433,5.748291
Fast,Cross,Extend,0.025500,0.227244,1.444004,0.298773,5.812884
Fast,Cross,Extend,0.025925,0.226560,1.444425,0.301138,5.876261
Fast,Cross,Extend,0.026350,0.225870,1.444849,0.303528,5.938594
Fast,Cross,Extend,0.026775,0.225172,1.445279,0.305943,5.999892
Fast,Cross,Extend,0.027200,0.224468,1.445712,0.308381,6.059813
Fast,Cross,Extend,0.027625,0.223756,1.446150,0.310844,6.118748
Fast,Cross,Extend,0.028050,0.223038,1.446592,0.313330,6.176638
Fast,Cross,Extend,0.028475,0.222313,1.447038,0.315839,6.233227
Fast,Cross,Extend,0.028900,0.221582,1.447488,0.318370,6.288734
Fast,Cross,Extend,0.029325,0.220845,1.447942,0.320923,6.343197
Fast,Cross,Extend,0.029750,0.220101,1.448400,0.323497,6.396359
Fast,Cross,Extend,0.030175,0.219351,1.448861,0.326093,6.448601
Fast,Cross,Extend,0.030600,0.218595,1.449326,0.328709,6.499589
Fast,Cross,Extend,0.031025,0.217834,1.449795,0.331345,6.549372
Fast,Cross,Extend,0.031450,0.217067,1.450267,0.334000,6.598129
Fast,Cross,Extend,0.031875,0.216294,1.450742,0.336675,6.645767
Fast,Cross,Extend,0.032300,0.215516,1.451221,0.339368,6.692208
Fast,Cross,Extend,0.032725,0.214733,1.451703,0.342080,6.737586
Fast,Cross,Extend,0.033150,0.213944,1.452188,0.344809,6.781692
Fast,Cross,Extend,0.033575,0.213150,1.452677,0.347556,6.824914
Fast,Cross,Extend,0.034000,0.212352,1.453168,0.350320,6.866770
Fast,Cross,Extend,0.034425,0.211549,1.453662,0.353100,6.907534
Fast,Cross,Extend,0.034850,0.210741,1.454159,0.355896,6.947292
Fast,Cross,Extend,0.035275,0.209929,1.454659,0.358708,6.985797
Fast,Cross,Extend,0.035700,0.209112,1.455162,0.361535,7.023238
Fast,Cross,Extend,0.036125,0.208291,1.455667,0.364376,7.059568
Fast,Cross,Extend,0.036550,0.207467,1.456174,0.367231,7.094647
Fast,Cross,Extend,0.036975,0.206638,1.456685,0.370100,7.128708
Fast,Cross,Extend,0.037400,0.205805,1.457197,0.372983,7.161489
Fast,Cross,Extend,0.037825,0.204969,1.457712,0.375878,7.193357
Fast,Cross,Extend,0.038250,0.204129,1.458229,0.378785,7.223936
Fast,Cross,Extend,0.038675,0.203285,1.458748,0.381705,7.253450
Fast,Cross,Extend,0.039100,0.202439,1.459269,0.384635,7.281778
Fast,Cross,Extend,0.039525,0.201589,1.459792,0.387577,7.308948
Fast,Cross,Extend,0.039950,0.200736,1.460316,0.390529,7.335111
Fast,Cross,Extend,0.040375,0.199880,1.460843,0.393492,7.360041
Fast,Cross,Extend,0.040800,0.199022,1.461371,0.396463,7.383964
Fast,Cross,Extend,0.041225,0.198161,1.461901,0.399444,7.406614
Fast,Cross,Extend,0.041650,0.197297,1.462433,0.402434,7.428126
Fast,Cross,Extend,0.042075,0.196431,1.462966,0.405432,7.448603
Fast,Cross,Extend,0.042500,0.195563,1.463500,0.408438,7.467837
Fast,Cross,Extend,0.042925,0.194692,1.464036,0.411450,7.486045
Fast,Cross,Extend,0.043350,0.193820,1.464573,0.414470,7.503114
Fast,Cross,Extend,0.043775,0.192946,1.465111,0.417497,7.519005
Fast,Cross,Extend,0.044200,0.192070,1.465650,0.420529,7.533682
Fast,Cross,Extend,0.044625,0.191192,1.466190,0.423566,7.547504
Fast,Cross,Extend,0.045050,0.190313,1.466730,0.426609,7.559865
Fast,Cross,Extend,0.045475,0.189433,1.467272,0.429656,7.571390
Fast,Cross,Extend,0.045900,0.188551,1.467815,0.432708,7.581481
Fast,Cross,Extend,0.046325,0.187669,1.468358,0.435763,7.590679
Fast,Cross,Extend,0.046750,0.186785,1.468902,0.438821,7.598626
Fast,Cross,Extend,0.047175,0.185901,1.469446,0.441882,7.605499
Fast,Cross,Extend,0.047600,0.185016,1.469990,0.444945,7.611176
Fast,Cross,Extend,0.048025,0.184130,1.470535,0.448010,7.615779
Fast,Cross,Extend,0.048450,0.183244,1.471080,0.451077,7.619245
Fast,Cross,Extend,0.048875,0.182358,1.471626,0.454145,7.621533
Fast,Cross,Extend,0.049300,0.181472,1.472171,0.457212,7.622786
Fast,Cross,Extend,0.049725,0.180586,1.472717,0.460280,7.622739
Fast,Cross,Extend,0.050150,0.179700,1.473262,0.463348,7.621675
Fast,Cross,Extend,0.050575,0.178814,1.473807,0.466415,7.619672
Fast,Cross,Extend,0.051000,0.177928,1.474352,0.469480,7.616207
Fast,Cross,Extend,0.051425,0.177043,1.474897,0.472544,7.611669
Fast,Cross,Extend,0.051850,0.176159,1.475441,0.475605,7.606135
Fast,Cross,Extend,0.052275,0.175275,1.475985,0.478663,7.599271
Fast,Cross,Extend,0.052700,0.174392,1.476528,0.481719,7.591458
Fast,Cross,Extend,0.053125,0.173511,1.477070,0.484771,7.582468
Fast,Cross,Extend,0.053550,0.172630,1.477612,0.487818,7.572386
Fast,Cross,Extend,0.053975,0.171751,1.478153,0.490861,7.561060
Fast,Cross,Extend,0.054400,0.170874,1.478693,0.493900,7.548710
Fast,Cross,Extend,0.054825,0.169997,1.479232,0.496932,7.535162
Fast,Cross,Extend,0.055250,0.169123,1.479771,0.499959,7.520496
Fast,Cross,Extend,0.055675,0.168250,1.480307,0.502980,7.504766
Fast,Cross,Extend,0.056100,0.167380,1.480843,0.505993,7.487867
Fast,Cross,Extend,0.056525,0.166511,1.481378,0.509000,7.469613
Fast,Cross,Extend,0.056950,0.165645,1.481911,0.511998,7.450654
Fast,Cross,Extend,0.057375,0.164781,1.482442,0.514989,7.430243
Fast,Cross,Extend,0.057800,0.163920,1.482973,0.517971,7.408713
Fast,Cross,Extend,0.058225,0.163061,1.483501,0.520943,7.386128
Fast,Cross,Extend,0.058650,0.162205,1.484028,0.523907,7.362537
Fast,Cross,Extend,0.059075,0.161352,1.484553,0.526860,7.337523
Fast,Cross,Extend,0.059500,0.160502,1.485076,0.529803,7.311710
Fast,Cross,Extend,0.059925,0.159655,1.485597,0.532734,7.284541
Fast,Cross,Extend,0.060350,0.158811,1.486116,0.535655,7.256203
Fast,Cross,Extend,0.060775,0.157971,1.486634,0.538563,7.226907
Fast,Cross,Extend,0.061200,0.157134,1.487148,0.541460,7.196500
Fast,Cross,Extend,0.061625,0.156301,1.487661,0.544344,7.164735
Fast,Cross,Extend,0.062050,0.155472,1.488171,0.547214,7.131927
Fast,Cross,Extend,0.062475,0.154646,1.488679,0.550071,7.098083
Fast,Cross,Extend,0.062900,0.153825,1.489185,0.552913,7.063072
Fast,Cross,Extend,0.063325,0.153008,1.489687,0.555742,7.026836
Fast,Cross,Extend,0.063750,0.152195,1.490188,0.558555,6.989623
Fast,Cross,Extend,0.064175,0.151387,1.490685,0.561352,6.950994
Fast,Cross,Extend,0.064600,0.150584,1.491179,0.564134,6.911579
Fast,Cross,Extend,0.065025,0.149785,1.491671,0.566899,6.870871
Fast,Cross,Extend,0.065450,0.148991,1.492160,0.569648,6.828968
Fast,Cross,Extend,0.065875,0.148202,1.492645,0.572379,6.786011
Fast,Cross,Extend,0.066300,0.147418,1.493128,0.575093,6.742038
Fast,Cross,Extend,0.066725,0.146639,1.493607,0.577788,6.696831
Fast,Cross,Extend,0.067150,0.145866,1.494083,0.580465,6.650381
Fast,Cross,Extend,0.067575,0.145098,1.494555,0.583122,6.602952
Fast,Cross,Extend,0.068000,0.144336,1.495024,0.585760,6.554252
Fast,Cross,Extend,0.068425,0.143580,1.495489,0.588378,6.504478
Fast,Cross,Extend,0.068850,0.142829,1.495951,0.590975,6.453698
Fast,Cross,Extend,0.069275,0.142085,1.496409,0.593552,6.401562
Fast,Cross,Extend,0.069700,0.141347,1.496863,0.596107,6.348551
Fast,Cross,Extend,0.070125,0.140615,1.497314,0.598640,6.294060
Fast,Cross,Extend,0.070550,0.139890,1.497760,0.601151,6.238762
Fast,Cross,Extend,0.070975,0.139171,1.498203,0.603639,6.182248
Fast,Cross,Extend,0.071400,0.138459,1.498641,0.606104,6.124614
Fast,Cross,Extend,0.071825,0.137754,1.499075,0.608546,6.065699
Fast,Cross,Extend,0.072250,0.137055,1.499504,0.610963,6.005806
Fast,Cross,Extend,0.072675,0.136364,1.499930,0.613355,5.944726
Fast,Cross,Extend,0.073100,0.135680,1.500351,0.615723,5.882441
Fast,Cross,Extend,0.073525,0.135003,1.500767,0.618065,5.819263
Fast,Cross,Extend,0.073950,0.134334,1.501179,0.620381,5.754671
Fast,Cross,Extend,0.074375,0.133673,1.501586,0.622671,5.689091
Fast,Cross,Extend,0.074800,0.133019,1.501988,0.624934,5.622259
Fast,Cross,Extend,0.075225,0.132373,1.502386,0.627169,5.554468
Fast,Cross,Extend,0.075650,0.131736,1.502778,0.629377,5.485603
Fast,Cross,Extend,0.076075,0.131106,1.503166,0.631557,5.415229
Fast,Cross,Extend,0.076500,0.130485,1.503548,0.633708,5.344182
Fast,Cross,Extend,0.076925,0.129872,1.503925,0.635829,5.271719
Fast,Cross,Extend,0.077350,0.129267,1.504297,0.637921,5.198147
Fast,Cross,Extend,0.077775,0.128672,1.504664,0.639983,5.123492
Fast,Cross,Extend,0.078200,0.128085,1.505025,0.642015,5.047821
Fast,Cross,Extend,0.078625,0.127507,1.505381,0.644016,4.970783
Fast,Cross,Extend,0.079050,0.126938,1.505731,0.645985,4.892644
Fast,Cross,Extend,0.079475,0.126378,1.506075,0.647922,4.813536
Fast,Cross,Extend,0.079900,0.125828,1.506414,0.649827,4.733261
Fast,Cross,Extend,0.080325,0.125287,1.506747,0.651699,4.651809
Fast,Cross,Extend,0.080750,0.124756,1.507074,0.653538,4.569075
Fast,Cross,Extend,0.081175,0.124234,1.507394,0.655344,4.485743
Fast,Cross,Extend,0.081600,0.123722,1.507709,0.657115,4.400503
Fast,Cross,Extend,0.082025,0.123221,1.508018,0.658851,4.314617
Fast,Cross,Extend,0.082450,0.122729,1.508320,0.660553,4.227507
Fast,Cross,Extend,0.082875,0.122248,1.508617,0.662219,4.139419
Fast,Cross,Extend,0.083300,0.121777,1.508906,0.663849,4.049831
Fast,Cross,Extend,0.083725,0.121317,1.509190,0.665442,3.959436
Fast,Cross,Extend,0.084150,0.120867,1.509467,0.666999,3.867826
Fast,Cross,Extend,0.084575,0.120428,1.509737,0.668518,3.774896
Fast,Cross,Extend,0.085000,0.120000,1.510000,0.670000,3.681093
Fast,Cross,Recover,0.001150,0.121493,1.509254,0.664179,5.265451
Fast,Cross,Recover,0.002300,0.122970,1.508515,0.658417,5.212776
Fast,Cross,Recover,0.003450,0.124433,1.507784,0.652712,5.160483
Fast,Cross,Recover,0.004600,0.125881,1.507060,0.647065,5.108179
Fast,Cross,Recover,0.005750,0.127314,1.506343,0.641475,5.056460
Fast,Cross,Recover,0.006900,0.128733,1.505634,0.635943,5.004827
Fast,Cross,Recover,0.008050,0.130137,1.504932,0.630467,4.953485
Fast,Cross,Recover,0.009200,0.131526,1.504237,0.625047,4.902420
Fast,Cross,Recover,0.010350,0.132902,1.503549,0.619684,4.851584
Fast,Cross,Recover,0.011500,0.134263,1.502869,0.614376,4.801114
Fast,Cross,Recover,0.012650,0.135609,1.502195,0.609124,4.750806
Fast,Cross,Recover,0.013800,0.136942,1.501529,0.603928,4.700779
Fast,Cross,Recover,0.014950,0.138260,1.500870,0.598786,4.651067
Fast,Cross,Recover,0.016100,0.139564,1.500218,0.593699,4.601623
Fast,Cross,Recover,0.017250,0.140855,1.499573,0.588667,4.552332
Fast,Cross,Recover,0.018400,0.142131,1.498934,0.583688,4.503431
Fast,Cross,Recover,0.019550,0.143394,1.498303,0.578764,4.454692
Fast,Cross,Recover,0.020700,0.144643,1.497679,0.573893,4.406334
Fast,Cross,Recover,0.021850,0.145878,1.497061,0.569075,4.358173
Fast,Cross,Recover,0.023000,0.147100,1.496450,0.564310,4.310255
Fast,Cross,Recover,0.024150,0.148308,1.495846,0.559598,4.262627
Fast,Cross,Recover,0.025300,0.149503,1.495248,0.554938,4.215302
Fast,Cross,Recover,0.026450,0.150685,1.494658,0.550330,4.168166
Fast,Cross,Recover,0.027600,0.151853,1.494074,0.545774,4.121325
Fast,Cross,Recover,0.028750,0.153008,1.493496,0.541270,4.074792
Fast,Cross,Recover,0.029900,0.154150,1.492925,0.536816,4.028467
Fast,Cross,Recover,0.031050,0.155279,1.492361,0.532414,3.982431
Fast,Cross,Recover,0.032200,0.156394,1.491803,0.528062,3.936647
Fast,Cross,Recover,0.033350,0.157497,1.491251,0.523760,3.891143
Fast,Cross,Recover,0.034500,0.158588,1.490706,0.519509,3.845914
Fast,Cross,Recover,0.035650,0.159665,1.490168,0.515307,3.800925
Fast,Cross,Recover,0.036800,0.160730,1.489635,0.511155,3.756193
Fast,Cross,Recover,0.037950,0.161782,1.489109,0.507051,3.711760
Fast,Cross,Recover,0.039100,0.162821,1.488589,0.502997,3.667592
Fast,Cross,Recover,0.040250,0.163848,1.488076,0.498991,3.623630
Fast,Cross,Recover,0.041400,0.164863,1.487568,0.495034,3.579995
Fast,Cross,Recover,0.042550,0.165866,1.487067,0.491124,3.536597
Fast,Cross,Recover,0.043700,0.166856,1.486572,0.487262,3.493456
Fast,Cross,Recover,0.044850,0.167834,1.486083,0.483448,3.450601
Fast,Cross,Recover,0.046000,0.168800,1.485600,0.479680,3.408015
Fast,Cross,Recover,0.047150,0.169754,1.485123,0.475959,3.365656
Fast,Cross,Recover,0.048300,0.170696,1.484652,0.472285,3.323610
Fast,Cross,Recover,0.049450,0.171626,1.484187,0.468657,3.281781
Fast,Cross,Recover,0.050600,0.172545,1.483728,0.465075,3.240259
Fast,Cross,Recover,0.051750,0.173452,1.483274,0.461539,3.198967
Fast,Cross,Recover,0.052900,0.174347,1.482827,0.458048,3.157938
Fast,Cross,Recover,0.054050,0.175230,1.482385,0.454602,3.117233
Fast,Cross,Recover,0.055200,0.176102,1.481949,0.451201,3.076740
Fast,Cross,Recover,0.056350,0.176963,1.481519,0.447844,3.036519
Fast,Cross,Recover,0.057500,0.177813,1.481094,0.444531,2.996544
Fast,Cross,Recover,0.058650,0.178651,1.480675,0.441263,2.956874
Fast,Cross,Recover,0.059800,0.179478,1.480261,0.438037,2.917449
Fast,Cross,Recover,0.060950,0.180294,1.479853,0.434856,2.878269
Fast,Cross,Recover,0.062100,0.181098,1.479451,0.431717,2.839424
Fast,Cross,Recover,0.063250,0.181892,1.479054,0.428621,2.800728
Fast,Cross,Recover,0.064400,0.182675,1.478662,0.425567,2.762410
Fast,Cross,Recover,0.065550,0.183447,1.478276,0.422555,2.724269
Fast,Cross,Recover,0.066700,0.184209,1.477896,0.419585,2.686484
Fast,Cross,Recover,0.067850,0.184960,1.477520,0.416657,2.648887
Fast,Cross,Recover,0.069000,0.185700,1.477150,0.413770,2.611592
Fast,Cross,Recover,0.070150,0.186430,1.476785,0.410924,2.574515
Fast,Cross,Recover,0.071300,0.187149,1.476426,0.408119,2.537750
Fast,Cross,Recover,0.072450,0.187858,1.476071,0.405354,2.501251
Fast,Cross,Recover,0.073600,0.188557,1.475722,0.402629,2.464992
Fast,Cross,Recover,0.074750,0.189245,1.475377,0.399943,2.429004
Fast,Cross,Recover,0.075900,0.189924,1.475038,0.397298,2.393275
Fast,Cross,Recover,0.077050,0.190592,1.474704,0.394691,2.357849
Fast,Cross,Recover,0.078200,0.191250,1.474375,0.392123,2.322654
Fast,Cross,Recover,0.079350,0.191899,1.474051,0.389595,2.287670
Fast,Cross,Recover,0.080500,0.192538,1.473731,0.387104,2.253071
Fast,Cross,Recover,0.081650,0.193166,1.473417,0.384651,2.218668
Fast,Cross,Recover,0.082800,0.193786,1.473107,0.382236,2.184534
Fast,Cross,Recover,0.083950,0.194395,1.472802,0.379859,2.150649
Fast,Cross,Recover,0.085100,0.194995,1.472502,0.377518,2.117032
Fast,Cross,Recover,0.086250,0.195586,1.472207,0.375215,2.083705
Fast,Cross,Recover,0.087400,0.196167,1.471916,0.372948,2.050657
Fast,Cross,Recover,0.088550,0.196739,1.471630,0.370717,2.017823
Fast,Cross,Recover,0.089700,0.197302,1.471349,0.368523,1.985252
Fast,Cross,Recover,0.090850,0.197856,1.471072,0.366364,1.953064
Fast,Cross,Recover,0.092000,0.198400,1.470800,0.364240,1.920985
Fast,Cross,Recover,0.093150,0.198936,1.470532,0.362152,1.889228
Fast,Cross,Recover,0.094300,0.199462,1.470269,0.360098,1.857746
Fast,Cross,Recover,0.095450,0.199980,1.470010,0.358079,1.826540
Fast,Cross,Recover,0.096600,0.200489,1.469756,0.356094,1.795576
Fast,Cross,Recover,0.097750,0.200989,1.469506,0.354143,1.764864
Fast,Cross,Recover,0.098900,0.201481,1.469260,0.352225,1.734454
Fast,Cross,Recover,0.100050,0.201964,1.469018,0.350341,1.704298
Fast,Cross,Recover,0.101200,0.202438,1.468781,0.348490,1.674359
Fast,Cross,Recover,0.102350,0.202905,1.468548,0.346672,1.644795
Fast,Cross,Recover,0.103500,0.203363,1.468319,0.344886,1.615372
Fast,Cross,Recover,0.104650,0.203812,1.468094,0.343133,1.586291
Fast,Cross,Recover,0.105800,0.204254,1.467873,0.341411,1.557423
Fast,Cross,Recover,0.106950,0.204687,1.467656,0.339721,1.528873
Fast,Cross,Recover,0.108100,0.205112,1.467444,0.338062,1.500532
Fast,Cross,Recover,0.109250,0.205530,1.467235,0.336434,1.472494
Fast,Cross,Recover,0.110400,0.205939,1.467030,0.334837,1.444730
Fast,Cross,Recover,0.111550,0.206341,1.466830,0.333270,1.417228
Fast,Cross,Recover,0.112700,0.206735,1.466633,0.331734,1.389942
Fast,Cross,Recover,0.113850,0.207121,1.466439,0.330227,1.362943
Fast,Cross,Recover,0.115000,0.207500,1.466250,0.328750,1.336243
Fast,Cross,Recover,0.116150,0.207871,1.466064,0.327302,1.309764
Fast,Cross,Recover,0.117300,0.208235,1.465883,0.325883,1.283598
Fast,Cross,Recover,0.118450,0.208592,1.465704,0.324493,1.257669
Fast,Cross,Recover,0.119600,0.208941,1.465530,0.323131,1.231989
Fast,Cross,Recover,0.120750,0.209283,1.465359,0.321797,1.206584
Fast,Cross,Recover,0.121900,0.209618,1.465191,0.320491,1.181453
Fast,Cross,Recover,0.123050,0.209946,1.465027,0.319212,1.156585
Fast,Cross,Recover,0.124200,0.210266,1.464867,0.317961,1.131969
Fast,Cross,Recover,0.125350,0.210580,1.464710,0.316737,1.107637
Fast,Cross,Recover,0.126500,0.210888,1.464556,0.315539,1.083526
Fast,Cross,Recover,0.127650,0.211188,1.464406,0.314367,1.059756
Fast,Cross,Recover,0.128800,0.211482,1.464259,0.313222,1.036198
Fast,Cross,Recover,0.129950,0.211769,1.464116,0.312102,1.012912
Fast,Cross,Recover,0.131100,0.212049,1.463975,0.311008,0.989868
Fast,Cross,Recover,0.132250,0.212323,1.463838,0.309939,0.967121
Fast,Cross,Recover,0.133400,0.212591,1.463704,0.308894,0.944642
Fast,Cross,Recover,0.134550,0.212853,1.463574,0.307875,0.922432
Fast,Cross,Recover,0.135700,0.213108,1.463446,0.306879,0.900449
Fast,Cross,Recover,0.136850,0.213357,1.463322,0.305908,0.878782
Fast,Cross,Recover,0.138000,0.213600,1.463200,0.304960,0.857289
Fast,Cross,Recover,0.139150,0.213837,1.463081,0.304036,0.836174
Fast,Cross,Recover,0.140300,0.214068,1.462966,0.303134,0.815261
Fast,Cross,Recover,0.141450,0.214293,1.462853,0.302256,0.794617
Fast,Cross,Recover,0.142600,0.214513,1.462744,0.301400,0.774253
Fast,Cross,Recover,0.143750,0.214727,1.462637,0.300566,0.754130
Fast,Cross,Recover,0.144900,0.214935,1.462533,0.299755,0.734282
Fast,Cross,Recover,0.146050,0.215137,1.462431,0.298965,0.714698
Fast,Cross,Recover,0.147200,0.215334,1.462333,0.298196,0.695408
Fast,Cross,Recover,0.148350,0.215526,1.462237,0.297448,0.676342
Fast,Cross,Recover,0.149500,0.215713,1.462144,0.296721,0.657558
Fast,Cross,Recover,0.150650,0.215894,1.462053,0.296015,0.639041
Fast,Cross,Recover,0.151800,0.216070,1.461965,0.295329,0.620780
Fast,Cross,Recover,0.152950,0.216241,1.461880,0.294662,0.602769
Fast,Cross,Recover,0.154100,0.216406,1.461797,0.294015,0.585067
Fast,Cross,Recover,0.155250,0.216567,1.461716,0.293388,0.567621
Fast,Cross,Recover,0.156400,0.216723,1.461638,0.292780,0.550365
Fast,Cross,Recover,0.157550,0.216874,1.461563,0.292190,0.533458
Fast,Cross,Recover,0.158700,0.217021,1.461490,0.291619,0.516811
Fast,Cross,Recover,0.159850,0.217163,1.461419,0.291065,0.500384
Fast,Cross,Recover,0.161000,0.217300,1.461350,0.290530,0.484254
Fast,Cross,Recover,0.162150,0.217433,1.461284,0.290012,0.468359
Fast,Cross,Recover,0.163300,0.217561,1.461219,0.289512,0.452781
Fast,Cross,Recover,0.164450,0.217685,1.461157,0.289028,0.437413
Fast,Cross,Recover,0.165600,0.217805,1.461098,0.288561,0.422338
Fast,Cross,Recover,0.166750,0.217920,1.461040,0.288111,0.407506
Fast,Cross,Recover,0.167900,0.218032,1.460984,0.287676,0.392976
Fast,Cross,Recover,0.169050,0.218139,1.460930,0.287258,0.378675
Fast,Cross,Recover,0.170200,0.218242,1.460879,0.286855,0.364667
Fast,Cross,Recover,0.171350,0.218342,1.460829,0.286467,0.350892
Fast,Cross,Recover,0.172500,0.218438,1.460781,0.286094,0.337390
Fast,Cross,Recover,0.173650,0.218529,1.460735,0.285735,0.324165
Fast,Cross,Recover,0.174800,0.218618,1.460691,0.285391,0.311214
Fast,Cross,Recover,0.175950,0.218702,1.460649,0.285061,0.298491
Fast,Cross,Recover,0.177100,0.218783,1.460608,0.284745,0.286083
Fast,Cross,Recover,0.178250,0.218861,1.460570,0.284442,0.273900
Fast,Cross,Recover,0.179400,0.218935,1.460532,0.284153,0.261989
Fast,Cross,Recover,0.180550,0.219006,1.460497,0.283876,0.250345
Fast,Cross,Recover,0.181700,0.219074,1.460463,0.283612,0.238989
Fast,Cross,Recover,0.182850,0.219139,1.460431,0.283360,0.227835
Fast,Cross,Recover,0.184000,0.219200,1.460400,0.283120,0.217022
Fast,Cross,Recover,0.185150,0.219259,1.460371,0.282892,0.206417
Fast,Cross,Recover,0.186300,0.219314,1.460343,0.282675,0.196097
Fast,Cross,Recover,0.187450,0.219367,1.460317,0.282469,0.186066
Fast,Cross,Recover,0.188600,0.219417,1.460292,0.282275,0.176264
Fast,Cross,Recover,0.189750,0.219464,1.460268,0.282090,0.166739
Fast,Cross,Recover,0.190900,0.219509,1.460246,0.281916,0.157491
Fast,Cross,Recover,0.192050,0.219551,1.460225,0.281752,0.148466
Fast,Cross,Recover,0.193200,0.219590,1.460205,0.281598,0.139730
Fast,Cross,Recover,0.194350,0.219628,1.460186,0.281452,0.131316
Fast,Cross,Recover,0.195500,0.219663,1.460169,0.281316,0.123067
Fast,Cross,Recover,0.196650,0.219695,1.460153,0.281189,0.115139
Fast,Cross,Recover,0.197800,0.219726,1.460137,0.281070,0.107461
Fast,Cross,Recover,0.198950,0.219754,1.460123,0.280960,0.100073
Fast,Cross,Recover,0.200100,0.219780,1.460110,0.280857,0.092904
Fast,Cross,Recover,0.201250,0.219805,1.460098,0.280762,0.086049
Fast,Cross,Recover,0.202400,0.219827,1.460086,0.280674,0.079420
Fast,Cross,Recover,0.203550,0.219848,1.460076,0.280593,0.073086
Fast,Cross,Recover,0.204700,0.219867,1.460067,0.280519,0.066999
Fast,Cross,Recover,0.205850,0.219884,1.460058,0.280452,0.061131
Fast,Cross,Recover,0.207000,0.219900,1.460050,0.280390,0.055653
Fast,Cross,Recover,0.208150,0.219914,1.460043,0.280334,0.050267
Fast,Cross,Recover,0.209300,0.219927,1.460037,0.280284,0.045298
Fast,Cross,Recover,0.210450,0.219939,1.460031,0.280240,0.040543
Fast,Cross,Recover,0.211600,0.219949,1.460026,0.280200,0.036019
Fast,Cross,Recover,0.212750,0.219958,1.460021,0.280165,0.031789
Fast,Cross,Recover,0.213900,0.219966,1.460017,0.280134,0.027820
Fast,Cross,Recover,0.215050,0.219973,1.460014,0.280107,0.024157
Fast,Cross,Recover,0.216200,0.219978,1.460011,0.280084,0.020644
Fast,Cross,Recover,0.217350,0.219983,1.460008,0.280065,0.017531
Fast,Cross,Recover,0.218500,0.219988,1.460006,0.280049,0.014592
Fast,Cross,Recover,0.219650,0.219991,1.460005,0.280036,0.011937
Fast,Cross,Recover,0.220800,0.219994,1.460003,0.280025,0.009566
Fast,Cross,Recover,0.221950,0.219996,1.460002,0.280017,0.007466
Fast,Cross,Recover,0.223100,0.219997,1.460001,0.280011,0.005616
Fast,Cross,Recover,0.224250,0.219998,1.460001,0.280006,0.004006
Fast,Cross,Recover,0.225400,0.219999,1.460000,0.280003,0.002682
Fast,Cross,Recover,0.226550,0.220000,1.460000,0.280001,0.001644
Fast,Cross,Recover,0.227700,0.220000,1.460000,0.280000,0.000836
Fast,Cross,Recover,0.228850,0.220000,1.460000,0.280000,0.000299
Fast,Cross,Recover,0.230000,0.220000,1.460000,0.280000,0.000052
Legacy,LeadHook,Commit,0.000450,-0.220014,1.489995,0.279998,0.031970
Legacy,LeadHook,Commit,0.000900,-0.220054,1.489982,0.279991,0.095249
Legacy,LeadHook,Commit,0.001350,-0.220120,1.489960,0.279980,0.157979
Legacy,LeadHook,Commit,0.001800,-0.220213,1.489929,0.279965,0.220254
Legacy,LeadHook,Commit,0.002250,-0.220332,1.489889,0.279945,0.281608
Legacy,LeadHook,Commit,0.002700,-0.220476,1.489841,0.279921,0.342487
Legacy,LeadHook,Commit,0.003150,-0.220646,1.489785,0.279892,0.402663
Legacy,LeadHook,Commit,0.003600,-0.220841,1.489720,0.279860,0.462114
Legacy,LeadHook,Commit,0.004050,-0.221061,1.489646,0.279823,0.521121
Legacy,LeadHook,Commit,0.004500,-0.221305,1.489565,0.279783,0.579393
Legacy,LeadHook,Commit,0.004950,-0.221574,1.489475,0.279738,0.637003
Legacy,LeadHook,Commit,0.005400,-0.221866,1.489378,0.279689,0.693993
Legacy,LeadHook,Commit,0.005850,-0.222183,1.489272,0.279636,0.750332
Legacy,LeadHook,Commit,0.006300,-0.222523,1.489159,0.279580,0.806008
Legacy,LeadHook,Commit,0.006750,-0.222886,1.489038,0.279519,0.861188
Legacy,LeadHook,Commit,0.007200,-0.223272,1.488909,0.279455,0.915509
Legacy,LeadHook,Commit,0.007650,-0.223680,1.488773,0.279387,0.969303
Legacy,LeadHook,Commit,0.008100,-0.224112,1.488629,0.279315,1.022559
Legacy,LeadHook,Commit,0.008550,-0.224565,1.488478,0.279239,1.074915
Legacy,LeadHook,Commit,0.009000,-0.225040,1.488320,0.279160,1.126878
Legacy,LeadHook,Commit,0.009450,-0.225537,1.488154,0.279077,1.178045
Legacy,LeadHook,Commit,0.009900,-0.226055,1.487982,0.278991,1.228673
Legacy,LeadHook,Commit,0.010350,-0.226594,1.487802,0.278901,1.278599
Legacy,LeadHook,Commit,0.010800,-0.227154,1.487615,0.278808,1.327925
Legacy,LeadHook,Commit,0.011250,-0.227734,1.487422,0.278711,1.376526
Legacy,LeadHook,Commit,0.011700,-0.228335,1.487222,0.278611,1.424621
Legacy,LeadHook,Commit,0.012150,-0.228956,1.487015,0.278507,1.471909
Legacy,LeadHook,Commit,0.012600,-0.229596,1.486801,0.278401,1.518742
Legacy,LeadHook,Commit,0.013050,-0.230256,1.486581,0.278291,1.564810
Legacy,LeadHook,Commit,0.013500,-0.230935,1.486355,0.278178,1.610257
Legacy,LeadHook,Commit,0.013950,-0.231633,1.486122,0.278061,1.655125
Legacy,LeadHook,Commit,0.014400,-0.232349,1.485883,0.277942,1.699320
Legacy,LeadHook,Commit,0.014850,-0.233084,1.485639,0.277819,1.742751
Legacy,LeadHook,Commit,0.015300,-0.233837,1.485388,0.277694,1.785767
Legacy,LeadHook,Commit,0.015750,-0.234608,1.485131,0.277565,1.827966
Legacy,LeadHook,Commit,0.016200,-0.235397,1.484868,0.277434,1.869628
Legacy,LeadHook,Commit,0.016650,-0.236202,1.484599,0.277300,1.910555
Legacy,LeadHook,Commit,0.017100,-0.237025,1.484325,0.277163,1.950955
Legacy,LeadHook,Commit,0.017550,-0.237864,1.484045,0.277023,1.990620
Legacy,LeadHook,Commit,0.018000,-0.238720,1.483760,0.276880,2.029685
Legacy,LeadHook,Commit,0.018450,-0.239592,1.483469,0.276735,2.068079
Legacy,LeadHook,Commit,0.018900,-0.240480,1.483173,0.276587,2.105862
Legacy,LeadHook,Commit,0.019350,-0.241384,1.482872,0.276436,2.143044
Legacy,LeadHook,Commit,0.019800,-0.242303,1.482566,0.276283,2.179524
Legacy,LeadHook,Commit,0.020250,-0.243237,1.482254,0.276127,2.215363
Legacy,LeadHook,Commit,0.020700,-0.244186,1.481938,0.275969,2.250632
Legacy,LeadHook,Commit,0.021150,-0.245150,1.481617,0.275808,2.285136
Legacy,LeadHook,Commit,0.021600,-0.246127,1.481291,0.275645,2.319062
Legacy,LeadHook,Commit,0.022050,-0.247119,1.480960,0.275480,2.352438
Legacy,LeadHook,Commit,0.022500,-0.248125,1.480625,0.275313,2.385050
Legacy,LeadHook,Commit,0.022950,-0.249144,1.480285,0.275143,2.417092
Legacy,LeadHook,Commit,0.023400,-0.250177,1.479941,0.274971,2.448452
Legacy,LeadHook,Commit,0.023850,-0.251222,1.479593,0.274796,2.479171
Legacy,LeadHook,Commit,0.024300,-0.252280,1.479240,0.274620,2.509300
Legacy,LeadHook,Commit,0.024750,-0.253351,1.478883,0.274442,2.538684
Legacy,LeadHook,Commit,0.025200,-0.254433,1.478522,0.274261,2.567531
Legacy,LeadHook,Commit,0.025650,-0.255528,1.478157,0.274079,2.595788
Legacy,LeadHook,Commit,0.026100,-0.256634,1.477789,0.273894,2.623248
Legacy,LeadHook,Commit,0.026550,-0.257751,1.477416,0.273708,2.650130
Legacy,LeadHook,Commit,0.027000,-0.258880,1.477040,0.273520,2.676349
Legacy,LeadHook,Commit,0.027450,-0.260019,1.476660,0.273330,2.702051
Legacy,LeadHook,Commit,0.027900,-0.261169,1.476277,0.273139,2.726978
Legacy,LeadHook,Commit,0.028350,-0.262329,1.475890,0.272945,2.751253
Legacy,LeadHook,Commit,0.028800,-0.263500,1.475500,0.272750,2.775063
Legacy,LeadHook,Commit,0.029250,-0.264679,1.475107,0.272553,2.798024
Legacy,LeadHook,Commit,0.029700,-0.265869,1.474710,0.272355,2.820541
Legacy,LeadHook,Commit,0.030150,-0.267067,1.474311,0.272156,2.842199
Legacy,LeadHook,Commit,0.030600,-0.268275,1.473909,0.271954,2.863330
Legacy,LeadHook,Commit,0.031050,-0.269491,1.473503,0.271752,2.883954
Legacy,LeadHook,Commit,0.031500,-0.270715,1.473095,0.271548,2.903647
Legacy,LeadHook,Commit,0.031950,-0.271948,1.472684,0.271342,2.922967
Legacy,LeadHook,Commit,0.032400,-0.273188,1.472271,0.271135,2.941491
Legacy,LeadHook,Commit,0.032850,-0.274436,1.471855,0.270927,2.959364
Legacy,LeadHook,Commit,0.033300,-0.275691,1.471436,0.270718,2.976720
Legacy,LeadHook,Commit,0.033750,-0.276953,1.471016,0.270508,2.993351
Legacy,LeadHook,Commit,0.034200,-0.278222,1.470593,0.270296,3.009414
Legacy,LeadHook,Commit,0.034650,-0.279498,1.470168,0.270084,3.024670
Legacy,LeadHook,Commit,0.035100,-0.280779,1.469740,0.269870,3.039491
Legacy,LeadHook,Commit,0.035550,-0.282067,1.469311,0.269656,3.053496
Legacy,LeadHook,Commit,0.036000,-0.283360,1.468880,0.269440,3.067014
Legacy,LeadHook,Commit,0.036450,-0.284659,1.468447,0.269224,3.079870
Legacy,LeadHook,Commit,0.036900,-0.285962,1.468013,0.269006,3.091868
Legacy,LeadHook,Commit,0.037350,-0.287271,1.467576,0.268788,3.103473
Legacy,LeadHook,Commit,0.037800,-0.288584,1.467139,0.268569,3.114374
Legacy,LeadHook,Commit,0.038250,-0.289902,1.466699,0.268350,3.124707
Legacy,LeadHook,Commit,0.038700,-0.291224,1.466259,0.268129,3.134202
Legacy,LeadHook,Commit,0.039150,-0.292549,1.465817,0.267909,3.143149
Legacy,LeadHook,Commit,0.039600,-0.293878,1.465374,0.267687,3.151495
Legacy,LeadHook,Commit,0.040050,-0.295210,1.464930,0.267465,3.159201
Legacy,LeadHook,Commit,0.040500,-0.296545,1.464485,0.267243,3.166245
Legacy,LeadHook,Commit,0.040950,-0.297883,1.464039,0.267020,3.172698
Legacy,LeadHook,Commit,0.041400,-0.299223,1.463592,0.266796,3.178304
Legacy,LeadHook,Commit,0.041850,-0.300566,1.463145,0.266572,3.183610
Legacy,LeadHook,Commit,0.042300,-0.301910,1.462697,0.266348,3.187965
Legacy,LeadHook,Commit,0.042750,-0.303256,1.462248,0.266124,3.191812
Legacy,LeadHook,Commit,0.043200,-0.304603,1.461799,0.265900,3.195163
Legacy,LeadHook,Commit,0.043650,-0.305951,1.461350,0.265675,3.197553
Legacy,LeadHook,Commit,0.044100,-0.307300,1.460900,0.265450,3.199508
Legacy,LeadHook,Commit,0.044550,-0.308650,1.460450,0.265225,3.200821
Legacy,LeadHook,Commit,0.045000,-0.310000,1.460000,0.265000,3.201483
Legacy,LeadHook,Commit,0.045450,-0.311350,1.459550,0.264775,3.201473
Legacy,LeadHook,Commit,0.045900,-0.312700,1.459100,0.264550,3.200821
Legacy,LeadHook,Commit,0.046350,-0.314049,1.458650,0.264325,3.199508
Legacy,LeadHook,Commit,0.046800,-0.315397,1.458201,0.264101,3.197553
Legacy,LeadHook,Commit,0.047250,-0.316744,1.457752,0.263876,3.195163
Legacy,LeadHook,Commit,0.047700,-0.318090,1.457303,0.263652,3.191750
Legacy,LeadHook,Commit,0.048150,-0.319435,1.456855,0.263428,3.188089
Legacy,LeadHook,Commit,0.048600,-0.320777,1.456408,0.263204,3.183548
Legacy,LeadHook,Commit,0.049050,-0.322117,1.455961,0.262981,3.178367
Legacy,LeadHook,Commit,0.049500,-0.323455,1.455515,0.262758,3.172636
Legacy,LeadHook,Commit,0.049950,-0.324790,1.455070,0.262535,3.166245
Legacy,LeadHook,Commit,0.050400,-0.326122,1.454626,0.262313,3.159201
Legacy,LeadHook,Commit,0.050850,-0.327451,1.454183,0.262092,3.151495
Legacy,LeadHook,Commit,0.051300,-0.328777,1.453741,0.261871,3.143149
Legacy,LeadHook,Commit,0.051750,-0.330098,1.453301,0.261650,3.134202
Legacy,LeadHook,Commit,0.052200,-0.331416,1.452861,0.261431,3.124707
Legacy,LeadHook,Commit,0.052650,-0.332729,1.452424,0.261212,3.114374
Legacy,LeadHook,Commit,0.053100,-0.334038,1.451988,0.260994,3.103411
Legacy,LeadHook,Commit,0.053550,-0.335341,1.451553,0.260776,3.091992
Legacy,LeadHook,Commit,0.054000,-0.336640,1.451120,0.260560,3.079808
Legacy,LeadHook,Commit,0.054450,-0.337933,1.450689,0.260344,3.067014
Legacy,LeadHook,Commit,0.054900,-0.339221,1.450260,0.260130,3.053496
Legacy,LeadHook,Commit,0.055350,-0.340503,1.449833,0.259916,3.039491
Legacy,LeadHook,Commit,0.055800,-0.341778,1.449407,0.259704,3.024670
Legacy,LeadHook,Commit,0.056250,-0.343047,1.448984,0.259492,3.009414
Legacy,LeadHook,Commit,0.056700,-0.344309,1.448564,0.259282,2.993351
Legacy,LeadHook,Commit,0.057150,-0.345564,1.448145,0.259073,2.976720
Legacy,LeadHook,Commit,0.057600,-0.346812,1.447729,0.258865,2.959364
Legacy,LeadHook,Commit,0.058050,-0.348053,1.447316,0.258658,2.941481
Legacy,LeadHook,Commit,0.058500,-0.349285,1.446905,0.258453,2.922977
Legacy,LeadHook,Commit,0.058950,-0.350509,1.446497,0.258248,2.903647
Legacy,LeadHook,Commit,0.059400,-0.351726,1.446092,0.258046,2.883954
Legacy,LeadHook,Commit,0.059850,-0.352933,1.445689,0.257845,2.863330
Legacy,LeadHook,Commit,0.060300,-0.354131,1.445290,0.257645,2.842261
Legacy,LeadHook,Commit,0.060750,-0.355321,1.444893,0.257447,2.820479
Legacy,LeadHook,Commit,0.061200,-0.356501,1.444500,0.257250,2.798024
Legacy,LeadHook,Commit,0.061650,-0.357671,1.444110,0.257055,2.775001
Legacy,LeadHook,Commit,0.062100,-0.358831,1.443723,0.256862,2.751377
Legacy,LeadHook,Commit,0.062550,-0.359981,1.443340,0.256670,2.726916
Legacy,LeadHook,Commit,0.063000,-0.361120,1.442960,0.256480,2.702051
Legacy,LeadHook,Commit,0.063450,-0.362249,1.442584,0.256292,2.676349
Legacy,LeadHook,Commit,0.063900,-0.363366,1.442211,0.256106,2.650130
Legacy,LeadHook,Commit,0.064350,-0.364472,1.441843,0.255921,2.623248
Legacy,LeadHook,Commit,0.064800,-0.365567,1.441478,0.255739,2.595788
Legacy,LeadHook,Commit,0.065250,-0.366649,1.441117,0.255558,2.567531
Legacy,LeadHook,Commit,0.065700,-0.367720,1.440760,0.255380,2.538684
Legacy,LeadHook,Commit,0.066150,-0.368778,1.440407,0.255204,2.509351
Legacy,LeadHook,Commit,0.066600,-0.369823,1.440059,0.255029,2.479129
Legacy,LeadHook,Commit,0.067050,-0.370856,1.439715,0.254857,2.448473
Legacy,LeadHook,Commit,0.067500,-0.371875,1.439375,0.254688,2.417092
Legacy,LeadHook,Commit,0.067950,-0.372881,1.439040,0.254520,2.384988
Legacy,LeadHook,Commit,0.068400,-0.373873,1.438709,0.254355,2.352438
Legacy,LeadHook,Commit,0.068850,-0.374851,1.438383,0.254192,2.319093
Legacy,LeadHook,Commit,0.069300,-0.375814,1.438062,0.254031,2.285105
Legacy,LeadHook,Commit,0.069750,-0.376763,1.437746,0.253873,2.250663
Legacy,LeadHook,Commit,0.070200,-0.377697,1.437434,0.253717,2.215363
Legacy,LeadHook,Commit,0.070650,-0.378616,1.437128,0.253564,2.179555
Legacy,LeadHook,Commit,0.071100,-0.379520,1.436827,0.253413,2.143013
Legacy,LeadHook,Commit,0.071550,-0.380408,1.436531,0.253265,2.105893
Legacy,LeadHook,Commit,0.072000,-0.381280,1.436240,0.253120,2.068048
Legacy,LeadHook,Commit,0.072450,-0.382136,1.435955,0.252977,2.029685
Legacy,LeadHook,Commit,0.072900,-0.382975,1.435675,0.252837,1.990620
Legacy,LeadHook,Commit,0.073350,-0.383798,1.435401,0.252700,1.950955
Legacy,LeadHook,Commit,0.073800,-0.384604,1.435132,0.252566,1.910555
Legacy,LeadHook,Commit,0.074250,-0.385392,1.434869,0.252435,1.869659
Legacy,LeadHook,Commit,0.074700,-0.386163,1.434613,0.252306,1.827904
Legacy,LeadHook,Commit,0.075150,-0.386916,1.434361,0.252181,1.785767
Legacy,LeadHook,Commit,0.075600,-0.387651,1.434117,0.252058,1.742751
Legacy,LeadHook,Commit,0.076050,-0.388367,1.433878,0.251939,1.699383
Legacy,LeadHook,Commit,0.076500,-0.389065,1.433645,0.251823,1.655094
Legacy,LeadHook,Commit,0.076950,-0.389744,1.433419,0.251709,1.610247
Legacy,LeadHook,Commit,0.077400,-0.390404,1.433199,0.251599,1.564789
Legacy,LeadHook,Commit,0.077850,-0.391044,1.432985,0.251493,1.518742
Legacy,LeadHook,Commit,0.078300,-0.391665,1.432778,0.251389,1.471940
Legacy,LeadHook,Commit,0.078750,-0.392266,1.432578,0.251289,1.424590
Legacy,LeadHook,Commit,0.079200,-0.392846,1.432385,0.251192,1.376568
Legacy,LeadHook,Commit,0.079650,-0.393406,1.432198,0.251099,1.327976
Legacy,LeadHook,Commit,0.080100,-0.393945,1.432018,0.251009,1.278506
Legacy,LeadHook,Commit,0.080550,-0.394463,1.431846,0.250923,1.228673
Legacy,LeadHook,Commit,0.081000,-0.394960,1.431680,0.250840,1.178107
Legacy,LeadHook,Commit,0.081450,-0.395435,1.431522,0.250761,1.126837
Legacy,LeadHook,Commit,0.081900,-0.395888,1.431371,0.250685,1.074956
Legacy,LeadHook,Commit,0.082350,-0.396320,1.431227,0.250613,1.022528
Legacy,LeadHook,Commit,0.082800,-0.396728,1.431091,0.250545,0.969334
Legacy,LeadHook,Commit,0.083250,-0.397114,1.430962,0.250481,0.915447
Legacy,LeadHook,Commit,0.083700,-0.397478,1.430841,0.250420,0.861188
Legacy,LeadHook,Commit,0.084150,-0.397817,1.430728,0.250364,0.806039
Legacy,LeadHook,Commit,0.084600,-0.398134,1.430622,0.250311,0.750332
Legacy,LeadHook,Commit,0.085050,-0.398426,1.430525,0.250262,0.693962
Legacy,LeadHook,Commit,0.085500,-0.398695,1.430435,0.250218,0.637003
Legacy,LeadHook,Commit,0.085950,-0.398939,1.430354,0.250177,0.579393
Legacy,LeadHook,Commit,0.086400,-0.399159,1.430280,0.250140,0.521152
Legacy,LeadHook,Commit,0.086850,-0.399354,1.430215,0.250108,0.462145
Legacy,LeadHook,Commit,0.087300,-0.399524,1.430159,0.250079,0.402663
Legacy,LeadHook,Commit,0.087750,-0.399668,1.430111,0.250055,0.342456
Legacy,LeadHook,Commit,0.088200,-0.399787,1.430071,0.250036,0.281639
Legacy,LeadHook,Commit,0.088650,-0.399880,1.430040,0.250020,0.220192
Legacy,LeadHook,Commit,0.089100,-0.399946,1.430018,0.250009,0.158010
Legacy,LeadHook,Commit,0.089550,-0.399987,1.430005,0.250002,0.095311
Legacy,LeadHook,Commit,0.090000,-0.400000,1.430000,0.250000,0.031908
Legacy,LeadHook,Extend,0.000700,-0.400000,1.430003,0.250045,0.064982
Legacy,LeadHook,Extend,0.001400,-0.400001,1.430012,0.250181,0.194010
Legacy,LeadHook,Extend,0.002100,-0.400002,1.430027,0.250406,0.321711
Legacy,LeadHook,Extend,0.002800,-0.400003,1.430047,0.250719,0.448221
Legacy,LeadHook,Extend,0.003500,-0.400005,1.430074,0.251119,0.573330
Legacy,LeadHook,Extend,0.004200,-0.400007,1.430106,0.251606,0.697185
Legacy,LeadHook,Extend,0.004900,-0.400010,1.430144,0.252179,0.819637
Legacy,LeadHook,Extend,0.005600,-0.400012,1.430187,0.252836,0.940869
Legacy,LeadHook,Extend,0.006300,-0.400016,1.430236,0.253577,1.060749
Legacy,LeadHook,Extend,0.007000,-0.400019,1.430290,0.254401,1.179378
Legacy,LeadHook,Extend,0.007700,-0.400023,1.430350,0.255306,1.296486
Legacy,LeadHook,Extend,0.008400,-0.400027,1.430415,0.256293,1.412427
Legacy,LeadHook,Extend,0.009100,-0.400031,1.430485,0.257359,1.526943
Legacy,LeadHook,Extend,0.009800,-0.400035,1.430561,0.258505,1.640046
Legacy,LeadHook,Extend,0.010500,-0.400039,1.430641,0.259728,1.751800
Legacy,LeadHook,Extend,0.011200,-0.400043,1.430727,0.261029,1.862183
Legacy,LeadHook,Extend,0.011900,-0.400047,1.430818,0.262406,1.971067
Legacy,LeadHook,Extend,0.012600,-0.400051,1.430914,0.263858,2.078538
Legacy,LeadHook,Extend,0.013300,-0.400054,1.431014,0.265383,2.184491
Legacy,LeadHook,Extend,0.014000,-0.400056,1.431120,0.266982,2.289031
Legacy,LeadHook,Extend,0.014700,-0.400058,1.431230,0.268653,2.391903
Legacy,LeadHook,Extend,0.015400,-0.400058,1.431346,0.270394,2.493331
Legacy,LeadHook,Extend,0.016100,-0.400057,1.431465,0.272206,2.593093
Legacy,LeadHook,Extend,0.016800,-0.400054,1.431590,0.274085,2.691242
Legacy,LeadHook,Extend,0.017500,-0.400049,1.431719,0.276033,2.787769
Legacy,LeadHook,Extend,0.018200,-0.400041,1.431852,0.278046,2.882475
Legacy,LeadHook,Extend,0.018900,-0.400030,1.431990,0.280124,2.975562
Legacy,LeadHook,Extend,0.019600,-0.400016,1.432133,0.282266,3.066788
Legacy,LeadHook,Extend,0.020300,-0.399999,1.432279,0.284471,3.156188
Legacy,LeadHook,Extend,0.021000,-0.399976,1.432430,0.286736,3.243681
Legacy,LeadHook,Extend,0.021700,-0.399949,1.432585,0.289061,3.329335
Legacy,LeadHook,Extend,0.022400,-0.399916,1.432744,0.291445,3.412921
Legacy,LeadHook,Extend,0.023100,-0.399876,1.432908,0.293885,3.494573
Legacy,LeadHook,Extend,0.023800,-0.399830,1.433075,0.296381,3.574179
Legacy,LeadHook,Extend,0.024500,-0.399775,1.433246,0.298931,3.651601
Legacy,LeadHook,Extend,0.025200,-0.399712,1.433421,0.301533,3.726935
Legacy,LeadHook,Extend,0.025900,-0.399638,1.433601,0.304186,3.799978
Legacy,LeadHook,Extend,0.026600,-0.399555,1.433783,0.306888,3.870920
Legacy,LeadHook,Extend,0.027300,-0.399459,1.433970,0.309638,3.939507
Legacy,LeadHook,Extend,0.028000,-0.399351,1.434160,0.312433,4.005817
Legacy,LeadHook,Extend,0.028700,-0.399229,1.434354,0.315273,4.069683
Legacy,LeadHook,Extend,0.029400,-0.399092,1.434551,0.318155,4.131224
Legacy,LeadHook,Extend,0.030100,-0.398939,1.434752,0.321077,4.190311
Legacy,LeadHook,Extend,0.030800,-0.398768,1.434956,0.324038,4.246943
Legacy,LeadHook,Extend,0.031500,-0.398579,1.435164,0.327036,4.301133
Legacy,LeadHook,Extend,0.032200,-0.398369,1.435375,0.330068,4.352811
Legacy,LeadHook,Extend,0.032900,-0.398137,1.435589,0.333133,4.401949
Legacy,LeadHook,Extend,0.033600,-0.397883,1.435806,0.336229,4.448513
Legacy,LeadHook,Extend,0.034300,-0.397604,1.436027,0.339354,4.492700
Legacy,LeadHook,Extend,0.035000,-0.397299,1.436250,0.342505,4.534184
Legacy,LeadHook,Extend,0.035700,-0.396965,1.436477,0.345681,4.573283
Legacy,LeadHook,Extend,0.036400,-0.396603,1.436706,0.348879,4.609792
Legacy,LeadHook,Extend,0.037100,-0.396209,1.436938,0.352098,4.643800
Legacy,LeadHook,Extend,0.037800,-0.395782,1.437173,0.355334,4.675525
Legacy,LeadHook,Extend,0.038500,-0.395321,1.437411,0.358586,4.704681
Legacy,LeadHook,Extend,0.039200,-0.394823,1.437652,0.361852,4.731465
Legacy,LeadHook,Extend,0.039900,-0.394287,1.437895,0.365128,4.756120
Legacy,LeadHook,Extend,0.040600,-0.393711,1.438141,0.368414,4.778429
Legacy,LeadHook,Extend,0.041300,-0.393093,1.438389,0.371706,4.798622
Legacy,LeadHook,Extend,0.042000,-0.392431,1.438640,0.375003,4.816777
Legacy,LeadHook,Extend,0.042700,-0.391723,1.438893,0.378301,4.832988
Legacy,LeadHook,Extend,0.043400,-0.390967,1.439149,0.381599,4.847246
Legacy,LeadHook,Extend,0.044100,-0.390161,1.439407,0.384895,4.860038
Legacy,LeadHook,Extend,0.044800,-0.389304,1.439667,0.388185,4.871070
Legacy,LeadHook,Extend,0.045500,-0.388393,1.439929,0.391467,4.880825
Legacy,LeadHook,Extend,0.046200,-0.387426,1.440193,0.394739,4.889211
Legacy,LeadHook,Extend,0.046900,-0.386402,1.440459,0.398000,4.896641
Legacy,LeadHook,Extend,0.047600,-0.385319,1.440728,0.401245,4.903095
Legacy,LeadHook,Extend,0.048300,-0.384174,1.440998,0.404474,4.908874
Legacy,LeadHook,Extend,0.049000,-0.382966,1.441270,0.407683,4.914252
Legacy,LeadHook,Extend,0.049700,-0.381693,1.441544,0.410871,4.919154
Legacy,LeadHook,Extend,0.050400,-0.380353,1.441820,0.414035,4.924244
Legacy,LeadHook,Extend,0.051100,-0.378944,1.442097,0.417172,4.929508
Legacy,LeadHook,Extend,0.051800,-0.377464,1.442376,0.420282,4.935071
Legacy,LeadHook,Extend,0.052500,-0.375913,1.442656,0.423360,4.941396
Legacy,LeadHook,Extend,0.053200,-0.374287,1.442938,0.426406,4.948695
Legacy,LeadHook,Extend,0.053900,-0.372586,1.443222,0.429417,4.956998
Legacy,LeadHook,Extend,0.054600,-0.370808,1.443506,0.432392,4.966973
Legacy,LeadHook,Extend,0.055300,-0.368951,1.443793,0.435327,4.978418
Legacy,LeadHook,Extend,0.056000,-0.367015,1.444080,0.438221,4.991830
Legacy,LeadHook,Extend,0.056700,-0.364996,1.444369,0.441072,5.007395
Legacy,LeadHook,Extend,0.057400,-0.362896,1.444658,0.443879,5.025237
Legacy,LeadHook,Extend,0.058100,-0.360711,1.444949,0.446639,5.045741
Legacy,LeadHook,Extend,0.058800,-0.358441,1.445241,0.449350,5.068858
Legacy,LeadHook,Extend,0.059500,-0.356085,1.445534,0.452012,5.095016
Legacy,LeadHook,Extend,0.060200,-0.353642,1.445827,0.454622,5.124032
Legacy,LeadHook,Extend,0.060900,-0.351111,1.446122,0.457178,5.156411
Legacy,LeadHook,Extend,0.061600,-0.348491,1.446417,0.459680,5.192057
Legacy,LeadHook,Extend,0.062300,-0.345783,1.446713,0.462126,5.230880
Legacy,LeadHook,Extend,0.063000,-0.342984,1.447010,0.464514,5.273314
Legacy,LeadHook,Extend,0.063700,-0.340094,1.447307,0.466843,5.319108
Legacy,LeadHook,Extend,0.064400,-0.337114,1.447605,0.469113,5.368213
Legacy,LeadHook,Extend,0.065100,-0.334043,1.447904,0.471322,5.420859
Legacy,LeadHook,Extend,0.065800,-0.330881,1.448202,0.473468,5.476630
Legacy,LeadHook,Extend,0.066500,-0.327627,1.448501,0.475552,5.535765
Legacy,LeadHook,Extend,0.067200,-0.324283,1.448801,0.477572,5.597967
Legacy,LeadHook,Extend,0.067900,-0.320847,1.449100,0.479527,5.663155
Legacy,LeadHook,Extend,0.068600,-0.317321,1.449400,0.481417,5.731198
Legacy,LeadHook,Extend,0.069300,-0.313706,1.449700,0.483242,5.801778
Legacy,LeadHook,Extend,0.070000,-0.310000,1.450000,0.485000,5.874889
Legacy,LeadHook,Extend,0.070700,-0.306206,1.450300,0.486692,5.950147
Legacy,LeadHook,Extend,0.071400,-0.302324,1.450600,0.488316,6.027429
Legacy,LeadHook,Extend,0.072100,-0.298354,1.450900,0.489874,6.106533
Legacy,LeadHook,Extend,0.072800,-0.294299,1.451199,0.491364,6.187159
Legacy,LeadHook,Extend,0.073500,-0.290159,1.451499,0.492787,6.268772
Legacy,LeadHook,Extend,0.074200,-0.285935,1.451798,0.494143,6.351708
Legacy,LeadHook,Extend,0.074900,-0.281629,1.452097,0.495432,6.435266
Legacy,LeadHook,Extend,0.075600,-0.277242,1.452395,0.496654,6.519154
Legacy,LeadHook,Extend,0.076300,-0.272776,1.452693,0.497810,6.603294
Legacy,LeadHook,Extend,0.077000,-0.268234,1.452990,0.498899,6.687260
Legacy,LeadHook,Extend,0.077700,-0.263615,1.453287,0.499923,6.771027
Legacy,LeadHook,Extend,0.078400,-0.258923,1.453583,0.500881,6.854030
Legacy,LeadHook,Extend,0.079100,-0.254160,1.453878,0.501775,6.936188
Legacy,LeadHook,Extend,0.079800,-0.249328,1.454173,0.502606,7.017087
Legacy,LeadHook,Extend,0.080500,-0.244429,1.454466,0.503374,7.096757
Legacy,LeadHook,Extend,0.081200,-0.239465,1.454759,0.504079,7.174639
Legacy,LeadHook,Extend,0.081900,-0.234439,1.455051,0.504724,7.250638
Legacy,LeadHook,Extend,0.082600,-0.229354,1.455342,0.505308,7.324515
Legacy,LeadHook,Extend,0.083300,-0.224211,1.455631,0.505834,7.396156
Legacy,LeadHook,Extend,0.084000,-0.219015,1.455920,0.506301,7.465088
Legacy,LeadHook,Extend,0.084700,-0.213767,1.456207,0.506712,7.531233
Legacy,LeadHook,Extend,0.085400,-0.208470,1.456494,0.507067,7.594453
Legacy,LeadHook,Extend,0.086100,-0.203128,1.456778,0.507368,7.654505
Legacy,LeadHook,Extend,0.086800,-0.197743,1.457062,0.507617,7.711255
Legacy,LeadHook,Extend,0.087500,-0.192319,1.457344,0.507814,7.764469
Legacy,LeadHook,Extend,0.088200,-0.186858,1.457624,0.507960,7.814011
Legacy,LeadHook,Extend,0.088900,-0.181365,1.457903,0.508059,7.859766
Legacy,LeadHook,Extend,0.089600,-0.175841,1.458181,0.508110,7.901527
Legacy,LeadHook,Extend,0.090300,-0.170290,1.458456,0.508116,7.939235
Legacy,LeadHook,Extend,0.091000,-0.164716,1.458730,0.508078,7.972776
Legacy,LeadHook,Extend,0.091700,-0.159122,1.459002,0.507998,8.001980
Legacy,LeadHook,Extend,0.092400,-0.153511,1.459272,0.507877,8.026786
Legacy,LeadHook,Extend,0.093100,-0.147887,1.459541,0.507717,8.047112
Legacy,LeadHook,Extend,0.093800,-0.142252,1.459807,0.507520,8.062827
Legacy,LeadHook,Extend,0.094500,-0.136612,1.460071,0.507286,8.073921
Legacy,LeadHook,Extend,0.095200,-0.130968,1.460333,0.507019,8.080264
Legacy,LeadHook,Extend,0.095900,-0.125324,1.460593,0.506720,8.081955
Legacy,LeadHook,Extend,0.096600,-0.119685,1.460851,0.506389,8.078890
Legacy,LeadHook,Extend,0.097300,-0.114052,1.461107,0.506030,8.070868
Legacy,LeadHook,Extend,0.098000,-0.108431,1.461360,0.505643,8.058017
Legacy,LeadHook,Extend,0.098700,-0.102823,1.461611,0.505231,8.040366
Legacy,LeadHook,Extend,0.099400,-0.097233,1.461859,0.504794,8.017861
Legacy,LeadHook,Extend,0.100100,-0.091664,1.462105,0.504335,7.990456
Legacy,LeadHook,Extend,0.100800,-0.086119,1.462348,0.503856,7.958207
Legacy,LeadHook,Extend,0.101500,-0.080602,1.462589,0.503357,7.921004
Legacy,LeadHook,Extend,0.102200,-0.075116,1.462827,0.502840,7.879048
Legacy,LeadHook,Extend,0.102900,-0.069665,1.463062,0.502308,7.832373
Legacy,LeadHook,Extend,0.103600,-0.064251,1.463294,0.501761,7.780594
Legacy,LeadHook,Extend,0.104300,-0.058878,1.463524,0.501201,7.724513
Legacy,LeadHook,Extend,0.105000,-0.053548,1.463750,0.500630,7.663527
Legacy,LeadHook,Extend,0.105700,-0.048267,1.463974,0.500049,7.597812
Legacy,LeadHook,Extend,0.106400,-0.043035,1.464194,0.499459,7.527710
Legacy,LeadHook,Extend,0.107100,-0.037857,1.464411,0.498862,7.453062
Legacy,LeadHook,Extend,0.107800,-0.032735,1.464625,0.498260,7.373730
Legacy,LeadHook,Extend,0.108500,-0.027672,1.464836,0.497652,7.290275
Legacy,LeadHook,Extend,0.109200,-0.022672,1.465044,0.497042,7.202238
Legacy,LeadHook,Extend,0.109900,-0.017737,1.465248,0.496430,7.110206
Legacy,LeadHook,Extend,0.110600,-0.012870,1.465449,0.495817,7.013595
Legacy,LeadHook,Extend,0.111300,-0.008074,1.465646,0.495204,6.913176
Legacy,LeadHook,Extend,0.112000,-0.003351,1.465840,0.494593,6.808718
Legacy,LeadHook,Extend,0.112700,0.001296,1.466030,0.493985,6.700074
Legacy,LeadHook,Extend,0.113400,0.005863,1.466217,0.493380,6.587689
Legacy,LeadHook,Extend,0.114100,0.010350,1.466400,0.492780,6.471506
Legacy,LeadHook,Extend,0.114800,0.014753,1.466579,0.492186,6.351690
Legacy,LeadHook,Extend,0.115500,0.019069,1.466754,0.491599,6.228073
Legacy,LeadHook,Extend,0.116200,0.023296,1.466925,0.491019,6.100907
Legacy,LeadHook,Extend,0.116900,0.027433,1.467092,0.490447,5.970269
Legacy,LeadHook,Extend,0.117600,0.031476,1.467256,0.489885,5.836330
Legacy,LeadHook,Extend,0.118300,0.035424,1.467415,0.489333,5.699069
Legacy,LeadHook,Extend,0.119000,0.039274,1.467570,0.488791,5.558313
Legacy,LeadHook,Extend,0.119700,0.043024,1.467721,0.488261,5.414666
Legacy,LeadHook,Extend,0.120400,0.046672,1.467867,0.487743,5.267744
Legacy,LeadHook,Extend,0.121100,0.050215,1.468010,0.487237,5.117785
Legacy,LeadHook,Extend,0.121800,0.053653,1.468148,0.486745,4.964981
Legacy,LeadHook,Extend,0.122500,0.056983,1.468281,0.486267,4.809242
Legacy,LeadHook,Extend,0.123200,0.060202,1.468410,0.485803,4.650556
Legacy,LeadHook,Extend,0.123900,0.063310,1.468535,0.485354,4.489276
Legacy,LeadHook,Extend,0.124600,0.066304,1.468655,0.484921,4.325199
Legacy,LeadHook,Extend,0.125300,0.069183,1.468770,0.484503,4.158366
Legacy,LeadHook,Extend,0.126000,0.071944,1.468880,0.484102,3.989102
Legacy,LeadHook,Extend,0.126700,0.074586,1.468986,0.483718,3.817117
Legacy,LeadHook,Extend,0.127400,0.077107,1.469086,0.483350,3.642846
Legacy,LeadHook,Extend,0.128100,0.079506,1.469182,0.483000,3.465903
Legacy,LeadHook,Extend,0.128800,0.081781,1.469273,0.482668,3.286469
Legacy,LeadHook,Extend,0.129500,0.083930,1.469359,0.482354,3.104898
Legacy,LeadHook,Extend,0.130200,0.085951,1.469440,0.482058,2.920763
Legacy,LeadHook,Extend,0.130900,0.087844,1.469515,0.481781,2.734588
Legacy,LeadHook,Extend,0.131600,0.089605,1.469585,0.481523,2.545706
Legacy,LeadHook,Extend,0.132300,0.091235,1.469650,0.481285,2.354795
Legacy,LeadHook,Extend,0.133000,0.092731,1.469710,0.481065,2.161573
Legacy,LeadHook,Extend,0.133700,0.094092,1.469764,0.480866,1.966162
Legacy,LeadHook,Extend,0.134400,0.095316,1.469813,0.480687,1.768517
Legacy,LeadHook,Extend,0.135100,0.096401,1.469857,0.480528,1.568581
Legacy,LeadHook,Extend,0.135800,0.097347,1.469894,0.480389,1.366657
Legacy,LeadHook,Extend,0.136500,0.098151,1.469926,0.480271,1.162183
Legacy,LeadHook,Extend,0.137200,0.098813,1.469953,0.480174,0.955971
Legacy,LeadHook,Extend,0.137900,0.099330,1.469973,0.480098,0.747151
Legacy,LeadHook,Extend,0.138600,0.099701,1.469988,0.480044,0.536340
Legacy,LeadHook,Extend,0.139300,0.099925,1.469997,0.480011,0.323509
Legacy,LeadHook,Extend,0.140000,0.100000,1.470000,0.480000,0.108299
Legacy,LeadHook,Recover,0.001400,0.099976,1.470002,0.479985,0.020172
Legacy,LeadHook,Recover,0.002800,0.099905,1.470006,0.479940,0.060260
Legacy,LeadHook,Recover,0.004200,0.099786,1.470013,0.479866,0.099931
Legacy,LeadHook,Recover,0.005600,0.099621,1.470024,0.479763,0.139227
Legacy,LeadHook,Recover,0.007000,0.099410,1.470037,0.479631,0.178060
Legacy,LeadHook,Recover,0.008400,0.099153,1.470053,0.479471,0.216546
Legacy,LeadHook,Recover,0.009800,0.098851,1.470072,0.479282,0.254577
Legacy,LeadHook,Recover,0.011200,0.098505,1.470093,0.479066,0.292279
Legacy,LeadHook,Recover,0.012600,0.098114,1.470118,0.478821,0.329520
Legacy,LeadHook,Recover,0.014000,0.097680,1.470145,0.478550,0.366325
Legacy,LeadHook,Recover,0.015400,0.097202,1.470175,0.478252,0.402813
Legacy,LeadHook,Recover,0.016800,0.096682,1.470207,0.477926,0.438807
Legacy,LeadHook,Recover,0.018200,0.096120,1.470243,0.477575,0.474463
Legacy,LeadHook,Recover,0.019600,0.095516,1.470280,0.477197,0.509682
Legacy,LeadHook,Recover,0.021000,0.094870,1.470321,0.476794,0.544504
Legacy,LeadHook,Recover,0.022400,0.094184,1.470363,0.476365,0.578912
Legacy,LeadHook,Recover,0.023800,0.093457,1.470409,0.475911,0.612907
Legacy,LeadHook,Recover,0.025200,0.092691,1.470457,0.475432,0.646518
Legacy,LeadHook,Recover,0.026600,0.091885,1.470507,0.474928,0.679718
Legacy,LeadHook,Recover,0.028000,0.091040,1.470560,0.474400,0.712557
Legacy,LeadHook,Recover,0.029400,0.090157,1.470615,0.473848,0.744881
Legacy,LeadHook,Recover,0.030800,0.089236,1.470673,0.473272,0.776911
Legacy,LeadHook,Recover,0.032200,0.088277,1.470733,0.472673,0.808498
Legacy,LeadHook,Recover,0.033600,0.087282,1.470795,0.472051,0.839645
Legacy,LeadHook,Recover,0.035000,0.086250,1.470859,0.471406,0.870418
Legacy,LeadHook,Recover,0.036400,0.085182,1.470926,0.470739,0.900793
Legacy,LeadHook,Recover,0.037800,0.084079,1.470995,0.470049,0.930759
Legacy,LeadHook,Recover,0.039200,0.082940,1.471066,0.469338,0.960314
Legacy,LeadHook,Recover,0.040600,0.081767,1.471140,0.468604,0.989462
Legacy,LeadHook,Recover,0.042000,0.080560,1.471215,0.467850,1.018214
Legacy,LeadHook,Recover,0.043400,0.079319,1.471293,0.467075,1.046543
Legacy,LeadHook,Recover,0.044800,0.078045,1.471372,0.466278,1.074479
Legacy,LeadHook,Recover,0.046200,0.076739,1.471454,0.465462,1.102023
Legacy,LeadHook,Recover,0.047600,0.075400,1.471537,0.464625,1.129166
Legacy,LeadHook,Recover,0.049000,0.074030,1.471623,0.463769,1.155839
Legacy,LeadHook,Recover,0.050400,0.072628,1.471711,0.462893,1.182211
Legacy,LeadHook,Recover,0.051800,0.071196,1.471800,0.461998,1.208072
Legacy,LeadHook,Recover,0.053200,0.069734,1.471892,0.461084,1.233607
Legacy,LeadHook,Recover,0.054600,0.068242,1.471985,0.460151,1.258729
Legacy,LeadHook,Recover,0.056000,0.066720,1.472080,0.459200,1.283382
Legacy,LeadHook,Recover,0.057400,0.065170,1.472177,0.458231,1.307702
Legacy,LeadHook,Recover,0.058800,0.063591,1.472276,0.457244,1.331593
Legacy,LeadHook,Recover,0.060200,0.061985,1.472376,0.456240,1.355055
Legacy,LeadHook,Recover,0.061600,0.060351,1.472478,0.455219,1.378155
Legacy,LeadHook,Recover,0.063000,0.058690,1.472582,0.454181,1.400810
Legacy,LeadHook,Recover,0.064400,0.057003,1.472687,0.453127,1.423109
Legacy,LeadHook,Recover,0.065800,0.055290,1.472794,0.452056,1.444939
Legacy,LeadHook,Recover,0.067200,0.053551,1.472903,0.450970,1.466401
Legacy,LeadHook,Recover,0.068600,0.051788,1.473013,0.449867,1.487492
Legacy,LeadHook,Recover,0.070000,0.050000,1.473125,0.448750,1.508107
Legacy,LeadHook,Recover,0.071400,0.048188,1.473238,0.447618,1.528333
Legacy,LeadHook,Recover,0.072800,0.046353,1.473353,0.446470,1.548216
Legacy,LeadHook,Recover,0.074200,0.044494,1.473469,0.445309,1.567635
Legacy,LeadHook,Recover,0.075600,0.042613,1.473587,0.444133,1.586660
Legacy,LeadHook,Recover,0.077000,0.040710,1.473706,0.442944,1.605303
Legacy,LeadHook,Recover,0.078400,0.038785,1.473826,0.441741,1.623492
Legacy,LeadHook,Recover,0.079800,0.036839,1.473948,0.440525,1.641307
Legacy,LeadHook,Recover,0.081200,0.034873,1.474070,0.439296,1.658727
Legacy,LeadHook,Recover,0.082600,0.032886,1.474195,0.438054,1.675746
Legacy,LeadHook,Recover,0.084000,0.030880,1.474320,0.436800,1.692341
Legacy,LeadHook,Recover,0.085400,0.028854,1.474447,0.435534,1.708525
Legacy,LeadHook,Recover,0.086800,0.026810,1.474574,0.434256,1.724320
Legacy,LeadHook,Recover,0.088200,0.024748,1.474703,0.432967,1.739710
Legacy,LeadHook,Recover,0.089600,0.022668,1.474833,0.431667,1.754681
Legacy,LeadHook,Recover,0.091000,0.020570,1.474964,0.430356,1.769260
Legacy,LeadHook,Recover,0.092400,0.018456,1.475097,0.429035,1.783433
Legacy,LeadHook,Recover,0.093800,0.016325,1.475230,0.427703,1.797212
Legacy,LeadHook,Recover,0.095200,0.014179,1.475364,0.426362,1.810554
Legacy,LeadHook,Recover,0.096600,0.012017,1.475499,0.425010,1.823519
Legacy,LeadHook,Recover,0.098000,0.009840,1.475635,0.423650,1.836054
Legacy,LeadHook,Recover,0.099400,0.007649,1.475772,0.422281,1.848217
Legacy,LeadHook,Recover,0.100800,0.005444,1.475910,0.420902,1.859957
Legacy,LeadHook,Recover,0.102200,0.003225,1.476048,0.419516,1.871296
Legacy,LeadHook,Recover,0.103600,0.000994,1.476188,0.418121,1.882233
Legacy,LeadHook,Recover,0.105000,-0.001250,1.476328,0.416719,1.892736
Legacy,LeadHook,Recover,0.106400,-0.003506,1.476469,0.415309,1.902871
Legacy,LeadHook,Recover,0.107800,-0.005773,1.476611,0.413892,1.912612
Legacy,LeadHook,Recover,0.109200,-0.008052,1.476753,0.412468,1.921884
Legacy,LeadHook,Recover,0.110600,-0.010341,1.476896,0.411037,1.930794
Legacy,LeadHook,Recover,0.112000,-0.012640,1.477040,0.409600,1.939332
Legacy,LeadHook,Recover,0.113400,-0.014949,1.477184,0.408157,1.947407
Legacy,LeadHook,Recover,0.114800,-0.017267,1.477329,0.406708,1.955109
Legacy,LeadHook,Recover,0.116200,-0.019593,1.477475,0.405254,1.962381
Legacy,LeadHook,Recover,0.117600,-0.021928,1.477620,0.403795,1.969260
Legacy,LeadHook,Recover,0.119000,-0.024270,1.477767,0.402331,1.975770
Legacy,LeadHook,Recover,0.120400,-0.026620,1.477914,0.400863,1.981829
Legacy,LeadHook,Recover,0.121800,-0.028976,1.478061,0.399390,1.987487
Legacy,LeadHook,Recover,0.123200,-0.031338,1.478209,0.397914,1.992766
Legacy,LeadHook,Recover,0.124600,-0.033706,1.478357,0.396433,1.997611
Legacy,LeadHook,Recover,0.126000,-0.036080,1.478505,0.394950,2.002061
Legacy,LeadHook,Recover,0.127400,-0.038458,1.478654,0.393464,2.006115
Legacy,LeadHook,Recover,0.128800,-0.040841,1.478803,0.391974,2.009763
Legacy,LeadHook,Recover,0.130200,-0.043227,1.478952,0.390483,2.012999
Legacy,LeadHook,Recover,0.131600,-0.045617,1.479101,0.388989,2.015833
Legacy,LeadHook,Recover,0.133000,-0.048010,1.479251,0.387494,2.018249
Legacy,LeadHook,Recover,0.134400,-0.050405,1.479400,0.385997,2.020299
Legacy,LeadHook,Recover,0.135800,-0.052802,1.479550,0.384499,2.021904
Legacy,LeadHook,Recover,0.137200,-0.055201,1.479700,0.383000,2.023134
Legacy,LeadHook,Recover,0.138600,-0.057600,1.479850,0.381500,2.023936
Legacy,LeadHook,Recover,0.140000,-0.060000,1.480000,0.380000,2.024337
Legacy,LeadHook,Recover,0.141400,-0.062400,1.480150,0.378500,2.024337
Legacy,LeadHook,Recover,0.142800,-0.064799,1.480300,0.377000,2.023918
Legacy,LeadHook,Recover,0.144200,-0.067198,1.480450,0.375501,2.023134
Legacy,LeadHook,Recover,0.145600,-0.069595,1.480600,0.374003,2.021893
Legacy,LeadHook,Recover,0.147000,-0.071990,1.480749,0.372506,2.020288
Legacy,LeadHook,Recover,0.148400,-0.074383,1.480899,0.371011,2.018260
Legacy,LeadHook,Recover,0.149800,-0.076773,1.481048,0.369517,2.015863
Legacy,LeadHook,Recover,0.151200,-0.079159,1.481197,0.368026,2.012999
Legacy,LeadHook,Recover,0.152600,-0.081542,1.481346,0.366536,2.009763
Legacy,LeadHook,Recover,0.154000,-0.083920,1.481495,0.365050,2.006115
Legacy,LeadHook,Recover,0.155400,-0.086294,1.481643,0.363567,2.002061
Legacy,LeadHook,Recover,0.156800,-0.088662,1.481791,0.362086,1.997622
Legacy,LeadHook,Recover,0.158200,-0.091024,1.481939,0.360610,1.992766
Legacy,LeadHook,Recover,0.159600,-0.093380,1.482086,0.359137,1.987458
Legacy,LeadHook,Recover,0.161000,-0.095730,1.482233,0.357669,1.981847
Legacy,LeadHook,Recover,0.162400,-0.098072,1.482380,0.356205,1.975747
Legacy,LeadHook,Recover,0.163800,-0.100407,1.482525,0.354746,1.969253
Legacy,LeadHook,Recover,0.165200,-0.102733,1.482671,0.353292,1.962403
Legacy,LeadHook,Recover,0.166600,-0.105051,1.482816,0.351843,1.955116
Legacy,LeadHook,Recover,0.168000,-0.107360,1.482960,0.350400,1.947437
Legacy,LeadHook,Recover,0.169400,-0.109659,1.483104,0.348963,1.939302
Legacy,LeadHook,Recover,0.170800,-0.111948,1.483247,0.347532,1.930794
Legacy,LeadHook,Recover,0.172200,-0.114227,1.483389,0.346108,1.921896
Legacy,LeadHook,Recover,0.173600,-0.116494,1.483531,0.344691,1.912601
Legacy,LeadHook,Recover,0.175000,-0.118750,1.483672,0.343281,1.902871
Legacy,LeadHook,Recover,0.176400,-0.120994,1.483812,0.341879,1.892736
Legacy,LeadHook,Recover,0.177800,-0.123225,1.483952,0.340484,1.882233
Legacy,LeadHook,Recover,0.179200,-0.125444,1.484090,0.339098,1.871296
Legacy,LeadHook,Recover,0.180600,-0.127649,1.484228,0.337719,1.859939
Legacy,LeadHook,Recover,0.182000,-0.129840,1.484365,0.336350,1.848217
Legacy,LeadHook,Recover,0.183400,-0.132017,1.484501,0.334990,1.836063
Legacy,LeadHook,Recover,0.184800,-0.134179,1.484636,0.333638,1.823530
Legacy,LeadHook,Recover,0.186200,-0.136325,1.484770,0.332297,1.810560
Legacy,LeadHook,Recover,0.187600,-0.138456,1.484903,0.330965,1.797203
Legacy,LeadHook,Recover,0.189000,-0.140570,1.485036,0.329644,1.783424
Legacy,LeadHook,Recover,0.190400,-0.142668,1.485167,0.328333,1.769271
Legacy,LeadHook,Recover,0.191800,-0.144748,1.485297,0.327033,1.754670
Legacy,LeadHook,Recover,0.193200,-0.146810,1.485426,0.325744,1.739728
Legacy,LeadHook,Recover,0.194600,-0.148855,1.485553,0.324466,1.724302
Legacy,LeadHook,Recover,0.196000,-0.150880,1.485680,0.323200,1.708536
Legacy,LeadHook,Recover,0.197400,-0.152886,1.485805,0.321946,1.692330
Legacy,LeadHook,Recover,0.198800,-0.154873,1.485930,0.320704,1.675737
Legacy,LeadHook,Recover,0.200200,-0.156839,1.486053,0.319475,1.658718
Legacy,LeadHook,Recover,0.201600,-0.158785,1.486174,0.318259,1.641322
Legacy,LeadHook,Recover,0.203000,-0.160710,1.486294,0.317056,1.623526
Legacy,LeadHook,Recover,0.204400,-0.162613,1.486413,0.315867,1.605281
Legacy,LeadHook,Recover,0.205800,-0.164494,1.486531,0.314691,1.586662
Legacy,LeadHook,Recover,0.207200,-0.166353,1.486647,0.313530,1.567624
Legacy,LeadHook,Recover,0.208600,-0.168188,1.486762,0.312383,1.548207
Legacy,LeadHook,Recover,0.210000,-0.170000,1.486875,0.311250,1.528342
Legacy,LeadHook,Recover,0.211400,-0.171788,1.486987,0.310133,1.508107
Legacy,LeadHook,Recover,0.212800,-0.173551,1.487097,0.309030,1.487472
Legacy,LeadHook,Recover,0.214200,-0.175290,1.487206,0.307944,1.466440
Legacy,LeadHook,Recover,0.215600,-0.177003,1.487313,0.306873,1.444912
Legacy,LeadHook,Recover,0.217000,-0.178690,1.487418,0.305819,1.423097
Legacy,LeadHook,Recover,0.218400,-0.180351,1.487522,0.304781,1.400839
Legacy,LeadHook,Recover,0.219800,-0.181985,1.487624,0.303760,1.378165
Legacy,LeadHook,Recover,0.221200,-0.183591,1.487724,0.302756,1.355046
Legacy,LeadHook,Recover,0.222600,-0.185170,1.487823,0.301769,1.331575
Legacy,LeadHook,Recover,0.224000,-0.186720,1.487920,0.300800,1.307720
Legacy,LeadHook,Recover,0.225400,-0.188242,1.488015,0.299849,1.283382
Legacy,LeadHook,Recover,0.226800,-0.189734,1.488108,0.298916,1.258720
Legacy,LeadHook,Recover,0.228200,-0.191196,1.488200,0.298002,1.233598
Legacy,LeadHook,Recover,0.229600,-0.192629,1.488289,0.297107,1.208102
Legacy,LeadHook,Recover,0.231000,-0.194030,1.488377,0.296231,1.182200
Legacy,LeadHook,Recover,0.232400,-0.195400,1.488463,0.295375,1.155857
Legacy,LeadHook,Recover,0.233800,-0.196739,1.488546,0.294538,1.129128
Legacy,LeadHook,Recover,0.235200,-0.198045,1.488628,0.293722,1.102021
Legacy,LeadHook,Recover,0.236600,-0.199319,1.488707,0.292925,1.074504
Legacy,LeadHook,Recover,0.238000,-0.200560,1.488785,0.292150,1.046552
Legacy,LeadHook,Recover,0.239400,-0.201767,1.488860,0.291396,1.018212
Legacy,LeadHook,Recover,0.240800,-0.202940,1.488934,0.290662,0.989444
Legacy,LeadHook,Recover,0.242200,-0.204079,1.489005,0.289951,0.960314
Legacy,LeadHook,Recover,0.243600,-0.205182,1.489074,0.289261,0.930757
Legacy,LeadHook,Recover,0.245000,-0.206250,1.489141,0.288594,0.900797
Legacy,LeadHook,Recover,0.246400,-0.207282,1.489205,0.287949,0.870414
Legacy,LeadHook,Recover,0.247800,-0.208277,1.489267,0.287327,0.839668
Legacy,LeadHook,Recover,0.249200,-0.209236,1.489327,0.286728,0.808466
Legacy,LeadHook,Recover,0.250600,-0.210157,1.489385,0.286152,0.776904
Legacy,LeadHook,Recover,0.252000,-0.211040,1.489440,0.285600,0.744926
Legacy,LeadHook,Recover,0.253400,-0.211885,1.489493,0.285072,0.712523
Legacy,LeadHook,Recover,0.254800,-0.212691,1.489543,0.284568,0.679722
Legacy,LeadHook,Recover,0.256200,-0.213457,1.489591,0.284089,0.646529
Legacy,LeadHook,Recover,0.257600,-0.214184,1.489637,0.283635,0.612916
Legacy,LeadHook,Recover,0.259000,-0.214870,1.489679,0.283206,0.578905
Legacy,LeadHook,Recover,0.260400,-0.215516,1.489720,0.282803,0.544524
Legacy,LeadHook,Recover,0.261800,-0.216120,1.489758,0.282425,0.509661
Legacy,LeadHook,Recover,0.263200,-0.216682,1.489793,0.282074,0.474458
Legacy,LeadHook,Recover,0.264600,-0.217203,1.489825,0.281748,0.438811
Legacy,LeadHook,Recover,0.266000,-0.217680,1.489855,0.281450,0.402790
Legacy,LeadHook,Recover,0.267400,-0.218114,1.489882,0.281179,0.366345
Legacy,LeadHook,Recover,0.268800,-0.218505,1.489907,0.280934,0.329520
Legacy,LeadHook,Recover,0.270200,-0.218851,1.489928,0.280718,0.292248
Legacy,LeadHook,Recover,0.271600,-0.219153,1.489947,0.280529,0.254609
Legacy,LeadHook,Recover,0.273000,-0.219410,1.489963,0.280369,0.216546
Legacy,LeadHook,Recover,0.274400,-0.219621,1.489976,0.280237,0.178071
Legacy,LeadHook,Recover,0.275800,-0.219786,1.489987,0.280134,0.139227
Legacy,LeadHook,Recover,0.277200,-0.219905,1.489994,0.280060,0.099920
Legacy,LeadHook,Recover,0.278600,-0.219976,1.489998,0.280015,0.060262
Legacy,LeadHook,Recover,0.280000,-0.220000,1.490000,0.280000,0.020181
Curve,LeadHook,Commit,0.000450,-0.220014,1.489995,0.279998,0.031970
Curve,LeadHook,Commit,0.000900,-0.220054,1.489982,0.279991,0.095249
Curve,LeadHook,Commit,0.001350,-0.220120,1.489960,0.279980,0.157979
Curve,LeadHook,Commit,0.001800,-0.220213,1.489929,0.279965,0.220254
Curve,LeadHook,Commit,0.002250,-0.220332,1.489889,0.279945,0.281608
Curve,LeadHook,Commit,0.002700,-0.220476,1.489841,0.279921,0.342487
Curve,LeadHook,Commit,0.003150,-0.220646,1.489785,0.279892,0.402663
Curve,LeadHook,Commit,0.003600,-0.220841,1.489720,0.279860,0.462114
Curve,LeadHook,Commit,0.004050,-0.221061,1.489646,0.279823,0.521121
Curve,LeadHook,Commit,0.004500,-0.221305,1.489565,0.279783,0.579393
Curve,LeadHook,Commit,0.004950,-0.221574,1.489475,0.279738,0.637003
Curve,LeadHook,Commit,0.005400,-0.221866,1.489378,0.279689,0.693993
Curve,LeadHook,Commit,0.005850,-0.222183,1.489272,0.279636,0.750332
Curve,LeadHook,Commit,0.006300,-0.222523,1.489159,0.279580,0.806008
Curve,LeadHook,Commit,0.006750,-0.222886,1.489038,0.279519,0.861188
Curve,LeadHook,Commit,0.007200,-0.223272,1.488909,0.279455,0.915509
Curve,LeadHook,Commit,0.007650,-0.223680,1.488773,0.279387,0.969303
Curve,LeadHook,Commit,0.008100,-0.224112,1.488629,0.279315,1.022559
Curve,LeadHook,Commit,0.008550,-0.224565,1.488478,0.279239,1.074915
Curve,LeadHook,Commit,0.009000,-0.225040,1.488320,0.279160,1.126878
Curve,LeadHook,Commit,0.009450,-0.225537,1.488154,0.279077,1.178045
Curve,LeadHook,Commit,0.009900,-0.226055,1.487982,0.278991,1.228673
Curve,LeadHook,Commit,0.010350,-0.226594,1.487802,0.278901,1.278599
Curve,LeadHook,Commit,0.010800,-0.227154,1.487615,0.278808,1.327925
Curve,LeadHook,Commit,0.011250,-0.227734,1.487422,0.278711,1.376526
Curve,LeadHook,Commit,0.011700,-0.228335,1.487222,0.278611,1.424621
Curve,LeadHook,Commit,0.012150,-0.228956,1.487015,0.278507,1.471909
Curve,LeadHook,Commit,0.012600,-0.229596,1.486801,0.278401,1.518742
Curve,LeadHook,Commit,0.013050,-0.230256,1.486581,0.278291,1.564810
Curve,LeadHook,Commit,0.013500,-0.230935,1.486355,0.278178,1.610257
Curve,LeadHook,Commit,0.013950,-0.231633,1.486122,0.278061,1.655125
Curve,LeadHook,Commit,0.014400,-0.232349,1.485883,0.277942,1.699320
Curve,LeadHook,Commit,0.014850,-0.233084,1.485639,0.277819,1.742751
Curve,LeadHook,Commit,0.015300,-0.233837,1.485388,0.277694,1.785767
Curve,LeadHook,Commit,0.015750,-0.234608,1.485131,0.277565,1.827966
Curve,LeadHook,Commit,0.016200,-0.235397,1.484868,0.277434,1.869628
Curve,LeadHook,Commit,0.016650,-0.236202,1.484599,0.277300,1.910555
Curve,LeadHook,Commit,0.017100,-0.237025,1.484325,0.277163,1.950955
Curve,LeadHook,Commit,0.017550,-0.237864,1.484045,0.277023,1.990620
Curve,LeadHook,Commit,0.018000,-0.238720,1.483760,0.276880,2.029685
Curve,LeadHook,Commit,0.018450,-0.239592,1.483469,0.276735,2.068079
Curve,LeadHook,Commit,0.018900,-0.240480,1.483173,0.276587,2.105862
Curve,LeadHook,Commit,0.019350,-0.241384,1.482872,0.276436,2.143044
Curve,LeadHook,Commit,0.019800,-0.242303,1.482566,0.276283,2.179524
Curve,LeadHook,Commit,0.020250,-0.243237,1.482254,0.276127,2.215363
Curve,LeadHook,Commit,0.020700,-0.244186,1.481938,0.275969,2.250632
Curve,LeadHook,Commit,0.021150,-0.245150,1.481617,0.275808,2.285136
Curve,LeadHook,Commit,0.021600,-0.246127,1.481291,0.275645,2.319062
Curve,LeadHook,Commit,0.022050,-0.247119,1.480960,0.275480,2.352438
Curve,LeadHook,Commit,0.022500,-0.248125,1.480625,0.275313,2.385050
Curve,LeadHook,Commit,0.022950,-0.249144,1.480285,0.275143,2.417092
Curve,LeadHook,Commit,0.023400,-0.250177,1.479941,0.274971,2.448452
Curve,LeadHook,Commit,0.023850,-0.251222,1.479593,0.274796,2.479171
Curve,LeadHook,Commit,0.024300,-0.252280,1.479240,0.274620,2.509300
Curve,LeadHook,Commit,0.024750,-0.253351,1.478883,0.274442,2.538684
Curve,LeadHook,Commit,0.025200,-0.254433,1.478522,0.274261,2.567531
Curve,LeadHook,Commit,0.025650,-0.255528,1.478157,0.274079,2.595788
Curve,LeadHook,Commit,0.026100,-0.256634,1.477789,0.273894,2.623248
Curve,LeadHook,Commit,0.026550,-0.257751,1.477416,0.273708,2.650130
Curve,LeadHook,Commit,0.027000,-0.258880,1.477040,0.273520,2.676349
Curve,LeadHook,Commit,0.027450,-0.260019,1.476660,0.273330,2.702051
Curve,LeadHook,Commit,0.027900,-0.261169,1.476277,0.273139,2.726978
Curve,LeadHook,Commit,0.028350,-0.262329,1.475890,0.272945,2.751253
Curve,LeadHook,Commit,0.028800,-0.263500,1.475500,0.272750,2.775063
Curve,LeadHook,Commit,0.029250,-0.264679,1.475107,0.272553,2.798024
Curve,LeadHook,Commit,0.029700,-0.265869,1.474710,0.272355,2.820541
Curve,LeadHook,Commit,0.030150,-0.267067,1.474311,0.272156,2.842199
Curve,LeadHook,Commit,0.030600,-0.268275,1.473909,0.271954,2.863330
Curve,LeadHook,Commit,0.031050,-0.269491,1.473503,0.271752,2.883954
Curve,LeadHook,Commit,0.031500,-0.270715,1.473095,0.271548,2.903647
Curve,LeadHook,Commit,0.031950,-0.271948,1.472684,0.271342,2.922967
Curve,LeadHook,Commit,0.032400,-0.273188,1.472271,0.271135,2.941491
Curve,LeadHook,Commit,0.032850,-0.274436,1.471855,0.270927,2.959364
Curve,LeadHook,Commit,0.033300,-0.275691,1.471436,0.270718,2.976720
Curve,LeadHook,Commit,0.033750,-0.276953,1.471016,0.270508,2.993351
Curve,LeadHook,Commit,0.034200,-0.278222,1.470593,0.270296,3.009414
Curve,LeadHook,Commit,0.034650,-0.279498,1.470168,0.270084,3.024670
Curve,LeadHook,Commit,0.035100,-0.280779,1.469740,0.269870,3.039491
Curve,LeadHook,Commit,0.035550,-0.282067,1.469311,0.269656,3.053496
Curve,LeadHook,Commit,0.036000,-0.283360,1.468880,0.269440,3.067014
Curve,LeadHook,Commit,0.036450,-0.284659,1.468447,0.269224,3.079870
Curve,LeadHook,Commit,0.036900,-0.285962,1.468013,0.269006,3.091868
Curve,LeadHook,Commit,0.037350,-0.287271,1.467576,0.268788,3.103473
Curve,LeadHook,Commit,0.037800,-0.288584,1.467139,0.268569,3.114374
Curve,LeadHook,Commit,0.038250,-0.289902,1.466699,0.268350,3.124707
Curve,LeadHook,Commit,0.038700,-0.291224,1.466259,0.268129,3.134202
Curve,LeadHook,Commit,0.039150,-0.292549,1.465817,0.267909,3.143149
Curve,LeadHook,Commit,0.039600,-0.293878,1.465374,0.267687,3.151495
Curve,LeadHook,Commit,0.040050,-0.295210,1.464930,0.267465,3.159201
Curve,LeadHook,Commit,0.040500,-0.296545,1.464485,0.267243,3.166245
Curve,LeadHook,Commit,0.040950,-0.297883,1.464039,0.267020,3.172698
Curve,LeadHook,Commit,0.041400,-0.299223,1.463592,0.266796,3.178304
Curve,LeadHook,Commit,0.041850,-0.300566,1.463145,0.266572,3.183610
Curve,LeadHook,Commit,0.042300,-0.301910,1.462697,0.266348,3.187965
Curve,LeadHook,Commit,0.042750,-0.303256,1.462248,0.266124,3.191812
Curve,LeadHook,Commit,0.043200,-0.304603,1.461799,0.265900,3.195163
Curve,LeadHook,Commit,0.043650,-0.305951,1.461350,0.265675,3.197553
Curve,LeadHook,Commit,0.044100,-0.307300,1.460900,0.265450,3.199508
Curve,LeadHook,Commit,0.044550,-0.308650,1.460450,0.265225,3.200821
Curve,LeadHook,Commit,0.045000,-0.310000,1.460000,0.265000,3.201483
Curve,LeadHook,Commit,0.045450,-0.311350,1.459550,0.264775,3.201473
Curve,LeadHook,Commit,0.045900,-0.312700,1.459100,0.264550,3.200821
Curve,LeadHook,Commit,0.046350,-0.314049,1.458650,0.264325,3.199508
Curve,LeadHook,Commit,0.046800,-0.315397,1.458201,0.264101,3.197553
Curve,LeadHook,Commit,0.047250,-0.316744,1.457752,0.263876,3.195163
Curve,LeadHook,Commit,0.047700,-0.318090,1.457303,0.263652,3.191750
Curve,LeadHook,Commit,0.048150,-0.319435,1.456855,0.263428,3.188089
Curve,LeadHook,Commit,0.048600,-0.320777,1.456408,0.263204,3.183548
Curve,LeadHook,Commit,0.049050,-0.322117,1.455961,0.262981,3.178367
Curve,LeadHook,Commit,0.049500,-0.323455,1.455515,0.262758,3.172636
Curve,LeadHook,Commit,0.049950,-0.324790,1.455070,0.262535,3.166245
Curve,LeadHook,Commit,0.050400,-0.326122,1.454626,0.262313,3.159201
Curve,LeadHook,Commit,0.050850,-0.327451,1.454183,0.262092,3.151495
Curve,LeadHook,Commit,0.051300,-0.328777,1.453741,0.261871,3.143149
Curve,LeadHook,Commit,0.051750,-0.330098,1.453301,0.261650,3.134202
Curve,LeadHook,Commit,0.052200,-0.331416,1.452861,0.261431,3.124707
Curve,LeadHook,Commit,0.052650,-0.332729,1.452424,0.261212,3.114374
Curve,LeadHook,Commit,0.053100,-0.334038,1.451988,0.260994,3.103411
Curve,LeadHook,Commit,0.053550,-0.335341,1.451553,0.260776,3.091992
Curve,LeadHook,Commit,0.054000,-0.336640,1.451120,0.260560,3.079808
Curve,LeadHook,Commit,0.054450,-0.337933,1.450689,0.260344,3.067014
Curve,LeadHook,Commit,0.054900,-0.339221,1.450260,0.260130,3.053496
Curve,LeadHook,Commit,0.055350,-0.340503,1.449833,0.259916,3.039491
Curve,LeadHook,Commit,0.055800,-0.341778,1.449407,0.259704,3.024670
Curve,LeadHook,Commit,0.056250,-0.343047,1.448984,0.259492,3.009414
Curve,LeadHook,Commit,0.056700,-0.344309,1.448564,0.259282,2.993351
Curve,LeadHook,Commit,0.057150,-0.345564,1.448145,0.259073,2.976720
Curve,LeadHook,Commit,0.057600,-0.346812,1.447729,0.258865,2.959364
Curve,LeadHook,Commit,0.058050,-0.348053,1.447316,0.258658,2.941481
Curve,LeadHook,Commit,0.058500,-0.349285,1.446905,0.258453,2.922977
Curve,LeadHook,Commit,0.058950,-0.350509,1.446497,0.258248,2.903647
Curve,LeadHook,Commit,0.059400,-0.351726,1.446092,0.258046,2.883954
Curve,LeadHook,Commit,0.059850,-0.352933,1.445689,0.257845,2.863330
Curve,LeadHook,Commit,0.060300,-0.354131,1.445290,0.257645,2.842261
Curve,LeadHook,Commit,0.060750,-0.355321,1.444893,0.257447,2.820479
Curve,LeadHook,Commit,0.061200,-0.356501,1.444500,0.257250,2.798024
Curve,LeadHook,Commit,0.061650,-0.357671,1.444110,0.257055,2.775001
Curve,LeadHook,Commit,0.062100,-0.358831,1.443723,0.256862,2.751377
Curve,LeadHook,Commit,0.062550,-0.359981,1.443340,0.256670,2.726916
Curve,LeadHook,Commit,0.063000,-0.361120,1.442960,0.256480,2.702051
Curve,LeadHook,Commit,0.063450,-0.362249,1.442584,0.256292,2.676349
Curve,LeadHook,Commit,0.063900,-0.363366,1.442211,0.256106,2.650130
Curve,LeadHook,Commit,0.064350,-0.364472,1.441843,0.255921,2.623248
Curve,LeadHook,Commit,0.064800,-0.365567,1.441478,0.255739,2.595788
Curve,LeadHook,Commit,0.065250,-0.366649,1.441117,0.255558,2.567531
Curve,LeadHook,Commit,0.065700,-0.367720,1.440760,0.255380,2.538684
Curve,LeadHook,Commit,0.066150,-0.368778,1.440407,0.255204,2.509351
Curve,LeadHook,Commit,0.066600,-0.369823,1.440059,0.255029,2.479129
Curve,LeadHook,Commit,0.067050,-0.370856,1.439715,0.254857,2.448473
Curve,LeadHook,Commit,0.067500,-0.371875,1.439375,0.254688,2.417092
Curve,LeadHook,Commit,0.067950,-0.372881,1.439040,0.254520,2.384988
Curve,LeadHook,Commit,0.068400,-0.373873,1.438709,0.254355,2.352438
Curve,LeadHook,Commit,0.068850,-0.374851,1.438383,0.254192,2.319093
Curve,LeadHook,Commit,0.069300,-0.375814,1.438062,0.254031,2.285105
Curve,LeadHook,Commit,0.069750,-0.376763,1.437746,0.253873,2.250663
Curve,LeadHook,Commit,0.070200,-0.377697,1.437434,0.253717,2.215363
Curve,LeadHook,Commit,0.070650,-0.378616,1.437128,0.253564,2.179555
Curve,LeadHook,Commit,0.071100,-0.379520,1.436827,0.253413,2.143013
Curve,LeadHook,Commit,0.071550,-0.380408,1.436531,0.253265,2.105893
Curve,LeadHook,Commit,0.072000,-0.381280,1.436240,0.253120,2.068048
Curve,LeadHook,Commit,0.072450,-0.382136,1.435955,0.252977,2.029685
Curve,LeadHook,Commit,0.072900,-0.382975,1.435675,0.252837,1.990620
Curve,LeadHook,Commit,0.073350,-0.383798,1.435401,0.252700,1.950955
Curve,LeadHook,Commit,0.073800,-0.384604,1.435132,0.252566,1.910555
Curve,LeadHook,Commit,0.074250,-0.385392,1.434869,0.252435,1.869659
Curve,LeadHook,Commit,0.074700,-0.386163,1.434613,0.252306,1.827904
Curve,LeadHook,Commit,0.075150,-0.386916,1.434361,0.252181,1.785767
Curve,LeadHook,Commit,0.075600,-0.387651,1.434117,0.252058,1.742751
Curve,LeadHook,Commit,0.076050,-0.388367,1.433878,0.251939,1.699383
Curve,LeadHook,Commit,0.076500,-0.389065,1.433645,0.251823,1.655094
Curve,LeadHook,Commit,0.076950,-0.389744,1.433419,0.251709,1.610247
Curve,LeadHook,Commit,0.077400,-0.390404,1.433199,0.251599,1.564789
Curve,LeadHook,Commit,0.077850,-0.391044,1.432985,0.251493,1.518742
Curve,LeadHook,Commit,0.078300,-0.391665,1.432778,0.251389,1.471940
Curve,LeadHook,Commit,0.078750,-0.392266,1.432578,0.251289,1.424590
Curve,LeadHook,Commit,0.079200,-0.392846,1.432385,0.251192,1.376568
Curve,LeadHook,Commit,0.079650,-0.393406,1.432198,0.251099,1.327976
Curve,LeadHook,Commit,0.080100,-0.393945,1.432018,0.251009,1.278506
Curve,LeadHook,Commit,0.080550,-0.394463,1.431846,0.250923,1.228673
Curve,LeadHook,Commit,0.081000,-0.394960,1.431680,0.250840,1.178107
Curve,LeadHook,Commit,0.081450,-0.395435,1.431522,0.250761,1.126837
Curve,LeadHook,Commit,0.081900,-0.395888,1.431371,0.250685,1.074956
Curve,LeadHook,Commit,0.082350,-0.396320,1.431227,0.250613,1.022528
Curve,LeadHook,Commit,0.082800,-0.396728,1.431091,0.250545,0.969334
Curve,LeadHook,Commit,0.083250,-0.397114,1.430962,0.250481,0.915447
Curve,LeadHook,Commit,0.083700,-0.397478,1.430841,0.250420,0.861188
Curve,LeadHook,Commit,0.084150,-0.397817,1.430728,0.250364,0.806039
Curve,LeadHook,Commit,0.084600,-0.398134,1.430622,0.250311,0.750332
Curve,LeadHook,Commit,0.085050,-0.398426,1.430525,0.250262,0.693962
Curve,LeadHook,Commit,0.085500,-0.398695,1.430435,0.250218,0.637003
Curve,LeadHook,Commit,0.085950,-0.398939,1.430354,0.250177,0.579393
Curve,LeadHook,Commit,0.086400,-0.399159,1.430280,0.250140,0.521152
Curve,LeadHook,Commit,0.086850,-0.399354,1.430215,0.250108,0.462145
Curve,LeadHook,Commit,0.087300,-0.399524,1.430159,0.250079,0.402663
Curve,LeadHook,Commit,0.087750,-0.399668,1.430111,0.250055,0.342456
Curve,LeadHook,Commit,0.088200,-0.399787,1.430071,0.250036,0.281639
Curve,LeadHook,Commit,0.088650,-0.399880,1.430040,0.250020,0.220192
Curve,LeadHook,Commit,0.089100,-0.399946,1.430018,0.250009,0.158010
Curve,LeadHook,Commit,0.089550,-0.399987,1.430005,0.250002,0.095311
Curve,LeadHook,Commit,0.090000,-0.400000,1.430000,0.250000,0.031908
Curve,LeadHook,Extend,0.000700,-0.400000,1.430002,0.250036,0.050906
Curve,LeadHook,Extend,0.001400,-0.400001,1.430009,0.250142,0.152144
Curve,LeadHook,Extend,0.002100,-0.400001,1.430021,0.250318,0.252469
Curve,LeadHook,Extend,0.002800,-0.400003,1.430037,0.250564,0.351966
Curve,LeadHook,Extend,0.003500,-0.400004,1.430058,0.250879,0.450527
Curve,LeadHook,Extend,0.004200,-0.400006,1.430083,0.251262,0.548270
Curve,LeadHook,Extend,0.004900,-0.400008,1.430113,0.251712,0.645100
Curve,LeadHook,Extend,0.005600,-0.400010,1.430147,0.252230,0.741005
Curve,LeadHook,Extend,0.006300,-0.400012,1.430185,0.252814,0.836060
Curve,LeadHook,Extend,0.007000,-0.400015,1.430228,0.253464,0.930246
Curve,LeadHook,Extend,0.007700,-0.400018,1.430275,0.254178,1.023505
Curve,LeadHook,Extend,0.008400,-0.400021,1.430327,0.254958,1.115841
Curve,LeadHook,Extend,0.009100,-0.400025,1.430382,0.255801,1.207273
Curve,LeadHook,Extend,0.009800,-0.400028,1.430442,0.256708,1.297856
Curve,LeadHook,Extend,0.010500,-0.400032,1.430506,0.257677,1.387461
Curve,LeadHook,Extend,0.011200,-0.400036,1.430574,0.258708,1.476132
Curve,LeadHook,Extend,0.011900,-0.400039,1.430646,0.259800,1.563845
Curve,LeadHook,Extend,0.012600,-0.400043,1.430722,0.260953,1.650720
Curve,LeadHook,Extend,0.013300,-0.400047,1.430802,0.262166,1.736478
Curve,LeadHook,Extend,0.014000,-0.400050,1.430886,0.263438,1.821302
Curve,LeadHook,Extend,0.014700,-0.400053,1.430974,0.264769,1.905148
Curve,LeadHook,Extend,0.015400,-0.400055,1.431066,0.266157,1.988006
Curve,LeadHook,Extend,0.016100,-0.400057,1.431161,0.267603,2.069802
Curve,LeadHook,Extend,0.016800,-0.400058,1.431260,0.269105,2.150537
Curve,LeadHook,Extend,0.017500,-0.400058,1.431363,0.270663,2.230241
Curve,LeadHook,Extend,0.018200,-0.400057,1.431470,0.272276,2.308757
Curve,LeadHook,Extend,0.018900,-0.400054,1.431580,0.273942,2.386328
Curve,LeadHook,Extend,0.019600,-0.400050,1.431694,0.275662,2.462596
Curve,LeadHook,Extend,0.020300,-0.400044,1.431812,0.277435,2.537795
Curve,LeadHook,Extend,0.021000,-0.400035,1.431933,0.279259,2.611797
Curve,LeadHook,Extend,0.021700,-0.400024,1.432057,0.281134,2.684583
Curve,LeadHook,Extend,0.022400,-0.400010,1.432185,0.283059,2.756123
Curve,LeadHook,Extend,0.023100,-0.399993,1.432317,0.285033,2.826408
Curve,LeadHook,Extend,0.023800,-0.399973,1.432451,0.287055,2.895377
Curve,LeadHook,Extend,0.024500,-0.399948,1.432589,0.289125,2.963086
Curve,LeadHook,Extend,0.025200,-0.399919,1.432731,0.291241,3.029368
Curve,LeadHook,Extend,0.025900,-0.399885,1.432875,0.293401,3.094332
Curve,LeadHook,Extend,0.026600,-0.399845,1.433023,0.295607,3.157857
Curve,LeadHook,Extend,0.027300,-0.399799,1.433174,0.297855,3.219989
Curve,LeadHook,Extend,0.028000,-0.399746,1.433328,0.300146,3.280627
Curve,LeadHook,Extend,0.028700,-0.399687,1.433485,0.302478,3.339740
Curve,LeadHook,Extend,0.029400,-0.399619,1.433645,0.304849,3.397326
Curve,LeadHook,Extend,0.030100,-0.399542,1.433809,0.307260,3.453437
Curve,LeadHook,Extend,0.030800,-0.399457,1.433975,0.309708,3.507903
Curve,LeadHook,Extend,0.031500,-0.399361,1.434144,0.312193,3.560805
Curve,LeadHook,Extend,0.032200,-0.399254,1.434316,0.314714,3.612097
Curve,LeadHook,Extend,0.032900,-0.399136,1.434490,0.317268,3.661650
Curve,LeadHook,Extend,0.033600,-0.399005,1.434668,0.319856,3.709624
Curve,LeadHook,Extend,0.034300,-0.398860,1.434848,0.322474,3.755917
Curve,LeadHook,Extend,0.035000,-0.398701,1.435031,0.325124,3.800390
Curve,LeadHook,Extend,0.035700,-0.398527,1.435217,0.327802,3.843231
Curve,LeadHook,Extend,0.036400,-0.398337,1.435405,0.330508,3.884339
Curve,LeadHook,Extend,0.037100,-0.398129,1.435596,0.333240,3.923644
Curve,LeadHook,Extend,0.037800,-0.397903,1.435790,0.335997,3.961224
Curve,LeadHook,Extend,0.038500,-0.397657,1.435986,0.338777,3.997093
Curve,LeadHook,Extend,0.039200,-0.397391,1.436184,0.341579,4.031152
Curve,LeadHook,Extend,0.039900,-0.397103,1.436385,0.344402,4.063467
Curve,LeadHook,Extend,0.040600,-0.396792,1.436588,0.347243,4.094003
Curve,LeadHook,Extend,0.041300,-0.396457,1.436794,0.350102,4.122845
Curve,LeadHook,Extend,0.042000,-0.396096,1.437002,0.352977,4.150036
Curve,LeadHook,Extend,0.042700,-0.395709,1.437212,0.355867,4.175431
Curve,LeadHook,Extend,0.043400,-0.395294,1.437425,0.358769,4.199125
Curve,LeadHook,Extend,0.044100,-0.394850,1.437639,0.361682,4.221246
Curve,LeadHook,Extend,0.044800,-0.394375,1.437856,0.364606,4.241847
Curve,LeadHook,Extend,0.045500,-0.393869,1.438075,0.367537,4.260763
Curve,LeadHook,Extend,0.046200,-0.393329,1.438296,0.370474,4.278208
Curve,LeadHook,Extend,0.046900,-0.392755,1.438519,0.373416,4.294169
Curve,LeadHook,Extend,0.047600,-0.392145,1.438744,0.376361,4.308784
Curve,LeadHook,Extend,0.048300,-0.391497,1.438971,0.379308,4.322083
Curve,LeadHook,Extend,0.049000,-0.390811,1.439200,0.382254,4.334132
Curve,LeadHook,Extend,0.049700,-0.390084,1.439430,0.385199,4.344989
Curve,LeadHook,Extend,0.050400,-0.389316,1.439663,0.388139,4.354806
Curve,LeadHook,Extend,0.051100,-0.388505,1.439897,0.391075,4.363654
Curve,LeadHook,Extend,0.051800,-0.387649,1.440133,0.394004,4.371545
Curve,LeadHook,Extend,0.052500,-0.386747,1.440371,0.396923,4.378726
Curve,LeadHook,Extend,0.053200,-0.385799,1.440611,0.399833,4.385307
Curve,LeadHook,Extend,0.053900,-0.384801,1.440852,0.402730,4.391224
Curve,LeadHook,Extend,0.054600,-0.383753,1.441094,0.405614,4.396977
Curve,LeadHook,Extend,0.055300,-0.382654,1.441338,0.408483,4.402267
Curve,LeadHook,Extend,0.056000,-0.381502,1.441584,0.411334,4.407556
Curve,LeadHook,Extend,0.056700,-0.380295,1.441831,0.414167,4.412840
Curve,LeadHook,Extend,0.057400,-0.379033,1.442080,0.416980,4.418255
Curve,LeadHook,Extend,0.058100,-0.377714,1.442330,0.419770,4.424112
Curve,LeadHook,Extend,0.058800,-0.376336,1.442581,0.422538,4.430505
Curve,LeadHook,Extend,0.059500,-0.374899,1.442833,0.425280,4.437354
Curve,LeadHook,Extend,0.060200,-0.373402,1.443087,0.427995,4.445258
Curve,LeadHook,Extend,0.060900,-0.371842,1.443342,0.430683,4.454051
Curve,LeadHook,Extend,0.061600,-0.370219,1.443599,0.433341,4.463955
Curve,LeadHook,Extend,0.062300,-0.368532,1.443856,0.435968,4.475276
Curve,LeadHook,Extend,0.063000,-0.366779,1.444114,0.438562,4.488043
Curve,LeadHook,Extend,0.063700,-0.364960,1.444374,0.441123,4.502316
Curve,LeadHook,Extend,0.064400,-0.363073,1.444634,0.443648,4.518486
Curve,LeadHook,Extend,0.065100,-0.361118,1.444896,0.446136,4.536447
Curve,LeadHook,Extend,0.065800,-0.359093,1.445158,0.448587,4.556540
Curve,LeadHook,Extend,0.066500,-0.356998,1.445422,0.450998,4.578773
Curve,LeadHook,Extend,0.067200,-0.354832,1.445686,0.453369,4.603249
Curve,LeadHook,Extend,0.067900,-0.352594,1.445951,0.455698,4.630085
Curve,LeadHook,Extend,0.068600,-0.350283,1.446216,0.457984,4.659278
Curve,LeadHook,Extend,0.069300,-0.347899,1.446483,0.460227,4.691108
Curve,LeadHook,Extend,0.070000,-0.345441,1.446750,0.462424,4.725498
Curve,LeadHook,Extend,0.070700,-0.342909,1.447018,0.464576,4.762291
Curve,LeadHook,Extend,0.071400,-0.340302,1.447286,0.466681,4.801963
Curve,LeadHook,Extend,0.072100,-0.337619,1.447555,0.468737,4.844077
Curve,LeadHook,Extend,0.072800,-0.334861,1.447825,0.470745,4.888824
Curve,LeadHook,Extend,0.073500,-0.332027,1.448095,0.472704,4.936261
Curve,LeadHook,Extend,0.074200,-0.329118,1.448365,0.474612,4.986067
Curve,LeadHook,Extend,0.074900,-0.326132,1.448636,0.476470,5.038561
Curve,LeadHook,Extend,0.075600,-0.323069,1.448907,0.478276,5.093220
Curve,LeadHook,Extend,0.076300,-0.319931,1.449179,0.480029,5.150356
Curve,LeadHook,Extend,0.077000,-0.316717,1.449451,0.481730,5.209673
Curve,LeadHook,Extend,0.077700,-0.313427,1.449723,0.483378,5.271082
Curve,LeadHook,Extend,0.078400,-0.310061,1.449995,0.484972,5.334521
Curve,LeadHook,Extend,0.079100,-0.306620,1.450268,0.486512,5.399765
Curve,LeadHook,Extend,0.079800,-0.303104,1.450540,0.487998,5.466703
Curve,LeadHook,Extend,0.080500,-0.299514,1.450813,0.489429,5.535364
Curve,LeadHook,Extend,0.081200,-0.295849,1.451086,0.490806,5.605174
Curve,LeadHook,Extend,0.081900,-0.292112,1.451358,0.492128,5.676366
Curve,LeadHook,Extend,0.082600,-0.288303,1.451631,0.493395,5.748677
Curve,LeadHook,Extend,0.083300,-0.284421,1.451904,0.494607,5.821907
Curve,LeadHook,Extend,0.084000,-0.280469,1.452176,0.495764,5.895675
Curve,LeadHook,Extend,0.084700,-0.276447,1.452448,0.496866,5.970212
Curve,LeadHook,Extend,0.085400,-0.272357,1.452721,0.497914,6.044981
Curve,LeadHook,Extend,0.086100,-0.268198,1.452992,0.498907,6.120020
Curve,LeadHook,Extend,0.086800,-0.263973,1.453264,0.499846,6.195061
Curve,LeadHook,Extend,0.087500,-0.259683,1.453535,0.500731,6.269954
Curve,LeadHook,Extend,0.088200,-0.255329,1.453806,0.501563,6.344613
Curve,LeadHook,Extend,0.088900,-0.250912,1.454077,0.502342,6.418641
Curve,LeadHook,Extend,0.089600,-0.246434,1.454347,0.503068,6.492076
Curve,LeadHook,Extend,0.090300,-0.241897,1.454616,0.503742,6.564625
Curve,LeadHook,Extend,0.091000,-0.237301,1.454885,0.504365,6.636213
Curve,LeadHook,Extend,0.091700,-0.232649,1.455154,0.504937,6.706627
Curve,LeadHook,Extend,0.092400,-0.227942,1.455422,0.505459,6.775835
Curve,LeadHook,Extend,0.093100,-0.223183,1.455689,0.505931,6.843386
Curve,LeadHook,Extend,0.093800,-0.218372,1.455955,0.506355,6.909374
Curve,LeadHook,Extend,0.094500,-0.213512,1.456221,0.506730,6.973768
Curve,LeadHook,Extend,0.095200,-0.208605,1.456486,0.507059,7.036046
Curve,LeadHook,Extend,0.095900,-0.203653,1.456751,0.507341,7.096393
Curve,LeadHook,Extend,0.096600,-0.198657,1.457014,0.507578,7.154680
Curve,LeadHook,Extend,0.097300,-0.193620,1.457276,0.507771,7.210498
Curve,LeadHook,Extend,0.098000,-0.188544,1.457538,0.507920,7.264088
Curve,LeadHook,Extend,0.098700,-0.183432,1.457799,0.508028,7.315139
Curve,LeadHook,Extend,0.099400,-0.178284,1.458058,0.508093,7.363564
Curve,LeadHook,Extend,0.100100,-0.173104,1.458317,0.508119,7.409326
Curve,LeadHook,Extend,0.100800,-0.167894,1.458574,0.508105,7.452345
Curve,LeadHook,Extend,0.101500,-0.162656,1.458831,0.508053,7.492318
Curve,LeadHook,Extend,0.102200,-0.157392,1.459086,0.507965,7.529398
Curve,LeadHook,Extend,0.102900,-0.152105,1.459340,0.507841,7.563445
Curve,LeadHook,Extend,0.103600,-0.146797,1.459592,0.507682,7.594334
Curve,LeadHook,Extend,0.104300,-0.141471,1.459844,0.507489,7.622191
Curve,LeadHook,Extend,0.105000,-0.136129,1.460094,0.507265,7.646711
Curve,LeadHook,Extend,0.105700,-0.130773,1.460342,0.507009,7.667934
Curve,LeadHook,Extend,0.106400,-0.125407,1.460590,0.506724,7.685858
Curve,LeadHook,Extend,0.107100,-0.120031,1.460836,0.506410,7.700437
Curve,LeadHook,Extend,0.107800,-0.114649,1.461080,0.506069,7.711581
Curve,LeadHook,Extend,0.108500,-0.109264,1.461323,0.505702,7.719165
Curve,LeadHook,Extend,0.109200,-0.103877,1.461564,0.505310,7.723551
Curve,LeadHook,Extend,0.109900,-0.098491,1.461803,0.504894,7.724317
Curve,LeadHook,Extend,0.110600,-0.093109,1.462041,0.504457,7.721553
Curve,LeadHook,Extend,0.111300,-0.087733,1.462278,0.503997,7.715269
Curve,LeadHook,Extend,0.112000,-0.082366,1.462512,0.503518,7.705425
Curve,LeadHook,Extend,0.112700,-0.077009,1.462745,0.503021,7.692191
Curve,LeadHook,Extend,0.113400,-0.071666,1.462976,0.502506,7.675324
Curve,LeadHook,Extend,0.114100,-0.066339,1.463205,0.501974,7.655097
Curve,LeadHook,Extend,0.114800,-0.061030,1.463432,0.501428,7.631201
Curve,LeadHook,Extend,0.115500,-0.055742,1.463657,0.500867,7.603920
Curve,LeadHook,Extend,0.116200,-0.050476,1.463880,0.500294,7.573184
Curve,LeadHook,Extend,0.116900,-0.045236,1.464101,0.499709,7.539023
Curve,LeadHook,Extend,0.117600,-0.040024,1.464320,0.499114,7.501352
Curve,LeadHook,Extend,0.118300,-0.034841,1.464537,0.498509,7.460424
Curve,LeadHook,Extend,0.119000,-0.029691,1.464752,0.497896,7.416025
Curve,LeadHook,Extend,0.119700,-0.024575,1.464965,0.497276,7.368428
Curve,LeadHook,Extend,0.120400,-0.019495,1.465175,0.496649,7.317475
Curve,LeadHook,Extend,0.121100,-0.014455,1.465384,0.496017,7.263343
Curve,LeadHook,Extend,0.121800,-0.009455,1.465590,0.495382,7.205961
Curve,LeadHook,Extend,0.122500,-0.004498,1.465793,0.494742,7.145529
Curve,LeadHook,Extend,0.123200,0.000413,1.465994,0.494101,7.081890
Curve,LeadHook,Extend,0.123900,0.005278,1.466193,0.493458,7.015324
Curve,LeadHook,Extend,0.124600,0.010093,1.466389,0.492815,6.945780
Curve,LeadHook,Extend,0.125300,0.014857,1.466583,0.492172,6.873075
Curve,LeadHook,Extend,0.126000,0.019568,1.466774,0.491531,6.797829
Curve,LeadHook,Extend,0.126700,0.024224,1.466963,0.490891,6.719403
Curve,LeadHook,Extend,0.127400,0.028824,1.467149,0.490254,6.638482
Curve,LeadHook,Extend,0.128100,0.033364,1.467332,0.489621,6.554699
Curve,LeadHook,Extend,0.128800,0.037845,1.467512,0.488992,6.468218
Curve,LeadHook,Extend,0.129500,0.042263,1.467690,0.488369,6.379119
Curve,LeadHook,Extend,0.130200,0.046617,1.467865,0.487750,6.287733
Curve,LeadHook,Extend,0.130900,0.050905,1.468038,0.487139,6.193517
Curve,LeadHook,Extend,0.131600,0.055127,1.468207,0.486534,6.097113
Curve,LeadHook,Extend,0.132300,0.059280,1.468373,0.485936,5.998196
Curve,LeadHook,Extend,0.133000,0.063362,1.468537,0.485347,5.897055
Curve,LeadHook,Extend,0.133700,0.067372,1.468697,0.484766,5.793537
Curve,LeadHook,Extend,0.134400,0.071310,1.468855,0.484194,5.687986
Curve,LeadHook,Extend,0.135100,0.075172,1.469009,0.483632,5.580214
Curve,LeadHook,Extend,0.135800,0.078958,1.469160,0.483080,5.470342
Curve,LeadHook,Extend,0.136500,0.082667,1.469308,0.482539,5.358429
Curve,LeadHook,Extend,0.137200,0.086297,1.469453,0.482008,5.244368
Curve,LeadHook,Extend,0.137900,0.089846,1.469595,0.481488,5.128689
Curve,LeadHook,Extend,0.138600,0.093314,1.469733,0.480980,5.010852
Curve,LeadHook,Extend,0.139300,0.096699,1.469868,0.480484,4.891284
Curve,LeadHook,Extend,0.140000,0.100000,1.470000,0.480000,4.769825
Curve,LeadHook,Recover,0.001400,0.095224,1.470299,0.477015,4.028566
Curve,LeadHook,Recover,0.002800,0.090496,1.470594,0.474060,3.988315
Curve,LeadHook,Recover,0.004200,0.085815,1.470887,0.471134,3.948248
Curve,LeadHook,Recover,0.005600,0.081181,1.471176,0.468238,3.908351
Curve,LeadHook,Recover,0.007000,0.076595,1.471463,0.465372,3.868670
Curve,LeadHook,Recover,0.008400,0.072055,1.471747,0.462535,3.829192
Curve,LeadHook,Recover,0.009800,0.067562,1.472027,0.459727,3.789908
Curve,LeadHook,Recover,0.011200,0.063116,1.472305,0.456947,3.750841
Curve,LeadHook,Recover,0.012600,0.058715,1.472580,0.454197,3.712012
Curve,LeadHook,Recover,0.014000,0.054360,1.472852,0.451475,3.673305
Curve,LeadHook,Recover,0.015400,0.050051,1.473122,0.448782,3.634850
Curve,LeadHook,Recover,0.016800,0.045787,1.473388,0.446117,3.596587
Curve,LeadHook,Recover,0.018200,0.041568,1.473652,0.443480,3.558533
Curve,LeadHook,Recover,0.019600,0.037394,1.473913,0.440871,3.520694
Curve,LeadHook,Recover,0.021000,0.033265,1.474171,0.438291,3.483001
Curve,LeadHook,Recover,0.022400,0.029180,1.474426,0.435738,3.445583
Curve,LeadHook,Recover,0.023800,0.025139,1.474679,0.433212,3.408322
Curve,LeadHook,Recover,0.025200,0.021143,1.474929,0.430714,3.371276
Curve,LeadHook,Recover,0.026600,0.017190,1.475176,0.428244,3.334439
Curve,LeadHook,Recover,0.028000,0.013280,1.475420,0.425800,3.297775
Curve,LeadHook,Recover,0.029400,0.009414,1.475662,0.423384,3.261344
Curve,LeadHook,Recover,0.030800,0.005590,1.475901,0.420994,3.225118
Curve,LeadHook,Recover,0.032200,0.001809,1.476137,0.418631,3.189092
Curve,LeadHook,Recover,0.033600,-0.001929,1.476371,0.416294,3.153233
Curve,LeadHook,Recover,0.035000,-0.005625,1.476602,0.413984,3.117631
Curve,LeadHook,Recover,0.036400,-0.009279,1.476830,0.411701,3.082178
Curve,LeadHook,Recover,0.037800,-0.012891,1.477056,0.409443,3.046966
Curve,LeadHook,Recover,0.039200,-0.016462,1.477279,0.407211,3.011954
Curve,LeadHook,Recover,0.040600,-0.019992,1.477499,0.405005,2.977102
Curve,LeadHook,Recover,0.042000,-0.023480,1.477718,0.402825,2.942514
Curve,LeadHook,Recover,0.043400,-0.026928,1.477933,0.400670,2.908097
Curve,LeadHook,Recover,0.044800,-0.030335,1.478146,0.398541,2.873870
Curve,LeadHook,Recover,0.046200,-0.033701,1.478356,0.396437,2.839872
Curve,LeadHook,Recover,0.047600,-0.037028,1.478564,0.394357,2.806068
Curve,LeadHook,Recover,0.049000,-0.040315,1.478770,0.392303,2.772454
Curve,LeadHook,Recover,0.050400,-0.043562,1.478973,0.390274,2.739044
Curve,LeadHook,Recover,0.051800,-0.046770,1.479173,0.388269,2.705860
Curve,LeadHook,Recover,0.053200,-0.049939,1.479371,0.386288,2.672858
Curve,LeadHook,Recover,0.054600,-0.053069,1.479567,0.384332,2.640050
Curve,LeadHook,Recover,0.056000,-0.056160,1.479760,0.382400,2.607472
Curve,LeadHook,Recover,0.057400,-0.059213,1.479951,0.380492,2.575072
Curve,LeadHook,Recover,0.058800,-0.062228,1.480139,0.378608,2.542888
Curve,LeadHook,Recover,0.060200,-0.065204,1.480325,0.376747,2.510905
Curve,LeadHook,Recover,0.061600,-0.068143,1.480509,0.374910,2.479131
Curve,LeadHook,Recover,0.063000,-0.071045,1.480690,0.373097,2.447535
Curve,LeadHook,Recover,0.064400,-0.073909,1.480869,0.371307,2.416154
Curve,LeadHook,Recover,0.065800,-0.076737,1.481046,0.369539,2.384997
Curve,LeadHook,Recover,0.067200,-0.079528,1.481220,0.367795,2.353999
Curve,LeadHook,Recover,0.068600,-0.082282,1.481393,0.366074,2.323248
Curve,LeadHook,Recover,0.070000,-0.085000,1.481562,0.364375,2.292673
Curve,LeadHook,Recover,0.071400,-0.087682,1.481730,0.362699,2.262294
Curve,LeadHook,Recover,0.072800,-0.090328,1.481896,0.361045,2.232143
Curve,LeadHook,Recover,0.074200,-0.092939,1.482059,0.359413,2.202183
Curve,LeadHook,Recover,0.075600,-0.095515,1.482220,0.357803,2.172428
Curve,LeadHook,Recover,0.077000,-0.098055,1.482378,0.356216,2.142867
Curve,LeadHook,Recover,0.078400,-0.100561,1.482535,0.354650,2.113502
Curve,LeadHook,Recover,0.079800,-0.103032,1.482689,0.353105,2.084347
Curve,LeadHook,Recover,0.081200,-0.105469,1.482842,0.351582,2.055435
Curve,LeadHook,Recover,0.082600,-0.107871,1.482992,0.350081,2.026654
Curve,LeadHook,Recover,0.084000,-0.110240,1.483140,0.348600,1.998118
Curve,LeadHook,Recover,0.085400,-0.112575,1.483286,0.347141,1.969794
Curve,LeadHook,Recover,0.086800,-0.114877,1.483430,0.345702,1.941650
Curve,LeadHook,Recover,0.088200,-0.117146,1.483572,0.344284,1.913685
Curve,LeadHook,Recover,0.089600,-0.119382,1.483711,0.342886,1.885976
Curve,LeadHook,Recover,0.091000,-0.121585,1.483849,0.341509,1.858425
Curve,LeadHook,Recover,0.092400,-0.123756,1.483985,0.340153,1.831122
Curve,LeadHook,Recover,0.093800,-0.125895,1.484118,0.338816,1.803994
Curve,LeadHook,Recover,0.095200,-0.128001,1.484250,0.337499,1.777043
Curve,LeadHook,Recover,0.096600,-0.130076,1.484380,0.336202,1.750328
Curve,LeadHook,Recover,0.098000,-0.132120,1.484508,0.334925,1.723820
Curve,LeadHook,Recover,0.099400,-0.134133,1.484633,0.333667,1.697510
Curve,LeadHook,Recover,0.100800,-0.136114,1.484757,0.332429,1.671379
Curve,LeadHook,Recover,0.102200,-0.138065,1.484879,0.331210,1.645468
Curve,LeadHook,Recover,0.103600,-0.139985,1.484999,0.330009,1.619751
Curve,LeadHook,Recover,0.105000,-0.141875,1.485117,0.328828,1.594237
Curve,LeadHook,Recover,0.106400,-0.143735,1.485233,0.327666,1.568967
Curve,LeadHook,Recover,0.107800,-0.145565,1.485348,0.326522,1.543840
Curve,LeadHook,Recover,0.109200,-0.147366,1.485460,0.325396,1.518917
Curve,LeadHook,Recover,0.110600,-0.149138,1.485571,0.324289,1.494281
Curve,LeadHook,Recover,0.112000,-0.150880,1.485680,0.323200,1.469743
Curve,LeadHook,Recover,0.113400,-0.152594,1.485787,0.322129,1.445450
Curve,LeadHook,Recover,0.114800,-0.154279,1.485892,0.321076,1.421371
Curve,LeadHook,Recover,0.116200,-0.155936,1.485996,0.320040,1.397491
Curve,LeadHook,Recover,0.117600,-0.157564,1.486098,0.319022,1.373798
Curve,LeadHook,Recover,0.119000,-0.159165,1.486198,0.318022,1.350314
Curve,LeadHook,Recover,0.120400,-0.160738,1.486296,0.317039,1.327026
Curve,LeadHook,Recover,0.121800,-0.162284,1.486393,0.316072,1.303943
Curve,LeadHook,Recover,0.123200,-0.163803,1.486488,0.315123,1.281081
Curve,LeadHook,Recover,0.124600,-0.165295,1.486581,0.314191,1.258418
Curve,LeadHook,Recover,0.126000,-0.166760,1.486673,0.313275,1.235914
Curve,LeadHook,Recover,0.127400,-0.168199,1.486762,0.312376,1.213676
Curve,LeadHook,Recover,0.128800,-0.169612,1.486851,0.311493,1.191587
Curve,LeadHook,Recover,0.130200,-0.170998,1.486937,0.310626,1.169762
Curve,LeadHook,Recover,0.131600,-0.172359,1.487023,0.309775,1.148040
Curve,LeadHook,Recover,0.133000,-0.173695,1.487106,0.308941,1.126636
Curve,LeadHook,Recover,0.134400,-0.175005,1.487188,0.308122,1.105349
Curve,LeadHook,Recover,0.135800,-0.176291,1.487268,0.307318,1.084308
Curve,LeadHook,Recover,0.137200,-0.177552,1.487347,0.306530,1.063472
Curve,LeadHook,Recover,0.138600,-0.178788,1.487424,0.305758,1.042784
Curve,LeadHook,Recover,0.140000,-0.180000,1.487500,0.305000,1.022347
Curve,LeadHook,Recover,0.141400,-0.181188,1.487574,0.304258,1.002114
Curve,LeadHook,Recover,0.142800,-0.182352,1.487647,0.303530,0.982083
Curve,LeadHook,Recover,0.144200,-0.183493,1.487718,0.302817,0.962227
Curve,LeadHook,Recover,0.145600,-0.184611,1.487788,0.302118,0.942607
Curve,LeadHook,Recover,0.147000,-0.185705,1.487857,0.301434,0.923157
Curve,LeadHook,Recover,0.148400,-0.186777,1.487924,0.300765,0.903932
Curve,LeadHook,Recover,0.149800,-0.187826,1.487989,0.300109,0.884887
Curve,LeadHook,Recover,0.151200,-0.188853,1.488053,0.299467,0.866083
Curve,LeadHook,Recover,0.152600,-0.189857,1.488116,0.298839,0.847442
Curve,LeadHook,Recover,0.154000,-0.190840,1.488178,0.298225,0.829030
Curve,LeadHook,Recover,0.155400,-0.191801,1.488238,0.297624,0.810814
Curve,LeadHook,Recover,0.156800,-0.192741,1.488296,0.297037,0.792801
Curve,LeadHook,Recover,0.158200,-0.193660,1.488354,0.296463,0.774967
Curve,LeadHook,Recover,0.159600,-0.194558,1.488410,0.295901,0.757368
Curve,LeadHook,Recover,0.161000,-0.195435,1.488465,0.295353,0.739937
Curve,LeadHook,Recover,0.162400,-0.196292,1.488518,0.294818,0.722758
Curve,LeadHook,Recover,0.163800,-0.197129,1.488571,0.294295,0.705741
Curve,LeadHook,Recover,0.165200,-0.197945,1.488622,0.293784,0.688943
Curve,LeadHook,Recover,0.166600,-0.198742,1.488671,0.293286,0.672347
Curve,LeadHook,Recover,0.168000,-0.199520,1.488720,0.292800,0.655925
Curve,LeadHook,Recover,0.169400,-0.200278,1.488767,0.292326,0.639746
Curve,LeadHook,Recover,0.170800,-0.201018,1.488814,0.291864,0.623757
Curve,LeadHook,Recover,0.172200,-0.201739,1.488859,0.291413,0.607955
Curve,LeadHook,Recover,0.173600,-0.202441,1.488903,0.290974,0.592373
Curve,LeadHook,Recover,0.175000,-0.203125,1.488945,0.290547,0.577006
Curve,LeadHook,Recover,0.176400,-0.203791,1.488987,0.290131,0.561814
Curve,LeadHook,Recover,0.177800,-0.204439,1.489028,0.289725,0.546809
Curve,LeadHook,Recover,0.179200,-0.205070,1.489067,0.289331,0.532048
Curve,LeadHook,Recover,0.180600,-0.205684,1.489105,0.288948,0.517467
Curve,LeadHook,Recover,0.182000,-0.206280,1.489143,0.288575,0.503113
Curve,LeadHook,Recover,0.183400,-0.206860,1.489179,0.288213,0.488920
Curve,LeadHook,Recover,0.184800,-0.207423,1.489214,0.287861,0.474954
Curve,LeadHook,Recover,0.186200,-0.207970,1.489248,0.287519,0.461198
Curve,LeadHook,Recover,0.187600,-0.208500,1.489281,0.287187,0.447633
Curve,LeadHook,Recover,0.189000,-0.209015,1.489313,0.286866,0.434275
Curve,LeadHook,Recover,0.190400,-0.209514,1.489345,0.286554,0.421096
Curve,LeadHook,Recover,0.191800,-0.209998,1.489375,0.286251,0.408151
Curve,LeadHook,Recover,0.193200,-0.210467,1.489404,0.285958,0.395406
Curve,LeadHook,Recover,0.194600,-0.210921,1.489433,0.285675,0.382848
Curve,LeadHook,Recover,0.196000,-0.211360,1.489460,0.285400,0.370487
Curve,LeadHook,Recover,0.197400,-0.211785,1.489487,0.285135,0.358373
Curve,LeadHook,Recover,0.198800,-0.212196,1.489512,0.284878,0.346399
Curve,LeadHook,Recover,0.200200,-0.212592,1.489537,0.284630,0.334671
Curve,LeadHook,Recover,0.201600,-0.212975,1.489561,0.284390,0.323140
Curve,LeadHook,Recover,0.203000,-0.213345,1.489584,0.284159,0.311773
Curve,LeadHook,Recover,0.204400,-0.213701,1.489606,0.283937,0.300675
Curve,LeadHook,Recover,0.205800,-0.214045,1.489628,0.283722,0.289717
Curve,LeadHook,Recover,0.207200,-0.214376,1.489648,0.283515,0.279010
Curve,LeadHook,Recover,0.208600,-0.214694,1.489668,0.283316,0.268458
Curve,LeadHook,Recover,0.210000,-0.215000,1.489688,0.283125,0.258155
Curve,LeadHook,Recover,0.211400,-0.215294,1.489706,0.282941,0.248013
Curve,LeadHook,Recover,0.212800,-0.215576,1.489724,0.282765,0.238110
Curve,LeadHook,Recover,0.214200,-0.215847,1.489740,0.282596,0.228380
Curve,LeadHook,Recover,0.215600,-0.216107,1.489757,0.282433,0.218881
Curve,LeadHook,Recover,0.217000,-0.216355,1.489772,0.282278,0.209552
Curve,LeadHook,Recover,0.218400,-0.216593,1.489787,0.282130,0.200446
Curve,LeadHook,Recover,0.219800,-0.216820,1.489801,0.281988,0.191550
Curve,LeadHook,Recover,0.221200,-0.217037,1.489815,0.281852,0.182832
Curve,LeadHook,Recover,0.222600,-0.217243,1.489828,0.281723,0.174333
Curve,LeadHook,Recover,0.224000,-0.217440,1.489840,0.281600,0.166036
Curve,LeadHook,Recover,0.225400,-0.217627,1.489852,0.281483,0.157945
Curve,LeadHook,Recover,0.226800,-0.217805,1.489863,0.281372,0.150033
Curve,LeadHook,Recover,0.228200,-0.217974,1.489873,0.281266,0.142356
Curve,LeadHook,Recover,0.229600,-0.218134,1.489883,0.281166,0.134848
Curve,LeadHook,Recover,0.231000,-0.218285,1.489893,0.281072,0.127595
Curve,LeadHook,Recover,0.232400,-0.218428,1.489902,0.280983,0.120475
Curve,LeadHook,Recover,0.233800,-0.218563,1.489910,0.280898,0.113602
Curve,LeadHook,Recover,0.235200,-0.218689,1.489918,0.280819,0.106905
Curve,LeadHook,Recover,0.236600,-0.218808,1.489926,0.280745,0.100465
Curve,LeadHook,Recover,0.238000,-0.218920,1.489933,0.280675,0.094167
Curve,LeadHook,Recover,0.239400,-0.219024,1.489939,0.280610,0.088095
Curve,LeadHook,Recover,0.240800,-0.219122,1.489945,0.280549,0.082214
Curve,LeadHook,Recover,0.242200,-0.219213,1.489951,0.280492,0.076562
Curve,LeadHook,Recover,0.243600,-0.219297,1.489956,0.280439,0.071076
Curve,LeadHook,Recover,0.245000,-0.219375,1.489961,0.280391,0.065839
Curve,LeadHook,Recover,0.246400,-0.219447,1.489965,0.280346,0.060774
Curve,LeadHook,Recover,0.247800,-0.219513,1.489970,0.280304,0.055909
Curve,LeadHook,Recover,0.249200,-0.219574,1.489973,0.280266,0.051253
Curve,LeadHook,Recover,0.250600,-0.219630,1.489977,0.280232,0.046781
Curve,LeadHook,Recover,0.252000,-0.219680,1.489980,0.280200,0.042556
Curve,LeadHook,Recover,0.253400,-0.219726,1.489983,0.280172,0.038498
Curve,LeadHook,Recover,0.254800,-0.219767,1.489985,0.280146,0.034642
Curve,LeadHook,Recover,0.256200,-0.219804,1.489988,0.280123,0.031017
Curve,LeadHook,Recover,0.257600,-0.219836,1.489990,0.280102,0.027560
Curve,LeadHook,Recover,0.259000,-0.219865,1.489992,0.280084,0.024324
Curve,LeadHook,Recover,0.260400,-0.219890,1.489993,0.280069,0.021278
Curve,LeadHook,Recover,0.261800,-0.219912,1.489995,0.280055,0.018475
Curve,LeadHook,Recover,0.263200,-0.219931,1.489996,0.280043,0.015811
Curve,LeadHook,Recover,0.264600,-0.219947,1.489997,0.280033,0.013416
Curve,LeadHook,Recover,0.266000,-0.219960,1.489998,0.280025,0.011156
Curve,LeadHook,Recover,0.267400,-0.219971,1.489998,0.280018,0.009137
Curve,LeadHook,Recover,0.268800,-0.219980,1.489999,0.280013,0.007305
Curve,LeadHook,Recover,0.270200,-0.219986,1.489999,0.280009,0.005728
Curve,LeadHook,Recover,0.271600,-0.219991,1.489999,0.280005,0.004279
Curve,LeadHook,Recover,0.273000,-0.219995,1.490000,0.280003,0.003074
Curve,LeadHook,Recover,0.274400,-0.219997,1.490000,0.280002,0.002045
Curve,LeadHook,Recover,0.275800,-0.219999,1.490000,0.280001,0.001252
Curve,LeadHook,Recover,0.277200,-0.220000,1.490000,0.280000,0.000646
Curve,LeadHook,Recover,0.278600,-0.220000,1.490000,0.280000,0.000239
Curve,LeadHook,Recover,0.280000,-0.220000,1.490000,0.280000,0.000038
Fast,LeadHook,Commit,0.000350,-0.220014,1.489995,0.279998,0.041105
Fast,LeadHook,Commit,0.000700,-0.220054,1.489982,0.279991,0.122462
Fast,LeadHook,Commit,0.001050,-0.220120,1.489960,0.279980,0.203116
Fast,LeadHook,Commit,0.001400,-0.220213,1.489929,0.279965,0.283183
Fast,LeadHook,Commit,0.001750,-0.220332,1.489889,0.279945,0.362068
Fast,LeadHook,Commit,0.002100,-0.220476,1.489841,0.279921,0.440341
Fast,LeadHook,Commit,0.002450,-0.220646,1.489785,0.279892,0.517709
Fast,LeadHook,Commit,0.002800,-0.220841,1.489720,0.279860,0.594147
Fast,LeadHook,Commit,0.003150,-0.221061,1.489646,0.279823,0.670012
Fast,LeadHook,Commit,0.003500,-0.221305,1.489565,0.279783,0.744934
Fast,LeadHook,Commit,0.003850,-0.221574,1.489475,0.279738,0.819004
Fast,LeadHook,Commit,0.004200,-0.221866,1.489378,0.279689,0.892277
Fast,LeadHook,Commit,0.004550,-0.222183,1.489272,0.279636,0.964712
Fast,LeadHook,Commit,0.004900,-0.222523,1.489159,0.279580,1.036296
Fast,LeadHook,Commit,0.005250,-0.222886,1.489038,0.279519,1.107241
Fast,LeadHook,Commit,0.005600,-0.223272,1.488909,0.279455,1.177083
Fast,LeadHook,Commit,0.005950,-0.223680,1.488773,0.279387,1.246246
Fast,LeadHook,Commit,0.006300,-0.224112,1.488629,0.279315,1.314718
Fast,LeadHook,Commit,0.006650,-0.224565,1.488478,0.279239,1.382033
Fast,LeadHook,Commit,0.007000,-0.225040,1.488320,0.279160,1.448843
Fast,LeadHook,Commit,0.007350,-0.225537,1.488154,0.279077,1.514629
Fast,LeadHook,Commit,0.007700,-0.226055,1.487982,0.278991,1.579723
Fast,LeadHook,Commit,0.008050,-0.226594,1.487802,0.278901,1.643913
Fast,LeadHook,Commit,0.008400,-0.227154,1.487615,0.278808,1.707332
Fast,LeadHook,Commit,0.008750,-0.227734,1.487422,0.278711,1.769820
Fast,LeadHook,Commit,0.009100,-0.228335,1.487222,0.278611,1.831656
Fast,LeadHook,Commit,0.009450,-0.228956,1.487015,0.278507,1.892455
Fast,LeadHook,Commit,0.009800,-0.229596,1.486801,0.278401,1.952669
Fast,LeadHook,Commit,0.010150,-0.230256,1.486581,0.278291,2.011899
Fast,LeadHook,Commit,0.010500,-0.230935,1.486355,0.278178,2.070331
Fast,LeadHook,Commit,0.010850,-0.231633,1.486122,0.278061,2.128018
Fast,LeadHook,Commit,0.011200,-0.232349,1.485883,0.277942,2.184841
Fast,LeadHook,Commit,0.011550,-0.233084,1.485639,0.277819,2.240680
Fast,LeadHook,Commit,0.011900,-0.233837,1.485388,0.277694,2.295986
Fast,LeadHook,Commit,0.012250,-0.234608,1.485131,0.277565,2.350243
Fast,LeadHook,Commit,0.012600,-0.235397,1.484868,0.277434,2.403807
Fast,LeadHook,Commit,0.012950,-0.236202,1.484599,0.277300,2.456428
Fast,LeadHook,Commit,0.013300,-0.237025,1.484325,0.277163,2.508370
Fast,LeadHook,Commit,0.013650,-0.237864,1.484045,0.277023,2.559369
Fast,LeadHook,Commit,0.014000,-0.238720,1.483760,0.276880,2.609596
Fast,LeadHook,Commit,0.014350,-0.239592,1.483469,0.276735,2.658958
Fast,LeadHook,Commit,0.014700,-0.240480,1.483173,0.276587,2.707536
Fast,LeadHook,Commit,0.015050,-0.241384,1.482872,0.276436,2.755343
Fast,LeadHook,Commit,0.015400,-0.242303,1.482566,0.276283,2.802246
Fast,LeadHook,Commit,0.015750,-0.243237,1.482254,0.276127,2.848324
Fast,LeadHook,Commit,0.016100,-0.244186,1.481938,0.275969,2.893670
Fast,LeadHook,Commit,0.016450,-0.245150,1.481617,0.275808,2.938033
Fast,LeadHook,Commit,0.016800,-0.246127,1.481291,0.275645,2.981651
Fast,LeadHook,Commit,0.017150,-0.247119,1.480960,0.275480,3.024564
Fast,LeadHook,Commit,0.017500,-0.248125,1.480625,0.275313,3.066492
Fast,LeadHook,Commit,0.017850,-0.249144,1.480285,0.275143,3.107690
Fast,LeadHook,Commit,0.018200,-0.250177,1.479941,0.274971,3.148010
Fast,LeadHook,Commit,0.018550,-0.251222,1.479593,0.274796,3.187505
Fast,LeadHook,Commit,0.018900,-0.252280,1.479240,0.274620,3.226243
Fast,LeadHook,Commit,0.019250,-0.253351,1.478883,0.274442,3.264023
Fast,LeadHook,Commit,0.019600,-0.254433,1.478522,0.274261,3.301111
Fast,LeadHook,Commit,0.019950,-0.255528,1.478157,0.274079,3.337442
Fast,LeadHook,Commit,0.020300,-0.256634,1.477789,0.273894,3.372748
Fast,LeadHook,Commit,0.020650,-0.257751,1.477416,0.273708,3.407310
Fast,LeadHook,Commit,0.021000,-0.258880,1.477040,0.273520,3.441021
Fast,LeadHook,Commit,0.021350,-0.260019,1.476660,0.273330,3.474066
Fast,LeadHook,Commit,0.021700,-0.261169,1.476277,0.273139,3.506115
Fast,LeadHook,Commit,0.022050,-0.262329,1.475890,0.272945,3.537325
Fast,LeadHook,Commit,0.022400,-0.263500,1.475500,0.272750,3.567938
Fast,LeadHook,Commit,0.022750,-0.264679,1.475107,0.272553,3.597460
Fast,LeadHook,Commit,0.023100,-0.265869,1.474710,0.272355,3.626410
Fast,LeadHook,Commit,0.023450,-0.267067,1.474311,0.272156,3.654256
Fast,LeadHook,Commit,0.023800,-0.268275,1.473909,0.271954,3.681424
Fast,LeadHook,Commit,0.024150,-0.269491,1.473503,0.271752,3.707940
Fast,LeadHook,Commit,0.024500,-0.270715,1.473095,0.271548,3.733260
Fast,LeadHook,Commit,0.024850,-0.271948,1.472684,0.271342,3.758101
Fast,LeadHook,Commit,0.025200,-0.273188,1.472271,0.271135,3.781918
Fast,LeadHook,Commit,0.025550,-0.274436,1.471855,0.270927,3.804897
Fast,LeadHook,Commit,0.025900,-0.275691,1.471436,0.270718,3.827211
Fast,LeadHook,Commit,0.026250,-0.276953,1.471016,0.270508,3.848595
Fast,LeadHook,Commit,0.026600,-0.278222,1.470593,0.270296,3.869246
Fast,LeadHook,Commit,0.026950,-0.279498,1.470168,0.270084,3.888861
Fast,LeadHook,Commit,0.027300,-0.280779,1.469740,0.269870,3.907918
Fast,LeadHook,Commit,0.027650,-0.282067,1.469311,0.269656,3.925923
Fast,LeadHook,Commit,0.028000,-0.283360,1.468880,0.269440,3.943304
Fast,LeadHook,Commit,0.028350,-0.284659,1.468447,0.269224,3.959833
Fast,LeadHook,Commit,0.028700,-0.285962,1.468013,0.269006,3.975259
Fast,LeadHook,Commit,0.029050,-0.287271,1.467576,0.268788,3.990180
Fast,LeadHook,Commit,0.029400,-0.288584,1.467139,0.268569,4.004196
Fast,LeadHook,Commit,0.029750,-0.289902,1.466699,0.268350,4.017481
Fast,LeadHook,Commit,0.030100,-0.291224,1.466259,0.268129,4.029688
Fast,LeadHook,Commit,0.030450,-0.292549,1.465817,0.267909,4.041191
Fast,LeadHook,Commit,0.030800,-0.293878,1.465374,0.267687,4.051923
Fast,LeadHook,Commit,0.031150,-0.295210,1.464930,0.267465,4.061830
Fast,LeadHook,Commit,0.031500,-0.296545,1.464485,0.267243,4.070886
Fast,LeadHook,Commit,0.031850,-0.297883,1.464039,0.267020,4.079184
Fast,LeadHook,Commit,0.032200,-0.299223,1.463592,0.266796,4.086391
Fast,LeadHook,Commit,0.032550,-0.300566,1.463145,0.266572,4.093214
Fast,LeadHook,Commit,0.032900,-0.301910,1.462697,0.266348,4.098812
Fast,LeadHook,Commit,0.033250,-0.303256,1.462248,0.266124,4.103759
Fast,LeadHook,Commit,0.033600,-0.304603,1.461799,0.265900,4.108068
Fast,LeadHook,Commit,0.033950,-0.305951,1.461350,0.265675,4.111139
Fast,LeadHook,Commit,0.034300,-0.307300,1.460900,0.265450,4.113653
Fast,LeadHook,Commit,0.034650,-0.308650,1.460450,0.265225,4.115342
Fast,LeadHook,Commit,0.035000,-0.310000,1.460000,0.265000,4.116193
Fast,LeadHook,Commit,0.035350,-0.311350,1.459550,0.264775,4.116179
Fast,LeadHook,Commit,0.035700,-0.312700,1.459100,0.264550,4.115342
Fast,LeadHook,Commit,0.036050,-0.314049,1.458650,0.264325,4.113653
Fast,LeadHook,Commit,0.036400,-0.315397,1.458201,0.264101,4.111139
Fast,LeadHook,Commit,0.036750,-0.316744,1.457752,0.263876,4.108068
Fast,LeadHook,Commit,0.037100,-0.318090,1.457303,0.263652,4.103679
Fast,LeadHook,Commit,0.037450,-0.319435,1.456855,0.263428,4.098971
Fast,LeadHook,Commit,0.037800,-0.320777,1.456408,0.263204,4.093134
Fast,LeadHook,Commit,0.038150,-0.322117,1.455961,0.262981,4.086472
Fast,LeadHook,Commit,0.038500,-0.323455,1.455515,0.262758,4.079104
Fast,LeadHook,Commit,0.038850,-0.324790,1.455070,0.262535,4.070886
Fast,LeadHook,Commit,0.039200,-0.326122,1.454626,0.262313,4.061830
Fast,LeadHook,Commit,0.039550,-0.327451,1.454183,0.262092,4.051923
Fast,LeadHook,Commit,0.039900,-0.328777,1.453741,0.261871,4.041191
Fast,LeadHook,Commit,0.040250,-0.330098,1.453301,0.261650,4.029688
Fast,LeadHook,Commit,0.040600,-0.331416,1.452861,0.261431,4.017481
Fast,LeadHook,Commit,0.040950,-0.332729,1.452424,0.261212,4.004196
Fast,LeadHook,Commit,0.041300,-0.334038,1.451988,0.260994,3.990100
Fast,LeadHook,Commit,0.041650,-0.335341,1.451553,0.260776,3.975419
Fast,LeadHook,Commit,0.042000,-0.336640,1.451120,0.260560,3.959754
Fast,LeadHook,Commit,0.042350,-0.337933,1.450689,0.260344,3.943304
Fast,LeadHook,Commit,0.042700,-0.339221,1.450260,0.260130,3.925923
Fast,LeadHook,Commit,0.043050,-0.340503,1.449833,0.259916,3.907918
Fast,LeadHook,Commit,0.043400,-0.341778,1.449407,0.259704,3.888861
Fast,LeadHook,Commit,0.043750,-0.343047,1.448984,0.259492,3.869246
Fast,LeadHook,Commit,0.044100,-0.344309,1.448564,0.259282,3.848595
Fast,LeadHook,Commit,0.044450,-0.345564,1.448145,0.259073,3.827211
Fast,LeadHook,Commit,0.044800,-0.346812,1.447729,0.258865,3.804897
Fast,LeadHook,Commit,0.045150,-0.348053,1.447316,0.258658,3.781904
Fast,LeadHook,Commit,0.045500,-0.349285,1.446905,0.258453,3.758114
Fast,LeadHook,Commit,0.045850,-0.350509,1.446497,0.258248,3.733260
Fast,LeadHook,Commit,0.046200,-0.351726,1.446092,0.258046,3.707940
Fast,LeadHook,Commit,0.046550,-0.352933,1.445689,0.257845,3.681424
Fast,LeadHook,Commit,0.046900,-0.354131,1.445290,0.257645,3.654336
Fast,LeadHook,Commit,0.047250,-0.355321,1.444893,0.257447,3.626330
Fast,LeadHook,Commit,0.047600,-0.356501,1.444500,0.257250,3.597460
Fast,LeadHook,Commit,0.047950,-0.357671,1.444110,0.257055,3.567858
Fast,LeadHook,Commit,0.048300,-0.358831,1.443723,0.256862,3.537485
Fast,LeadHook,Commit,0.048650,-0.359981,1.443340,0.256670,3.506035
Fast,LeadHook,Commit,0.049000,-0.361120,1.442960,0.256480,3.474066
Fast,LeadHook,Commit,0.049350,-0.362249,1.442584,0.256292,3.441021
Fast,LeadHook,Commit,0.049700,-0.363366,1.442211,0.256106,3.407310
Fast,LeadHook,Commit,0.050050,-0.364472,1.441843,0.255921,3.372748
Fast,LeadHook,Commit,0.050400,-0.365567,1.441478,0.255739,3.337442
Fast,LeadHook,Commit,0.050750,-0.366649,1.441117,0.255558,3.301111
Fast,LeadHook,Commit,0.051100,-0.367720,1.440760,0.255380,3.264023
Fast,LeadHook,Commit,0.051450,-0.368778,1.440407,0.255204,3.226309
Fast,LeadHook,Commit,0.051800,-0.369823,1.440059,0.255029,3.187452
Fast,LeadHook,Commit,0.052150,-0.370856,1.439715,0.254857,3.148036
Fast,LeadHook,Commit,0.052500,-0.371875,1.439375,0.254688,3.107690
Fast,LeadHook,Commit,0.052850,-0.372881,1.439040,0.254520,3.066413
Fast,LeadHook,Commit,0.053200,-0.373873,1.438709,0.254355,3.024564
Fast,LeadHook,Commit,0.053550,-0.374851,1.438383,0.254192,2.981690
Fast,LeadHook,Commit,0.053900,-0.375814,1.438062,0.254031,2.937993
Fast,LeadHook,Commit,0.054250,-0.376763,1.437746,0.253873,2.893710
Fast,LeadHook,Commit,0.054600,-0.377697,1.437434,0.253717,2.848324
Fast,LeadHook,Commit,0.054950,-0.378616,1.437128,0.253564,2.802285
Fast,LeadHook,Commit,0.055300,-0.379520,1.436827,0.253413,2.755303
Fast,LeadHook,Commit,0.055650,-0.380408,1.436531,0.253265,2.707576
Fast,LeadHook,Commit,0.056000,-0.381280,1.436240,0.253120,2.658918
Fast,LeadHook,Commit,0.056350,-0.382136,1.435955,0.252977,2.609596
Fast,LeadHook,Commit,0.056700,-0.382975,1.435675,0.252837,2.559369
Fast,LeadHook,Commit,0.057050,-0.383798,1.435401,0.252700,2.508370
Fast,LeadHook,Commit,0.057400,-0.384604,1.435132,0.252566,2.456428
Fast,LeadHook,Commit,0.057750,-0.385392,1.434869,0.252435,2.403847
Fast,LeadHook,Commit,0.058100,-0.386163,1.434613,0.252306,2.350163
Fast,LeadHook,Commit,0.058450,-0.386916,1.434361,0.252181,2.295986
Fast,LeadHook,Commit,0.058800,-0.387651,1.434117,0.252058,2.240680
Fast,LeadHook,Commit,0.059150,-0.388367,1.433878,0.251939,2.184921
Fast,LeadHook,Commit,0.059500,-0.389065,1.433645,0.251823,2.127978
Fast,LeadHook,Commit,0.059850,-0.389744,1.433419,0.251709,2.070317
Fast,LeadHook,Commit,0.060200,-0.390404,1.433199,0.251599,2.011872
Fast,LeadHook,Commit,0.060550,-0.391044,1.432985,0.251493,1.952669
Fast,LeadHook,Commit,0.060900,-0.391665,1.432778,0.251389,1.892495
Fast,LeadHook,Commit,0.061250,-0.392266,1.432578,0.251289,1.831616
Fast,LeadHook,Commit,0.061600,-0.392846,1.432385,0.251192,1.769873
Fast,LeadHook,Commit,0.061950,-0.393406,1.432198,0.251099,1.707398
Fast,LeadHook,Commit,0.062300,-0.393945,1.432018,0.251009,1.643793
Fast,LeadHook,Commit,0.062650,-0.394463,1.431846,0.250923,1.579723
Fast,LeadHook,Commit,0.063000,-0.394960,1.431680,0.250840,1.514709
Fast,LeadHook,Commit,0.063350,-0.395435,1.431522,0.250761,1.448790
Fast,LeadHook,Commit,0.063700,-0.395888,1.431371,0.250685,1.382087
Fast,LeadHook,Commit,0.064050,-0.396320,1.431227,0.250613,1.314678
Fast,LeadHook,Commit,0.064400,-0.396728,1.431091,0.250545,1.246286
Fast,LeadHook,Commit,0.064750,-0.397114,1.430962,0.250481,1.177003
Fast,LeadHook,Commit,0.065100,-0.397478,1.430841,0.250420,1.107241
Fast,LeadHook,Commit,0.065450,-0.397817,1.430728,0.250364,1.036335
Fast,LeadHook,Commit,0.065800,-0.398134,1.430622,0.250311,0.964712
Fast,LeadHook,Commit,0.066150,-0.398426,1.430525,0.250262,0.892237
Fast,LeadHook,Commit,0.066500,-0.398695,1.430435,0.250218,0.819004
Fast,LeadHook,Commit,0.066850,-0.398939,1.430354,0.250177,0.744934
Fast,LeadHook,Commit,0.067200,-0.399159,1.430280,0.250140,0.670052
Fast,LeadHook,Commit,0.067550,-0.399354,1.430215,0.250108,0.594187
Fast,LeadHook,Commit,0.067900,-0.399524,1.430159,0.250079,0.517709
Fast,LeadHook,Commit,0.068250,-0.399668,1.430111,0.250055,0.440301
Fast,LeadHook,Commit,0.068600,-0.399787,1.430071,0.250036,0.362108
Fast,LeadHook,Commit,0.068950,-0.399880,1.430040,0.250020,0.283104
Fast,LeadHook,Commit,0.069300,-0.399946,1.430018,0.250009,0.203155
Fast,LeadHook,Commit,0.069650,-0.399987,1.430005,0.250002,0.122542
Fast,LeadHook,Commit,0.070000,-0.400000,1.430000,0.250000,0.041025
Fast,LeadHook,Extend,0.000475,-0.400000,1.430002,0.250036,0.075020
Fast,LeadHook,Extend,0.000950,-0.400001,1.430009,0.250142,0.224212
Fast,LeadHook,Extend,0.001425,-0.400001,1.430021,0.250318,0.372060
Fast,LeadHook,Extend,0.001900,-0.400003,1.430037,0.250564,0.518686
Fast,LeadHook,Extend,0.002375,-0.400004,1.430058,0.250879,0.663934
Fast,LeadHook,Extend,0.002850,-0.400006,1.430083,0.251262,0.807976
Fast,LeadHook,Extend,0.003325,-0.400008,1.430113,0.251712,0.950674
Fast,LeadHook,Extend,0.003800,-0.400010,1.430147,0.252230,1.092007
Fast,LeadHook,Extend,0.004275,-0.400012,1.430185,0.252814,1.232089
Fast,LeadHook,Extend,0.004750,-0.400015,1.430228,0.253464,1.370888
Fast,LeadHook,Extend,0.005225,-0.400018,1.430275,0.254178,1.508323
Fast,LeadHook,Extend,0.005700,-0.400021,1.430327,0.254958,1.644397
Fast,LeadHook,Extend,0.006175,-0.400025,1.430382,0.255801,1.779140
Fast,LeadHook,Extend,0.006650,-0.400028,1.430442,0.256708,1.912630
Fast,LeadHook,Extend,0.007125,-0.400032,1.430506,0.257677,2.044680
Fast,LeadHook,Extend,0.007600,-0.400036,1.430574,0.258708,2.175352
Fast,LeadHook,Extend,0.008075,-0.400039,1.430646,0.259800,2.304614
Fast,LeadHook,Extend,0.008550,-0.400043,1.430722,0.260953,2.432640
Fast,LeadHook,Extend,0.009025,-0.400047,1.430802,0.262166,2.559020
Fast,LeadHook,Extend,0.009500,-0.400050,1.430886,0.263438,2.684024
Fast,LeadHook,Extend,0.009975,-0.400053,1.430974,0.264769,2.807587
Fast,LeadHook,Extend,0.010450,-0.400055,1.431066,0.266157,2.929693
Fast,LeadHook,Extend,0.010925,-0.400057,1.431161,0.267603,3.050235
Fast,LeadHook,Extend,0.011400,-0.400058,1.431260,0.269105,3.169212
Fast,LeadHook,Extend,0.011875,-0.400058,1.431363,0.270663,3.286671
Fast,LeadHook,Extend,0.012350,-0.400057,1.431470,0.272276,3.402379
Fast,LeadHook,Extend,0.012825,-0.400054,1.431580,0.273942,3.516695
Fast,LeadHook,Extend,0.013300,-0.400050,1.431694,0.275662,3.629090
Fast,LeadHook,Extend,0.013775,-0.400044,1.431812,0.277435,3.739908
Fast,LeadHook,Extend,0.014250,-0.400035,1.431933,0.279259,3.848963
Fast,LeadHook,Extend,0.014725,-0.400024,1.432057,0.281134,3.956228
Fast,LeadHook,Extend,0.015200,-0.400010,1.432185,0.283059,4.061655
Fast,LeadHook,Extend,0.015675,-0.399993,1.432317,0.285033,4.165234
Fast,LeadHook,Extend,0.016150,-0.399973,1.432451,0.287055,4.266871
Fast,LeadHook,Extend,0.016625,-0.399948,1.432589,0.289125,4.366652
Fast,LeadHook,Extend,0.017100,-0.399919,1.432731,0.291241,4.464333
Fast,LeadHook,Extend,0.017575,-0.399885,1.432875,0.293401,4.560068
Fast,LeadHook,Extend,0.018050,-0.399845,1.433023,0.295607,4.653684
Fast,LeadHook,Extend,0.018525,-0.399799,1.433174,0.297855,4.745247
Fast,LeadHook,Extend,0.019000,-0.399746,1.433328,0.300146,4.834608
Fast,LeadHook,Extend,0.019475,-0.399687,1.433485,0.302478,4.921722
Fast,LeadHook,Extend,0.019950,-0.399619,1.433645,0.304849,5.006587
Fast,LeadHook,Extend,0.020425,-0.399542,1.433809,0.307260,5.089275
Fast,LeadHook,Extend,0.020900,-0.399457,1.433975,0.309708,5.169541
Fast,LeadHook,Extend,0.021375,-0.399361,1.434144,0.312193,5.247502
Fast,LeadHook,Extend,0.021850,-0.399254,1.434316,0.314714,5.323091
Fast,LeadHook,Extend,0.022325,-0.399136,1.434490,0.317268,5.396116
Fast,LeadHook,Extend,0.022800,-0.399005,1.434668,0.319856,5.466815
Fast,LeadHook,Extend,0.023275,-0.398860,1.434848,0.322474,5.535035
Fast,LeadHook,Extend,0.023750,-0.398701,1.435031,0.325124,5.600575
Fast,LeadHook,Extend,0.024225,-0.398527,1.435217,0.327802,5.663708
Fast,LeadHook,Extend,0.024700,-0.398337,1.435405,0.330508,5.724289
Fast,LeadHook,Extend,0.025175,-0.398129,1.435596,0.333240,5.782212
Fast,LeadHook,Extend,0.025650,-0.397903,1.435790,0.335997,5.837593
Fast,LeadHook,Extend,0.026125,-0.397657,1.435986,0.338777,5.890454
Fast,LeadHook,Extend,0.026600,-0.397391,1.436184,0.341579,5.940645
Fast,LeadHook,Extend,0.027075,-0.397103,1.436385,0.344402,5.988267
Fast,LeadHook,Extend,0.027550,-0.396792,1.436588,0.347243,6.033267
Fast,LeadHook,Extend,0.028025,-0.396457,1.436794,0.350102,6.075772
Fast,LeadHook,Extend,0.028500,-0.396096,1.437002,0.352977,6.115843
Fast,LeadHook,Extend,0.028975,-0.395709,1.437212,0.355867,6.153266
Fast,LeadHook,Extend,0.029450,-0.395294,1.437425,0.358769,6.188185
Fast,LeadHook,Extend,0.029925,-0.394850,1.437639,0.361682,6.220784
Fast,LeadHook,Extend,0.030400,-0.394375,1.437856,0.364606,6.251143
Fast,LeadHook,Extend,0.030875,-0.393869,1.438075,0.367537,6.279019
Fast,LeadHook,Extend,0.031350,-0.393329,1.438296,0.370474,6.304728
Fast,LeadHook,Extend,0.031825,-0.392755,1.438519,0.373416,6.328249
Fast,LeadHook,Extend,0.032300,-0.392145,1.438744,0.376361,6.349786
Fast,LeadHook,Extend,0.032775,-0.391497,1.438971,0.379308,6.369385
Fast,LeadHook,Extend,0.033250,-0.390811,1.439200,0.382254,6.387142
Fast,LeadHook,Extend,0.033725,-0.390084,1.439430,0.385199,6.403142
Fast,LeadHook,Extend,0.034200,-0.389316,1.439663,0.388139,6.417610
Fast,LeadHook,Extend,0.034675,-0.388505,1.439897,0.391075,6.430649
Fast,LeadHook,Extend,0.035150,-0.387649,1.440133,0.394004,6.442277
Fast,LeadHook,Extend,0.035625,-0.386747,1.440371,0.396923,6.452860
Fast,LeadHook,Extend,0.036100,-0.385799,1.440611,0.399833,6.462558
Fast,LeadHook,Extend,0.036575,-0.384801,1.440852,0.402730,6.471278
Fast,LeadHook,Extend,0.037050,-0.383753,1.441094,0.405614,6.479756
Fast,LeadHook,Extend,0.037525,-0.382654,1.441338,0.408483,6.487553
Fast,LeadHook,Extend,0.038000,-0.381502,1.441584,0.411334,6.495346
Fast,LeadHook,Extend,0.038475,-0.380295,1.441831,0.414167,6.503132
Fast,LeadHook,Extend,0.038950,-0.379033,1.442080,0.416980,6.511113
Fast,LeadHook,Extend,0.039425,-0.377714,1.442330,0.419770,6.519744
Fast,LeadHook,Extend,0.039900,-0.376336,1.442581,0.422538,6.529165
Fast,LeadHook,Extend,0.040375,-0.374899,1.442833,0.425280,6.539258
Fast,LeadHook,Extend,0.040850,-0.373402,1.443087,0.427995,6.550906
Fast,LeadHook,Extend,0.041325,-0.371842,1.443342,0.430683,6.563866
Fast,LeadHook,Extend,0.041800,-0.370219,1.443599,0.433341,6.578461
Fast,LeadHook,Extend,0.042275,-0.368532,1.443856,0.435968,6.595143
Fast,LeadHook,Extend,0.042750,-0.366779,1.444114,0.438562,6.613959
Fast,LeadHook,Extend,0.043225,-0.364960,1.444374,0.441123,6.634992
Fast,LeadHook,Extend,0.043700,-0.363073,1.444634,0.443648,6.658821
Fast,LeadHook,Extend,0.044175,-0.361118,1.444896,0.446136,6.685290
Fast,LeadHook,Extend,0.044650,-0.359093,1.445158,0.448587,6.714901
Fast,LeadHook,Extend,0.045125,-0.356998,1.445422,0.450998,6.747665
Fast,LeadHook,Extend,0.045600,-0.354832,1.445686,0.453369,6.783735
Fast,LeadHook,Extend,0.046075,-0.352594,1.445951,0.455698,6.823283
Fast,LeadHook,Extend,0.046550,-0.350283,1.446216,0.457984,6.866304
Fast,LeadHook,Extend,0.047025,-0.347899,1.446483,0.460227,6.913211
Fast,LeadHook,Extend,0.047500,-0.345441,1.446750,0.462424,6.963892
Fast,LeadHook,Extend,0.047975,-0.342909,1.447018,0.464576,7.018114
Fast,LeadHook,Extend,0.048450,-0.340302,1.447286,0.466681,7.076577
Fast,LeadHook,Extend,0.048925,-0.337619,1.447555,0.468737,7.138640
Fast,LeadHook,Extend,0.049400,-0.334861,1.447825,0.470745,7.204583
Fast,LeadHook,Extend,0.049875,-0.332027,1.448095,0.472704,7.274490
Fast,LeadHook,Extend,0.050350,-0.329118,1.448365,0.474612,7.347888
Fast,LeadHook,Extend,0.050825,-0.326132,1.448636,0.476470,7.425249
Fast,LeadHook,Extend,0.051300,-0.323069,1.448907,0.478276,7.505797
Fast,LeadHook,Extend,0.051775,-0.319931,1.449179,0.480029,7.589999
Fast,LeadHook,Extend,0.052250,-0.316717,1.449451,0.481730,7.677413
Fast,LeadHook,Extend,0.052725,-0.313427,1.449723,0.483378,7.767911
Fast,LeadHook,Extend,0.053200,-0.310061,1.449995,0.484972,7.861399
Fast,LeadHook,Extend,0.053675,-0.306620,1.450268,0.486512,7.957549
Fast,LeadHook,Extend,0.054150,-0.303104,1.450540,0.487998,8.056194
Fast,LeadHook,Extend,0.054625,-0.299514,1.450813,0.489429,8.157378
Fast,LeadHook,Extend,0.055100,-0.295849,1.451086,0.490806,8.260257
Fast,LeadHook,Extend,0.055575,-0.292112,1.451358,0.492128,8.365171
Fast,LeadHook,Extend,0.056050,-0.288303,1.451631,0.493395,8.471735
Fast,LeadHook,Extend,0.056525,-0.284421,1.451904,0.494607,8.579653
Fast,LeadHook,Extend,0.057000,-0.280469,1.452176,0.495764,8.688363
Fast,LeadHook,Extend,0.057475,-0.276447,1.452448,0.496866,8.798207
Fast,LeadHook,Extend,0.057950,-0.272357,1.452721,0.497914,8.908394
Fast,LeadHook,Extend,0.058425,-0.268198,1.452992,0.498907,9.018977
Fast,LeadHook,Extend,0.058900,-0.263973,1.453264,0.499846,9.129563
Fast,LeadHook,Extend,0.059375,-0.259683,1.453535,0.500731,9.239932
Fast,LeadHook,Extend,0.059850,-0.255329,1.453806,0.501563,9.349957
Fast,LeadHook,Extend,0.060325,-0.250912,1.454077,0.502342,9.459049
Fast,LeadHook,Extend,0.060800,-0.246434,1.454347,0.503068,9.567270
Fast,LeadHook,Extend,0.061275,-0.241897,1.454616,0.503742,9.674185
Fast,LeadHook,Extend,0.061750,-0.237301,1.454885,0.504365,9.779682
Fast,LeadHook,Extend,0.062225,-0.232649,1.455154,0.504937,9.883451
Fast,LeadHook,Extend,0.062700,-0.227942,1.455422,0.505459,9.985441
Fast,LeadHook,Extend,0.063175,-0.223183,1.455689,0.505931,10.084990
Fast,LeadHook,Extend,0.063650,-0.218372,1.455955,0.506355,10.182240
Fast,LeadHook,Extend,0.064125,-0.213512,1.456221,0.506730,10.277130
Fast,LeadHook,Extend,0.064600,-0.208605,1.456486,0.507059,10.368910
Fast,LeadHook,Extend,0.065075,-0.203653,1.456751,0.507341,10.457840
Fast,LeadHook,Extend,0.065550,-0.198657,1.457014,0.507578,10.543740
Fast,LeadHook,Extend,0.066025,-0.193620,1.457276,0.507771,10.626000
Fast,LeadHook,Extend,0.066500,-0.188544,1.457538,0.507920,10.704970
Fast,LeadHook,Extend,0.066975,-0.183432,1.457799,0.508028,10.780200
Fast,LeadHook,Extend,0.067450,-0.178284,1.458058,0.508093,10.851570
Fast,LeadHook,Extend,0.067925,-0.173104,1.458317,0.508119,10.919010
Fast,LeadHook,Extend,0.068400,-0.167894,1.458574,0.508105,10.982400
Fast,LeadHook,Extend,0.068875,-0.162656,1.458831,0.508053,11.041310
Fast,LeadHook,Extend,0.069350,-0.157392,1.459086,0.507965,11.095960
Fast,LeadHook,Extend,0.069825,-0.152105,1.459340,0.507841,11.146130
Fast,LeadHook,Extend,0.070300,-0.146797,1.459592,0.507682,11.191650
Fast,LeadHook,Extend,0.070775,-0.141471,1.459844,0.507489,11.232700
Fast,LeadHook,Extend,0.071250,-0.136129,1.460094,0.507265,11.268840
Fast,LeadHook,Extend,0.071725,-0.130773,1.460342,0.507009,11.300110
Fast,LeadHook,Extend,0.072200,-0.125407,1.460590,0.506724,11.326530
Fast,LeadHook,Extend,0.072675,-0.120031,1.460836,0.506410,11.348010
Fast,LeadHook,Extend,0.073150,-0.114649,1.461080,0.506069,11.364440
Fast,LeadHook,Extend,0.073625,-0.109264,1.461323,0.505702,11.375610
Fast,LeadHook,Extend,0.074100,-0.103877,1.461564,0.505310,11.382080
Fast,LeadHook,Extend,0.074575,-0.098491,1.461803,0.504894,11.383200
Fast,LeadHook,Extend,0.075050,-0.093109,1.462041,0.504457,11.379130
Fast,LeadHook,Extend,0.075525,-0.087733,1.462278,0.503997,11.369870
Fast,LeadHook,Extend,0.076000,-0.082366,1.462512,0.503518,11.355360
Fast,LeadHook,Extend,0.076475,-0.077009,1.462745,0.503021,11.335860
Fast,LeadHook,Extend,0.076950,-0.071666,1.462976,0.502506,11.311000
Fast,LeadHook,Extend,0.077425,-0.066339,1.463205,0.501974,11.281200
Fast,LeadHook,Extend,0.077900,-0.061030,1.463432,0.501428,11.245980
Fast,LeadHook,Extend,0.078375,-0.055742,1.463657,0.500867,11.205780
Fast,LeadHook,Extend,0.078850,-0.050476,1.463880,0.500294,11.160480
Fast,LeadHook,Extend,0.079325,-0.045236,1.464101,0.499709,11.110140
Fast,LeadHook,Extend,0.079800,-0.040024,1.464320,0.499114,11.054620
Fast,LeadHook,Extend,0.080275,-0.034841,1.464537,0.498509,10.994310
Fast,LeadHook,Extend,0.080750,-0.029691,1.464752,0.497896,10.928880
Fast,LeadHook,Extend,0.081225,-0.024575,1.464965,0.497276,10.858740
Fast,LeadHook,Extend,0.081700,-0.019495,1.465175,0.496649,10.783650
Fast,LeadHook,Extend,0.082175,-0.014455,1.465384,0.496017,10.703870
Fast,LeadHook,Extend,0.082650,-0.009455,1.465590,0.495382,10.619310
Fast,LeadHook,Extend,0.083125,-0.004498,1.465793,0.494742,10.530250
Fast,LeadHook,Extend,0.083600,0.000413,1.465994,0.494101,10.436470
Fast,LeadHook,Extend,0.084075,0.005278,1.466193,0.493458,10.338370
Fast,LeadHook,Extend,0.084550,0.010093,1.466389,0.492815,10.235890
Fast,LeadHook,Extend,0.085025,0.014857,1.466583,0.492172,10.128740
Fast,LeadHook,Extend,0.085500,0.019568,1.466774,0.491531,10.017850
Fast,LeadHook,Extend,0.085975,0.024224,1.466963,0.490891,9.902279
Fast,LeadHook,Extend,0.086450,0.028824,1.467149,0.490254,9.783026
Fast,LeadHook,Extend,0.086925,0.033364,1.467332,0.489621,9.659556
Fast,LeadHook,Extend,0.087400,0.037845,1.467512,0.488992,9.532111
Fast,LeadHook,Extend,0.087875,0.042263,1.467690,0.488369,9.400807
Fast,LeadHook,Extend,0.088350,0.046617,1.467865,0.487750,9.266132
Fast,LeadHook,Extend,0.088825,0.050905,1.468038,0.487139,9.127289
Fast,LeadHook,Extend,0.089300,0.055127,1.468207,0.486534,8.985219
Fast,LeadHook,Extend,0.089775,0.059280,1.468373,0.485936,8.839447
Fast,LeadHook,Extend,0.090250,0.063362,1.468537,0.485347,8.690396
Fast,LeadHook,Extend,0.090725,0.067372,1.468697,0.484766,8.537844
Fast,LeadHook,Extend,0.091200,0.071310,1.468855,0.484194,8.382296
Fast,LeadHook,Extend,0.091675,0.075172,1.469009,0.483632,8.223474
Fast,LeadHook,Extend,0.092150,0.078958,1.469160,0.483080,8.061557
Fast,LeadHook,Extend,0.092625,0.082667,1.469308,0.482539,7.896633
Fast,LeadHook,Extend,0.093100,0.086297,1.469453,0.482008,7.728543
Fast,LeadHook,Extend,0.093575,0.089846,1.469595,0.481488,7.558068
Fast,LeadHook,Extend,0.094050,0.093314,1.469733,0.480980,7.384414
Fast,LeadHook,Extend,0.094525,0.096699,1.469868,0.480484,7.208209
Fast,LeadHook,Extend,0.095000,0.100000,1.470000,0.480000,7.029217
Fast,LeadHook,Recover,0.001300,0.095224,1.470299,0.477015,4.338456
Fast,LeadHook,Recover,0.002600,0.090496,1.470594,0.474060,4.295109
Fast,LeadHook,Recover,0.003900,0.085815,1.470887,0.471134,4.251959
Fast,LeadHook,Recover,0.005200,0.081181,1.471176,0.468238,4.208993
Fast,LeadHook,Recover,0.006500,0.076595,1.471463,0.465372,4.166260
Fast,LeadHook,Recover,0.007800,0.072055,1.471747,0.462535,4.123746
Fast,LeadHook,Recover,0.009100,0.067562,1.472027,0.459727,4.081440
Fast,LeadHook,Recover,0.010400,0.063116,1.472305,0.456947,4.039367
Fast,LeadHook,Recover,0.011700,0.058715,1.472580,0.454197,3.997551
Fast,LeadHook,Recover,0.013000,0.054360,1.472852,0.451475,3.955867
Fast,LeadHook,Recover,0.014300,0.050051,1.473122,0.448782,3.914454
Fast,LeadHook,Recover,0.015600,0.045787,1.473388,0.446117,3.873248
Fast,LeadHook,Recover,0.016900,0.041568,1.473652,0.443480,3.832267
Fast,LeadHook,Recover,0.018200,0.037394,1.473913,0.440871,3.791517
Fast,LeadHook,Recover,0.019500,0.033265,1.474171,0.438291,3.750924
Fast,LeadHook,Recover,0.020800,0.029180,1.474426,0.435738,3.710628
Fast,LeadHook,Recover,0.022100,0.025139,1.474679,0.433212,3.670501
Fast,LeadHook,Recover,0.023400,0.021143,1.474929,0.430714,3.630605
Fast,LeadHook,Recover,0.024700,0.017190,1.475176,0.428244,3.590934
Fast,LeadHook,Recover,0.026000,0.013280,1.475420,0.425800,3.551450
Fast,LeadHook,Recover,0.027300,0.009414,1.475662,0.423384,3.512217
Fast,LeadHook,Recover,0.028600,0.005590,1.475901,0.420994,3.473204
Fast,LeadHook,Recover,0.029900,0.001809,1.476137,0.418631,3.434407
Fast,LeadHook,Recover,0.031200,-0.001929,1.476371,0.416294,3.395790
Fast,LeadHook,Recover,0.032500,-0.005625,1.476602,0.413984,3.357449
Fast,LeadHook,Recover,0.033800,-0.009279,1.476830,0.411701,3.319268
Fast,LeadHook,Recover,0.035100,-0.012891,1.477056,0.409443,3.281348
Fast,LeadHook,Recover,0.036400,-0.016462,1.477279,0.407211,3.243643
Fast,LeadHook,Recover,0.037700,-0.019992,1.477499,0.405005,3.206110
Fast,LeadHook,Recover,0.039000,-0.023480,1.477718,0.402825,3.168862
Fast,LeadHook,Recover,0.040300,-0.026928,1.477933,0.400670,3.131797
Fast,LeadHook,Recover,0.041600,-0.030335,1.478146,0.398541,3.094937
Fast,LeadHook,Recover,0.042900,-0.033701,1.478356,0.396437,3.058324
Fast,LeadHook,Recover,0.044200,-0.037028,1.478564,0.394357,3.021920
Fast,LeadHook,Recover,0.045500,-0.040315,1.478770,0.392303,2.985719
Fast,LeadHook,Recover,0.046800,-0.043562,1.478973,0.390274,2.949740
Fast,LeadHook,Recover,0.048100,-0.046770,1.479173,0.388269,2.914003
Fast,LeadHook,Recover,0.049400,-0.049939,1.479371,0.386288,2.878463
Fast,LeadHook,Recover,0.050700,-0.053069,1.479567,0.384332,2.843131
Fast,LeadHook,Recover,0.052000,-0.056160,1.479760,0.382400,2.808047
Fast,LeadHook,Recover,0.053300,-0.059213,1.479951,0.380492,2.773154
Fast,LeadHook,Recover,0.054600,-0.062228,1.480139,0.378608,2.738495
Fast,LeadHook,Recover,0.055900,-0.065204,1.480325,0.376747,2.704051
Fast,LeadHook,Recover,0.057200,-0.068143,1.480509,0.374910,2.669833
Fast,LeadHook,Recover,0.058500,-0.071045,1.480690,0.373097,2.635808
Fast,LeadHook,Recover,0.059800,-0.073909,1.480869,0.371307,2.602012
Fast,LeadHook,Recover,0.061100,-0.076737,1.481046,0.369539,2.568459
Fast,LeadHook,Recover,0.062400,-0.079528,1.481220,0.367795,2.535076
Fast,LeadHook,Recover,0.063700,-0.082282,1.481393,0.366074,2.501960
Fast,LeadHook,Recover,0.065000,-0.085000,1.481562,0.364375,2.469033
Fast,LeadHook,Recover,0.066300,-0.087682,1.481730,0.362699,2.436317
Fast,LeadHook,Recover,0.067600,-0.090328,1.481896,0.361045,2.403846
Fast,LeadHook,Recover,0.068900,-0.092939,1.482059,0.359413,2.371582
Fast,LeadHook,Recover,0.070200,-0.095515,1.482220,0.357803,2.339538
Fast,LeadHook,Recover,0.071500,-0.098055,1.482378,0.356216,2.307703
Fast,LeadHook,Recover,0.072800,-0.100561,1.482535,0.354650,2.276080
Fast,LeadHook,Recover,0.074100,-0.103032,1.482689,0.353105,2.244681
Fast,LeadHook,Recover,0.075400,-0.105469,1.482842,0.351582,2.213545
Fast,LeadHook,Recover,0.076700,-0.107871,1.482992,0.350081,2.182550
Fast,LeadHook,Recover,0.078000,-0.110240,1.483140,0.348600,2.151819
Fast,LeadHook,Recover,0.079300,-0.112575,1.483286,0.347141,2.121317
Fast,LeadHook,Recover,0.080600,-0.114877,1.483430,0.345702,2.091008
Fast,LeadHook,Recover,0.081900,-0.117146,1.483572,0.344284,2.060891
Fast,LeadHook,Recover,0.083200,-0.119382,1.483711,0.342886,2.031051
Fast,LeadHook,Recover,0.084500,-0.121585,1.483849,0.341509,2.001381
Fast,LeadHook,Recover,0.085800,-0.123756,1.483985,0.340153,1.971977
Fast,LeadHook,Recover,0.087100,-0.125895,1.484118,0.338816,1.942763
Fast,LeadHook,Recover,0.088400,-0.128001,1.484250,0.337499,1.913738
Fast,LeadHook,Recover,0.089700,-0.130076,1.484380,0.336202,1.884968
Fast,LeadHook,Recover,0.091000,-0.132120,1.484508,0.334925,1.856421
Fast,LeadHook,Recover,0.092300,-0.134133,1.484633,0.333667,1.828088
Fast,LeadHook,Recover,0.093600,-0.136114,1.484757,0.332429,1.799947
Fast,LeadHook,Recover,0.094900,-0.138065,1.484879,0.331210,1.772043
Fast,LeadHook,Recover,0.096200,-0.139985,1.484999,0.330009,1.744348
Fast,LeadHook,Recover,0.097500,-0.141875,1.485117,0.328828,1.716871
Fast,LeadHook,Recover,0.098800,-0.143735,1.485233,0.327666,1.689656
Fast,LeadHook,Recover,0.100100,-0.145565,1.485348,0.326522,1.662597
Fast,LeadHook,Recover,0.101400,-0.147366,1.485460,0.325396,1.635756
Fast,LeadHook,Recover,0.102700,-0.149138,1.485571,0.324289,1.609226
Fast,LeadHook,Recover,0.104000,-0.150880,1.485680,0.323200,1.582800
Fast,LeadHook,Recover,0.105300,-0.152594,1.485787,0.322129,1.556639
Fast,LeadHook,Recover,0.106600,-0.154279,1.485892,0.321076,1.530708
Fast,LeadHook,Recover,0.107900,-0.155936,1.485996,0.320040,1.504990
Fast,LeadHook,Recover,0.109200,-0.157564,1.486098,0.319022,1.479474
Fast,LeadHook,Recover,0.110500,-0.159165,1.486198,0.318022,1.454184
Fast,LeadHook,Recover,0.111800,-0.160738,1.486296,0.317039,1.429105
Fast,LeadHook,Recover,0.113100,-0.162284,1.486393,0.316072,1.404247
Fast,LeadHook,Recover,0.114400,-0.163803,1.486488,0.315123,1.379626
Fast,LeadHook,Recover,0.115700,-0.165295,1.486581,0.314191,1.355219
Fast,LeadHook,Recover,0.117000,-0.166760,1.486673,0.313275,1.330984
Fast,LeadHook,Recover,0.118300,-0.168199,1.486762,0.312376,1.307036
Fast,LeadHook,Recover,0.119600,-0.169612,1.486851,0.311493,1.283248
Fast,LeadHook,Recover,0.120900,-0.170998,1.486937,0.310626,1.259743
Fast,LeadHook,Recover,0.122200,-0.172359,1.487023,0.309775,1.236351
Fast,LeadHook,Recover,0.123500,-0.173695,1.487106,0.308941,1.213300
Fast,LeadHook,Recover,0.124800,-0.175005,1.487188,0.308122,1.190376
Fast,LeadHook,Recover,0.126100,-0.176291,1.487268,0.307318,1.167716
Fast,LeadHook,Recover,0.127400,-0.177552,1.487347,0.306530,1.145277
Fast,LeadHook,Recover,0.128700,-0.178788,1.487424,0.305758,1.122998
Fast,LeadHook,Recover,0.130000,-0.180000,1.487500,0.305000,1.100989
Fast,LeadHook,Recover,0.131300,-0.181188,1.487574,0.304258,1.079200
Fast,LeadHook,Recover,0.132600,-0.182352,1.487647,0.303530,1.057628
Fast,LeadHook,Recover,0.133900,-0.183493,1.487718,0.302817,1.036244
Fast,LeadHook,Recover,0.135200,-0.184611,1.487788,0.302118,1.015115
Fast,LeadHook,Recover,0.136500,-0.185705,1.487857,0.301434,0.994169
Fast,LeadHook,Recover,0.137800,-0.186777,1.487924,0.300765,0.973465
Fast,LeadHook,Recover,0.139100,-0.187826,1.487989,0.300109,0.952955
Fast,LeadHook,Recover,0.140400,-0.188853,1.488053,0.299467,0.932705
Fast,LeadHook,Recover,0.141700,-0.189857,1.488116,0.298839,0.912629
Fast,LeadHook,Recover,0.143000,-0.190840,1.488178,0.298225,0.892801
Fast,LeadHook,Recover,0.144300,-0.191801,1.488238,0.297624,0.873185
Fast,LeadHook,Recover,0.145600,-0.192741,1.488296,0.297037,0.853786
Fast,LeadHook,Recover,0.146900,-0.193660,1.488354,0.296463,0.834579
Fast,LeadHook,Recover,0.148200,-0.194558,1.488410,0.295901,0.815628
Fast,LeadHook,Recover,0.149500,-0.195435,1.488465,0.295353,0.796855
Fast,LeadHook,Recover,0.150800,-0.196292,1.488518,0.294818,0.778355
Fast,LeadHook,Recover,0.152100,-0.197129,1.488571,0.294295,0.760029
Fast,LeadHook,Recover,0.153400,-0.197945,1.488622,0.293784,0.741938
Fast,LeadHook,Recover,0.154700,-0.198742,1.488671,0.293286,0.724066
Fast,LeadHook,Recover,0.156000,-0.199520,1.488720,0.292800,0.706381
Fast,LeadHook,Recover,0.157300,-0.200278,1.488767,0.292326,0.688958
Fast,LeadHook,Recover,0.158600,-0.201018,1.488814,0.291864,0.671738
Fast,LeadHook,Recover,0.159900,-0.201739,1.488859,0.291413,0.654720
Fast,LeadHook,Recover,0.161200,-0.202441,1.488903,0.290974,0.637940
Fast,LeadHook,Recover,0.162500,-0.203125,1.488945,0.290547,0.621391
Fast,LeadHook,Recover,0.163800,-0.203791,1.488987,0.290131,0.605030
Fast,LeadHook,Recover,0.165100,-0.204439,1.489028,0.289725,0.588872
Fast,LeadHook,Recover,0.166400,-0.205070,1.489067,0.289331,0.572975
Fast,LeadHook,Recover,0.167700,-0.205684,1.489105,0.288948,0.557272
Fast,LeadHook,Recover,0.169000,-0.206280,1.489143,0.288575,0.541814
Fast,LeadHook,Recover,0.170300,-0.206860,1.489179,0.288213,0.526529
Fast,LeadHook,Recover,0.171600,-0.207423,1.489214,0.287861,0.511489
Fast,LeadHook,Recover,0.172900,-0.207970,1.489248,0.287519,0.496674
Fast,LeadHook,Recover,0.174200,-0.208500,1.489281,0.287187,0.482066
Fast,LeadHook,Recover,0.175500,-0.209015,1.489313,0.286866,0.467681
Fast,LeadHook,Recover,0.176800,-0.209514,1.489345,0.286554,0.453488
Fast,LeadHook,Recover,0.178100,-0.209998,1.489375,0.286251,0.439547
Fast,LeadHook,Recover,0.179400,-0.210467,1.489404,0.285958,0.425822
Fast,LeadHook,Recover,0.180700,-0.210921,1.489433,0.285675,0.412298
Fast,LeadHook,Recover,0.182000,-0.211360,1.489460,0.285400,0.398986
Fast,LeadHook,Recover,0.183300,-0.211785,1.489487,0.285135,0.385940
Fast,LeadHook,Recover,0.184600,-0.212196,1.489512,0.284878,0.373045
Fast,LeadHook,Recover,0.185900,-0.212592,1.489537,0.284630,0.360415
Fast,LeadHook,Recover,0.187200,-0.212975,1.489561,0.284390,0.347997
Fast,LeadHook,Recover,0.188500,-0.213345,1.489584,0.284159,0.335755
Fast,LeadHook,Recover,0.189800,-0.213701,1.489606,0.283937,0.323804
Fast,LeadHook,Recover,0.191100,-0.214045,1.489628,0.283722,0.312003
Fast,LeadHook,Recover,0.192400,-0.214376,1.489648,0.283515,0.300472
Fast,LeadHook,Recover,0.193700,-0.214694,1.489668,0.283316,0.289108
Fast,LeadHook,Recover,0.195000,-0.215000,1.489688,0.283125,0.278014
Fast,LeadHook,Recover,0.196300,-0.215294,1.489706,0.282941,0.267091
Fast,LeadHook,Recover,0.197600,-0.215576,1.489724,0.282765,0.256426
Fast,LeadHook,Recover,0.198900,-0.215847,1.489740,0.282596,0.245948
Fast,LeadHook,Recover,0.200200,-0.216107,1.489757,0.282433,0.235718
Fast,LeadHook,Recover,0.201500,-0.216355,1.489772,0.282278,0.225671
Fast,LeadHook,Recover,0.202800,-0.216593,1.489787,0.282130,0.215865
Fast,LeadHook,Recover,0.204100,-0.216820,1.489801,0.281988,0.206285
Fast,LeadHook,Recover,0.205400,-0.217037,1.489815,0.281852,0.196896
Fast,LeadHook,Recover,0.206700,-0.217243,1.489828,0.281723,0.187743
Fast,LeadHook,Recover,0.208000,-0.217440,1.489840,0.281600,0.178808
Fast,LeadHook,Recover,0.209300,-0.217627,1.489852,0.281483,0.170094
Fast,LeadHook,Recover,0.210600,-0.217805,1.489863,0.281372,0.161574
Fast,LeadHook,Recover,0.211900,-0.217974,1.489873,0.281266,0.153307
Fast,LeadHook,Recover,0.213200,-0.218134,1.489883,0.281166,0.145221
Fast,LeadHook,Recover,0.214500,-0.218285,1.489893,0.281072,0.137410
Fast,LeadHook,Recover,0.215800,-0.218428,1.489902,0.280983,0.129742
Fast,LeadHook,Recover,0.217100,-0.218563,1.489910,0.280898,0.122341
Fast,LeadHook,Recover,0.218400,-0.218689,1.489918,0.280819,0.115129
Fast,LeadHook,Recover,0.219700,-0.218808,1.489926,0.280745,0.108194
Fast,LeadHook,Recover,0.221000,-0.218920,1.489933,0.280675,0.101411
Fast,LeadHook,Recover,0.222300,-0.219024,1.489939,0.280610,0.094871
Fast,LeadHook,Recover,0.223600,-0.219122,1.489945,0.280549,0.088538
Fast,LeadHook,Recover,0.224900,-0.219213,1.489951,0.280492,0.082452
Fast,LeadHook,Recover,0.226200,-0.219297,1.489956,0.280439,0.076543
Fast,LeadHook,Recover,0.227500,-0.219375,1.489961,0.280391,0.070904
Fast,LeadHook,Recover,0.228800,-0.219447,1.489965,0.280346,0.065449
Fast,LeadHook,Recover,0.230100,-0.219513,1.489970,0.280304,0.060209
Fast,LeadHook,Recover,0.231400,-0.219574,1.489973,0.280266,0.055196
Fast,LeadHook,Recover,0.232700,-0.219630,1.489977,0.280232,0.050379
Fast,LeadHook,Recover,0.234000,-0.219680,1.489980,0.280200,0.045829
Fast,LeadHook,Recover,0.235300,-0.219726,1.489983,0.280172,0.041459
Fast,LeadHook,Recover,0.236600,-0.219767,1.489985,0.280146,0.037307
Fast,LeadHook,Recover,0.237900,-0.219804,1.489988,0.280123,0.033403
Fast,LeadHook,Recover,0.239200,-0.219836,1.489990,0.280102,0.029680
Fast,LeadHook,Recover,0.240500,-0.219865,1.489992,0.280084,0.026195
Fast,LeadHook,Recover,0.241800,-0.219890,1.489993,0.280069,0.022915
Fast,LeadHook,Recover,0.243100,-0.219912,1.489995,0.280055,0.019896
Fast,LeadHook,Recover,0.244400,-0.219931,1.489996,0.280043,0.017028
Fast,LeadHook,Recover,0.245700,-0.219947,1.489997,0.280033,0.014448
Fast,LeadHook,Recover,0.247000,-0.219960,1.489998,0.280025,0.012014
Fast,LeadHook,Recover,0.248300,-0.219971,1.489998,0.280018,0.009840
Fast,LeadHook,Recover,0.249600,-0.219980,1.489999,0.280013,0.007867
Fast,LeadHook,Recover,0.250900,-0.219986,1.489999,0.280009,0.006169
Fast,LeadHook,Recover,0.252200,-0.219991,1.489999,0.280005,0.004609
Fast,LeadHook,Recover,0.253500,-0.219995,1.490000,0.280003,0.003310
Fast,LeadHook,Recover,0.254800,-0.219997,1.490000,0.280002,0.002202
Fast,LeadHook,Recover,0.256100,-0.219999,1.490000,0.280001,0.001349
Fast,LeadHook,Recover,0.257400,-0.220000,1.490000,0.280000,0.000696
Fast,LeadHook,Recover,0.258700,-0.220000,1.490000,0.280000,0.000258
Fast,LeadHook,Recover,0.260000,-0.220000,1.490000,0.280000,0.000041
Legacy,RearHook,Commit,0.000450,0.220014,1.459996,0.279998,0.031970
Legacy,RearHook,Commit,0.000900,0.220054,1.459982,0.279991,0.095280
Legacy,RearHook,Commit,0.001350,0.220120,1.459960,0.279980,0.157979
Legacy,RearHook,Commit,0.001800,0.220213,1.459929,0.279965,0.220161
Legacy,RearHook,Commit,0.002250,0.220332,1.459889,0.279945,0.281670
Legacy,RearHook,Commit,0.002700,0.220476,1.459841,0.279921,0.342487
Legacy,RearHook,Commit,0.003150,0.220646,1.459785,0.279892,0.402663
Legacy,RearHook,Commit,0.003600,0.220841,1.459720,0.279860,0.462145
Legacy,RearHook,Commit,0.004050,0.221061,1.459646,0.279823,0.521121
Legacy,RearHook,Commit,0.004500,0.221305,1.459565,0.279783,0.579331
Legacy,RearHook,Commit,0.004950,0.221574,1.459476,0.279738,0.637035
Legacy,RearHook,Commit,0.005400,0.221866,1.459378,0.279689,0.693962
Legacy,RearHook,Commit,0.005850,0.222183,1.459273,0.279636,0.750363
Legacy,RearHook,Commit,0.006300,0.222523,1.459159,0.279580,0.806008
Legacy,RearHook,Commit,0.006750,0.222886,1.459038,0.279519,0.861188
Legacy,RearHook,Commit,0.007200,0.223272,1.458910,0.279455,0.915509
Legacy,RearHook,Commit,0.007650,0.223680,1.458773,0.279387,0.969303
Legacy,RearHook,Commit,0.008100,0.224112,1.458629,0.279315,1.022528
Legacy,RearHook,Commit,0.008550,0.224565,1.458478,0.279239,1.074946
Legacy,RearHook,Commit,0.009000,0.225040,1.458320,0.279160,1.126878
Legacy,RearHook,Commit,0.009450,0.225537,1.458154,0.279077,1.178045
Legacy,RearHook,Commit,0.009900,0.226055,1.457982,0.278991,1.228673
Legacy,RearHook,Commit,0.010350,0.226594,1.457802,0.278901,1.278568
Legacy,RearHook,Commit,0.010800,0.227154,1.457615,0.278808,1.327925
Legacy,RearHook,Commit,0.011250,0.227734,1.457422,0.278711,1.376557
Legacy,RearHook,Commit,0.011700,0.228335,1.457222,0.278611,1.424621
Legacy,RearHook,Commit,0.012150,0.228956,1.457015,0.278507,1.471909
Legacy,RearHook,Commit,0.012600,0.229596,1.456801,0.278401,1.518742
Legacy,RearHook,Commit,0.013050,0.230256,1.456581,0.278291,1.564810
Legacy,RearHook,Commit,0.013500,0.230935,1.456355,0.278178,1.610257
Legacy,RearHook,Commit,0.013950,0.231633,1.456122,0.278061,1.655156
Legacy,RearHook,Commit,0.014400,0.232349,1.455884,0.277942,1.699289
Legacy,RearHook,Commit,0.014850,0.233084,1.455639,0.277819,1.742751
Legacy,RearHook,Commit,0.015300,0.233837,1.455388,0.277694,1.785767
Legacy,RearHook,Commit,0.015750,0.234608,1.455131,0.277565,1.827966
Legacy,RearHook,Commit,0.016200,0.235397,1.454868,0.277434,1.869628
Legacy,RearHook,Commit,0.016650,0.236202,1.454599,0.277300,1.910555
Legacy,RearHook,Commit,0.017100,0.237025,1.454325,0.277163,1.950955
Legacy,RearHook,Commit,0.017550,0.237864,1.454045,0.277023,1.990620
Legacy,RearHook,Commit,0.018000,0.238720,1.453760,0.276880,2.029685
Legacy,RearHook,Commit,0.018450,0.239592,1.453469,0.276735,2.068079
Legacy,RearHook,Commit,0.018900,0.240480,1.453173,0.276587,2.105862
Legacy,RearHook,Commit,0.019350,0.241384,1.452872,0.276436,2.143044
Legacy,RearHook,Commit,0.019800,0.242303,1.452566,0.276283,2.179524
Legacy,RearHook,Commit,0.020250,0.243237,1.452254,0.276127,2.215363
Legacy,RearHook,Commit,0.020700,0.244186,1.451938,0.275969,2.250632
Legacy,RearHook,Commit,0.021150,0.245150,1.451617,0.275808,2.285136
Legacy,RearHook,Commit,0.021600,0.246127,1.451291,0.275645,2.319062
Legacy,RearHook,Commit,0.022050,0.247119,1.450960,0.275480,2.352438
Legacy,RearHook,Commit,0.022500,0.248125,1.450625,0.275313,2.385050
Legacy,RearHook,Commit,0.022950,0.249144,1.450285,0.275143,2.417092
Legacy,RearHook,Commit,0.023400,0.250177,1.449941,0.274971,2.448442
Legacy,RearHook,Commit,0.023850,0.251222,1.449593,0.274796,2.479192
Legacy,RearHook,Commit,0.024300,0.252280,1.449240,0.274620,2.509290
Legacy,RearHook,Commit,0.024750,0.253351,1.448883,0.274442,2.538684
Legacy,RearHook,Commit,0.025200,0.254433,1.448522,0.274261,2.567531
Legacy,RearHook,Commit,0.025650,0.255528,1.448157,0.274079,2.595788
Legacy,RearHook,Commit,0.026100,0.256634,1.447789,0.273894,2.623248
Legacy,RearHook,Commit,0.026550,0.257751,1.447416,0.273708,2.650130
Legacy,RearHook,Commit,0.027000,0.258880,1.447040,0.273520,2.676349
Legacy,RearHook,Commit,0.027450,0.260019,1.446660,0.273330,2.702051
Legacy,RearHook,Commit,0.027900,0.261169,1.446277,0.273139,2.726978
Legacy,RearHook,Commit,0.028350,0.262329,1.445890,0.272945,2.751253
Legacy,RearHook,Commit,0.028800,0.263500,1.445500,0.272750,2.775063
Legacy,RearHook,Commit,0.029250,0.264679,1.445107,0.272553,2.798024
Legacy,RearHook,Commit,0.029700,0.265869,1.444710,0.272355,2.820541
Legacy,RearHook,Commit,0.030150,0.267067,1.444311,0.272156,2.842199
Legacy,RearHook,Commit,0.030600,0.268275,1.443909,0.271954,2.863330
Legacy,RearHook,Commit,0.031050,0.269491,1.443503,0.271752,2.883954
Legacy,RearHook,Commit,0.031500,0.270715,1.443095,0.271548,2.903647
Legacy,RearHook,Commit,0.031950,0.271948,1.442684,0.271342,2.922967
Legacy,RearHook,Commit,0.032400,0.273188,1.442271,0.271135,2.941491
Legacy,RearHook,Commit,0.032850,0.274436,1.441855,0.270927,2.959364
Legacy,RearHook,Commit,0.033300,0.275691,1.441436,0.270718,2.976720
Legacy,RearHook,Commit,0.033750,0.276953,1.441016,0.270508,2.993351
Legacy,RearHook,Commit,0.034200,0.278222,1.440593,0.270296,3.009414
Legacy,RearHook,Commit,0.034650,0.279498,1.440168,0.270084,3.024670
Legacy,RearHook,Commit,0.035100,0.280779,1.439740,0.269870,3.039491
Legacy,RearHook,Commit,0.035550,0.282067,1.439311,0.269656,3.053496
Legacy,RearHook,Commit,0.036000,0.283360,1.438880,0.269440,3.067014
Legacy,RearHook,Commit,0.036450,0.284659,1.438447,0.269224,3.079870
Legacy,RearHook,Commit,0.036900,0.285962,1.438013,0.269006,3.091868
Legacy,RearHook,Commit,0.037350,0.287271,1.437576,0.268788,3.103473
Legacy,RearHook,Commit,0.037800,0.288584,1.437139,0.268569,3.114374
Legacy,RearHook,Commit,0.038250,0.289902,1.436699,0.268350,3.124707
Legacy,RearHook,Commit,0.038700,0.291224,1.436259,0.268129,3.134202
Legacy,RearHook,Commit,0.039150,0.292549,1.435817,0.267909,3.143149
Legacy,RearHook,Commit,0.039600,0.293878,1.435374,0.267687,3.151495
Legacy,RearHook,Commit,0.040050,0.295210,1.434930,0.267465,3.159201
Legacy,RearHook,Commit,0.040500,0.296545,1.434485,0.267243,3.166245
Legacy,RearHook,Commit,0.040950,0.297883,1.434039,0.267020,3.172698
Legacy,RearHook,Commit,0.041400,0.299223,1.433592,0.266796,3.178304
Legacy,RearHook,Commit,0.041850,0.300566,1.433145,0.266572,3.183610
Legacy,RearHook,Commit,0.042300,0.301910,1.432697,0.266348,3.187965
Legacy,RearHook,Commit,0.042750,0.303256,1.432248,0.266124,3.191812
Legacy,RearHook,Commit,0.043200,0.304603,1.431799,0.265900,3.195163
Legacy,RearHook,Commit,0.043650,0.305951,1.431350,0.265675,3.197553
Legacy,RearHook,Commit,0.044100,0.307300,1.430900,0.265450,3.199508
Legacy,RearHook,Commit,0.044550,0.308650,1.430450,0.265225,3.200821
Legacy,RearHook,Commit,0.045000,0.310000,1.430000,0.265000,3.201483
Legacy,RearHook,Commit,0.045450,0.311350,1.429550,0.264775,3.201473
Legacy,RearHook,Commit,0.045900,0.312700,1.429100,0.264550,3.200821
Legacy,RearHook,Commit,0.046350,0.314049,1.428650,0.264325,3.199508
Legacy,RearHook,Commit,0.046800,0.315397,1.428201,0.264101,3.197553
Legacy,RearHook,Commit,0.047250,0.316744,1.427752,0.263876,3.195163
Legacy,RearHook,Commit,0.047700,0.318090,1.427303,0.263652,3.191750
Legacy,RearHook,Commit,0.048150,0.319435,1.426855,0.263428,3.188089
Legacy,RearHook,Commit,0.048600,0.320777,1.426408,0.263204,3.183548
Legacy,RearHook,Commit,0.049050,0.322117,1.425961,0.262981,3.178367
Legacy,RearHook,Commit,0.049500,0.323455,1.425515,0.262758,3.172636
Legacy,RearHook,Commit,0.049950,0.324790,1.425070,0.262535,3.166245
Legacy,RearHook,Commit,0.050400,0.326122,1.424626,0.262313,3.159201
Legacy,RearHook,Commit,0.050850,0.327451,1.424183,0.262092,3.151495
Legacy,RearHook,Commit,0.051300,0.328777,1.423741,0.261871,3.143149
Legacy,RearHook,Commit,0.051750,0.330098,1.423301,0.261650,3.134202
Legacy,RearHook,Commit,0.052200,0.331416,1.422861,0.261431,3.124707
Legacy,RearHook,Commit,0.052650,0.332729,1.422424,0.261212,3.114374
Legacy,RearHook,Commit,0.053100,0.334038,1.421988,0.260994,3.103411
Legacy,RearHook,Commit,0.053550,0.335341,1.421553,0.260776,3.091992
Legacy,RearHook,Commit,0.054000,0.336640,1.421120,0.260560,3.079808
Legacy,RearHook,Commit,0.054450,0.337933,1.420689,0.260344,3.067014
Legacy,RearHook,Commit,0.054900,0.339221,1.420260,0.260130,3.053496
Legacy,RearHook,Commit,0.055350,0.340503,1.419833,0.259916,3.039491
Legacy,RearHook,Commit,0.055800,0.341778,1.419407,0.259704,3.024670
Legacy,RearHook,Commit,0.056250,0.343047,1.418984,0.259492,3.009414
Legacy,RearHook,Commit,0.056700,0.344309,1.418564,0.259282,2.993351
Legacy,RearHook,Commit,0.057150,0.345564,1.418145,0.259073,2.976720
Legacy,RearHook,Commit,0.057600,0.346812,1.417729,0.258865,2.959364
Legacy,RearHook,Commit,0.058050,0.348053,1.417316,0.258658,2.941481
Legacy,RearHook,Commit,0.058500,0.349285,1.416905,0.258453,2.922977
Legacy,RearHook,Commit,0.058950,0.350509,1.416497,0.258248,2.903647
Legacy,RearHook,Commit,0.059400,0.351726,1.416092,0.258046,2.883954
Legacy,RearHook,Commit,0.059850,0.352933,1.415689,0.257845,2.863330
Legacy,RearHook,Commit,0.060300,0.354131,1.415290,0.257645,2.842261
Legacy,RearHook,Commit,0.060750,0.355321,1.414893,0.257447,2.820479
Legacy,RearHook,Commit,0.061200,0.356501,1.414500,0.257250,2.798024
Legacy,RearHook,Commit,0.061650,0.357671,1.414110,0.257055,2.775001
Legacy,RearHook,Commit,0.062100,0.358831,1.413723,0.256862,2.751377
Legacy,RearHook,Commit,0.062550,0.359981,1.413340,0.256670,2.726916
Legacy,RearHook,Commit,0.063000,0.361120,1.412960,0.256480,2.702051
Legacy,RearHook,Commit,0.063450,0.362249,1.412584,0.256292,2.676349
Legacy,RearHook,Commit,0.063900,0.363366,1.412211,0.256106,2.650130
Legacy,RearHook,Commit,0.064350,0.364472,1.411843,0.255921,2.623248
Legacy,RearHook,Commit,0.064800,0.365567,1.411478,0.255739,2.595788
Legacy,RearHook,Commit,0.065250,0.366649,1.411117,0.255558,2.567531
Legacy,RearHook,Commit,0.065700,0.367720,1.410760,0.255380,2.538684
Legacy,RearHook,Commit,0.066150,0.368778,1.410407,0.255204,2.509351
Legacy,RearHook,Commit,0.066600,0.369823,1.410059,0.255029,2.479129
Legacy,RearHook,Commit,0.067050,0.370856,1.409715,0.254857,2.448473
Legacy,RearHook,Commit,0.067500,0.371875,1.409375,0.254688,2.417092
Legacy,RearHook,Commit,0.067950,0.372881,1.409040,0.254520,2.384988
Legacy,RearHook,Commit,0.068400,0.373873,1.408709,0.254355,2.352438
Legacy,RearHook,Commit,0.068850,0.374851,1.408383,0.254192,2.319093
Legacy,RearHook,Commit,0.069300,0.375814,1.408062,0.254031,2.285105
Legacy,RearHook,Commit,0.069750,0.376763,1.407746,0.253873,2.250663
Legacy,RearHook,Commit,0.070200,0.377697,1.407434,0.253717,2.215363
Legacy,RearHook,Commit,0.070650,0.378616,1.407128,0.253564,2.179555
Legacy,RearHook,Commit,0.071100,0.379520,1.406827,0.253413,2.143013
Legacy,RearHook,Commit,0.071550,0.380408,1.406531,0.253265,2.105893
Legacy,RearHook,Commit,0.072000,0.381280,1.406240,0.253120,2.068048
Legacy,RearHook,Commit,0.072450,0.382136,1.405955,0.252977,2.029685
Legacy,RearHook,Commit,0.072900,0.382975,1.405675,0.252837,1.990620
Legacy,RearHook,Commit,0.073350,0.383798,1.405401,0.252700,1.950955
Legacy,RearHook,Commit,0.073800,0.384604,1.405132,0.252566,1.910555
Legacy,RearHook,Commit,0.074250,0.385392,1.404869,0.252435,1.869659
Legacy,RearHook,Commit,0.074700,0.386163,1.404613,0.252306,1.827904
Legacy,RearHook,Commit,0.075150,0.386916,1.404361,0.252181,1.785767
Legacy,RearHook,Commit,0.075600,0.387651,1.404117,0.252058,1.742751
Legacy,RearHook,Commit,0.076050,0.388367,1.403878,0.251939,1.699383
Legacy,RearHook,Commit,0.076500,0.389065,1.403645,0.251823,1.655094
Legacy,RearHook,Commit,0.076950,0.389744,1.403419,0.251709,1.610247
Legacy,RearHook,Commit,0.077400,0.390404,1.403199,0.251599,1.564789
Legacy,RearHook,Commit,0.077850,0.391044,1.402985,0.251493,1.518742
Legacy,RearHook,Commit,0.078300,0.391665,1.402779,0.251389,1.471940
Legacy,RearHook,Commit,0.078750,0.392266,1.402578,0.251289,1.424590
Legacy,RearHook,Commit,0.079200,0.392846,1.402385,0.251192,1.376568
Legacy,RearHook,Commit,0.079650,0.393406,1.402198,0.251099,1.327976
Legacy,RearHook,Commit,0.080100,0.393945,1.402018,0.251009,1.278506
Legacy,RearHook,Commit,0.080550,0.394463,1.401846,0.250923,1.228673
Legacy,RearHook,Commit,0.081000,0.394960,1.401680,0.250840,1.178107
Legacy,RearHook,Commit,0.081450,0.395435,1.401522,0.250761,1.126837
Legacy,RearHook,Commit,0.081900,0.395888,1.401371,0.250685,1.074956
Legacy,RearHook,Commit,0.082350,0.396320,1.401227,0.250613,1.022528
Legacy,RearHook,Commit,0.082800,0.396728,1.401091,0.250545,0.969334
Legacy,RearHook,Commit,0.083250,0.397114,1.400962,0.250481,0.915447
Legacy,RearHook,Commit,0.083700,0.397478,1.400841,0.250420,0.861188
Legacy,RearHook,Commit,0.084150,0.397817,1.400728,0.250364,0.806039
Legacy,RearHook,Commit,0.084600,0.398134,1.400622,0.250311,0.750332
Legacy,RearHook,Commit,0.085050,0.398426,1.400525,0.250262,0.693962
Legacy,RearHook,Commit,0.085500,0.398695,1.400435,0.250218,0.637003
Legacy,RearHook,Commit,0.085950,0.398939,1.400354,0.250177,0.579393
Legacy,RearHook,Commit,0.086400,0.399159,1.400280,0.250140,0.521152
Legacy,RearHook,Commit,0.086850,0.399354,1.400216,0.250108,0.462145
Legacy,RearHook,Commit,0.087300,0.399524,1.400159,0.250079,0.402663
Legacy,RearHook,Commit,0.087750,0.399668,1.400111,0.250055,0.342456
Legacy,RearHook,Commit,0.088200,0.399787,1.400071,0.250036,0.281639
Legacy,RearHook,Commit,0.088650,0.399880,1.400040,0.250020,0.220192
Legacy,RearHook,Commit,0.089100,0.399946,1.400018,0.250009,0.158010
Legacy,RearHook,Commit,0.089550,0.399987,1.400005,0.250002,0.095311
Legacy,RearHook,Commit,0.090000,0.400000,1.400000,0.250000,0.031908
Legacy,RearHook,Extend,0.000700,0.400000,1.400005,0.250045,0.065274
Legacy,RearHook,Extend,0.001400,0.400001,1.400021,0.250181,0.194870
Legacy,RearHook,Extend,0.002100,0.400002,1.400047,0.250406,0.323137
Legacy,RearHook,Extend,0.002800,0.400003,1.400083,0.250719,0.450219
Legacy,RearHook,Extend,0.003500,0.400005,1.400129,0.251119,0.575886
Legacy,RearHook,Extend,0.004200,0.400007,1.400185,0.251606,0.700287
Legacy,RearHook,Extend,0.004900,0.400010,1.400251,0.252179,0.823292
Legacy,RearHook,Extend,0.005600,0.400012,1.400327,0.252836,0.945032
Legacy,RearHook,Extend,0.006300,0.400016,1.400413,0.253577,1.065480
Legacy,RearHook,Extend,0.007000,0.400019,1.400508,0.254401,1.184620
Legacy,RearHook,Extend,0.007700,0.400023,1.400612,0.255306,1.302260
Legacy,RearHook,Extend,0.008400,0.400027,1.400726,0.256293,1.418716
Legacy,RearHook,Extend,0.009100,0.400031,1.400849,0.257359,1.533736
Legacy,RearHook,Extend,0.009800,0.400035,1.400981,0.258505,1.647361
Legacy,RearHook,Extend,0.010500,0.400039,1.401122,0.259728,1.759612
Legacy,RearHook,Extend,0.011200,0.400043,1.401272,0.261029,1.870471
Legacy,RearHook,Extend,0.011900,0.400047,1.401431,0.262406,1.979848
Legacy,RearHook,Extend,0.012600,0.400051,1.401599,0.263858,2.087830
Legacy,RearHook,Extend,0.013300,0.400054,1.401775,0.265383,2.194250
Legacy,RearHook,Extend,0.014000,0.400056,1.401960,0.266982,2.299255
Legacy,RearHook,Extend,0.014700,0.400058,1.402153,0.268653,2.402591
Legacy,RearHook,Extend,0.015400,0.400058,1.402355,0.270394,2.504489
Legacy,RearHook,Extend,0.016100,0.400057,1.402564,0.272206,2.604721
Legacy,RearHook,Extend,0.016800,0.400054,1.402782,0.274085,2.703328
Legacy,RearHook,Extend,0.017500,0.400049,1.403008,0.276033,2.800291
Legacy,RearHook,Extend,0.018200,0.400041,1.403242,0.278046,2.895461
Legacy,RearHook,Extend,0.018900,0.400030,1.403483,0.280124,2.988991
Legacy,RearHook,Extend,0.019600,0.400016,1.403732,0.282266,3.080650
Legacy,RearHook,Extend,0.020300,0.399999,1.403988,0.284471,3.170482
Legacy,RearHook,Extend,0.021000,0.399976,1.404253,0.286736,3.258446
Legacy,RearHook,Extend,0.021700,0.399949,1.404524,0.289061,3.344491
Legacy,RearHook,Extend,0.022400,0.399916,1.404803,0.291445,3.428527
Legacy,RearHook,Extend,0.023100,0.399876,1.405088,0.293885,3.510590
Legacy,RearHook,Extend,0.023800,0.399830,1.405381,0.296381,3.590636
Legacy,RearHook,Extend,0.024500,0.399775,1.405681,0.298931,3.668472
Legacy,RearHook,Extend,0.025200,0.399712,1.405988,0.301533,3.744226
Legacy,RearHook,Extend,0.025900,0.399638,1.406301,0.304186,3.817683
Legacy,RearHook,Extend,0.026600,0.399555,1.406621,0.306888,3.889061
Legacy,RearHook,Extend,0.027300,0.399459,1.406947,0.309638,3.958042
Legacy,RearHook,Extend,0.028000,0.399351,1.407280,0.312433,4.024770
Legacy,RearHook,Extend,0.028700,0.399229,1.407619,0.315273,4.089068
Legacy,RearHook,Extend,0.029400,0.399092,1.407965,0.318155,4.151010
Legacy,RearHook,Extend,0.030100,0.398939,1.408316,0.321077,4.210523
Legacy,RearHook,Extend,0.030800,0.398768,1.408673,0.324038,4.267563
Legacy,RearHook,Extend,0.031500,0.398579,1.409037,0.327036,4.322152
Legacy,RearHook,Extend,0.032200,0.398369,1.409406,0.330068,4.374265
Legacy,RearHook,Extend,0.032900,0.398137,1.409780,0.333133,4.423810
Legacy,RearHook,Extend,0.033600,0.397883,1.410161,0.336229,4.470815
Legacy,RearHook,Extend,0.034300,0.397604,1.410546,0.339354,4.515386
Legacy,RearHook,Extend,0.035000,0.397299,1.410938,0.342505,4.557309
Legacy,RearHook,Extend,0.035700,0.396965,1.411334,0.345681,4.596831
Legacy,RearHook,Extend,0.036400,0.396603,1.411735,0.348879,4.633768
Legacy,RearHook,Extend,0.037100,0.396209,1.412142,0.352098,4.668206
Legacy,RearHook,Extend,0.037800,0.395782,1.412553,0.355334,4.700335
Legacy,RearHook,Extend,0.038500,0.395321,1.412970,0.358586,4.729940
Legacy,RearHook,Extend,0.039200,0.394823,1.413391,0.361852,4.757126
Legacy,RearHook,Extend,0.039900,0.394287,1.413816,0.365128,4.782228
Legacy,RearHook,Extend,0.040600,0.393711,1.414247,0.368414,4.804978
Legacy,RearHook,Extend,0.041300,0.393093,1.414681,0.371706,4.825583
Legacy,RearHook,Extend,0.042000,0.392431,1.415120,0.375003,4.844186
Legacy,RearHook,Extend,0.042700,0.391723,1.415563,0.378301,4.860816
Legacy,RearHook,Extend,0.043400,0.390967,1.416010,0.381599,4.875525
Legacy,RearHook,Extend,0.044100,0.390161,1.416461,0.384895,4.888716
Legacy,RearHook,Extend,0.044800,0.389304,1.416917,0.388185,4.900217
Legacy,RearHook,Extend,0.045500,0.388393,1.417375,0.391467,4.910383
Legacy,RearHook,Extend,0.046200,0.387426,1.417838,0.394739,4.919168
Legacy,RearHook,Extend,0.046900,0.386402,1.418304,0.398000,4.927042
Legacy,RearHook,Extend,0.047600,0.385319,1.418774,0.401245,4.933900
Legacy,RearHook,Extend,0.048300,0.384174,1.419246,0.404474,4.940081
Legacy,RearHook,Extend,0.049000,0.382966,1.419723,0.407683,4.945842
Legacy,RearHook,Extend,0.049700,0.381693,1.420202,0.410871,4.951158
Legacy,RearHook,Extend,0.050400,0.380353,1.420684,0.414035,4.956604
Legacy,RearHook,Extend,0.051100,0.378944,1.421170,0.417172,4.962236
Legacy,RearHook,Extend,0.051800,0.377464,1.421658,0.420282,4.968143
Legacy,RearHook,Extend,0.052500,0.375913,1.422148,0.423360,4.974776
Legacy,RearHook,Extend,0.053200,0.374287,1.422642,0.426406,4.982400
Legacy,RearHook,Extend,0.053900,0.372586,1.423138,0.429417,4.991002
Legacy,RearHook,Extend,0.054600,0.370808,1.423636,0.432392,5.001227
Legacy,RearHook,Extend,0.055300,0.368951,1.424137,0.435327,5.012888
Legacy,RearHook,Extend,0.056000,0.367015,1.424640,0.438221,5.026545
Legacy,RearHook,Extend,0.056700,0.364996,1.425145,0.441072,5.042287
Legacy,RearHook,Extend,0.057400,0.362896,1.425652,0.443879,5.060256
Legacy,RearHook,Extend,0.058100,0.360711,1.426161,0.446639,5.080897
Legacy,RearHook,Extend,0.058800,0.358441,1.426672,0.449350,5.104095
Legacy,RearHook,Extend,0.059500,0.356085,1.427184,0.452012,5.130302
Legacy,RearHook,Extend,0.060200,0.353642,1.427698,0.454622,5.159347
Legacy,RearHook,Extend,0.060900,0.351111,1.428213,0.457178,5.191675
Legacy,RearHook,Extend,0.061600,0.348491,1.428730,0.459680,5.227286
Legacy,RearHook,Extend,0.062300,0.345783,1.429248,0.462126,5.266031
Legacy,RearHook,Extend,0.063000,0.342984,1.429768,0.464514,5.308340
Legacy,RearHook,Extend,0.063700,0.340094,1.430288,0.466843,5.353955
Legacy,RearHook,Extend,0.064400,0.337114,1.430809,0.469113,5.402878
Legacy,RearHook,Extend,0.065100,0.334043,1.431331,0.471322,5.455286
Legacy,RearHook,Extend,0.065800,0.330881,1.431854,0.473468,5.510831
Legacy,RearHook,Extend,0.066500,0.327627,1.432377,0.475552,5.569654
Legacy,RearHook,Extend,0.067200,0.324283,1.432901,0.477572,5.631569
Legacy,RearHook,Extend,0.067900,0.320847,1.433426,0.479527,5.696424
Legacy,RearHook,Extend,0.068600,0.317321,1.433950,0.481417,5.764106
Legacy,RearHook,Extend,0.069300,0.313706,1.434475,0.483242,5.834319
Legacy,RearHook,Extend,0.070000,0.310000,1.435000,0.485000,5.907049
Legacy,RearHook,Extend,0.070700,0.306206,1.435525,0.486692,5.981902
Legacy,RearHook,Extend,0.071400,0.302324,1.436050,0.488316,6.058758
Legacy,RearHook,Extend,0.072100,0.298354,1.436575,0.489874,6.137428
Legacy,RearHook,Extend,0.072800,0.294299,1.437099,0.491364,6.217625
Legacy,RearHook,Extend,0.073500,0.290159,1.437623,0.492787,6.298797
Legacy,RearHook,Extend,0.074200,0.285935,1.438146,0.494143,6.381265
Legacy,RearHook,Extend,0.074900,0.281629,1.438669,0.495432,6.464397
Legacy,RearHook,Extend,0.075600,0.277242,1.439191,0.496654,6.547808
Legacy,RearHook,Extend,0.076300,0.272776,1.439712,0.497810,6.631506
Legacy,RearHook,Extend,0.077000,0.268234,1.440233,0.498899,6.715011
Legacy,RearHook,Extend,0.077700,0.263615,1.440752,0.499923,6.798340
Legacy,RearHook,Extend,0.078400,0.258923,1.441270,0.500881,6.880894
Legacy,RearHook,Extend,0.079100,0.254160,1.441787,0.501775,6.962598
Legacy,RearHook,Extend,0.079800,0.249328,1.442302,0.502606,7.043041
Legacy,RearHook,Extend,0.080500,0.244429,1.442816,0.503374,7.122298
Legacy,RearHook,Extend,0.081200,0.239465,1.443328,0.504079,7.199739
Legacy,RearHook,Extend,0.081900,0.234439,1.443839,0.504724,7.275314
Legacy,RearHook,Extend,0.082600,0.229354,1.444348,0.505308,7.348777
Legacy,RearHook,Extend,0.083300,0.224211,1.444855,0.505834,7.419995
Legacy,RearHook,Extend,0.084000,0.219015,1.445360,0.506301,7.488537
Legacy,RearHook,Extend,0.084700,0.213767,1.445863,0.506712,7.554287
Legacy,RearHook,Extend,0.085400,0.208470,1.446364,0.507067,7.617094
Legacy,RearHook,Extend,0.086100,0.203128,1.446862,0.507368,7.676776
Legacy,RearHook,Extend,0.086800,0.197743,1.447358,0.507617,7.733157
Legacy,RearHook,Extend,0.087500,0.192319,1.447852,0.507814,7.785995
Legacy,RearHook,Extend,0.088200,0.186858,1.448342,0.507960,7.835163
Legacy,RearHook,Extend,0.088900,0.181365,1.448831,0.508059,7.880575
Legacy,RearHook,Extend,0.089600,0.175841,1.449316,0.508110,7.921988
Legacy,RearHook,Extend,0.090300,0.170290,1.449798,0.508116,7.959346
Legacy,RearHook,Extend,0.091000,0.164716,1.450278,0.508078,7.992562
Legacy,RearHook,Extend,0.091700,0.159122,1.450754,0.507998,8.021419
Legacy,RearHook,Extend,0.092400,0.153511,1.451227,0.507877,8.045909
Legacy,RearHook,Extend,0.093100,0.147887,1.451696,0.507717,8.065941
Legacy,RearHook,Extend,0.093800,0.142252,1.452162,0.507520,8.081326
Legacy,RearHook,Extend,0.094500,0.136612,1.452625,0.507286,8.092076
Legacy,RearHook,Extend,0.095200,0.130968,1.453084,0.507019,8.098174
Legacy,RearHook,Extend,0.095900,0.125324,1.453539,0.506720,8.099535
Legacy,RearHook,Extend,0.096600,0.119685,1.453990,0.506389,8.096174
Legacy,RearHook,Extend,0.097300,0.114052,1.454437,0.506030,8.087883
Legacy,RearHook,Extend,0.098000,0.108431,1.454880,0.505643,8.074739
Legacy,RearHook,Extend,0.098700,0.102823,1.455319,0.505231,8.056816
Legacy,RearHook,Extend,0.099400,0.097233,1.455753,0.504794,8.034026
Legacy,RearHook,Extend,0.100100,0.091664,1.456184,0.504335,8.006362
Legacy,RearHook,Extend,0.100800,0.086119,1.456609,0.503856,7.973836
Legacy,RearHook,Extend,0.101500,0.080602,1.457030,0.503357,7.936359
Legacy,RearHook,Extend,0.102200,0.075116,1.457447,0.502840,7.894157
Legacy,RearHook,Extend,0.102900,0.069665,1.457858,0.502308,7.847208
Legacy,RearHook,Extend,0.103600,0.064251,1.458265,0.501761,7.795185
Legacy,RearHook,Extend,0.104300,0.058878,1.458666,0.501201,7.738845
Legacy,RearHook,Extend,0.105000,0.053548,1.459063,0.500630,7.677602
Legacy,RearHook,Extend,0.105700,0.048267,1.459454,0.500049,7.611636
Legacy,RearHook,Extend,0.106400,0.043035,1.459839,0.499459,7.541272
Legacy,RearHook,Extend,0.107100,0.037857,1.460220,0.498862,7.466395
Legacy,RearHook,Extend,0.107800,0.032735,1.460594,0.498260,7.386801
Legacy,RearHook,Extend,0.108500,0.027672,1.460963,0.497652,7.303104
Legacy,RearHook,Extend,0.109200,0.022672,1.461327,0.497042,7.214809
Legacy,RearHook,Extend,0.109900,0.017737,1.461684,0.496430,7.122541
Legacy,RearHook,Extend,0.110600,0.012870,1.462036,0.495817,7.025689
Legacy,RearHook,Extend,0.111300,0.008074,1.462381,0.495204,6.925018
Legacy,RearHook,Extend,0.112000,0.003351,1.462720,0.494593,6.820322
Legacy,RearHook,Extend,0.112700,-0.001296,1.463053,0.493985,6.711423
Legacy,RearHook,Extend,0.113400,-0.005863,1.463379,0.493380,6.598791
Legacy,RearHook,Extend,0.114100,-0.010350,1.463699,0.492780,6.482372
Legacy,RearHook,Extend,0.114800,-0.014753,1.464013,0.492186,6.362298
Legacy,RearHook,Extend,0.115500,-0.019069,1.464319,0.491599,6.238478
Legacy,RearHook,Extend,0.116200,-0.023296,1.464619,0.491019,6.110978
Legacy,RearHook,Extend,0.116900,-0.027433,1.464912,0.490447,5.980136
Legacy,RearHook,Extend,0.117600,-0.031476,1.465197,0.489885,5.845934
Legacy,RearHook,Extend,0.118300,-0.035424,1.465476,0.489333,5.708428
Legacy,RearHook,Extend,0.119000,-0.039274,1.465747,0.488791,5.567434
Legacy,RearHook,Extend,0.119700,-0.043024,1.466012,0.488261,5.423494
Legacy,RearHook,Extend,0.120400,-0.046672,1.466268,0.487743,5.276320
Legacy,RearHook,Extend,0.121100,-0.050215,1.466517,0.487237,5.126061
Legacy,RearHook,Extend,0.121800,-0.053653,1.466759,0.486745,4.973083
Legacy,RearHook,Extend,0.122500,-0.056983,1.466992,0.486267,4.817037
Legacy,RearHook,Extend,0.123200,-0.060202,1.467218,0.485803,4.658072
Legacy,RearHook,Extend,0.123900,-0.063310,1.467436,0.485354,4.496532
Legacy,RearHook,Extend,0.124600,-0.066304,1.467645,0.484921,4.332181
Legacy,RearHook,Extend,0.125300,-0.069183,1.467847,0.484503,4.165066
Legacy,RearHook,Extend,0.126000,-0.071944,1.468040,0.484102,3.995519
Legacy,RearHook,Extend,0.126700,-0.074586,1.468225,0.483718,3.823257
Legacy,RearHook,Extend,0.127400,-0.077107,1.468401,0.483350,3.648707
Legacy,RearHook,Extend,0.128100,-0.079506,1.468569,0.483000,3.471489
Legacy,RearHook,Extend,0.128800,-0.081781,1.468728,0.482668,3.291737
Legacy,RearHook,Extend,0.129500,-0.083930,1.468878,0.482354,3.109876
Legacy,RearHook,Extend,0.130200,-0.085951,1.469019,0.482058,2.925450
Legacy,RearHook,Extend,0.130900,-0.087844,1.469151,0.481781,2.738945
Legacy,RearHook,Extend,0.131600,-0.089605,1.469274,0.481523,2.549828
Legacy,RearHook,Extend,0.132300,-0.091235,1.469388,0.481285,2.358573
Legacy,RearHook,Extend,0.133000,-0.092731,1.469493,0.481066,2.165035
Legacy,RearHook,Extend,0.133700,-0.094092,1.469588,0.480866,1.969317
Legacy,RearHook,Extend,0.134400,-0.095316,1.469673,0.480687,1.771358
Legacy,RearHook,Extend,0.135100,-0.096401,1.469749,0.480528,1.571082
Legacy,RearHook,Extend,0.135800,-0.097347,1.469815,0.480389,1.368852
Legacy,RearHook,Extend,0.136500,-0.098151,1.469871,0.480271,1.164047
Legacy,RearHook,Extend,0.137200,-0.098813,1.469917,0.480174,0.957463
Legacy,RearHook,Extend,0.137900,-0.099330,1.469953,0.480098,0.748393
Legacy,RearHook,Extend,0.138600,-0.099701,1.469979,0.480044,0.537197
Legacy,RearHook,Extend,0.139300,-0.099925,1.469995,0.480011,0.324068
Legacy,RearHook,Extend,0.140000,-0.100000,1.470000,0.480000,0.108433
Legacy,RearHook,Recover,0.001400,-0.099976,1.469999,0.479985,0.020148
Legacy,RearHook,Recover,0.002800,-0.099905,1.469997,0.479940,0.060199
Legacy,RearHook,Recover,0.004200,-0.099786,1.469993,0.479866,0.099827
Legacy,RearHook,Recover,0.005600,-0.099621,1.469988,0.479763,0.139078
Legacy,RearHook,Recover,0.007000,-0.099410,1.469982,0.479631,0.177877
Legacy,RearHook,Recover,0.008400,-0.099153,1.469974,0.479471,0.216316
Legacy,RearHook,Recover,0.009800,-0.098851,1.469964,0.479282,0.254333
Legacy,RearHook,Recover,0.011200,-0.098505,1.469953,0.479066,0.291960
Legacy,RearHook,Recover,0.012600,-0.098114,1.469941,0.478821,0.329160
Legacy,RearHook,Recover,0.014000,-0.097680,1.469928,0.478550,0.365943
Legacy,RearHook,Recover,0.015400,-0.097202,1.469913,0.478252,0.402386
Legacy,RearHook,Recover,0.016800,-0.096682,1.469896,0.477926,0.438332
Legacy,RearHook,Recover,0.018200,-0.096120,1.469879,0.477575,0.473992
Legacy,RearHook,Recover,0.019600,-0.095516,1.469860,0.477197,0.509135
Legacy,RearHook,Recover,0.021000,-0.094870,1.469840,0.476794,0.543929
Legacy,RearHook,Recover,0.022400,-0.094184,1.469818,0.476365,0.578271
Legacy,RearHook,Recover,0.023800,-0.093457,1.469796,0.475911,0.612298
Legacy,RearHook,Recover,0.025200,-0.092691,1.469772,0.475432,0.645838
Legacy,RearHook,Recover,0.026600,-0.091885,1.469746,0.474928,0.679012
Legacy,RearHook,Recover,0.028000,-0.091040,1.469720,0.474400,0.711798
Legacy,RearHook,Recover,0.029400,-0.090157,1.469692,0.473848,0.744115
Legacy,RearHook,Recover,0.030800,-0.089236,1.469664,0.473272,0.776089
Legacy,RearHook,Recover,0.032200,-0.088277,1.469634,0.472673,0.807639
Legacy,RearHook,Recover,0.033600,-0.087282,1.469603,0.472051,0.838744
Legacy,RearHook,Recover,0.035000,-0.086250,1.469570,0.471406,0.869521
Legacy,RearHook,Recover,0.036400,-0.085182,1.469537,0.470739,0.899846
Legacy,RearHook,Recover,0.037800,-0.084079,1.469502,0.470049,0.929774
Legacy,RearHook,Recover,0.039200,-0.082940,1.469467,0.469338,0.959314
Legacy,RearHook,Recover,0.040600,-0.081767,1.469430,0.468604,0.988424
Legacy,RearHook,Recover,0.042000,-0.080560,1.469393,0.467850,1.017131
Legacy,RearHook,Recover,0.043400,-0.079319,1.469354,0.467075,1.045451
Legacy,RearHook,Recover,0.044800,-0.078045,1.469314,0.466278,1.073349
Legacy,RearHook,Recover,0.046200,-0.076739,1.469273,0.465462,1.100889
Legacy,RearHook,Recover,0.047600,-0.075400,1.469231,0.464625,1.127943
Legacy,RearHook,Recover,0.049000,-0.074030,1.469188,0.463769,1.154639
Legacy,RearHook,Recover,0.050400,-0.072628,1.469145,0.462893,1.180985
Legacy,RearHook,Recover,0.051800,-0.071196,1.469100,0.461998,1.206808
Legacy,RearHook,Recover,0.053200,-0.069734,1.469054,0.461084,1.232290
Legacy,RearHook,Recover,0.054600,-0.068242,1.469008,0.460151,1.257402
Legacy,RearHook,Recover,0.056000,-0.066720,1.468960,0.459200,1.282025
Legacy,RearHook,Recover,0.057400,-0.065170,1.468912,0.458231,1.306339
Legacy,RearHook,Recover,0.058800,-0.063591,1.468862,0.457244,1.330191
Legacy,RearHook,Recover,0.060200,-0.061985,1.468812,0.456240,1.353634
Legacy,RearHook,Recover,0.061600,-0.060351,1.468761,0.455219,1.376687
Legacy,RearHook,Recover,0.063000,-0.058690,1.468709,0.454181,1.399358
Legacy,RearHook,Recover,0.064400,-0.057003,1.468656,0.453127,1.421610
Legacy,RearHook,Recover,0.065800,-0.055290,1.468603,0.452056,1.443443
Legacy,RearHook,Recover,0.067200,-0.053551,1.468549,0.450970,1.464840
Legacy,RearHook,Recover,0.068600,-0.051788,1.468493,0.449867,1.485944
Legacy,RearHook,Recover,0.070000,-0.050000,1.468438,0.448750,1.506507
Legacy,RearHook,Recover,0.071400,-0.048188,1.468381,0.447618,1.526745
Legacy,RearHook,Recover,0.072800,-0.046353,1.468324,0.446470,1.546568
Legacy,RearHook,Recover,0.074200,-0.044494,1.468265,0.445309,1.565991
Legacy,RearHook,Recover,0.075600,-0.042613,1.468207,0.444133,1.584993
Legacy,RearHook,Recover,0.077000,-0.040710,1.468147,0.442944,1.603593
Legacy,RearHook,Recover,0.078400,-0.038785,1.468087,0.441741,1.621807
Legacy,RearHook,Recover,0.079800,-0.036839,1.468026,0.440525,1.639582
Legacy,RearHook,Recover,0.081200,-0.034873,1.467965,0.439296,1.657003
Legacy,RearHook,Recover,0.082600,-0.032886,1.467903,0.438054,1.673963
Legacy,RearHook,Recover,0.084000,-0.030880,1.467840,0.436800,1.690562
Legacy,RearHook,Recover,0.085400,-0.028854,1.467777,0.435534,1.706729
Legacy,RearHook,Recover,0.086800,-0.026810,1.467713,0.434256,1.722512
Legacy,RearHook,Recover,0.088200,-0.024748,1.467648,0.432967,1.737880
Legacy,RearHook,Recover,0.089600,-0.022668,1.467583,0.431667,1.752839
Legacy,RearHook,Recover,0.091000,-0.020570,1.467518,0.430356,1.767399
Legacy,RearHook,Recover,0.092400,-0.018456,1.467452,0.429035,1.781556
Legacy,RearHook,Recover,0.093800,-0.016325,1.467385,0.427703,1.795324
Legacy,RearHook,Recover,0.095200,-0.014179,1.467318,0.426362,1.808653
Legacy,RearHook,Recover,0.096600,-0.012017,1.467251,0.425010,1.821598
Legacy,RearHook,Recover,0.098000,-0.009840,1.467183,0.423650,1.834126
Legacy,RearHook,Recover,0.099400,-0.007649,1.467114,0.422281,1.846273
Legacy,RearHook,Recover,0.100800,-0.005444,1.467045,0.420902,1.858003
Legacy,RearHook,Recover,0.102200,-0.003225,1.466976,0.419516,1.869331
Legacy,RearHook,Recover,0.103600,-0.000994,1.466906,0.418121,1.880255
Legacy,RearHook,Recover,0.105000,0.001250,1.466836,0.416719,1.890748
Legacy,RearHook,Recover,0.106400,0.003506,1.466766,0.415309,1.900869
Legacy,RearHook,Recover,0.107800,0.005773,1.466695,0.413892,1.910603
Legacy,RearHook,Recover,0.109200,0.008052,1.466623,0.412468,1.919867
Legacy,RearHook,Recover,0.110600,0.010341,1.466552,0.411037,1.928765
Legacy,RearHook,Recover,0.112000,0.012640,1.466480,0.409600,1.937292
Legacy,RearHook,Recover,0.113400,0.014949,1.466408,0.408157,1.945362
Legacy,RearHook,Recover,0.114800,0.017267,1.466335,0.406708,1.953056
Legacy,RearHook,Recover,0.116200,0.019593,1.466263,0.405254,1.960317
Legacy,RearHook,Recover,0.117600,0.021928,1.466190,0.403795,1.967190
Legacy,RearHook,Recover,0.119000,0.024270,1.466117,0.402331,1.973694
Legacy,RearHook,Recover,0.120400,0.026620,1.466043,0.400863,1.979746
Legacy,RearHook,Recover,0.121800,0.028976,1.465970,0.399390,1.985398
Legacy,RearHook,Recover,0.123200,0.031338,1.465896,0.397914,1.990670
Legacy,RearHook,Recover,0.124600,0.033706,1.465822,0.396433,1.995510
Legacy,RearHook,Recover,0.126000,0.036080,1.465747,0.394950,1.999961
Legacy,RearHook,Recover,0.127400,0.038458,1.465673,0.393464,2.004005
Legacy,RearHook,Recover,0.128800,0.040841,1.465599,0.391974,2.007653
Legacy,RearHook,Recover,0.130200,0.043227,1.465524,0.390483,2.010883
Legacy,RearHook,Recover,0.131600,0.045617,1.465449,0.388989,2.013716
Legacy,RearHook,Recover,0.133000,0.048010,1.465375,0.387494,2.016125
Legacy,RearHook,Recover,0.134400,0.050405,1.465300,0.385997,2.018175
Legacy,RearHook,Recover,0.135800,0.052802,1.465225,0.384499,2.019781
Legacy,RearHook,Recover,0.137200,0.055201,1.465150,0.383000,2.021006
Legacy,RearHook,Recover,0.138600,0.057600,1.465075,0.381500,2.021809
Legacy,RearHook,Recover,0.140000,0.060000,1.465000,0.380000,2.022211
Legacy,RearHook,Recover,0.141400,0.062400,1.464925,0.378500,2.022211
Legacy,RearHook,Recover,0.142800,0.064799,1.464850,0.377000,2.021791
Legacy,RearHook,Recover,0.144200,0.067198,1.464775,0.375501,2.021006
Legacy,RearHook,Recover,0.145600,0.069595,1.464700,0.374003,2.019770
Legacy,RearHook,Recover,0.147000,0.071990,1.464625,0.372506,2.018164
Legacy,RearHook,Recover,0.148400,0.074383,1.464551,0.371011,2.016136
Legacy,RearHook,Recover,0.149800,0.076773,1.464476,0.369517,2.013745
Legacy,RearHook,Recover,0.151200,0.079159,1.464401,0.368026,2.010883
Legacy,RearHook,Recover,0.152600,0.081542,1.464327,0.366536,2.007653
Legacy,RearHook,Recover,0.154000,0.083920,1.464253,0.365050,2.004005
Legacy,RearHook,Recover,0.155400,0.086294,1.464178,0.363567,1.999961
Legacy,RearHook,Recover,0.156800,0.088662,1.464104,0.362086,1.995522
Legacy,RearHook,Recover,0.158200,0.091024,1.464031,0.360610,1.990670
Legacy,RearHook,Recover,0.159600,0.093380,1.463957,0.359137,1.985369
Legacy,RearHook,Recover,0.161000,0.095730,1.463884,0.357669,1.979763
Legacy,RearHook,Recover,0.162400,0.098072,1.463810,0.356205,1.973671
Legacy,RearHook,Recover,0.163800,0.100407,1.463737,0.354746,1.967184
Legacy,RearHook,Recover,0.165200,0.102733,1.463665,0.353292,1.960340
Legacy,RearHook,Recover,0.166600,0.105051,1.463592,0.351843,1.953063
Legacy,RearHook,Recover,0.168000,0.107360,1.463520,0.350400,1.945392
Legacy,RearHook,Recover,0.169400,0.109659,1.463448,0.348963,1.937262
Legacy,RearHook,Recover,0.170800,0.111948,1.463377,0.347532,1.928765
Legacy,RearHook,Recover,0.172200,0.114227,1.463305,0.346108,1.919878
Legacy,RearHook,Recover,0.173600,0.116494,1.463235,0.344691,1.910591
Legacy,RearHook,Recover,0.175000,0.118750,1.463164,0.343281,1.900869
Legacy,RearHook,Recover,0.176400,0.120994,1.463094,0.341879,1.890748
Legacy,RearHook,Recover,0.177800,0.123225,1.463024,0.340484,1.880255
Legacy,RearHook,Recover,0.179200,0.125444,1.462955,0.339098,1.869331
Legacy,RearHook,Recover,0.180600,0.127649,1.462886,0.337719,1.857994
Legacy,RearHook,Recover,0.182000,0.129840,1.462818,0.336350,1.846264
Legacy,RearHook,Recover,0.183400,0.132017,1.462749,0.334990,1.834144
Legacy,RearHook,Recover,0.184800,0.134179,1.462682,0.333638,1.821601
Legacy,RearHook,Recover,0.186200,0.136325,1.462615,0.332297,1.808669
Legacy,RearHook,Recover,0.187600,0.138456,1.462548,0.330965,1.795307
Legacy,RearHook,Recover,0.189000,0.140570,1.462482,0.329644,1.781565
Legacy,RearHook,Recover,0.190400,0.142668,1.462417,0.328333,1.767384
Legacy,RearHook,Recover,0.191800,0.144748,1.462352,0.327033,1.752837
Legacy,RearHook,Recover,0.193200,0.146810,1.462287,0.325744,1.737906
Legacy,RearHook,Recover,0.194600,0.148855,1.462223,0.324466,1.722485
Legacy,RearHook,Recover,0.196000,0.150880,1.462160,0.323200,1.706740
Legacy,RearHook,Recover,0.197400,0.152886,1.462097,0.321946,1.690551
Legacy,RearHook,Recover,0.198800,0.154873,1.462035,0.320704,1.673972
Legacy,RearHook,Recover,0.200200,0.156839,1.461974,0.319475,1.656984
Legacy,RearHook,Recover,0.201600,0.158785,1.461913,0.318259,1.639580
Legacy,RearHook,Recover,0.203000,0.160710,1.461853,0.317056,1.621828
Legacy,RearHook,Recover,0.204400,0.162613,1.461793,0.315867,1.603593
Legacy,RearHook,Recover,0.205800,0.164494,1.461735,0.314691,1.584995
Legacy,RearHook,Recover,0.207200,0.166353,1.461676,0.313530,1.565971
Legacy,RearHook,Recover,0.208600,0.168188,1.461619,0.312383,1.546576
Legacy,RearHook,Recover,0.210000,0.170000,1.461563,0.311250,1.526745
Legacy,RearHook,Recover,0.211400,0.171788,1.461507,0.310133,1.506525
Legacy,RearHook,Recover,0.212800,0.173551,1.461452,0.309030,1.485906
Legacy,RearHook,Recover,0.214200,0.175290,1.461397,0.307944,1.464892
Legacy,RearHook,Recover,0.215600,0.177003,1.461344,0.306873,1.443411
Legacy,RearHook,Recover,0.217000,0.178690,1.461291,0.305819,1.421590
Legacy,RearHook,Recover,0.218400,0.180351,1.461239,0.304781,1.399361
Legacy,RearHook,Recover,0.219800,0.181985,1.461188,0.303760,1.376714
Legacy,RearHook,Recover,0.221200,0.183591,1.461138,0.302756,1.353643
Legacy,RearHook,Recover,0.222600,0.185170,1.461089,0.301769,1.330173
Legacy,RearHook,Recover,0.224000,0.186720,1.461040,0.300800,1.306337
Legacy,RearHook,Recover,0.225400,0.188242,1.460992,0.299849,1.282037
Legacy,RearHook,Recover,0.226800,0.189734,1.460946,0.298916,1.257402
Legacy,RearHook,Recover,0.228200,0.191196,1.460900,0.298002,1.232290
Legacy,RearHook,Recover,0.229600,0.192629,1.460855,0.297107,1.206837
Legacy,RearHook,Recover,0.231000,0.194030,1.460812,0.296231,1.180956
Legacy,RearHook,Recover,0.232400,0.195400,1.460769,0.295375,1.154630
Legacy,RearHook,Recover,0.233800,0.196739,1.460727,0.294538,1.127950
Legacy,RearHook,Recover,0.235200,0.198045,1.460686,0.293722,1.100859
Legacy,RearHook,Recover,0.236600,0.199319,1.460646,0.292925,1.073383
Legacy,RearHook,Recover,0.238000,0.200560,1.460608,0.292150,1.045449
Legacy,RearHook,Recover,0.239400,0.201767,1.460570,0.291396,1.017131
Legacy,RearHook,Recover,0.240800,0.202940,1.460533,0.290662,0.988414
Legacy,RearHook,Recover,0.242200,0.204079,1.460498,0.289951,0.959303
Legacy,RearHook,Recover,0.243600,0.205182,1.460463,0.289261,0.929792
Legacy,RearHook,Recover,0.245000,0.206250,1.460430,0.288594,0.899850
Legacy,RearHook,Recover,0.246400,0.207282,1.460397,0.287949,0.869498
Legacy,RearHook,Recover,0.247800,0.208277,1.460366,0.287327,0.838767
Legacy,RearHook,Recover,0.249200,0.209236,1.460336,0.286728,0.807618
Legacy,RearHook,Recover,0.250600,0.210157,1.460308,0.286152,0.776098
Legacy,RearHook,Recover,0.252000,0.211040,1.460280,0.285600,0.744133
Legacy,RearHook,Recover,0.253400,0.211885,1.460254,0.285072,0.711775
Legacy,RearHook,Recover,0.254800,0.212691,1.460228,0.284568,0.679014
Legacy,RearHook,Recover,0.256200,0.213457,1.460204,0.284089,0.645840
Legacy,RearHook,Recover,0.257600,0.214184,1.460182,0.283635,0.612280
Legacy,RearHook,Recover,0.259000,0.214870,1.460160,0.283206,0.578301
Legacy,RearHook,Recover,0.260400,0.215516,1.460140,0.282803,0.543949
Legacy,RearHook,Recover,0.261800,0.216120,1.460121,0.282425,0.509135
Legacy,RearHook,Recover,0.263200,0.216682,1.460104,0.282074,0.473949
Legacy,RearHook,Recover,0.264600,0.217203,1.460087,0.281748,0.438355
Legacy,RearHook,Recover,0.266000,0.217680,1.460073,0.281450,0.402363
Legacy,RearHook,Recover,0.267400,0.218114,1.460059,0.281179,0.365964
Legacy,RearHook,Recover,0.268800,0.218505,1.460047,0.280934,0.329162
Legacy,RearHook,Recover,0.270200,0.218851,1.460036,0.280718,0.291949
Legacy,RearHook,Recover,0.271600,0.219153,1.460027,0.280529,0.254342
Legacy,RearHook,Recover,0.273000,0.219410,1.460019,0.280369,0.216316
Legacy,RearHook,Recover,0.274400,0.219621,1.460012,0.280237,0.177889
Legacy,RearHook,Recover,0.275800,0.219786,1.460007,0.280134,0.139078
Legacy,RearHook,Recover,0.277200,0.219905,1.460003,0.280060,0.099815
Legacy,RearHook,Recover,0.278600,0.219976,1.460001,0.280015,0.060210
Legacy,RearHook,Recover,0.280000,0.220000,1.460000,0.280000,0.020148
Curve,RearHook,Commit,0.000450,0.220014,1.459996,0.279998,0.031970
Curve,RearHook,Commit,0.000900,0.220054,1.459982,0.279991,0.095280
Curve,RearHook,Commit,0.001350,0.220120,1.459960,0.279980,0.157979
Curve,RearHook,Commit,0.001800,0.220213,1.459929,0.279965,0.220161
Curve,RearHook,Commit,0.002250,0.220332,1.459889,0.279945,0.281670
Curve,RearHook,Commit,0.002700,0.220476,1.459841,0.279921,0.342487
Curve,RearHook,Commit,0.003150,0.220646,1.459785,0.279892,0.402663
Curve,RearHook,Commit,0.003600,0.220841,1.459720,0.279860,0.462145
Curve,RearHook,Commit,0.004050,0.221061,1.459646,0.279823,0.521121
Curve,RearHook,Commit,0.004500,0.221305,1.459565,0.279783,0.579331
Curve,RearHook,Commit,0.004950,0.221574,1.459476,0.279738,0.637035
Curve,RearHook,Commit,0.005400,0.221866,1.459378,0.279689,0.693962
Curve,RearHook,Commit,0.005850,0.222183,1.459273,0.279636,0.750363
Curve,RearHook,Commit,0.006300,0.222523,1.459159,0.279580,0.806008
Curve,RearHook,Commit,0.006750,0.222886,1.459038,0.279519,0.861188
Curve,RearHook,Commit,0.007200,0.223272,1.458910,0.279455,0.915509
Curve,RearHook,Commit,0.007650,0.223680,1.458773,0.279387,0.969303
Curve,RearHook,Commit,0.008100,0.224112,1.458629,0.279315,1.022528
Curve,RearHook,Commit,0.008550,0.224565,1.458478,0.279239,1.074946
Curve,RearHook,Commit,0.009000,0.225040,1.458320,0.279160,1.126878
Curve,RearHook,Commit,0.009450,0.225537,1.458154,0.279077,1.178045
Curve,RearHook,Commit,0.009900,0.226055,1.457982,0.278991,1.228673
Curve,RearHook,Commit,0.010350,0.226594,1.457802,0.278901,1.278568
Curve,RearHook,Commit,0.010800,0.227154,1.457615,0.278808,1.327925
Curve,RearHook,Commit,0.011250,0.227734,1.457422,0.278711,1.376557
Curve,RearHook,Commit,0.011700,0.228335,1.457222,0.278611,1.424621
Curve,RearHook,Commit,0.012150,0.228956,1.457015,0.278507,1.471909
Curve,RearHook,Commit,0.012600,0.229596,1.456801,0.278401,1.518742
Curve,RearHook,Commit,0.013050,0.230256,1.456581,0.278291,1.564810
Curve,RearHook,Commit,0.013500,0.230935,1.456355,0.278178,1.610257
Curve,RearHook,Commit,0.013950,0.231633,1.456122,0.278061,1.655156
Curve,RearHook,Commit,0.014400,0.232349,1.455884,0.277942,1.699289
Curve,RearHook,Commit,0.014850,0.233084,1.455639,0.277819,1.742751
Curve,RearHook,Commit,0.015300,0.233837,1.455388,0.277694,1.785767
Curve,RearHook,Commit,0.015750,0.234608,1.455131,0.277565,1.827966
Curve,RearHook,Commit,0.016200,0.235397,1.454868,0.277434,1.869628
Curve,RearHook,Commit,0.016650,0.236202,1.454599,0.277300,1.910555
Curve,RearHook,Commit,0.017100,0.237025,1.454325,0.277163,1.950955
Curve,RearHook,Commit,0.017550,0.237864,1.454045,0.277023,1.990620
Curve,RearHook,Commit,0.018000,0.238720,1.453760,0.276880,2.029685
Curve,RearHook,Commit,0.018450,0.239592,1.453469,0.276735,2.068079
Curve,RearHook,Commit,0.018900,0.240480,1.453173,0.276587,2.105862
Curve,RearHook,Commit,0.019350,0.241384,1.452872,0.276436,2.143044
Curve,RearHook,Commit,0.019800,0.242303,1.452566,0.276283,2.179524
Curve,RearHook,Commit,0.020250,0.243237,1.452254,0.276127,2.215363
Curve,RearHook,Commit,0.020700,0.244186,1.451938,0.275969,2.250632
Curve,RearHook,Commit,0.021150,0.245150,1.451617,0.275808,2.285136
Curve,RearHook,Commit,0.021600,0.246127,1.451291,0.275645,2.319062
Curve,RearHook,Commit,0.022050,0.247119,1.450960,0.275480,2.352438
Curve,RearHook,Commit,0.022500,0.248125,1.450625,0.275313,2.385050
Curve,RearHook,Commit,0.022950,0.249144,1.450285,0.275143,2.417092
Curve,RearHook,Commit,0.023400,0.250177,1.449941,0.274971,2.448442
Curve,RearHook,Commit,0.023850,0.251222,1.449593,0.274796,2.479192
Curve,RearHook,Commit,0.024300,0.252280,1.449240,0.274620,2.509290
Curve,RearHook,Commit,0.024750,0.253351,1.448883,0.274442,2.538684
Curve,RearHook,Commit,0.025200,0.254433,1.448522,0.274261,2.567531
Curve,RearHook,Commit,0.025650,0.255528,1.448157,0.274079,2.595788
Curve,RearHook,Commit,0.026100,0.256634,1.447789,0.273894,2.623248
Curve,RearHook,Commit,0.026550,0.257751,1.447416,0.273708,2.650130
Curve,RearHook,Commit,0.027000,0.258880,1.447040,0.273520,2.676349
Curve,RearHook,Commit,0.027450,0.260019,1.446660,0.273330,2.702051
Curve,RearHook,Commit,0.027900,0.261169,1.446277,0.273139,2.726978
Curve,RearHook,Commit,0.028350,0.262329,1.445890,0.272945,2.751253
Curve,RearHook,Commit,0.028800,0.263500,1.445500,0.272750,2.775063
Curve,RearHook,Commit,0.029250,0.264679,1.445107,0.272553,2.798024
Curve,RearHook,Commit,0.029700,0.265869,1.444710,0.272355,2.820541
Curve,RearHook,Commit,0.030150,0.267067,1.444311,0.272156,2.842199
Curve,RearHook,Commit,0.030600,0.268275,1.443909,0.271954,2.863330
Curve,RearHook,Commit,0.031050,0.269491,1.443503,0.271752,2.883954
Curve,RearHook,Commit,0.031500,0.270715,1.443095,0.271548,2.903647
Curve,RearHook,Commit,0.031950,0.271948,1.442684,0.271342,2.922967
Curve,RearHook,Commit,0.032400,0.273188,1.442271,0.271135,2.941491
Curve,RearHook,Commit,0.032850,0.274436,1.441855,0.270927,2.959364
Curve,RearHook,Commit,0.033300,0.275691,1.441436,0.270718,2.976720
Curve,RearHook,Commit,0.033750,0.276953,1.441016,0.270508,2.993351
Curve,RearHook,Commit,0.034200,0.278222,1.440593,0.270296,3.009414
Curve,RearHook,Commit,0.034650,0.279498,1.440168,0.270084,3.024670
Curve,RearHook,Commit,0.035100,0.280779,1.439740,0.269870,3.039491
Curve,RearHook,Commit,0.035550,0.282067,1.439311,0.269656,3.053496
Curve,RearHook,Commit,0.036000,0.283360,1.438880,0.269440,3.067014
Curve,RearHook,Commit,0.036450,0.284659,1.438447,0.269224,3.079870
Curve,RearHook,Commit,0.036900,0.285962,1.438013,0.269006,3.091868
Curve,RearHook,Commit,0.037350,0.287271,1.437576,0.268788,3.103473
Curve,RearHook,Commit,0.037800,0.288584,1.437139,0.268569,3.114374
Curve,RearHook,Commit,0.038250,0.289902,1.436699,0.268350,3.124707
Curve,RearHook,Commit,0.038700,0.291224,1.436259,0.268129,3.134202
Curve,RearHook,Commit,0.039150,0.292549,1.435817,0.267909,3.143149
Curve,RearHook,Commit,0.039600,0.293878,1.435374,0.267687,3.151495
Curve,RearHook,Commit,0.040050,0.295210,1.434930,0.267465,3.159201
Curve,RearHook,Commit,0.040500,0.296545,1.434485,0.267243,3.166245
Curve,RearHook,Commit,0.040950,0.297883,1.434039,0.267020,3.172698
Curve,RearHook,Commit,0.041400,0.299223,1.433592,0.266796,3.178304
Curve,RearHook,Commit,0.041850,0.300566,1.433145,0.266572,3.183610
Curve,RearHook,Commit,0.042300,0.301910,1.432697,0.266348,3.187965
Curve,RearHook,Commit,0.042750,0.303256,1.432248,0.266124,3.191812
Curve,RearHook,Commit,0.043200,0.304603,1.431799,0.265900,3.195163
Curve,RearHook,Commit,0.043650,0.305951,1.431350,0.265675,3.197553
Curve,RearHook,Commit,0.044100,0.307300,1.430900,0.265450,3.199508
Curve,RearHook,Commit,0.044550,0.308650,1.430450,0.265225,3.200821
Curve,RearHook,Commit,0.045000,0.310000,1.430000,0.265000,3.201483
Curve,RearHook,Commit,0.045450,0.311350,1.429550,0.264775,3.201473
Curve,RearHook,Commit,0.045900,0.312700,1.429100,0.264550,3.200821
Curve,RearHook,Commit,0.046350,0.314049,1.428650,0.264325,3.199508
Curve,RearHook,Commit,0.046800,0.315397,1.428201,0.264101,3.197553
Curve,RearHook,Commit,0.047250,0.316744,1.427752,0.263876,3.195163
Curve,RearHook,Commit,0.047700,0.318090,1.427303,0.263652,3.191750
Curve,RearHook,Commit,0.048150,0.319435,1.426855,0.263428,3.188089
Curve,RearHook,Commit,0.048600,0.320777,1.426408,0.263204,3.183548
Curve,RearHook,Commit,0.049050,0.322117,1.425961,0.262981,3.178367
Curve,RearHook,Commit,0.049500,0.323455,1.425515,0.262758,3.172636
Curve,RearHook,Commit,0.049950,0.324790,1.425070,0.262535,3.166245
Curve,RearHook,Commit,0.050400,0.326122,1.424626,0.262313,3.159201
Curve,RearHook,Commit,0.050850,0.327451,1.424183,0.262092,3.151495
Curve,RearHook,Commit,0.051300,0.328777,1.423741,0.261871,3.143149
Curve,RearHook,Commit,0.051750,0.330098,1.423301,0.261650,3.134202
Curve,RearHook,Commit,0.052200,0.331416,1.422861,0.261431,3.124707
Curve,RearHook,Commit,0.052650,0.332729,1.422424,0.261212,3.114374
Curve,RearHook,Commit,0.053100,0.334038,1.421988,0.260994,3.103411
Curve,RearHook,Commit,0.053550,0.335341,1.421553,0.260776,3.091992
Curve,RearHook,Commit,0.054000,0.336640,1.421120,0.260560,3.079808
Curve,RearHook,Commit,0.054450,0.337933,1.420689,0.260344,3.067014
Curve,RearHook,Commit,0.054900,0.339221,1.420260,0.260130,3.053496
Curve,RearHook,Commit,0.055350,0.340503,1.419833,0.259916,3.039491
Curve,RearHook,Commit,0.055800,0.341778,1.419407,0.259704,3.024670
Curve,RearHook,Commit,0.056250,0.343047,1.418984,0.259492,3.009414
Curve,RearHook,Commit,0.056700,0.344309,1.418564,0.259282,2.993351
Curve,RearHook,Commit,0.057150,0.345564,1.418145,0.259073,2.976720
Curve,RearHook,Commit,0.057600,0.346812,1.417729,0.258865,2.959364
Curve,RearHook,Commit,0.058050,0.348053,1.417316,0.258658,2.941481
Curve,RearHook,Commit,0.058500,0.349285,1.416905,0.258453,2.922977
Curve,RearHook,Commit,0.058950,0.350509,1.416497,0.258248,2.903647
Curve,RearHook,Commit,0.059400,0.351726,1.416092,0.258046,2.883954
Curve,RearHook,Commit,0.059850,0.352933,1.415689,0.257845,2.863330
Curve,RearHook,Commit,0.060300,0.354131,1.415290,0.257645,2.842261
Curve,RearHook,Commit,0.060750,0.355321,1.414893,0.257447,2.820479
Curve,RearHook,Commit,0.061200,0.356501,1.414500,0.257250,2.798024
Curve,RearHook,Commit,0.061650,0.357671,1.414110,0.257055,2.775001
Curve,RearHook,Commit,0.062100,0.358831,1.413723,0.256862,2.751377
Curve,RearHook,Commit,0.062550,0.359981,1.413340,0.256670,2.726916
Curve,RearHook,Commit,0.063000,0.361120,1.412960,0.256480,2.702051
Curve,RearHook,Commit,0.063450,0.362249,1.412584,0.256292,2.676349
Curve,RearHook,Commit,0.063900,0.363366,1.412211,0.256106,2.650130
Curve,RearHook,Commit,0.064350,0.364472,1.411843,0.255921,2.623248
Curve,RearHook,Commit,0.064800,0.365567,1.411478,0.255739,2.595788
Curve,RearHook,Commit,0.065250,0.366649,1.411117,0.255558,2.567531
Curve,RearHook,Commit,0.065700,0.367720,1.410760,0.255380,2.538684
Curve,RearHook,Commit,0.066150,0.368778,1.410407,0.255204,2.509351
Curve,RearHook,Commit,0.066600,0.369823,1.410059,0.255029,2.479129
Curve,RearHook,Commit,0.067050,0.370856,1.409715,0.254857,2.448473
Curve,RearHook,Commit,0.067500,0.371875,1.409375,0.254688,2.417092
Curve,RearHook,Commit,0.067950,0.372881,1.409040,0.254520,2.384988
Curve,RearHook,Commit,0.068400,0.373873,1.408709,0.254355,2.352438
Curve,RearHook,Commit,0.068850,0.374851,1.408383,0.254192,2.319093
Curve,RearHook,Commit,0.069300,0.375814,1.408062,0.254031,2.285105
Curve,RearHook,Commit,0.069750,0.376763,1.407746,0.253873,2.250663
Curve,RearHook,Commit,0.070200,0.377697,1.407434,0.253717,2.215363
Curve,RearHook,Commit,0.070650,0.378616,1.407128,0.253564,2.179555
Curve,RearHook,Commit,0.071100,0.379520,1.406827,0.253413,2.143013
Curve,RearHook,Commit,0.071550,0.380408,1.406531,0.253265,2.105893
Curve,RearHook,Commit,0.072000,0.381280,1.406240,0.253120,2.068048
Curve,RearHook,Commit,0.072450,0.382136,1.405955,0.252977,2.029685
Curve,RearHook,Commit,0.072900,0.382975,1.405675,0.252837,1.990620
Curve,RearHook,Commit,0.073350,0.383798,1.405401,0.252700,1.950955
Curve,RearHook,Commit,0.073800,0.384604,1.405132,0.252566,1.910555
Curve,RearHook,Commit,0.074250,0.385392,1.404869,0.252435,1.869659
Curve,RearHook,Commit,0.074700,0.386163,1.404613,0.252306,1.827904
Curve,RearHook,Commit,0.075150,0.386916,1.404361,0.252181,1.785767
Curve,RearHook,Commit,0.075600,0.387651,1.404117,0.252058,1.742751
Curve,RearHook,Commit,0.076050,0.388367,1.403878,0.251939,1.699383
Curve,RearHook,Commit,0.076500,0.389065,1.403645,0.251823,1.655094
Curve,RearHook,Commit,0.076950,0.389744,1.403419,0.251709,1.610247
Curve,RearHook,Commit,0.077400,0.390404,1.403199,0.251599,1.564789
Curve,RearHook,Commit,0.077850,0.391044,1.402985,0.251493,1.518742
Curve,RearHook,Commit,0.078300,0.391665,1.402779,0.251389,1.471940
Curve,RearHook,Commit,0.078750,0.392266,1.402578,0.251289,1.424590
Curve,RearHook,Commit,0.079200,0.392846,1.402385,0.251192,1.376568
Curve,RearHook,Commit,0.079650,0.393406,1.402198,0.251099,1.327976
Curve,RearHook,Commit,0.080100,0.393945,1.402018,0.251009,1.278506
Curve,RearHook,Commit,0.080550,0.394463,1.401846,0.250923,1.228673
Curve,RearHook,Commit,0.081000,0.394960,1.401680,0.250840,1.178107
Curve,RearHook,Commit,0.081450,0.395435,1.401522,0.250761,1.126837
Curve,RearHook,Commit,0.081900,0.395888,1.401371,0.250685,1.074956
Curve,RearHook,Commit,0.082350,0.396320,1.401227,0.250613,1.022528
Curve,RearHook,Commit,0.082800,0.396728,1.401091,0.250545,0.969334
Curve,RearHook,Commit,0.083250,0.397114,1.400962,0.250481,0.915447
Curve,RearHook,Commit,0.083700,0.397478,1.400841,0.250420,0.861188
Curve,RearHook,Commit,0.084150,0.397817,1.400728,0.250364,0.806039
Curve,RearHook,Commit,0.084600,0.398134,1.400622,0.250311,0.750332
Curve,RearHook,Commit,0.085050,0.398426,1.400525,0.250262,0.693962
Curve,RearHook,Commit,0.085500,0.398695,1.400435,0.250218,0.637003
Curve,RearHook,Commit,0.085950,0.398939,1.400354,0.250177,0.579393
Curve,RearHook,Commit,0.086400,0.399159,1.400280,0.250140,0.521152
Curve,RearHook,Commit,0.086850,0.399354,1.400216,0.250108,0.462145
Curve,RearHook,Commit,0.087300,0.399524,1.400159,0.250079,0.402663
Curve,RearHook,Commit,0.087750,0.399668,1.400111,0.250055,0.342456
Curve,RearHook,Commit,0.088200,0.399787,1.400071,0.250036,0.281639
Curve,RearHook,Commit,0.088650,0.399880,1.400040,0.250020,0.220192
Curve,RearHook,Commit,0.089100,0.399946,1.400018,0.250009,0.158010
Curve,RearHook,Commit,0.089550,0.399987,1.400005,0.250002,0.095311
Curve,RearHook,Commit,0.090000,0.400000,1.400000,0.250000,0.031908
Curve,RearHook,Extend,0.000700,0.400000,1.400004,0.250036,0.051121
Curve,RearHook,Extend,0.001400,0.400001,1.400016,0.250142,0.152833
Curve,RearHook,Extend,0.002100,0.400001,1.400037,0.250318,0.253595
Curve,RearHook,Extend,0.002800,0.400003,1.400065,0.250564,0.353534
Curve,RearHook,Extend,0.003500,0.400004,1.400101,0.250879,0.452522
Curve,RearHook,Extend,0.004200,0.400006,1.400146,0.251262,0.550727
Curve,RearHook,Extend,0.004900,0.400008,1.400198,0.251712,0.647943
Curve,RearHook,Extend,0.005600,0.400010,1.400257,0.252230,0.744309
Curve,RearHook,Extend,0.006300,0.400012,1.400325,0.252814,0.839790
Curve,RearHook,Extend,0.007000,0.400015,1.400400,0.253464,0.934383
Curve,RearHook,Extend,0.007700,0.400018,1.400482,0.254178,1.028049
Curve,RearHook,Extend,0.008400,0.400021,1.400572,0.254958,1.120824
Curve,RearHook,Extend,0.009100,0.400025,1.400669,0.255801,1.212631
Curve,RearHook,Extend,0.009800,0.400028,1.400774,0.256708,1.303652
Curve,RearHook,Extend,0.010500,0.400032,1.400886,0.257677,1.393641
Curve,RearHook,Extend,0.011200,0.400036,1.401005,0.258708,1.482699
Curve,RearHook,Extend,0.011900,0.400039,1.401131,0.259800,1.570807
Curve,RearHook,Extend,0.012600,0.400043,1.401264,0.260953,1.658069
Curve,RearHook,Extend,0.013300,0.400047,1.401404,0.262166,1.744230
Curve,RearHook,Extend,0.014000,0.400050,1.401551,0.263438,1.829442
Curve,RearHook,Extend,0.014700,0.400053,1.401704,0.264769,1.913642
Curve,RearHook,Extend,0.015400,0.400055,1.401865,0.266157,1.996888
Curve,RearHook,Extend,0.016100,0.400057,1.402032,0.267603,2.079057
Curve,RearHook,Extend,0.016800,0.400058,1.402206,0.269105,2.160151
Curve,RearHook,Extend,0.017500,0.400058,1.402386,0.270663,2.240229
Curve,RearHook,Extend,0.018200,0.400057,1.402573,0.272276,2.319105
Curve,RearHook,Extend,0.018900,0.400054,1.402766,0.273942,2.397053
Curve,RearHook,Extend,0.019600,0.400050,1.402965,0.275662,2.473652
Curve,RearHook,Extend,0.020300,0.400044,1.403171,0.277435,2.549217
Curve,RearHook,Extend,0.021000,0.400035,1.403382,0.279259,2.623582
Curve,RearHook,Extend,0.021700,0.400024,1.403600,0.281134,2.696707
Curve,RearHook,Extend,0.022400,0.400010,1.403824,0.283059,2.768593
Curve,RearHook,Extend,0.023100,0.399993,1.404054,0.285033,2.839220
Curve,RearHook,Extend,0.023800,0.399973,1.404290,0.287055,2.908547
Curve,RearHook,Extend,0.024500,0.399948,1.404531,0.289125,2.976600
Curve,RearHook,Extend,0.025200,0.399919,1.404779,0.291241,3.043194
Curve,RearHook,Extend,0.025900,0.399885,1.405032,0.293401,3.108537
Curve,RearHook,Extend,0.026600,0.399845,1.405290,0.295607,3.172366
Curve,RearHook,Extend,0.027300,0.399799,1.405555,0.297855,3.234852
Curve,RearHook,Extend,0.028000,0.399746,1.405824,0.300146,3.295810
Curve,RearHook,Extend,0.028700,0.399687,1.406099,0.302478,3.355270
Curve,RearHook,Extend,0.029400,0.399619,1.406379,0.304849,3.413172
Curve,RearHook,Extend,0.030100,0.399542,1.406665,0.307260,3.469635
Curve,RearHook,Extend,0.030800,0.399457,1.406956,0.309708,3.524413
Curve,RearHook,Extend,0.031500,0.399361,1.407251,0.312193,3.577664
Curve,RearHook,Extend,0.032200,0.399254,1.407552,0.314714,3.629272
Curve,RearHook,Extend,0.032900,0.399136,1.407858,0.317268,3.679152
Curve,RearHook,Extend,0.033600,0.399005,1.408169,0.319856,3.727482
Curve,RearHook,Extend,0.034300,0.398860,1.408484,0.322474,3.774086
Curve,RearHook,Extend,0.035000,0.398701,1.408805,0.325124,3.818903
Curve,RearHook,Extend,0.035700,0.398527,1.409130,0.327802,3.862064
Curve,RearHook,Extend,0.036400,0.398337,1.409459,0.330508,3.903513
Curve,RearHook,Extend,0.037100,0.398129,1.409793,0.333240,3.943147
Curve,RearHook,Extend,0.037800,0.397903,1.410132,0.335997,3.981057
Curve,RearHook,Extend,0.038500,0.397657,1.410475,0.338777,4.017286
Curve,RearHook,Extend,0.039200,0.397391,1.410822,0.341579,4.051651
Curve,RearHook,Extend,0.039900,0.397103,1.411174,0.344402,4.084337
Curve,RearHook,Extend,0.040600,0.396792,1.411530,0.347243,4.115190
Curve,RearHook,Extend,0.041300,0.396457,1.411890,0.350102,4.144380
Curve,RearHook,Extend,0.042000,0.396096,1.412254,0.352977,4.171907
Curve,RearHook,Extend,0.042700,0.395709,1.412621,0.355867,4.197651
Curve,RearHook,Extend,0.043400,0.395294,1.412993,0.358769,4.221681
Curve,RearHook,Extend,0.044100,0.394850,1.413369,0.361682,4.244161
Curve,RearHook,Extend,0.044800,0.394375,1.413748,0.364606,4.265085
Curve,RearHook,Extend,0.045500,0.393869,1.414131,0.367537,4.284381
Curve,RearHook,Extend,0.046200,0.393329,1.414518,0.370474,4.302159
Curve,RearHook,Extend,0.046900,0.392755,1.414908,0.373416,4.318467
Curve,RearHook,Extend,0.047600,0.392145,1.415302,0.376361,4.333433
Curve,RearHook,Extend,0.048300,0.391497,1.415699,0.379308,4.347087
Curve,RearHook,Extend,0.049000,0.390811,1.416100,0.382254,4.359496
Curve,RearHook,Extend,0.049700,0.390084,1.416503,0.385199,4.370680
Curve,RearHook,Extend,0.050400,0.389316,1.416910,0.388139,4.380865
Curve,RearHook,Extend,0.051100,0.388505,1.417320,0.391075,4.390068
Curve,RearHook,Extend,0.051800,0.387649,1.417733,0.394004,4.398272
Curve,RearHook,Extend,0.052500,0.386747,1.418149,0.396923,4.405811
Curve,RearHook,Extend,0.053200,0.385799,1.418568,0.399833,4.412744
Curve,RearHook,Extend,0.053900,0.384801,1.418990,0.402730,4.418971
Curve,RearHook,Extend,0.054600,0.383753,1.419415,0.405614,4.425060
Curve,RearHook,Extend,0.055300,0.382654,1.419842,0.408483,4.430671
Curve,RearHook,Extend,0.056000,0.381502,1.420272,0.411334,4.436292
Curve,RearHook,Extend,0.056700,0.380295,1.420704,0.414167,4.441852
Curve,RearHook,Extend,0.057400,0.379033,1.421139,0.416980,4.447605
Curve,RearHook,Extend,0.058100,0.377714,1.421577,0.419770,4.453722
Curve,RearHook,Extend,0.058800,0.376336,1.422017,0.422538,4.460377
Curve,RearHook,Extend,0.059500,0.374899,1.422459,0.425280,4.467523
Curve,RearHook,Extend,0.060200,0.373402,1.422903,0.427995,4.475656
Curve,RearHook,Extend,0.060900,0.371842,1.423349,0.430683,4.484673
Curve,RearHook,Extend,0.061600,0.370219,1.423797,0.433341,4.494797
Curve,RearHook,Extend,0.062300,0.368532,1.424248,0.435968,4.506313
Curve,RearHook,Extend,0.063000,0.366779,1.424700,0.438562,4.519257
Curve,RearHook,Extend,0.063700,0.364960,1.425154,0.441123,4.533670
Curve,RearHook,Extend,0.064400,0.363073,1.425610,0.443648,4.550007
Curve,RearHook,Extend,0.065100,0.361118,1.426068,0.446136,4.568049
Curve,RearHook,Extend,0.065800,0.359093,1.426527,0.448587,4.588244
Curve,RearHook,Extend,0.066500,0.356998,1.426988,0.450998,4.610518
Curve,RearHook,Extend,0.067200,0.354832,1.427450,0.453369,4.635058
Curve,RearHook,Extend,0.067900,0.352594,1.427914,0.455698,4.661890
Curve,RearHook,Extend,0.068600,0.350283,1.428379,0.457984,4.691054
Curve,RearHook,Extend,0.069300,0.347899,1.428845,0.460227,4.722866
Curve,RearHook,Extend,0.070000,0.345441,1.429313,0.462424,4.757183
Curve,RearHook,Extend,0.070700,0.342909,1.429781,0.464576,4.793866
Curve,RearHook,Extend,0.071400,0.340302,1.430251,0.466681,4.833460
Curve,RearHook,Extend,0.072100,0.337619,1.430722,0.468737,4.875410
Curve,RearHook,Extend,0.072800,0.334861,1.431193,0.470745,4.919981
Curve,RearHook,Extend,0.073500,0.332027,1.431666,0.472704,4.967253
Curve,RearHook,Extend,0.074200,0.329118,1.432139,0.474612,5.016860
Curve,RearHook,Extend,0.074900,0.326132,1.432613,0.476470,5.069109
Curve,RearHook,Extend,0.075600,0.323069,1.433088,0.478276,5.123538
Curve,RearHook,Extend,0.076300,0.319931,1.433563,0.480029,5.180392
Curve,RearHook,Extend,0.077000,0.316717,1.434039,0.481730,5.239441
Curve,RearHook,Extend,0.077700,0.313427,1.434515,0.483378,5.300559
Curve,RearHook,Extend,0.078400,0.310061,1.434992,0.484972,5.363710
Curve,RearHook,Extend,0.079100,0.306620,1.435468,0.486512,5.428600
Curve,RearHook,Extend,0.079800,0.303104,1.435945,0.487998,5.495251
Curve,RearHook,Extend,0.080500,0.299514,1.436423,0.489429,5.563556
Curve,RearHook,Extend,0.081200,0.295849,1.436900,0.490806,5.633029
Curve,RearHook,Extend,0.081900,0.292112,1.437377,0.492128,5.703861
Curve,RearHook,Extend,0.082600,0.288303,1.437854,0.493395,5.775840
Curve,RearHook,Extend,0.083300,0.284421,1.438331,0.494607,5.848710
Curve,RearHook,Extend,0.084000,0.280469,1.438808,0.495764,5.922116
Curve,RearHook,Extend,0.084700,0.276447,1.439285,0.496866,5.996288
Curve,RearHook,Extend,0.085400,0.272357,1.439761,0.497914,6.070709
Curve,RearHook,Extend,0.086100,0.268198,1.440237,0.498907,6.145391
Curve,RearHook,Extend,0.086800,0.263973,1.440712,0.499846,6.220072
Curve,RearHook,Extend,0.087500,0.259683,1.441187,0.500731,6.294597
Curve,RearHook,Extend,0.088200,0.255329,1.441661,0.501563,6.368907
Curve,RearHook,Extend,0.088900,0.250912,1.442134,0.502342,6.442590
Curve,RearHook,Extend,0.089600,0.246434,1.442607,0.503068,6.515690
Curve,RearHook,Extend,0.090300,0.241897,1.443078,0.503742,6.587879
Curve,RearHook,Extend,0.091000,0.237301,1.443549,0.504365,6.659135
Curve,RearHook,Extend,0.091700,0.232649,1.444019,0.504937,6.729196
Curve,RearHook,Extend,0.092400,0.227942,1.444488,0.505459,6.798097
Curve,RearHook,Extend,0.093100,0.223183,1.444956,0.505931,6.865320
Curve,RearHook,Extend,0.093800,0.218372,1.445422,0.506355,6.930983
Curve,RearHook,Extend,0.094500,0.213512,1.445887,0.506730,6.995054
Curve,RearHook,Extend,0.095200,0.208605,1.446351,0.507059,7.057023
Curve,RearHook,Extend,0.095900,0.203653,1.446813,0.507341,7.117075
Curve,RearHook,Extend,0.096600,0.198657,1.447274,0.507578,7.175060
Curve,RearHook,Extend,0.097300,0.193620,1.447734,0.507771,7.230574
Curve,RearHook,Extend,0.098000,0.188544,1.448192,0.507920,7.283887
Curve,RearHook,Extend,0.098700,0.183432,1.448648,0.508028,7.334658
Curve,RearHook,Extend,0.099400,0.178284,1.449102,0.508093,7.382798
Curve,RearHook,Extend,0.100100,0.173104,1.449554,0.508119,7.428281
Curve,RearHook,Extend,0.100800,0.167894,1.450005,0.508105,7.471046
Curve,RearHook,Extend,0.101500,0.162656,1.450454,0.508053,7.510755
Curve,RearHook,Extend,0.102200,0.157392,1.450900,0.507965,7.547568
Curve,RearHook,Extend,0.102900,0.152105,1.451344,0.507841,7.581371
Curve,RearHook,Extend,0.103600,0.146797,1.451787,0.507682,7.611978
Curve,RearHook,Extend,0.104300,0.141471,1.452227,0.507489,7.639669
Curve,RearHook,Extend,0.105000,0.136129,1.452664,0.507265,7.663888
Curve,RearHook,Extend,0.105700,0.130773,1.453099,0.507009,7.684859
Curve,RearHook,Extend,0.106400,0.125407,1.453532,0.506724,7.702620
Curve,RearHook,Extend,0.107100,0.120031,1.453962,0.506410,7.716897
Curve,RearHook,Extend,0.107800,0.114649,1.454390,0.506069,7.727871
Curve,RearHook,Extend,0.108500,0.109264,1.454815,0.505702,7.735215
Curve,RearHook,Extend,0.109200,0.103877,1.455237,0.505310,7.739392
Curve,RearHook,Extend,0.109900,0.098491,1.455656,0.504894,7.739938
Curve,RearHook,Extend,0.110600,0.093109,1.456072,0.504457,7.736969
Curve,RearHook,Extend,0.111300,0.087733,1.456486,0.503997,7.730482
Curve,RearHook,Extend,0.112000,0.082366,1.456896,0.503518,7.720425
Curve,RearHook,Extend,0.112700,0.077009,1.457303,0.503021,7.706992
Curve,RearHook,Extend,0.113400,0.071666,1.457707,0.502506,7.689920
Curve,RearHook,Extend,0.114100,0.066339,1.458108,0.501974,7.669505
Curve,RearHook,Extend,0.114800,0.061030,1.458506,0.501428,7.645414
Curve,RearHook,Extend,0.115500,0.055742,1.458900,0.500867,7.617945
Curve,RearHook,Extend,0.116200,0.050476,1.459290,0.500294,7.587016
Curve,RearHook,Extend,0.116900,0.045236,1.459677,0.499709,7.552658
Curve,RearHook,Extend,0.117600,0.040024,1.460061,0.499114,7.514814
Curve,RearHook,Extend,0.118300,0.034841,1.460441,0.498509,7.473703
Curve,RearHook,Extend,0.119000,0.029691,1.460817,0.497896,7.429108
Curve,RearHook,Extend,0.119700,0.024575,1.461189,0.497276,7.381335
Curve,RearHook,Extend,0.120400,0.019495,1.461557,0.496649,7.330200
Curve,RearHook,Extend,0.121100,0.014455,1.461921,0.496017,7.275884
Curve,RearHook,Extend,0.121800,0.009455,1.462282,0.495382,7.218338
Curve,RearHook,Extend,0.122500,0.004498,1.462638,0.494742,7.157724
Curve,RearHook,Extend,0.123200,-0.000413,1.462990,0.494101,7.093896
Curve,RearHook,Extend,0.123900,-0.005278,1.463337,0.493458,7.027158
Curve,RearHook,Extend,0.124600,-0.010093,1.463681,0.492815,6.957442
Curve,RearHook,Extend,0.125300,-0.014857,1.464020,0.492172,6.884552
Curve,RearHook,Extend,0.126000,-0.019568,1.464355,0.491531,6.809103
Curve,RearHook,Extend,0.126700,-0.024224,1.464685,0.490891,6.730582
Curve,RearHook,Extend,0.127400,-0.028824,1.465010,0.490254,6.649437
Curve,RearHook,Extend,0.128100,-0.033364,1.465331,0.489621,6.565477
Curve,RearHook,Extend,0.128800,-0.037845,1.465647,0.488992,6.478819
Curve,RearHook,Extend,0.129500,-0.042263,1.465958,0.488369,6.389542
Curve,RearHook,Extend,0.130200,-0.046617,1.466264,0.487750,6.297981
Curve,RearHook,Extend,0.130900,-0.050905,1.466566,0.487139,6.203577
Curve,RearHook,Extend,0.131600,-0.055127,1.466862,0.486534,6.106971
Curve,RearHook,Extend,0.132300,-0.059280,1.467153,0.485936,6.007948
Curve,RearHook,Extend,0.133000,-0.063362,1.467439,0.485347,5.906577
Curve,RearHook,Extend,0.133700,-0.067373,1.467720,0.484766,5.802930
Curve,RearHook,Extend,0.134400,-0.071310,1.467996,0.484194,5.697104
Curve,RearHook,Extend,0.135100,-0.075172,1.468266,0.483632,5.589192
Curve,RearHook,Extend,0.135800,-0.078958,1.468530,0.483080,5.479131
Curve,RearHook,Extend,0.136500,-0.082667,1.468790,0.482539,5.367033
Curve,RearHook,Extend,0.137200,-0.086297,1.469043,0.482008,5.252795
Curve,RearHook,Extend,0.137900,-0.089846,1.469291,0.481488,5.136917
Curve,RearHook,Extend,0.138600,-0.093314,1.469533,0.480980,5.018889
Curve,RearHook,Extend,0.139300,-0.096699,1.469770,0.480484,4.899046
Curve,RearHook,Extend,0.140000,-0.100000,1.470000,0.480000,4.777551
Curve,RearHook,Recover,0.001400,-0.095224,1.469851,0.477015,4.024350
Curve,RearHook,Recover,0.002800,-0.090496,1.469703,0.474060,3.984134
Curve,RearHook,Recover,0.004200,-0.085815,1.469557,0.471134,3.944071
Curve,RearHook,Recover,0.005600,-0.081181,1.469412,0.468238,3.904243
Curve,RearHook,Recover,0.007000,-0.076595,1.469269,0.465372,3.864602
Curve,RearHook,Recover,0.008400,-0.072055,1.469127,0.462535,3.825171
Curve,RearHook,Recover,0.009800,-0.067562,1.468986,0.459726,3.785933
Curve,RearHook,Recover,0.011200,-0.063116,1.468847,0.456947,3.746908
Curve,RearHook,Recover,0.012600,-0.058715,1.468710,0.454197,3.708095
Curve,RearHook,Recover,0.014000,-0.054360,1.468574,0.451475,3.669462
Curve,RearHook,Recover,0.015400,-0.050051,1.468439,0.448782,3.631010
Curve,RearHook,Recover,0.016800,-0.045787,1.468306,0.446117,3.592810
Curve,RearHook,Recover,0.018200,-0.041568,1.468174,0.443480,3.554793
Curve,RearHook,Recover,0.019600,-0.037394,1.468044,0.440871,3.516995
Curve,RearHook,Recover,0.021000,-0.033265,1.467915,0.438291,3.479339
Curve,RearHook,Recover,0.022400,-0.029180,1.467787,0.435738,3.441960
Curve,RearHook,Recover,0.023800,-0.025139,1.467661,0.433212,3.404742
Curve,RearHook,Recover,0.025200,-0.021143,1.467536,0.430714,3.367731
Curve,RearHook,Recover,0.026600,-0.017190,1.467412,0.428244,3.330936
Curve,RearHook,Recover,0.028000,-0.013280,1.467290,0.425800,3.294309
Curve,RearHook,Recover,0.029400,-0.009414,1.467169,0.423384,3.257918
Curve,RearHook,Recover,0.030800,-0.005590,1.467050,0.420994,3.221726
Curve,RearHook,Recover,0.032200,-0.001809,1.466932,0.418631,3.185741
Curve,RearHook,Recover,0.033600,0.001929,1.466815,0.416294,3.149919
Curve,RearHook,Recover,0.035000,0.005625,1.466699,0.413984,3.114354
Curve,RearHook,Recover,0.036400,0.009279,1.466585,0.411701,3.078938
Curve,RearHook,Recover,0.037800,0.012891,1.466472,0.409443,3.043763
Curve,RearHook,Recover,0.039200,0.016462,1.466361,0.407211,3.008789
Curve,RearHook,Recover,0.040600,0.019992,1.466250,0.405005,2.973975
Curve,RearHook,Recover,0.042000,0.023480,1.466141,0.402825,2.939423
Curve,RearHook,Recover,0.043400,0.026928,1.466034,0.400670,2.905037
Curve,RearHook,Recover,0.044800,0.030335,1.465927,0.398541,2.870850
Curve,RearHook,Recover,0.046200,0.033701,1.465822,0.396437,2.836889
Curve,RearHook,Recover,0.047600,0.037028,1.465718,0.394357,2.803120
Curve,RearHook,Recover,0.049000,0.040315,1.465615,0.392303,2.769542
Curve,RearHook,Recover,0.050400,0.043562,1.465514,0.390274,2.736162
Curve,RearHook,Recover,0.051800,0.046770,1.465413,0.388269,2.703015
Curve,RearHook,Recover,0.053200,0.049939,1.465314,0.386288,2.670051
Curve,RearHook,Recover,0.054600,0.053069,1.465217,0.384332,2.637274
Curve,RearHook,Recover,0.056000,0.056160,1.465120,0.382400,2.604729
Curve,RearHook,Recover,0.057400,0.059213,1.465025,0.380492,2.572370
Curve,RearHook,Recover,0.058800,0.062228,1.464930,0.378608,2.540213
Curve,RearHook,Recover,0.060200,0.065204,1.464837,0.376747,2.508264
Curve,RearHook,Recover,0.061600,0.068143,1.464746,0.374910,2.476531
Curve,RearHook,Recover,0.063000,0.071045,1.464655,0.373097,2.444958
Curve,RearHook,Recover,0.064400,0.073909,1.464565,0.371307,2.413614
Curve,RearHook,Recover,0.065800,0.076737,1.464477,0.369539,2.382492
Curve,RearHook,Recover,0.067200,0.079528,1.464390,0.367795,2.351526
Curve,RearHook,Recover,0.068600,0.082282,1.464304,0.366074,2.320807
Curve,RearHook,Recover,0.070000,0.085000,1.464219,0.364375,2.290265
Curve,RearHook,Recover,0.071400,0.087682,1.464135,0.362699,2.259917
Curve,RearHook,Recover,0.072800,0.090328,1.464052,0.361045,2.229793
Curve,RearHook,Recover,0.074200,0.092939,1.463971,0.359413,2.199869
Curve,RearHook,Recover,0.075600,0.095515,1.463890,0.357803,2.170146
Curve,RearHook,Recover,0.077000,0.098055,1.463811,0.356216,2.140615
Curve,RearHook,Recover,0.078400,0.100561,1.463732,0.354650,2.111284
Curve,RearHook,Recover,0.079800,0.103032,1.463655,0.353105,2.082153
Curve,RearHook,Recover,0.081200,0.105469,1.463579,0.351582,2.053273
Curve,RearHook,Recover,0.082600,0.107871,1.463504,0.350081,2.024527
Curve,RearHook,Recover,0.084000,0.110240,1.463430,0.348600,1.996018
Curve,RearHook,Recover,0.085400,0.112575,1.463357,0.347141,1.967720
Curve,RearHook,Recover,0.086800,0.114877,1.463285,0.345702,1.939615
Curve,RearHook,Recover,0.088200,0.117146,1.463214,0.344284,1.911669
Curve,RearHook,Recover,0.089600,0.119382,1.463144,0.342886,1.883997
Curve,RearHook,Recover,0.091000,0.121585,1.463076,0.341509,1.856471
Curve,RearHook,Recover,0.092400,0.123756,1.463008,0.340153,1.829198
Curve,RearHook,Recover,0.093800,0.125895,1.462941,0.338816,1.802096
Curve,RearHook,Recover,0.095200,0.128001,1.462875,0.337499,1.775177
Curve,RearHook,Recover,0.096600,0.130076,1.462810,0.336202,1.748488
Curve,RearHook,Recover,0.098000,0.132120,1.462746,0.334925,1.722006
Curve,RearHook,Recover,0.099400,0.134133,1.462683,0.333667,1.695726
Curve,RearHook,Recover,0.100800,0.136114,1.462621,0.332429,1.669623
Curve,RearHook,Recover,0.102200,0.138065,1.462561,0.331210,1.643732
Curve,RearHook,Recover,0.103600,0.139985,1.462500,0.330009,1.618050
Curve,RearHook,Recover,0.105000,0.141875,1.462441,0.328828,1.592579
Curve,RearHook,Recover,0.106400,0.143735,1.462383,0.327666,1.567311
Curve,RearHook,Recover,0.107800,0.145565,1.462326,0.326522,1.542223
Curve,RearHook,Recover,0.109200,0.147366,1.462270,0.325396,1.517312
Curve,RearHook,Recover,0.110600,0.149138,1.462214,0.324289,1.492711
Curve,RearHook,Recover,0.112000,0.150880,1.462160,0.323200,1.468201
Curve,RearHook,Recover,0.113400,0.152594,1.462106,0.322129,1.443919
Curve,RearHook,Recover,0.114800,0.154279,1.462054,0.321076,1.419889
Curve,RearHook,Recover,0.116200,0.155936,1.462002,0.320040,1.396020
Curve,RearHook,Recover,0.117600,0.157564,1.461951,0.319022,1.372353
Curve,RearHook,Recover,0.119000,0.159165,1.461901,0.318022,1.348886
Curve,RearHook,Recover,0.120400,0.160738,1.461852,0.317039,1.325632
Curve,RearHook,Recover,0.121800,0.162284,1.461804,0.316072,1.302583
Curve,RearHook,Recover,0.123200,0.163803,1.461756,0.315123,1.279731
Curve,RearHook,Recover,0.124600,0.165295,1.461710,0.314191,1.257087
Curve,RearHook,Recover,0.126000,0.166760,1.461664,0.313275,1.234625
Curve,RearHook,Recover,0.127400,0.168199,1.461619,0.312376,1.212404
Curve,RearHook,Recover,0.128800,0.169612,1.461575,0.311493,1.190342
Curve,RearHook,Recover,0.130200,0.170998,1.461531,0.310626,1.168525
Curve,RearHook,Recover,0.131600,0.172359,1.461489,0.309775,1.146830
Curve,RearHook,Recover,0.133000,0.173695,1.461447,0.308941,1.125453
Curve,RearHook,Recover,0.134400,0.175005,1.461406,0.308122,1.104189
Curve,RearHook,Recover,0.135800,0.176291,1.461366,0.307318,1.083159
Curve,RearHook,Recover,0.137200,0.177552,1.461327,0.306530,1.062353
Curve,RearHook,Recover,0.138600,0.178788,1.461288,0.305758,1.041700
Curve,RearHook,Recover,0.140000,0.180000,1.461250,0.305000,1.021273
Curve,RearHook,Recover,0.141400,0.181188,1.461213,0.304258,1.001062
Curve,RearHook,Recover,0.142800,0.182352,1.461177,0.303530,0.981048
Curve,RearHook,Recover,0.144200,0.183493,1.461141,0.302817,0.961216
Curve,RearHook,Recover,0.145600,0.184611,1.461106,0.302118,0.941616
Curve,RearHook,Recover,0.147000,0.185705,1.461072,0.301434,0.922186
Curve,RearHook,Recover,0.148400,0.186777,1.461038,0.300765,0.902986
Curve,RearHook,Recover,0.149800,0.187826,1.461005,0.300109,0.883957
Curve,RearHook,Recover,0.151200,0.188853,1.460973,0.299467,0.865169
Curve,RearHook,Recover,0.152600,0.189857,1.460942,0.298839,0.846562
Curve,RearHook,Recover,0.154000,0.190840,1.460911,0.298225,0.828147
Curve,RearHook,Recover,0.155400,0.191801,1.460881,0.297624,0.809962
Curve,RearHook,Recover,0.156800,0.192741,1.460852,0.297037,0.791966
Curve,RearHook,Recover,0.158200,0.193660,1.460823,0.296463,0.774156
Curve,RearHook,Recover,0.159600,0.194558,1.460795,0.295901,0.756570
Curve,RearHook,Recover,0.161000,0.195435,1.460768,0.295353,0.739168
Curve,RearHook,Recover,0.162400,0.196292,1.460741,0.294818,0.721991
Curve,RearHook,Recover,0.163800,0.197129,1.460715,0.294295,0.704997
Curve,RearHook,Recover,0.165200,0.197945,1.460689,0.293784,0.688210
Curve,RearHook,Recover,0.166600,0.198742,1.460664,0.293286,0.671658
Curve,RearHook,Recover,0.168000,0.199520,1.460640,0.292800,0.655226
Curve,RearHook,Recover,0.169400,0.200278,1.460616,0.292326,0.639077
Curve,RearHook,Recover,0.170800,0.201018,1.460593,0.291864,0.623100
Curve,RearHook,Recover,0.172200,0.201739,1.460571,0.291413,0.607324
Curve,RearHook,Recover,0.173600,0.202441,1.460549,0.290974,0.591751
Curve,RearHook,Recover,0.175000,0.203125,1.460527,0.290547,0.576397
Curve,RearHook,Recover,0.176400,0.203791,1.460507,0.290131,0.561216
Curve,RearHook,Recover,0.177800,0.204439,1.460486,0.289725,0.546234
Curve,RearHook,Recover,0.179200,0.205070,1.460467,0.289331,0.531482
Curve,RearHook,Recover,0.180600,0.205684,1.460447,0.288948,0.516931
Curve,RearHook,Recover,0.182000,0.206280,1.460429,0.288575,0.502583
Curve,RearHook,Recover,0.183400,0.206860,1.460411,0.288213,0.488415
Curve,RearHook,Recover,0.184800,0.207423,1.460393,0.287861,0.474457
Curve,RearHook,Recover,0.186200,0.207970,1.460376,0.287519,0.460702
Curve,RearHook,Recover,0.187600,0.208500,1.460359,0.287187,0.447163
Curve,RearHook,Recover,0.189000,0.209015,1.460343,0.286866,0.433819
Curve,RearHook,Recover,0.190400,0.209514,1.460328,0.286554,0.420657
Curve,RearHook,Recover,0.191800,0.209998,1.460313,0.286251,0.407721
Curve,RearHook,Recover,0.193200,0.210467,1.460298,0.285958,0.394990
Curve,RearHook,Recover,0.194600,0.210921,1.460284,0.285675,0.382437
Curve,RearHook,Recover,0.196000,0.211360,1.460270,0.285400,0.370116
Curve,RearHook,Recover,0.197400,0.211785,1.460257,0.285135,0.357985
Curve,RearHook,Recover,0.198800,0.212196,1.460244,0.284878,0.346037
Curve,RearHook,Recover,0.200200,0.212592,1.460232,0.284630,0.334310
Curve,RearHook,Recover,0.201600,0.212975,1.460220,0.284390,0.322811
Curve,RearHook,Recover,0.203000,0.213345,1.460208,0.284159,0.311442
Curve,RearHook,Recover,0.204400,0.213702,1.460197,0.283937,0.300369
Curve,RearHook,Recover,0.205800,0.214045,1.460186,0.283722,0.289395
Curve,RearHook,Recover,0.207200,0.214376,1.460176,0.283515,0.278728
Curve,RearHook,Recover,0.208600,0.214694,1.460166,0.283316,0.268174
Curve,RearHook,Recover,0.210000,0.215000,1.460156,0.283125,0.257872
Curve,RearHook,Recover,0.211400,0.215294,1.460147,0.282941,0.247762
Curve,RearHook,Recover,0.212800,0.215576,1.460138,0.282765,0.237860
Curve,RearHook,Recover,0.214200,0.215847,1.460130,0.282596,0.228140
Curve,RearHook,Recover,0.215600,0.216107,1.460122,0.282433,0.218651
Curve,RearHook,Recover,0.217000,0.216355,1.460114,0.282278,0.209333
Curve,RearHook,Recover,0.218400,0.216593,1.460106,0.282130,0.200235
Curve,RearHook,Recover,0.219800,0.216820,1.460099,0.281988,0.191348
Curve,RearHook,Recover,0.221200,0.217037,1.460093,0.281852,0.182644
Curve,RearHook,Recover,0.222600,0.217243,1.460086,0.281723,0.174146
Curve,RearHook,Recover,0.224000,0.217440,1.460080,0.281600,0.165864
Curve,RearHook,Recover,0.225400,0.217627,1.460074,0.281483,0.157779
Curve,RearHook,Recover,0.226800,0.217805,1.460069,0.281372,0.149878
Curve,RearHook,Recover,0.228200,0.217974,1.460063,0.281266,0.142195
Curve,RearHook,Recover,0.229600,0.218134,1.460058,0.281166,0.134715
Curve,RearHook,Recover,0.231000,0.218285,1.460054,0.281072,0.127452
Curve,RearHook,Recover,0.232400,0.218428,1.460049,0.280983,0.120358
Curve,RearHook,Recover,0.233800,0.218563,1.460045,0.280898,0.113485
Curve,RearHook,Recover,0.235200,0.218689,1.460041,0.280819,0.106790
Curve,RearHook,Recover,0.236600,0.218808,1.460037,0.280745,0.100364
Curve,RearHook,Recover,0.238000,0.218920,1.460034,0.280675,0.094066
Curve,RearHook,Recover,0.239400,0.219024,1.460031,0.280610,0.088000
Curve,RearHook,Recover,0.240800,0.219122,1.460027,0.280549,0.082129
Curve,RearHook,Recover,0.242200,0.219213,1.460025,0.280492,0.076485
Curve,RearHook,Recover,0.243600,0.219297,1.460022,0.280439,0.071002
Curve,RearHook,Recover,0.245000,0.219375,1.460020,0.280391,0.065768
Curve,RearHook,Recover,0.246400,0.219447,1.460017,0.280346,0.060709
Curve,RearHook,Recover,0.247800,0.219513,1.460015,0.280304,0.055848
Curve,RearHook,Recover,0.249200,0.219574,1.460013,0.280266,0.051199
Curve,RearHook,Recover,0.250600,0.219630,1.460012,0.280232,0.046733
Curve,RearHook,Recover,0.252000,0.219680,1.460010,0.280200,0.042504
Curve,RearHook,Recover,0.253400,0.219726,1.460009,0.280172,0.038457
Curve,RearHook,Recover,0.254800,0.219767,1.460007,0.280146,0.034613
Curve,RearHook,Recover,0.256200,0.219804,1.460006,0.280123,0.030984
Curve,RearHook,Recover,0.257600,0.219836,1.460005,0.280102,0.027533
Curve,RearHook,Recover,0.259000,0.219865,1.460004,0.280084,0.024300
Curve,RearHook,Recover,0.260400,0.219890,1.460003,0.280069,0.021264
Curve,RearHook,Recover,0.261800,0.219912,1.460003,0.280055,0.018445
Curve,RearHook,Recover,0.263200,0.219931,1.460002,0.280043,0.015794
Curve,RearHook,Recover,0.264600,0.219947,1.460002,0.280033,0.013403
Curve,RearHook,Recover,0.266000,0.219960,1.460001,0.280025,0.011154
Curve,RearHook,Recover,0.267400,0.219971,1.460001,0.280018,0.009115
Curve,RearHook,Recover,0.268800,0.219980,1.460001,0.280013,0.007311
Curve,RearHook,Recover,0.270200,0.219986,1.460001,0.280009,0.005709
Curve,RearHook,Recover,0.271600,0.219991,1.460000,0.280005,0.004270
Curve,RearHook,Recover,0.273000,0.219995,1.460000,0.280003,0.003079
Curve,RearHook,Recover,0.274400,0.219997,1.460000,0.280002,0.002047
Curve,RearHook,Recover,0.275800,0.219999,1.460000,0.280001,0.001246
Curve,RearHook,Recover,0.277200,0.220000,1.460000,0.280000,0.000650
Curve,RearHook,Recover,0.278600,0.220000,1.460000,0.280000,0.000230
Curve,RearHook,Recover,0.280000,0.220000,1.460000,0.280000,0.000038
Fast,RearHook,Commit,0.000350,0.220014,1.459996,0.279998,0.041105
Fast,RearHook,Commit,0.000700,0.220054,1.459982,0.279991,0.122502
Fast,RearHook,Commit,0.001050,0.220120,1.459960,0.279980,0.203116
Fast,RearHook,Commit,0.001400,0.220213,1.459929,0.279965,0.283064
Fast,RearHook,Commit,0.001750,0.220332,1.459889,0.279945,0.362148
Fast,RearHook,Commit,0.002100,0.220476,1.459841,0.279921,0.440341
Fast,RearHook,Commit,0.002450,0.220646,1.459785,0.279892,0.517709
Fast,RearHook,Commit,0.002800,0.220841,1.459720,0.279860,0.594187
Fast,RearHook,Commit,0.003150,0.221061,1.459646,0.279823,0.670012
Fast,RearHook,Commit,0.003500,0.221305,1.459565,0.279783,0.744854
Fast,RearHook,Commit,0.003850,0.221574,1.459476,0.279738,0.819044
Fast,RearHook,Commit,0.004200,0.221866,1.459378,0.279689,0.892237
Fast,RearHook,Commit,0.004550,0.222183,1.459273,0.279636,0.964752
Fast,RearHook,Commit,0.004900,0.222523,1.459159,0.279580,1.036296
Fast,RearHook,Commit,0.005250,0.222886,1.459038,0.279519,1.107241
Fast,RearHook,Commit,0.005600,0.223272,1.458910,0.279455,1.177083
Fast,RearHook,Commit,0.005950,0.223680,1.458773,0.279387,1.246246
Fast,RearHook,Commit,0.006300,0.224112,1.458629,0.279315,1.314678
Fast,RearHook,Commit,0.006650,0.224565,1.458478,0.279239,1.382073
Fast,RearHook,Commit,0.007000,0.225040,1.458320,0.279160,1.448843
Fast,RearHook,Commit,0.007350,0.225537,1.458154,0.279077,1.514629
Fast,RearHook,Commit,0.007700,0.226055,1.457982,0.278991,1.579723
Fast,RearHook,Commit,0.008050,0.226594,1.457802,0.278901,1.643873
Fast,RearHook,Commit,0.008400,0.227154,1.457615,0.278808,1.707332
Fast,RearHook,Commit,0.008750,0.227734,1.457422,0.278711,1.769860
Fast,RearHook,Commit,0.009100,0.228335,1.457222,0.278611,1.831656
Fast,RearHook,Commit,0.009450,0.228956,1.457015,0.278507,1.892455
Fast,RearHook,Commit,0.009800,0.229596,1.456801,0.278401,1.952669
Fast,RearHook,Commit,0.010150,0.230256,1.456581,0.278291,2.011899
Fast,RearHook,Commit,0.010500,0.230935,1.456355,0.278178,2.070331
Fast,RearHook,Commit,0.010850,0.231633,1.456122,0.278061,2.128058
Fast,RearHook,Commit,0.011200,0.232349,1.455884,0.277942,2.184801
Fast,RearHook,Commit,0.011550,0.233084,1.455639,0.277819,2.240680
Fast,RearHook,Commit,0.011900,0.233837,1.455388,0.277694,2.295986
Fast,RearHook,Commit,0.012250,0.234608,1.455131,0.277565,2.350243
Fast,RearHook,Commit,0.012600,0.235397,1.454868,0.277434,2.403807
Fast,RearHook,Commit,0.012950,0.236202,1.454599,0.277300,2.456428
Fast,RearHook,Commit,0.013300,0.237025,1.454325,0.277163,2.508370
Fast,RearHook,Commit,0.013650,0.237864,1.454045,0.277023,2.559369
Fast,RearHook,Commit,0.014000,0.238720,1.453760,0.276880,2.609596
Fast,RearHook,Commit,0.014350,0.239592,1.453469,0.276735,2.658958
Fast,RearHook,Commit,0.014700,0.240480,1.453173,0.276587,2.707536
Fast,RearHook,Commit,0.015050,0.241384,1.452872,0.276436,2.755343
Fast,RearHook,Commit,0.015400,0.242303,1.452566,0.276283,2.802246
Fast,RearHook,Commit,0.015750,0.243237,1.452254,0.276127,2.848324
Fast,RearHook,Commit,0.016100,0.244186,1.451938,0.275969,2.893670
Fast,RearHook,Commit,0.016450,0.245150,1.451617,0.275808,2.938033
Fast,RearHook,Commit,0.016800,0.246127,1.451291,0.275645,2.981651
Fast,RearHook,Commit,0.017150,0.247119,1.450960,0.275480,3.024564
Fast,RearHook,Commit,0.017500,0.248125,1.450625,0.275313,3.066492
Fast,RearHook,Commit,0.017850,0.249144,1.450285,0.275143,3.107690
Fast,RearHook,Commit,0.018200,0.250177,1.449941,0.274971,3.147997
Fast,RearHook,Commit,0.018550,0.251222,1.449593,0.274796,3.187532
Fast,RearHook,Commit,0.018900,0.252280,1.449240,0.274620,3.226229
Fast,RearHook,Commit,0.019250,0.253351,1.448883,0.274442,3.264023
Fast,RearHook,Commit,0.019600,0.254433,1.448522,0.274261,3.301111
Fast,RearHook,Commit,0.019950,0.255528,1.448157,0.274079,3.337442
Fast,RearHook,Commit,0.020300,0.256634,1.447789,0.273894,3.372748
Fast,RearHook,Commit,0.020650,0.257751,1.447416,0.273708,3.407310
Fast,RearHook,Commit,0.021000,0.258880,1.447040,0.273520,3.441021
Fast,RearHook,Commit,0.021350,0.260019,1.446660,0.273330,3.474066
Fast,RearHook,Commit,0.021700,0.261169,1.446277,0.273139,3.506115
Fast,RearHook,Commit,0.022050,0.262329,1.445890,0.272945,3.537325
Fast,RearHook,Commit,0.022400,0.263500,1.445500,0.272750,3.567938
Fast,RearHook,Commit,0.022750,0.264679,1.445107,0.272553,3.597460
Fast,RearHook,Commit,0.023100,0.265869,1.444710,0.272355,3.626410
Fast,RearHook,Commit,0.023450,0.267067,1.444311,0.272156,3.654256
Fast,RearHook,Commit,0.023800,0.268275,1.443909,0.271954,3.681424
Fast,RearHook,Commit,0.024150,0.269491,1.443503,0.271752,3.707940
Fast,RearHook,Commit,0.024500,0.270715,1.443095,0.271548,3.733260
Fast,RearHook,Commit,0.024850,0.271948,1.442684,0.271342,3.758101
Fast,RearHook,Commit,0.025200,0.273188,1.442271,0.271135,3.781918
Fast,RearHook,Commit,0.025550,0.274436,1.441855,0.270927,3.804897
Fast,RearHook,Commit,0.025900,0.275691,1.441436,0.270718,3.827211
Fast,RearHook,Commit,0.026250,0.276953,1.441016,0.270508,3.848595
Fast,RearHook,Commit,0.026600,0.278222,1.440593,0.270296,3.869246
Fast,RearHook,Commit,0.026950,0.279498,1.440168,0.270084,3.888861
Fast,RearHook,Commit,0.027300,0.280779,1.439740,0.269870,3.907918
Fast,RearHook,Commit,0.027650,0.282067,1.439311,0.269656,3.925923
Fast,RearHook,Commit,0.028000,0.283360,1.438880,0.269440,3.943304
Fast,RearHook,Commit,0.028350,0.284659,1.438447,0.269224,3.959833
Fast,RearHook,Commit,0.028700,0.285962,1.438013,0.269006,3.975259
Fast,RearHook,Commit,0.029050,0.287271,1.437576,0.268788,3.990180
Fast,RearHook,Commit,0.029400,0.288584,1.437139,0.268569,4.004196
Fast,RearHook,Commit,0.029750,0.289902,1.436699,0.268350,4.017481
Fast,RearHook,Commit,0.030100,0.291224,1.436259,0.268129,4.029688
Fast,RearHook,Commit,0.030450,0.292549,1.435817,0.267909,4.041191
Fast,RearHook,Commit,0.030800,0.293878,1.435374,0.267687,4.051923
Fast,RearHook,Commit,0.031150,0.295210,1.434930,0.267465,4.061830
Fast,RearHook,Commit,0.031500,0.296545,1.434485,0.267243,4.070886
Fast,RearHook,Commit,0.031850,0.297883,1.434039,0.267020,4.079184
Fast,RearHook,Commit,0.032200,0.299223,1.433592,0.266796,4.086391
Fast,RearHook,Commit,0.032550,0.300566,1.433145,0.266572,4.093214
Fast,RearHook,Commit,0.032900,0.301910,1.432697,0.266348,4.098812
Fast,RearHook,Commit,0.033250,0.303256,1.432248,0.266124,4.103759
Fast,RearHook,Commit,0.033600,0.304603,1.431799,0.265900,4.108068
Fast,RearHook,Commit,0.033950,0.305951,1.431350,0.265675,4.111139
Fast,RearHook,Commit,0.034300,0.307300,1.430900,0.265450,4.113653
Fast,RearHook,Commit,0.034650,0.308650,1.430450,0.265225,4.115342
Fast,RearHook,Commit,0.035000,0.310000,1.430000,0.265000,4.116193
Fast,RearHook,Commit,0.035350,0.311350,1.429550,0.264775,4.116179
Fast,RearHook,Commit,0.035700,0.312700,1.429100,0.264550,4.115342
Fast,RearHook,Commit,0.036050,0.314049,1.428650,0.264325,4.113653
Fast,RearHook,Commit,0.036400,0.315397,1.428201,0.264101,4.111139
Fast,RearHook,Commit,0.036750,0.316744,1.427752,0.263876,4.108068
Fast,RearHook,Commit,0.037100,0.318090,1.427303,0.263652,4.103679
Fast,RearHook,Commit,0.037450,0.319435,1.426855,0.263428,4.098971
Fast,RearHook,Commit,0.037800,0.320777,1.426408,0.263204,4.093134
Fast,RearHook,Commit,0.038150,0.322117,1.425961,0.262981,4.086472
Fast,RearHook,Commit,0.038500,0.323455,1.425515,0.262758,4.079104
Fast,RearHook,Commit,0.038850,0.324790,1.425070,0.262535,4.070886
Fast,RearHook,Commit,0.039200,0.326122,1.424626,0.262313,4.061830
Fast,RearHook,Commit,0.039550,0.327451,1.424183,0.262092,4.051923
Fast,RearHook,Commit,0.039900,0.328777,1.423741,0.261871,4.041191
Fast,RearHook,Commit,0.040250,0.330098,1.423301,0.261650,4.029688
Fast,RearHook,Commit,0.040600,0.331416,1.422861,0.261431,4.017481
Fast,RearHook,Commit,0.040950,0.332729,1.422424,0.261212,4.004196
Fast,RearHook,Commit,0.041300,0.334038,1.421988,0.260994,3.990100
Fast,RearHook,Commit,0.041650,0.335341,1.421553,0.260776,3.975419
Fast,RearHook,Commit,0.042000,0.336640,1.421120,0.260560,3.959754
Fast,RearHook,Commit,0.042350,0.337933,1.420689,0.260344,3.943304
Fast,RearHook,Commit,0.042700,0.339221,1.420260,0.260130,3.925923
Fast,RearHook,Commit,0.043050,0.340503,1.419833,0.259916,3.907918
Fast,RearHook,Commit,0.043400,0.341778,1.419407,0.259704,3.888861
Fast,RearHook,Commit,0.043750,0.343047,1.418984,0.259492,3.869246
Fast,RearHook,Commit,0.044100,0.344309,1.418564,0.259282,3.848595
Fast,RearHook,Commit,0.044450,0.345564,1.418145,0.259073,3.827211
Fast,RearHook,Commit,0.044800,0.346812,1.417729,0.258865,3.804897
Fast,RearHook,Commit,0.045150,0.348053,1.417316,0.258658,3.781904
Fast,RearHook,Commit,0.045500,0.349285,1.416905,0.258453,3.758114
Fast,RearHook,Commit,0.045850,0.350509,1.416497,0.258248,3.733260
Fast,RearHook,Commit,0.046200,0.351726,1.416092,0.258046,3.707940
Fast,RearHook,Commit,0.046550,0.352933,1.415689,0.257845,3.681424
Fast,RearHook,Commit,0.046900,0.354131,1.415290,0.257645,3.654336
Fast,RearHook,Commit,0.047250,0.355321,1.414893,0.257447,3.626330
Fast,RearHook,Commit,0.047600,0.356501,1.414500,0.257250,3.597460
Fast,RearHook,Commit,0.047950,0.357671,1.414110,0.257055,3.567858
Fast,RearHook,Commit,0.048300,0.358831,1.413723,0.256862,3.537485
Fast,RearHook,Commit,0.048650,0.359981,1.413340,0.256670,3.506035
Fast,RearHook,Commit,0.049000,0.361120,1.412960,0.256480,3.474066
Fast,RearHook,Commit,0.049350,0.362249,1.412584,0.256292,3.441021
Fast,RearHook,Commit,0.049700,0.363366,1.412211,0.256106,3.407310
Fast,RearHook,Commit,0.050050,0.364472,1.411843,0.255921,3.372748
Fast,RearHook,Commit,0.050400,0.365567,1.411478,0.255739,3.337442
Fast,RearHook,Commit,0.050750,0.366649,1.411117,0.255558,3.301111
Fast,RearHook,Commit,0.051100,0.367720,1.410760,0.255380,3.264023
Fast,RearHook,Commit,0.051450,0.368778,1.410407,0.255204,3.226309
Fast,RearHook,Commit,0.051800,0.369823,1.410059,0.255029,3.187452
Fast,RearHook,Commit,0.052150,0.370856,1.409715,0.254857,3.148036
Fast,RearHook,Commit,0.052500,0.371875,1.409375,0.254688,3.107690
Fast,RearHook,Commit,0.052850,0.372881,1.409040,0.254520,3.066413
Fast,RearHook,Commit,0.053200,0.373873,1.408709,0.254355,3.024564
Fast,RearHook,Commit,0.053550,0.374851,1.408383,0.254192,2.981690
Fast,RearHook,Commit,0.053900,0.375814,1.408062,0.254031,2.937993
Fast,RearHook,Commit,0.054250,0.376763,1.407746,0.253873,2.893710
Fast,RearHook,Commit,0.054600,0.377697,1.407434,0.253717,2.848324
Fast,RearHook,Commit,0.054950,0.378616,1.407128,0.253564,2.802285
Fast,RearHook,Commit,0.055300,0.379520,1.406827,0.253413,2.755303
Fast,RearHook,Commit,0.055650,0.380408,1.406531,0.253265,2.707576
Fast,RearHook,Commit,0.056000,0.381280,1.406240,0.253120,2.658918
Fast,RearHook,Commit,0.056350,0.382136,1.405955,0.252977,2.609596
Fast,RearHook,Commit,0.056700,0.382975,1.405675,0.252837,2.559369
Fast,RearHook,Commit,0.057050,0.383798,1.405401,0.252700,2.508370
Fast,RearHook,Commit,0.057400,0.384604,1.405132,0.252566,2.456428
Fast,RearHook,Commit,0.057750,0.385392,1.404869,0.252435,2.403847
Fast,RearHook,Commit,0.058100,0.386163,1.404613,0.252306,2.350163
Fast,RearHook,Commit,0.058450,0.386916,1.404361,0.252181,2.295986
Fast,RearHook,Commit,0.058800,0.387651,1.404117,0.252058,2.240680
Fast,RearHook,Commit,0.059150,0.388367,1.403878,0.251939,2.184921
Fast,RearHook,Commit,0.059500,0.389065,1.403645,0.251823,2.127978
Fast,RearHook,Commit,0.059850,0.389744,1.403419,0.251709,2.070317
Fast,RearHook,Commit,0.060200,0.390404,1.403199,0.251599,2.011872
Fast,RearHook,Commit,0.060550,0.391044,1.402985,0.251493,1.952669
Fast,RearHook,Commit,0.060900,0.391665,1.402779,0.251389,1.892495
Fast,RearHook,Commit,0.061250,0.392266,1.402578,0.251289,1.831616
Fast,RearHook,Commit,0.061600,0.392846,1.402385,0.251192,1.769873
Fast,RearHook,Commit,0.061950,0.393406,1.402198,0.251099,1.707398
Fast,RearHook,Commit,0.062300,0.393945,1.402018,0.251009,1.643793
Fast,RearHook,Commit,0.062650,0.394463,1.401846,0.250923,1.579723
Fast,RearHook,Commit,0.063000,0.394960,1.401680,0.250840,1.514709
Fast,RearHook,Commit,0.063350,0.395435,1.401522,0.250761,1.448790
Fast,RearHook,Commit,0.063700,0.395888,1.401371,0.250685,1.382087
Fast,RearHook,Commit,0.064050,0.396320,1.401227,0.250613,1.314678
Fast,RearHook,Commit,0.064400,0.396728,1.401091,0.250545,1.246286
Fast,RearHook,Commit,0.064750,0.397114,1.400962,0.250481,1.177003
Fast,RearHook,Commit,0.065100,0.397478,1.400841,0.250420,1.107241
Fast,RearHook,Commit,0.065450,0.397817,1.400728,0.250364,1.036335
Fast,RearHook,Commit,0.065800,0.398134,1.400622,0.250311,0.964712
Fast,RearHook,Commit,0.066150,0.398426,1.400525,0.250262,0.892237
Fast,RearHook,Commit,0.066500,0.398695,1.400435,0.250218,0.819004
Fast,RearHook,Commit,0.066850,0.398939,1.400354,0.250177,0.744934
Fast,RearHook,Commit,0.067200,0.399159,1.400280,0.250140,0.670052
Fast,RearHook,Commit,0.067550,0.399354,1.400216,0.250108,0.594187
Fast,RearHook,Commit,0.067900,0.399524,1.400159,0.250079,0.517709
Fast,RearHook,Commit,0.068250,0.399668,1.400111,0.250055,0.440301
Fast,RearHook,Commit,0.068600,0.399787,1.400071,0.250036,0.362108
Fast,RearHook,Commit,0.068950,0.399880,1.400040,0.250020,0.283104
Fast,RearHook,Commit,0.069300,0.399946,1.400018,0.250009,0.203155
Fast,RearHook,Commit,0.069650,0.399987,1.400005,0.250002,0.122542
Fast,RearHook,Commit,0.070000,0.400000,1.400000,0.250000,0.041025
Fast,RearHook,Extend,0.000475,0.400000,1.400004,0.250036,0.075336
Fast,RearHook,Extend,0.000950,0.400001,1.400016,0.250142,0.225228
Fast,RearHook,Extend,0.001425,0.400001,1.400037,0.250318,0.373718
Fast,RearHook,Extend,0.001900,0.400003,1.400065,0.250564,0.520997
Fast,RearHook,Extend,0.002375,0.400004,1.400101,0.250879,0.666875
Fast,RearHook,Extend,0.002850,0.400006,1.400146,0.251262,0.811598
Fast,RearHook,Extend,0.003325,0.400008,1.400198,0.251712,0.954863
Fast,RearHook,Extend,0.003800,0.400010,1.400257,0.252230,1.096876
Fast,RearHook,Extend,0.004275,0.400012,1.400325,0.252814,1.237586
Fast,RearHook,Extend,0.004750,0.400015,1.400400,0.253464,1.376986
Fast,RearHook,Extend,0.005225,0.400018,1.400482,0.254178,1.515020
Fast,RearHook,Extend,0.005700,0.400021,1.400572,0.254958,1.651740
Fast,RearHook,Extend,0.006175,0.400025,1.400669,0.255801,1.787036
Fast,RearHook,Extend,0.006650,0.400028,1.400774,0.256708,1.921171
Fast,RearHook,Extend,0.007125,0.400032,1.400886,0.257677,2.053786
Fast,RearHook,Extend,0.007600,0.400036,1.401005,0.258708,2.185030
Fast,RearHook,Extend,0.008075,0.400039,1.401131,0.259800,2.314873
Fast,RearHook,Extend,0.008550,0.400043,1.401264,0.260953,2.443470
Fast,RearHook,Extend,0.009025,0.400047,1.401404,0.262166,2.570444
Fast,RearHook,Extend,0.009500,0.400050,1.401551,0.263438,2.696020
Fast,RearHook,Extend,0.009975,0.400053,1.401704,0.264769,2.820103
Fast,RearHook,Extend,0.010450,0.400055,1.401865,0.266157,2.942782
Fast,RearHook,Extend,0.010925,0.400057,1.402032,0.267603,3.063874
Fast,RearHook,Extend,0.011400,0.400058,1.402206,0.269105,3.183380
Fast,RearHook,Extend,0.011875,0.400058,1.402386,0.270663,3.301391
Fast,RearHook,Extend,0.012350,0.400057,1.402573,0.272276,3.417629
Fast,RearHook,Extend,0.012825,0.400054,1.402766,0.273942,3.532499
Fast,RearHook,Extend,0.013300,0.400050,1.402965,0.275662,3.645381
Fast,RearHook,Extend,0.013775,0.400044,1.403171,0.277435,3.756740
Fast,RearHook,Extend,0.014250,0.400035,1.403382,0.279259,3.866332
Fast,RearHook,Extend,0.014725,0.400024,1.403600,0.281134,3.974094
Fast,RearHook,Extend,0.015200,0.400010,1.403824,0.283059,4.080031
Fast,RearHook,Extend,0.015675,0.399993,1.404054,0.285033,4.184114
Fast,RearHook,Extend,0.016150,0.399973,1.404290,0.287055,4.286280
Fast,RearHook,Extend,0.016625,0.399948,1.404531,0.289125,4.386568
Fast,RearHook,Extend,0.017100,0.399919,1.404779,0.291241,4.484707
Fast,RearHook,Extend,0.017575,0.399885,1.405032,0.293401,4.581002
Fast,RearHook,Extend,0.018050,0.399845,1.405290,0.295607,4.675066
Fast,RearHook,Extend,0.018525,0.399799,1.405555,0.297855,4.767150
Fast,RearHook,Extend,0.019000,0.399746,1.405824,0.300146,4.856983
Fast,RearHook,Extend,0.019475,0.399687,1.406099,0.302478,4.944608
Fast,RearHook,Extend,0.019950,0.399619,1.406379,0.304849,5.029937
Fast,RearHook,Extend,0.020425,0.399542,1.406665,0.307260,5.113146
Fast,RearHook,Extend,0.020900,0.399457,1.406956,0.309708,5.193872
Fast,RearHook,Extend,0.021375,0.399361,1.407251,0.312193,5.272346
Fast,RearHook,Extend,0.021850,0.399254,1.407552,0.314714,5.348401
Fast,RearHook,Extend,0.022325,0.399136,1.407858,0.317268,5.421909
Fast,RearHook,Extend,0.022800,0.399005,1.408169,0.319856,5.493131
Fast,RearHook,Extend,0.023275,0.398860,1.408484,0.322474,5.561810
Fast,RearHook,Extend,0.023750,0.398701,1.408805,0.325124,5.627857
Fast,RearHook,Extend,0.024225,0.398527,1.409130,0.327802,5.691463
Fast,RearHook,Extend,0.024700,0.398337,1.409459,0.330508,5.752545
Fast,RearHook,Extend,0.025175,0.398129,1.409793,0.333240,5.810954
Fast,RearHook,Extend,0.025650,0.397903,1.410132,0.335997,5.866821
Fast,RearHook,Extend,0.026125,0.397657,1.410475,0.338777,5.920211
Fast,RearHook,Extend,0.026600,0.397391,1.410822,0.341579,5.970855
Fast,RearHook,Extend,0.027075,0.397103,1.411174,0.344402,6.019024
Fast,RearHook,Extend,0.027550,0.396792,1.411530,0.347243,6.064490
Fast,RearHook,Extend,0.028025,0.396457,1.411890,0.350102,6.107508
Fast,RearHook,Extend,0.028500,0.396096,1.412254,0.352977,6.148074
Fast,RearHook,Extend,0.028975,0.395709,1.412621,0.355867,6.186012
Fast,RearHook,Extend,0.029450,0.395294,1.412993,0.358769,6.221424
Fast,RearHook,Extend,0.029925,0.394850,1.413369,0.361682,6.254554
Fast,RearHook,Extend,0.030400,0.394375,1.413748,0.364606,6.285388
Fast,RearHook,Extend,0.030875,0.393869,1.414131,0.367537,6.313825
Fast,RearHook,Extend,0.031350,0.393329,1.414518,0.370474,6.340024
Fast,RearHook,Extend,0.031825,0.392755,1.414908,0.373416,6.364056
Fast,RearHook,Extend,0.032300,0.392145,1.415302,0.376361,6.386112
Fast,RearHook,Extend,0.032775,0.391497,1.415699,0.379308,6.406233
Fast,RearHook,Extend,0.033250,0.390811,1.416100,0.382254,6.424520
Fast,RearHook,Extend,0.033725,0.390084,1.416503,0.385199,6.441003
Fast,RearHook,Extend,0.034200,0.389316,1.416910,0.388139,6.456011
Fast,RearHook,Extend,0.034675,0.388505,1.417320,0.391075,6.469573
Fast,RearHook,Extend,0.035150,0.387649,1.417733,0.394004,6.481664
Fast,RearHook,Extend,0.035625,0.386747,1.418149,0.396923,6.492774
Fast,RearHook,Extend,0.036100,0.385799,1.418568,0.399833,6.502991
Fast,RearHook,Extend,0.036575,0.384801,1.418990,0.402730,6.512168
Fast,RearHook,Extend,0.037050,0.383753,1.419415,0.405614,6.521142
Fast,RearHook,Extend,0.037525,0.382654,1.419842,0.408483,6.529410
Fast,RearHook,Extend,0.038000,0.381502,1.420272,0.411334,6.537694
Fast,RearHook,Extend,0.038475,0.380295,1.420704,0.414167,6.545887
Fast,RearHook,Extend,0.038950,0.379033,1.421139,0.416980,6.554365
Fast,RearHook,Extend,0.039425,0.377714,1.421577,0.419770,6.563381
Fast,RearHook,Extend,0.039900,0.376336,1.422017,0.422538,6.573186
Fast,RearHook,Extend,0.040375,0.374899,1.422459,0.425280,6.583718
Fast,RearHook,Extend,0.040850,0.373402,1.422903,0.427995,6.595704
Fast,RearHook,Extend,0.041325,0.371842,1.423349,0.430683,6.608992
Fast,RearHook,Extend,0.041800,0.370219,1.423797,0.433341,6.623911
Fast,RearHook,Extend,0.042275,0.368532,1.424248,0.435968,6.640882
Fast,RearHook,Extend,0.042750,0.366779,1.424700,0.438562,6.659957
Fast,RearHook,Extend,0.043225,0.364960,1.425154,0.441123,6.681199
Fast,RearHook,Extend,0.043700,0.363073,1.425610,0.443648,6.705274
Fast,RearHook,Extend,0.044175,0.361118,1.426068,0.446136,6.731863
Fast,RearHook,Extend,0.044650,0.359093,1.426527,0.448587,6.761622
Fast,RearHook,Extend,0.045125,0.356998,1.426988,0.450998,6.794448
Fast,RearHook,Extend,0.045600,0.354832,1.427450,0.453369,6.830612
Fast,RearHook,Extend,0.046075,0.352594,1.427914,0.455698,6.870154
Fast,RearHook,Extend,0.046550,0.350283,1.428379,0.457984,6.913133
Fast,RearHook,Extend,0.047025,0.347899,1.428845,0.460227,6.960012
Fast,RearHook,Extend,0.047500,0.345441,1.429313,0.462424,7.010586
Fast,RearHook,Extend,0.047975,0.342909,1.429781,0.464576,7.064644
Fast,RearHook,Extend,0.048450,0.340302,1.430251,0.466681,7.122993
Fast,RearHook,Extend,0.048925,0.337619,1.430722,0.468737,7.184814
Fast,RearHook,Extend,0.049400,0.334861,1.431193,0.470745,7.250499
Fast,RearHook,Extend,0.049875,0.332027,1.431666,0.472704,7.320162
Fast,RearHook,Extend,0.050350,0.329118,1.432139,0.474612,7.393267
Fast,RearHook,Extend,0.050825,0.326132,1.432613,0.476470,7.470267
Fast,RearHook,Extend,0.051300,0.323069,1.433088,0.478276,7.550478
Fast,RearHook,Extend,0.051775,0.319931,1.433563,0.480029,7.634262
Fast,RearHook,Extend,0.052250,0.316717,1.434039,0.481730,7.721282
Fast,RearHook,Extend,0.052725,0.313427,1.434515,0.483378,7.811349
Fast,RearHook,Extend,0.053200,0.310061,1.434992,0.484972,7.904415
Fast,RearHook,Extend,0.053675,0.306620,1.435468,0.486512,8.000043
Fast,RearHook,Extend,0.054150,0.303104,1.435945,0.487998,8.098264
Fast,RearHook,Extend,0.054625,0.299514,1.436423,0.489429,8.198925
Fast,RearHook,Extend,0.055100,0.295849,1.436900,0.490806,8.301306
Fast,RearHook,Extend,0.055575,0.292112,1.437377,0.492128,8.405690
Fast,RearHook,Extend,0.056050,0.288303,1.437854,0.493395,8.511764
Fast,RearHook,Extend,0.056525,0.284421,1.438331,0.494607,8.619151
Fast,RearHook,Extend,0.057000,0.280469,1.438808,0.495764,8.727329
Fast,RearHook,Extend,0.057475,0.276447,1.439285,0.496866,8.836636
Fast,RearHook,Extend,0.057950,0.272357,1.439761,0.497914,8.946308
Fast,RearHook,Extend,0.058425,0.268198,1.440237,0.498907,9.056365
Fast,RearHook,Extend,0.058900,0.263973,1.440712,0.499846,9.166422
Fast,RearHook,Extend,0.059375,0.259683,1.441187,0.500731,9.276248
Fast,RearHook,Extend,0.059850,0.255329,1.441661,0.501563,9.385758
Fast,RearHook,Extend,0.060325,0.250912,1.442134,0.502342,9.494343
Fast,RearHook,Extend,0.060800,0.246434,1.442607,0.503068,9.602069
Fast,RearHook,Extend,0.061275,0.241897,1.443078,0.503742,9.708454
Fast,RearHook,Extend,0.061750,0.237301,1.443549,0.504365,9.813463
Fast,RearHook,Extend,0.062225,0.232649,1.444019,0.504937,9.916709
Fast,RearHook,Extend,0.062700,0.227942,1.444488,0.505459,10.018250
Fast,RearHook,Extend,0.063175,0.223183,1.444956,0.505931,10.117310
Fast,RearHook,Extend,0.063650,0.218372,1.445422,0.506355,10.214080
Fast,RearHook,Extend,0.064125,0.213512,1.445887,0.506730,10.308500
Fast,RearHook,Extend,0.064600,0.208605,1.446351,0.507059,10.399820
Fast,RearHook,Extend,0.065075,0.203653,1.446813,0.507341,10.488320
Fast,RearHook,Extend,0.065550,0.198657,1.447274,0.507578,10.573770
Fast,RearHook,Extend,0.066025,0.193620,1.447734,0.507771,10.655580
Fast,RearHook,Extend,0.066500,0.188544,1.448192,0.507920,10.734150
Fast,RearHook,Extend,0.066975,0.183432,1.448648,0.508028,10.808970
Fast,RearHook,Extend,0.067450,0.178284,1.449102,0.508093,10.879910
Fast,RearHook,Extend,0.067925,0.173104,1.449554,0.508119,10.946940
Fast,RearHook,Extend,0.068400,0.167894,1.450005,0.508105,11.009960
Fast,RearHook,Extend,0.068875,0.162656,1.450454,0.508053,11.068480
Fast,RearHook,Extend,0.069350,0.157392,1.450900,0.507965,11.122730
Fast,RearHook,Extend,0.069825,0.152105,1.451344,0.507841,11.172550
Fast,RearHook,Extend,0.070300,0.146797,1.451787,0.507682,11.217650
Fast,RearHook,Extend,0.070775,0.141471,1.452227,0.507489,11.258460
Fast,RearHook,Extend,0.071250,0.136129,1.452664,0.507265,11.294150
Fast,RearHook,Extend,0.071725,0.130773,1.453099,0.507009,11.325060
Fast,RearHook,Extend,0.072200,0.125407,1.453532,0.506724,11.351230
Fast,RearHook,Extend,0.072675,0.120031,1.453962,0.506410,11.372270
Fast,RearHook,Extend,0.073150,0.114649,1.454390,0.506069,11.388440
Fast,RearHook,Extend,0.073625,0.109264,1.454815,0.505702,11.399260
Fast,RearHook,Extend,0.074100,0.103877,1.455237,0.505310,11.405420
Fast,RearHook,Extend,0.074575,0.098491,1.455656,0.504894,11.406220
Fast,RearHook,Extend,0.075050,0.093109,1.456072,0.504457,11.401850
Fast,RearHook,Extend,0.075525,0.087733,1.456486,0.503997,11.392290
Fast,RearHook,Extend,0.076000,0.082366,1.456896,0.503518,11.377470
Fast,RearHook,Extend,0.076475,0.077009,1.457303,0.503021,11.357670
Fast,RearHook,Extend,0.076950,0.071666,1.457707,0.502506,11.332510
Fast,RearHook,Extend,0.077425,0.066339,1.458108,0.501974,11.302430
Fast,RearHook,Extend,0.077900,0.061030,1.458506,0.501428,11.266930
Fast,RearHook,Extend,0.078375,0.055742,1.458900,0.500867,11.226450
Fast,RearHook,Extend,0.078850,0.050476,1.459290,0.500294,11.180870
Fast,RearHook,Extend,0.079325,0.045236,1.459677,0.499709,11.130230
Fast,RearHook,Extend,0.079800,0.040024,1.460061,0.499114,11.074460
Fast,RearHook,Extend,0.080275,0.034841,1.460441,0.498509,11.013880
Fast,RearHook,Extend,0.080750,0.029691,1.460817,0.497896,10.948160
Fast,RearHook,Extend,0.081225,0.024575,1.461189,0.497276,10.877760
Fast,RearHook,Extend,0.081700,0.019495,1.461557,0.496649,10.802400
Fast,RearHook,Extend,0.082175,0.014455,1.461921,0.496017,10.722350
Fast,RearHook,Extend,0.082650,0.009455,1.462282,0.495382,10.637550
Fast,RearHook,Extend,0.083125,0.004498,1.462638,0.494742,10.548230
Fast,RearHook,Extend,0.083600,-0.000413,1.462990,0.494101,10.454160
Fast,RearHook,Extend,0.084075,-0.005278,1.463337,0.493458,10.355810
Fast,RearHook,Extend,0.084550,-0.010093,1.463681,0.492815,10.253070
Fast,RearHook,Extend,0.085025,-0.014857,1.464020,0.492172,10.145660
Fast,RearHook,Extend,0.085500,-0.019568,1.464355,0.491531,10.034470
Fast,RearHook,Extend,0.085975,-0.024224,1.464685,0.490891,9.918753
Fast,RearHook,Extend,0.086450,-0.028824,1.465010,0.490254,9.799170
Fast,RearHook,Extend,0.086925,-0.033364,1.465331,0.489621,9.675441
Fast,RearHook,Extend,0.087400,-0.037845,1.465647,0.488992,9.547734
Fast,RearHook,Extend,0.087875,-0.042263,1.465958,0.488369,9.416166
Fast,RearHook,Extend,0.088350,-0.046617,1.466264,0.487750,9.281236
Fast,RearHook,Extend,0.088825,-0.050905,1.466566,0.487139,9.142114
Fast,RearHook,Extend,0.089300,-0.055127,1.466862,0.486534,8.999747
Fast,RearHook,Extend,0.089775,-0.059280,1.467153,0.485936,8.853818
Fast,RearHook,Extend,0.090250,-0.063362,1.467439,0.485347,8.704429
Fast,RearHook,Extend,0.090725,-0.067373,1.467720,0.484766,8.551686
Fast,RearHook,Extend,0.091200,-0.071310,1.467996,0.484194,8.395732
Fast,RearHook,Extend,0.091675,-0.075172,1.468266,0.483632,8.236704
Fast,RearHook,Extend,0.092150,-0.078958,1.468530,0.483080,8.074509
Fast,RearHook,Extend,0.092625,-0.082667,1.468790,0.482539,7.909311
Fast,RearHook,Extend,0.093100,-0.086297,1.469043,0.482008,7.740962
Fast,RearHook,Extend,0.093575,-0.089846,1.469291,0.481488,7.570194
Fast,RearHook,Extend,0.094050,-0.093314,1.469533,0.480980,7.396257
Fast,RearHook,Extend,0.094525,-0.096699,1.469770,0.480484,7.219647
Fast,RearHook,Extend,0.095000,-0.100000,1.470000,0.480000,7.040601
Fast,RearHook,Recover,0.001300,-0.095224,1.469851,0.477015,4.333916
Fast,RearHook,Recover,0.002600,-0.090496,1.469703,0.474060,4.290606
Fast,RearHook,Recover,0.003900,-0.085815,1.469557,0.471134,4.247461
Fast,RearHook,Recover,0.005200,-0.081181,1.469412,0.468238,4.204569
Fast,RearHook,Recover,0.006500,-0.076595,1.469269,0.465372,4.161879
Fast,RearHook,Recover,0.007800,-0.072055,1.469127,0.462535,4.119415
Fast,RearHook,Recover,0.009100,-0.067562,1.468986,0.459726,4.077159
Fast,RearHook,Recover,0.010400,-0.063116,1.468847,0.456947,4.035132
Fast,RearHook,Recover,0.011700,-0.058715,1.468710,0.454197,3.993333
Fast,RearHook,Recover,0.013000,-0.054360,1.468574,0.451475,3.951728
Fast,RearHook,Recover,0.014300,-0.050051,1.468439,0.448782,3.910318
Fast,RearHook,Recover,0.015600,-0.045787,1.468306,0.446117,3.869180
Fast,RearHook,Recover,0.016900,-0.041568,1.468174,0.443480,3.828239
Fast,RearHook,Recover,0.018200,-0.037394,1.468044,0.440871,3.787533
Fast,RearHook,Recover,0.019500,-0.033265,1.467915,0.438291,3.746980
Fast,RearHook,Recover,0.020800,-0.029180,1.467787,0.435738,3.706726
Fast,RearHook,Recover,0.022100,-0.025139,1.467661,0.433212,3.666645
Fast,RearHook,Recover,0.023400,-0.021143,1.467536,0.430714,3.626787
Fast,RearHook,Recover,0.024700,-0.017190,1.467412,0.428244,3.587162
Fast,RearHook,Recover,0.026000,-0.013280,1.467290,0.425800,3.547717
Fast,RearHook,Recover,0.027300,-0.009414,1.467169,0.423384,3.508527
Fast,RearHook,Recover,0.028600,-0.005590,1.467050,0.420994,3.469551
Fast,RearHook,Recover,0.029900,-0.001809,1.466932,0.418631,3.430798
Fast,RearHook,Recover,0.031200,0.001929,1.466815,0.416294,3.392221
Fast,RearHook,Recover,0.032500,0.005625,1.466699,0.413984,3.353920
Fast,RearHook,Recover,0.033800,0.009279,1.466585,0.411701,3.315779
Fast,RearHook,Recover,0.035100,0.012891,1.466472,0.409443,3.277899
Fast,RearHook,Recover,0.036400,0.016462,1.466361,0.407211,3.240234
Fast,RearHook,Recover,0.037700,0.019992,1.466250,0.405005,3.202743
Fast,RearHook,Recover,0.039000,0.023480,1.466141,0.402825,3.165532
Fast,RearHook,Recover,0.040300,0.026928,1.466034,0.400670,3.128502
Fast,RearHook,Recover,0.041600,0.030335,1.465927,0.398541,3.091685
Fast,RearHook,Recover,0.042900,0.033701,1.465822,0.396437,3.055111
Fast,RearHook,Recover,0.044200,0.037028,1.465718,0.394357,3.018744
Fast,RearHook,Recover,0.045500,0.040315,1.465615,0.392303,2.982584
Fast,RearHook,Recover,0.046800,0.043562,1.465514,0.390274,2.946636
Fast,RearHook,Recover,0.048100,0.046770,1.465413,0.388269,2.910940
Fast,RearHook,Recover,0.049400,0.049939,1.465314,0.386288,2.875440
Fast,RearHook,Recover,0.050700,0.053069,1.465217,0.384332,2.840141
Fast,RearHook,Recover,0.052000,0.056160,1.465120,0.382400,2.805093
Fast,RearHook,Recover,0.053300,0.059213,1.465025,0.380492,2.770244
Fast,RearHook,Recover,0.054600,0.062228,1.464930,0.378608,2.735614
Fast,RearHook,Recover,0.055900,0.065204,1.464837,0.376747,2.701207
Fast,RearHook,Recover,0.057200,0.068143,1.464746,0.374910,2.667033
Fast,RearHook,Recover,0.058500,0.071045,1.464655,0.373097,2.633032
Fast,RearHook,Recover,0.059800,0.073909,1.464565,0.371307,2.599276
Fast,RearHook,Recover,0.061100,0.076737,1.464477,0.369539,2.565761
Fast,RearHook,Recover,0.062400,0.079528,1.464390,0.367795,2.532413
Fast,RearHook,Recover,0.063700,0.082282,1.464304,0.366074,2.499330
Fast,RearHook,Recover,0.065000,0.085000,1.464219,0.364375,2.466439
Fast,RearHook,Recover,0.066300,0.087682,1.464135,0.362699,2.433757
Fast,RearHook,Recover,0.067600,0.090328,1.464052,0.361045,2.401315
Fast,RearHook,Recover,0.068900,0.092939,1.463971,0.359413,2.369090
Fast,RearHook,Recover,0.070200,0.095515,1.463890,0.357803,2.337080
Fast,RearHook,Recover,0.071500,0.098055,1.463811,0.356216,2.305278
Fast,RearHook,Recover,0.072800,0.100561,1.463732,0.354650,2.273691
Fast,RearHook,Recover,0.074100,0.103032,1.463655,0.353105,2.242318
Fast,RearHook,Recover,0.075400,0.105469,1.463579,0.351582,2.211218
Fast,RearHook,Recover,0.076700,0.107871,1.463504,0.350081,2.180260
Fast,RearHook,Recover,0.078000,0.110240,1.463430,0.348600,2.149558
Fast,RearHook,Recover,0.079300,0.112575,1.463357,0.347141,2.119084
Fast,RearHook,Recover,0.080600,0.114877,1.463285,0.345702,2.088816
Fast,RearHook,Recover,0.081900,0.117146,1.463214,0.344284,2.058721
Fast,RearHook,Recover,0.083200,0.119382,1.463144,0.342886,2.028920
Fast,RearHook,Recover,0.084500,0.121585,1.463076,0.341509,1.999277
Fast,RearHook,Recover,0.085800,0.123756,1.463008,0.340153,1.969905
Fast,RearHook,Recover,0.087100,0.125895,1.462941,0.338816,1.940719
Fast,RearHook,Recover,0.088400,0.128001,1.462875,0.337499,1.911729
Fast,RearHook,Recover,0.089700,0.130076,1.462810,0.336202,1.882987
Fast,RearHook,Recover,0.091000,0.132120,1.462746,0.334925,1.854468
Fast,RearHook,Recover,0.092300,0.134133,1.462683,0.333667,1.826166
Fast,RearHook,Recover,0.093600,0.136114,1.462621,0.332429,1.798056
Fast,RearHook,Recover,0.094900,0.138065,1.462561,0.331210,1.770173
Fast,RearHook,Recover,0.096200,0.139985,1.462500,0.330009,1.742515
Fast,RearHook,Recover,0.097500,0.141875,1.462441,0.328828,1.715085
Fast,RearHook,Recover,0.098800,0.143735,1.462383,0.327666,1.687873
Fast,RearHook,Recover,0.100100,0.145565,1.462326,0.326522,1.660856
Fast,RearHook,Recover,0.101400,0.147366,1.462270,0.325396,1.634028
Fast,RearHook,Recover,0.102700,0.149138,1.462214,0.324289,1.607535
Fast,RearHook,Recover,0.104000,0.150880,1.462160,0.323200,1.581140
Fast,RearHook,Recover,0.105300,0.152594,1.462106,0.322129,1.554990
Fast,RearHook,Recover,0.106600,0.154279,1.462054,0.321076,1.529112
Fast,RearHook,Recover,0.107900,0.155936,1.462002,0.320040,1.503406
Fast,RearHook,Recover,0.109200,0.157564,1.461951,0.319022,1.477919
Fast,RearHook,Recover,0.110500,0.159165,1.461901,0.318022,1.452646
Fast,RearHook,Recover,0.111800,0.160738,1.461852,0.317039,1.427604
Fast,RearHook,Recover,0.113100,0.162284,1.461804,0.316072,1.402782
Fast,RearHook,Recover,0.114400,0.163803,1.461756,0.315123,1.378172
Fast,RearHook,Recover,0.115700,0.165295,1.461710,0.314191,1.353786
Fast,RearHook,Recover,0.117000,0.166760,1.461664,0.313275,1.329596
Fast,RearHook,Recover,0.118300,0.168199,1.461619,0.312376,1.305666
Fast,RearHook,Recover,0.119600,0.169612,1.461575,0.311493,1.281906
Fast,RearHook,Recover,0.120900,0.170998,1.461531,0.310626,1.258411
Fast,RearHook,Recover,0.122200,0.172359,1.461489,0.309775,1.235047
Fast,RearHook,Recover,0.123500,0.173695,1.461447,0.308941,1.212026
Fast,RearHook,Recover,0.124800,0.175005,1.461406,0.308122,1.189126
Fast,RearHook,Recover,0.126100,0.176291,1.461366,0.307318,1.166479
Fast,RearHook,Recover,0.127400,0.177552,1.461327,0.306530,1.144072
Fast,RearHook,Recover,0.128700,0.178788,1.461288,0.305758,1.121831
Fast,RearHook,Recover,0.130000,0.180000,1.461250,0.305000,1.099832
Fast,RearHook,Recover,0.131300,0.181188,1.461213,0.304258,1.078067
Fast,RearHook,Recover,0.132600,0.182352,1.461177,0.303530,1.056513
Fast,RearHook,Recover,0.133900,0.183493,1.461141,0.302817,1.035155
Fast,RearHook,Recover,0.135200,0.184611,1.461106,0.302118,1.014048
Fast,RearHook,Recover,0.136500,0.185705,1.461072,0.301434,0.993123
Fast,RearHook,Recover,0.137800,0.186777,1.461038,0.300765,0.972446
Fast,RearHook,Recover,0.139100,0.187826,1.461005,0.300109,0.951954
Fast,RearHook,Recover,0.140400,0.188853,1.460973,0.299467,0.931721
Fast,RearHook,Recover,0.141700,0.189857,1.460942,0.298839,0.911683
Fast,RearHook,Recover,0.143000,0.190840,1.460911,0.298225,0.891851
Fast,RearHook,Recover,0.144300,0.191801,1.460881,0.297624,0.872267
Fast,RearHook,Recover,0.145600,0.192741,1.460852,0.297037,0.852887
Fast,RearHook,Recover,0.146900,0.193660,1.460823,0.296463,0.833706
Fast,RearHook,Recover,0.148200,0.194558,1.460795,0.295901,0.814768
Fast,RearHook,Recover,0.149500,0.195435,1.460768,0.295353,0.796027
Fast,RearHook,Recover,0.150800,0.196292,1.460741,0.294818,0.777529
Fast,RearHook,Recover,0.152100,0.197129,1.460715,0.294295,0.759228
Fast,RearHook,Recover,0.153400,0.197945,1.460689,0.293784,0.741150
Fast,RearHook,Recover,0.154700,0.198742,1.460664,0.293286,0.723324
Fast,RearHook,Recover,0.156000,0.199520,1.460640,0.292800,0.705628
Fast,RearHook,Recover,0.157300,0.200278,1.460616,0.292326,0.688237
Fast,RearHook,Recover,0.158600,0.201018,1.460593,0.291864,0.671031
Fast,RearHook,Recover,0.159900,0.201739,1.460571,0.291413,0.654042
Fast,RearHook,Recover,0.161200,0.202441,1.460549,0.290974,0.637271
Fast,RearHook,Recover,0.162500,0.203125,1.460527,0.290547,0.620735
Fast,RearHook,Recover,0.163800,0.203791,1.460507,0.290131,0.604387
Fast,RearHook,Recover,0.165100,0.204439,1.460486,0.289725,0.588252
Fast,RearHook,Recover,0.166400,0.205070,1.460467,0.289331,0.572365
Fast,RearHook,Recover,0.167700,0.205684,1.460447,0.288948,0.556695
Fast,RearHook,Recover,0.169000,0.206280,1.460429,0.288575,0.541243
Fast,RearHook,Recover,0.170300,0.206860,1.460411,0.288213,0.525985
Fast,RearHook,Recover,0.171600,0.207423,1.460393,0.287861,0.510953
Fast,RearHook,Recover,0.172900,0.207970,1.460376,0.287519,0.496140
Fast,RearHook,Recover,0.174200,0.208500,1.460359,0.287187,0.481560
Fast,RearHook,Recover,0.175500,0.209015,1.460343,0.286866,0.467189
Fast,RearHook,Recover,0.176800,0.209514,1.460328,0.286554,0.453015
Fast,RearHook,Recover,0.178100,0.209998,1.460313,0.286251,0.439084
Fast,RearHook,Recover,0.179400,0.210467,1.460298,0.285958,0.425373
Fast,RearHook,Recover,0.180700,0.210921,1.460284,0.285675,0.411855
Fast,RearHook,Recover,0.182000,0.211360,1.460270,0.285400,0.398587
Fast,RearHook,Recover,0.183300,0.211785,1.460257,0.285135,0.385523
Fast,RearHook,Recover,0.184600,0.212196,1.460244,0.284878,0.372655
Fast,RearHook,Recover,0.185900,0.212592,1.460232,0.284630,0.360026
Fast,RearHook,Recover,0.187200,0.212975,1.460220,0.284390,0.347642
Fast,RearHook,Recover,0.188500,0.213345,1.460208,0.284159,0.335399
Fast,RearHook,Recover,0.189800,0.213702,1.460197,0.283937,0.323474
Fast,RearHook,Recover,0.191100,0.214045,1.460186,0.283722,0.311656
Fast,RearHook,Recover,0.192400,0.214376,1.460176,0.283515,0.300169
Fast,RearHook,Recover,0.193700,0.214694,1.460166,0.283316,0.288803
Fast,RearHook,Recover,0.195000,0.215000,1.460156,0.283125,0.277709
Fast,RearHook,Recover,0.196300,0.215294,1.460147,0.282941,0.266821
Fast,RearHook,Recover,0.197600,0.215576,1.460138,0.282765,0.256157
Fast,RearHook,Recover,0.198900,0.215847,1.460130,0.282596,0.245690
Fast,RearHook,Recover,0.200200,0.216107,1.460122,0.282433,0.235470
Fast,RearHook,Recover,0.201500,0.216355,1.460114,0.282278,0.225435
Fast,RearHook,Recover,0.202800,0.216593,1.460106,0.282130,0.215638
Fast,RearHook,Recover,0.204100,0.216820,1.460099,0.281988,0.206067
Fast,RearHook,Recover,0.205400,0.217037,1.460093,0.281852,0.196693
Fast,RearHook,Recover,0.206700,0.217243,1.460086,0.281723,0.187542
Fast,RearHook,Recover,0.208000,0.217440,1.460080,0.281600,0.178622
Fast,RearHook,Recover,0.209300,0.217627,1.460074,0.281483,0.169916
Fast,RearHook,Recover,0.210600,0.217805,1.460069,0.281372,0.161407
Fast,RearHook,Recover,0.211900,0.217974,1.460063,0.281266,0.153133
Fast,RearHook,Recover,0.213200,0.218134,1.460058,0.281166,0.145078
Fast,RearHook,Recover,0.214500,0.218285,1.460054,0.281072,0.137256
Fast,RearHook,Recover,0.215800,0.218428,1.460049,0.280983,0.129616
Fast,RearHook,Recover,0.217100,0.218563,1.460045,0.280898,0.122214
Fast,RearHook,Recover,0.218400,0.218689,1.460041,0.280819,0.115005
Fast,RearHook,Recover,0.219700,0.218808,1.460037,0.280745,0.108084
Fast,RearHook,Recover,0.221000,0.218920,1.460034,0.280675,0.101302
Fast,RearHook,Recover,0.222300,0.219024,1.460031,0.280610,0.094770
Fast,RearHook,Recover,0.223600,0.219122,1.460027,0.280549,0.088446
Fast,RearHook,Recover,0.224900,0.219213,1.460025,0.280492,0.082369
Fast,RearHook,Recover,0.226200,0.219297,1.460022,0.280439,0.076463
Fast,RearHook,Recover,0.227500,0.219375,1.460020,0.280391,0.070828
Fast,RearHook,Recover,0.228800,0.219447,1.460017,0.280346,0.065379
Fast,RearHook,Recover,0.230100,0.219513,1.460015,0.280304,0.060144
Fast,RearHook,Recover,0.231400,0.219574,1.460013,0.280266,0.055137
Fast,RearHook,Recover,0.232700,0.219630,1.460012,0.280232,0.050328
Fast,RearHook,Recover,0.234000,0.219680,1.460010,0.280200,0.045773
Fast,RearHook,Recover,0.235300,0.219726,1.460009,0.280172,0.041415
Fast,RearHook,Recover,0.236600,0.219767,1.460007,0.280146,0.037276
Fast,RearHook,Recover,0.237900,0.219804,1.460006,0.280123,0.033367
Fast,RearHook,Recover,0.239200,0.219836,1.460005,0.280102,0.029651
Fast,RearHook,Recover,0.240500,0.219865,1.460004,0.280084,0.026170
Fast,RearHook,Recover,0.241800,0.219890,1.460003,0.280069,0.022900
Fast,RearHook,Recover,0.243100,0.219912,1.460003,0.280055,0.019863
Fast,RearHook,Recover,0.244400,0.219931,1.460002,0.280043,0.017009
Fast,RearHook,Recover,0.245700,0.219947,1.460002,0.280033,0.014434
Fast,RearHook,Recover,0.247000,0.219960,1.460001,0.280025,0.012012
Fast,RearHook,Recover,0.248300,0.219971,1.460001,0.280018,0.009817
Fast,RearHook,Recover,0.249600,0.219980,1.460001,0.280013,0.007873
Fast,RearHook,Recover,0.250900,0.219986,1.460001,0.280009,0.006149
Fast,RearHook,Recover,0.252200,0.219991,1.460000,0.280005,0.004599
Fast,RearHook,Recover,0.253500,0.219995,1.460000,0.280003,0.003316
Fast,RearHook,Recover,0.254800,0.219997,1.460000,0.280002,0.002204
Fast,RearHook,Recover,0.256100,0.219999,1.460000,0.280001,0.001342
Fast,RearHook,Recover,0.257400,0.220000,1.460000,0.280000,0.000700
Fast,RearHook,Recover,0.258700,0.220000,1.460000,0.280000,0.000248
Fast,RearHook,Recover,0.260000,0.220000,1.460000,0.280000,0.000041
Legacy,LeadUppercut,Commit,0.000450,-0.220003,1.489978,0.279997,0.050680
Legacy,LeadUppercut,Commit,0.000900,-0.220012,1.489911,0.279988,0.151503
Legacy,LeadUppercut,Commit,0.001350,-0.220027,1.489799,0.279973,0.251245
Legacy,LeadUppercut,Commit,0.001800,-0.220047,1.489645,0.279953,0.349912
Legacy,LeadUppercut,Commit,0.002250,-0.220074,1.489447,0.279926,0.447502
Legacy,LeadUppercut,Commit,0.002700,-0.220106,1.489206,0.279894,0.544273
Legacy,LeadUppercut,Commit,0.003150,-0.220144,1.488923,0.279856,0.639976
Legacy,LeadUppercut,Commit,0.003600,-0.220187,1.488598,0.279813,0.734342
Legacy,LeadUppercut,Commit,0.004050,-0.220236,1.488232,0.279764,0.828401
Legacy,LeadUppercut,Commit,0.004500,-0.220290,1.487825,0.279710,0.920620
Legacy,LeadUppercut,Commit,0.004950,-0.220350,1.487377,0.279650,1.012527
Legacy,LeadUppercut,Commit,0.005400,-0.220415,1.486890,0.279585,1.102846
Legacy,LeadUppercut,Commit,0.005850,-0.220485,1.486362,0.279515,1.192348
Legacy,LeadUppercut,Commit,0.006300,-0.220561,1.485796,0.279439,1.281027
Legacy,LeadUppercut,Commit,0.006750,-0.220641,1.485191,0.279359,1.368652
Legacy,LeadUppercut,Commit,0.007200,-0.220727,1.484547,0.279273,1.454909
Legacy,LeadUppercut,Commit,0.007650,-0.220818,1.483866,0.279182,1.540633
Legacy,LeadUppercut,Commit,0.008100,-0.220914,1.483147,0.279086,1.625017
Legacy,LeadUppercut,Commit,0.008550,-0.221014,1.482392,0.278986,1.708324
Legacy,LeadUppercut,Commit,0.009000,-0.221120,1.481600,0.278880,1.790803
Legacy,LeadUppercut,Commit,0.009450,-0.221230,1.480772,0.278770,1.872223
Legacy,LeadUppercut,Commit,0.009900,-0.221346,1.479909,0.278655,1.952810
Legacy,LeadUppercut,Commit,0.010350,-0.221465,1.479010,0.278535,2.032078
Legacy,LeadUppercut,Commit,0.010800,-0.221590,1.478077,0.278410,2.110257
Legacy,LeadUppercut,Commit,0.011250,-0.221719,1.477109,0.278281,2.187633
Legacy,LeadUppercut,Commit,0.011700,-0.221852,1.476108,0.278148,2.264185
Legacy,LeadUppercut,Commit,0.012150,-0.221990,1.475074,0.278010,2.339392
Legacy,LeadUppercut,Commit,0.012600,-0.222133,1.474006,0.277868,2.413528
Legacy,LeadUppercut,Commit,0.013050,-0.222279,1.472907,0.277721,2.486847
Legacy,LeadUppercut,Commit,0.013500,-0.222430,1.471775,0.277570,2.559117
Legacy,LeadUppercut,Commit,0.013950,-0.222585,1.470612,0.277415,2.630532
Legacy,LeadUppercut,Commit,0.014400,-0.222744,1.469418,0.277256,2.700637
Legacy,LeadUppercut,Commit,0.014850,-0.222908,1.468193,0.277092,2.769653
Legacy,LeadUppercut,Commit,0.015300,-0.223075,1.466938,0.276925,2.838109
Legacy,LeadUppercut,Commit,0.015750,-0.223246,1.465653,0.276754,2.904972
Legacy,LeadUppercut,Commit,0.016200,-0.223421,1.464339,0.276579,2.971285
Legacy,LeadUppercut,Commit,0.016650,-0.223601,1.462996,0.276400,3.036526
Legacy,LeadUppercut,Commit,0.017100,-0.223783,1.461625,0.276217,3.100422
Legacy,LeadUppercut,Commit,0.017550,-0.223970,1.460226,0.276030,3.163758
Legacy,LeadUppercut,Commit,0.018000,-0.224160,1.458800,0.275840,3.225763
Legacy,LeadUppercut,Commit,0.018450,-0.224354,1.457347,0.275646,3.286708
Legacy,LeadUppercut,Commit,0.018900,-0.224551,1.455867,0.275449,3.346795
Legacy,LeadUppercut,Commit,0.019350,-0.224752,1.454360,0.275248,3.405849
Legacy,LeadUppercut,Commit,0.019800,-0.224956,1.452829,0.275044,3.463806
Legacy,LeadUppercut,Commit,0.020250,-0.225164,1.451272,0.274836,3.520694
Legacy,LeadUppercut,Commit,0.020700,-0.225375,1.449690,0.274625,3.576768
Legacy,LeadUppercut,Commit,0.021150,-0.225589,1.448084,0.274411,3.631743
Legacy,LeadUppercut,Commit,0.021600,-0.225806,1.446454,0.274194,3.685669
Legacy,LeadUppercut,Commit,0.022050,-0.226027,1.444801,0.273974,3.738506
Legacy,LeadUppercut,Commit,0.022500,-0.226250,1.443125,0.273750,3.790523
Legacy,LeadUppercut,Commit,0.022950,-0.226477,1.441426,0.273524,3.841233
Legacy,LeadUppercut,Commit,0.023400,-0.226706,1.439706,0.273294,3.891354
Legacy,LeadUppercut,Commit,0.023850,-0.226938,1.437963,0.273062,3.940143
Legacy,LeadUppercut,Commit,0.024300,-0.227173,1.436200,0.272827,3.987868
Legacy,LeadUppercut,Commit,0.024750,-0.227411,1.434416,0.272589,4.034509
Legacy,LeadUppercut,Commit,0.025200,-0.227652,1.432611,0.272348,4.080595
Legacy,LeadUppercut,Commit,0.025650,-0.227895,1.430787,0.272105,4.125353
Legacy,LeadUppercut,Commit,0.026100,-0.228141,1.428943,0.271859,4.169022
Legacy,LeadUppercut,Commit,0.026550,-0.228389,1.427081,0.271611,4.211615
Legacy,LeadUppercut,Commit,0.027000,-0.228640,1.425200,0.271360,4.253665
Legacy,LeadUppercut,Commit,0.027450,-0.228893,1.423301,0.271107,4.294111
Legacy,LeadUppercut,Commit,0.027900,-0.229149,1.421385,0.270851,4.333997
Legacy,LeadUppercut,Commit,0.028350,-0.229407,1.419451,0.270594,4.372555
Legacy,LeadUppercut,Commit,0.028800,-0.229667,1.417501,0.270333,4.410033
Legacy,LeadUppercut,Commit,0.029250,-0.229929,1.415534,0.270071,4.446946
Legacy,LeadUppercut,Commit,0.029700,-0.230193,1.413552,0.269807,4.482550
Legacy,LeadUppercut,Commit,0.030150,-0.230459,1.411555,0.269541,4.517038
Legacy,LeadUppercut,Commit,0.030600,-0.230728,1.409542,0.269272,4.550481
Legacy,LeadUppercut,Commit,0.031050,-0.230998,1.407516,0.269002,4.583364
Legacy,LeadUppercut,Commit,0.031500,-0.231270,1.405475,0.268730,4.614633
Legacy,LeadUppercut,Commit,0.031950,-0.231544,1.403421,0.268456,4.645368
Legacy,LeadUppercut,Commit,0.032400,-0.231820,1.401354,0.268181,4.674745
Legacy,LeadUppercut,Commit,0.032850,-0.232097,1.399274,0.267903,4.703324
Legacy,LeadUppercut,Commit,0.033300,-0.232376,1.397182,0.267624,4.730567
Legacy,LeadUppercut,Commit,0.033750,-0.232656,1.395078,0.267344,4.757233
Legacy,LeadUppercut,Commit,0.034200,-0.232938,1.392963,0.267062,4.782844
Legacy,LeadUppercut,Commit,0.034650,-0.233222,1.390838,0.266778,4.806859
Legacy,LeadUppercut,Commit,0.035100,-0.233507,1.388701,0.266494,4.830557
Legacy,LeadUppercut,Commit,0.035550,-0.233793,1.386555,0.266207,4.852940
Legacy,LeadUppercut,Commit,0.036000,-0.234080,1.384400,0.265920,4.874247
Legacy,LeadUppercut,Commit,0.036450,-0.234369,1.382236,0.265631,4.894457
Legacy,LeadUppercut,Commit,0.036900,-0.234658,1.380063,0.265342,4.914120
Legacy,LeadUppercut,Commit,0.037350,-0.234949,1.377882,0.265051,4.932199
Legacy,LeadUppercut,Commit,0.037800,-0.235241,1.375693,0.264759,4.949459
Legacy,LeadUppercut,Commit,0.038250,-0.235534,1.373497,0.264466,4.965898
Legacy,LeadUppercut,Commit,0.038700,-0.235827,1.371294,0.264173,4.980988
Legacy,LeadUppercut,Commit,0.039150,-0.236122,1.369085,0.263878,4.995536
Legacy,LeadUppercut,Commit,0.039600,-0.236417,1.366870,0.263583,5.008491
Legacy,LeadUppercut,Commit,0.040050,-0.236713,1.364650,0.263287,5.020622
Legacy,LeadUppercut,Commit,0.040500,-0.237010,1.362425,0.262990,5.031950
Legacy,LeadUppercut,Commit,0.040950,-0.237307,1.360195,0.262693,5.042177
Legacy,LeadUppercut,Commit,0.041400,-0.237605,1.357962,0.262395,5.051353
Legacy,LeadUppercut,Commit,0.041850,-0.237903,1.355724,0.262097,5.059436
Legacy,LeadUppercut,Commit,0.042300,-0.238202,1.353484,0.261798,5.066712
Legacy,LeadUppercut,Commit,0.042750,-0.238501,1.351241,0.261499,5.072651
Legacy,LeadUppercut,Commit,0.043200,-0.238801,1.348995,0.261199,5.077767
Legacy,LeadUppercut,Commit,0.043650,-0.239100,1.346748,0.260900,5.081815
Legacy,LeadUppercut,Commit,0.044100,-0.239400,1.344499,0.260600,5.084783
Legacy,LeadUppercut,Commit,0.044550,-0.239700,1.342250,0.260300,5.086935
Legacy,LeadUppercut,Commit,0.045000,-0.240000,1.340000,0.260000,5.088011
Legacy,LeadUppercut,Commit,0.045450,-0.240300,1.337750,0.259700,5.088002
Legacy,LeadUppercut,Commit,0.045900,-0.240600,1.335501,0.259400,5.086935
Legacy,LeadUppercut,Commit,0.046350,-0.240900,1.333252,0.259100,5.084783
Legacy,LeadUppercut,Commit,0.046800,-0.241199,1.331005,0.258801,5.081815
Legacy,LeadUppercut,Commit,0.047250,-0.241499,1.328759,0.258501,5.077767
Legacy,LeadUppercut,Commit,0.047700,-0.241798,1.326516,0.258202,5.072651
Legacy,LeadUppercut,Commit,0.048150,-0.242097,1.324276,0.257903,5.066716
Legacy,LeadUppercut,Commit,0.048600,-0.242395,1.322038,0.257605,5.059432
Legacy,LeadUppercut,Commit,0.049050,-0.242693,1.319805,0.257307,5.051353
Legacy,LeadUppercut,Commit,0.049500,-0.242990,1.317575,0.257010,5.042177
Legacy,LeadUppercut,Commit,0.049950,-0.243287,1.315350,0.256713,5.031950
Legacy,LeadUppercut,Commit,0.050400,-0.243583,1.313130,0.256417,5.020622
Legacy,LeadUppercut,Commit,0.050850,-0.243878,1.310915,0.256122,5.008751
Legacy,LeadUppercut,Commit,0.051300,-0.244173,1.308706,0.255828,4.995275
Legacy,LeadUppercut,Commit,0.051750,-0.244466,1.306503,0.255534,4.980997
Legacy,LeadUppercut,Commit,0.052200,-0.244759,1.304307,0.255241,4.965889
Legacy,LeadUppercut,Commit,0.052650,-0.245051,1.302119,0.254949,4.949459
Legacy,LeadUppercut,Commit,0.053100,-0.245342,1.299937,0.254658,4.932190
Legacy,LeadUppercut,Commit,0.053550,-0.245631,1.297764,0.254369,4.914133
Legacy,LeadUppercut,Commit,0.054000,-0.245920,1.295600,0.254080,4.894466
Legacy,LeadUppercut,Commit,0.054450,-0.246207,1.293445,0.253793,4.874230
Legacy,LeadUppercut,Commit,0.054900,-0.246494,1.291299,0.253507,4.852949
Legacy,LeadUppercut,Commit,0.055350,-0.246778,1.289163,0.253222,4.830552
Legacy,LeadUppercut,Commit,0.055800,-0.247062,1.287037,0.252938,4.806850
Legacy,LeadUppercut,Commit,0.056250,-0.247344,1.284922,0.252656,4.782853
Legacy,LeadUppercut,Commit,0.056700,-0.247624,1.282818,0.252376,4.757233
Legacy,LeadUppercut,Commit,0.057150,-0.247903,1.280726,0.252097,4.730567
Legacy,LeadUppercut,Commit,0.057600,-0.248181,1.278646,0.251820,4.703324
Legacy,LeadUppercut,Commit,0.058050,-0.248456,1.276579,0.251544,4.674745
Legacy,LeadUppercut,Commit,0.058500,-0.248730,1.274525,0.251270,4.645368
Legacy,LeadUppercut,Commit,0.058950,-0.249002,1.272484,0.250998,4.614633
Legacy,LeadUppercut,Commit,0.059400,-0.249272,1.270458,0.250728,4.583364
Legacy,LeadUppercut,Commit,0.059850,-0.249541,1.268445,0.250459,4.550741
Legacy,LeadUppercut,Commit,0.060300,-0.249807,1.266448,0.250193,4.517042
Legacy,LeadUppercut,Commit,0.060750,-0.250071,1.264466,0.249929,4.482289
Legacy,LeadUppercut,Commit,0.061200,-0.250333,1.262499,0.249667,4.446942
Legacy,LeadUppercut,Commit,0.061650,-0.250594,1.260549,0.249407,4.410033
Legacy,LeadUppercut,Commit,0.062100,-0.250851,1.258615,0.249149,4.372555
Legacy,LeadUppercut,Commit,0.062550,-0.251107,1.256699,0.248893,4.334005
Legacy,LeadUppercut,Commit,0.063000,-0.251360,1.254800,0.248640,4.294107
Legacy,LeadUppercut,Commit,0.063450,-0.251611,1.252919,0.248389,4.253653
Legacy,LeadUppercut,Commit,0.063900,-0.251859,1.251057,0.248141,4.211619
Legacy,LeadUppercut,Commit,0.064350,-0.252105,1.249213,0.247895,4.169026
Legacy,LeadUppercut,Commit,0.064800,-0.252348,1.247389,0.247652,4.125353
Legacy,LeadUppercut,Commit,0.065250,-0.252589,1.245584,0.247411,4.080599
Legacy,LeadUppercut,Commit,0.065700,-0.252827,1.243800,0.247173,4.034496
Legacy,LeadUppercut,Commit,0.066150,-0.253062,1.242037,0.246938,3.987881
Legacy,LeadUppercut,Commit,0.066600,-0.253294,1.240294,0.246706,3.940143
Legacy,LeadUppercut,Commit,0.067050,-0.253524,1.238574,0.246477,3.891350
Legacy,LeadUppercut,Commit,0.067500,-0.253750,1.236875,0.246250,3.841224
Legacy,LeadUppercut,Commit,0.067950,-0.253974,1.235199,0.246027,3.790531
Legacy,LeadUppercut,Commit,0.068400,-0.254194,1.233546,0.245806,3.738506
Legacy,LeadUppercut,Commit,0.068850,-0.254411,1.231916,0.245589,3.685669
Legacy,LeadUppercut,Commit,0.069300,-0.254625,1.230310,0.245375,3.631752
Legacy,LeadUppercut,Commit,0.069750,-0.254836,1.228728,0.245164,3.576759
Legacy,LeadUppercut,Commit,0.070200,-0.255044,1.227171,0.244956,3.520694
Legacy,LeadUppercut,Commit,0.070650,-0.255248,1.225639,0.244752,3.464070
Legacy,LeadUppercut,Commit,0.071100,-0.255449,1.224133,0.244551,3.405585
Legacy,LeadUppercut,Commit,0.071550,-0.255646,1.222654,0.244354,3.346804
Legacy,LeadUppercut,Commit,0.072000,-0.255840,1.221200,0.244160,3.286960
Legacy,LeadUppercut,Commit,0.072450,-0.256030,1.219774,0.243970,3.225502
Legacy,LeadUppercut,Commit,0.072900,-0.256217,1.218375,0.243783,3.163758
Legacy,LeadUppercut,Commit,0.073350,-0.256400,1.217004,0.243601,3.100418
Legacy,LeadUppercut,Commit,0.073800,-0.256579,1.215661,0.243421,3.036535
Legacy,LeadUppercut,Commit,0.074250,-0.256754,1.214347,0.243246,2.971281
Legacy,LeadUppercut,Commit,0.074700,-0.256925,1.213062,0.243075,2.904977
Legacy,LeadUppercut,Commit,0.075150,-0.257092,1.211807,0.242908,2.838109
Legacy,LeadUppercut,Commit,0.075600,-0.257256,1.210582,0.242744,2.769653
Legacy,LeadUppercut,Commit,0.076050,-0.257415,1.209388,0.242585,2.700633
Legacy,LeadUppercut,Commit,0.076500,-0.257570,1.208225,0.242430,2.630528
Legacy,LeadUppercut,Commit,0.076950,-0.257721,1.207093,0.242279,2.559113
Legacy,LeadUppercut,Commit,0.077400,-0.257868,1.205994,0.242133,2.486856
Legacy,LeadUppercut,Commit,0.077850,-0.258010,1.204926,0.241990,2.413532
Legacy,LeadUppercut,Commit,0.078300,-0.258148,1.203892,0.241852,2.339392
Legacy,LeadUppercut,Commit,0.078750,-0.258281,1.202891,0.241719,2.264181
Legacy,LeadUppercut,Commit,0.079200,-0.258410,1.201923,0.241590,2.187629
Legacy,LeadUppercut,Commit,0.079650,-0.258535,1.200990,0.241465,2.110261
Legacy,LeadUppercut,Commit,0.080100,-0.258655,1.200091,0.241346,2.032078
Legacy,LeadUppercut,Commit,0.080550,-0.258770,1.199228,0.241230,1.952814
Legacy,LeadUppercut,Commit,0.081000,-0.258880,1.198400,0.241120,1.872218
Legacy,LeadUppercut,Commit,0.081450,-0.258986,1.197608,0.241014,1.790807
Legacy,LeadUppercut,Commit,0.081900,-0.259086,1.196853,0.240914,1.708320
Legacy,LeadUppercut,Commit,0.082350,-0.259182,1.196134,0.240818,1.625017
Legacy,LeadUppercut,Commit,0.082800,-0.259273,1.195453,0.240727,1.540633
Legacy,LeadUppercut,Commit,0.083250,-0.259359,1.194809,0.240641,1.454909
Legacy,LeadUppercut,Commit,0.083700,-0.259439,1.194204,0.240561,1.368643
Legacy,LeadUppercut,Commit,0.084150,-0.259515,1.193638,0.240485,1.281036
Legacy,LeadUppercut,Commit,0.084600,-0.259585,1.193110,0.240415,1.192353
Legacy,LeadUppercut,Commit,0.085050,-0.259650,1.192623,0.240350,1.102837
Legacy,LeadUppercut,Commit,0.085500,-0.259710,1.192175,0.240290,1.012531
Legacy,LeadUppercut,Commit,0.085950,-0.259764,1.191768,0.240236,0.920620
Legacy,LeadUppercut,Commit,0.086400,-0.259813,1.191402,0.240187,0.828401
Legacy,LeadUppercut,Commit,0.086850,-0.259856,1.191077,0.240144,0.734342
Legacy,LeadUppercut,Commit,0.087300,-0.259894,1.190794,0.240106,0.639976
Legacy,LeadUppercut,Commit,0.087750,-0.259926,1.190553,0.240074,0.544273
Legacy,LeadUppercut,Commit,0.088200,-0.259953,1.190355,0.240047,0.447507
Legacy,LeadUppercut,Commit,0.088650,-0.259973,1.190201,0.240027,0.349908
Legacy,LeadUppercut,Commit,0.089100,-0.259988,1.190089,0.240012,0.251245
Legacy,LeadUppercut,Commit,0.089550,-0.259997,1.190022,0.240003,0.151499
Legacy,LeadUppercut,Commit,0.090000,-0.260000,1.190000,0.240000,0.050685
Legacy,LeadUppercut,Extend,0.000700,-0.259990,1.190030,0.240019,0.052565
Legacy,LeadUppercut,Extend,0.001400,-0.259958,1.190119,0.240075,0.156919
Legacy,LeadUppercut,Extend,0.002100,-0.259906,1.190267,0.240167,0.260181
Legacy,LeadUppercut,Extend,0.002800,-0.259834,1.190474,0.240296,0.362600
Legacy,LeadUppercut,Extend,0.003500,-0.259742,1.190738,0.240461,0.463778
Legacy,LeadUppercut,Extend,0.004200,-0.259630,1.191059,0.240662,0.563932
Legacy,LeadUppercut,Extend,0.004900,-0.259498,1.191436,0.240897,0.663015
Legacy,LeadUppercut,Extend,0.005600,-0.259346,1.191869,0.241168,0.761040
Legacy,LeadUppercut,Extend,0.006300,-0.259175,1.192357,0.241473,0.858073
Legacy,LeadUppercut,Extend,0.007000,-0.258985,1.192900,0.241813,0.954003
Legacy,LeadUppercut,Extend,0.007700,-0.258776,1.193497,0.242186,1.048885
Legacy,LeadUppercut,Extend,0.008400,-0.258549,1.194147,0.242592,1.142742
Legacy,LeadUppercut,Extend,0.009100,-0.258302,1.194850,0.243031,1.235530
Legacy,LeadUppercut,Extend,0.009800,-0.258038,1.195606,0.243504,1.327281
Legacy,LeadUppercut,Extend,0.010500,-0.257756,1.196413,0.244008,1.417987
Legacy,LeadUppercut,Extend,0.011200,-0.257455,1.197271,0.244544,1.507620
Legacy,LeadUppercut,Extend,0.011900,-0.257137,1.198179,0.245112,1.596080
Legacy,LeadUppercut,Extend,0.012600,-0.256802,1.199137,0.245711,1.683620
Legacy,LeadUppercut,Extend,0.013300,-0.256450,1.200144,0.246340,1.770123
Legacy,LeadUppercut,Extend,0.014000,-0.256080,1.201200,0.247000,1.855429
Legacy,LeadUppercut,Extend,0.014700,-0.255694,1.202304,0.247690,1.939988
Legacy,LeadUppercut,Extend,0.015400,-0.255291,1.203455,0.248410,2.023027
Legacy,LeadUppercut,Extend,0.016100,-0.254871,1.204653,0.249158,2.105468
Legacy,LeadUppercut,Extend,0.016800,-0.254436,1.205898,0.249936,2.186584
Legacy,LeadUppercut,Extend,0.017500,-0.253984,1.207188,0.250742,2.266643
Legacy,LeadUppercut,Extend,0.018200,-0.253517,1.208522,0.251577,2.345770
Legacy,LeadUppercut,Extend,0.018900,-0.253034,1.209902,0.252439,2.423916
Legacy,LeadUppercut,Extend,0.019600,-0.252536,1.211325,0.253328,2.500649
Legacy,LeadUppercut,Extend,0.020300,-0.252023,1.212791,0.254244,2.576805
Legacy,LeadUppercut,Extend,0.021000,-0.251495,1.214300,0.255188,2.651465
Legacy,LeadUppercut,Extend,0.021700,-0.250952,1.215851,0.256157,2.725378
Legacy,LeadUppercut,Extend,0.022400,-0.250395,1.217443,0.257152,2.798082
Legacy,LeadUppercut,Extend,0.023100,-0.249823,1.219076,0.258173,2.869872
Legacy,LeadUppercut,Extend,0.023800,-0.249238,1.220750,0.259219,2.940365
Legacy,LeadUppercut,Extend,0.024500,-0.248638,1.222463,0.260289,3.010048
Legacy,LeadUppercut,Extend,0.025200,-0.248025,1.224214,0.261384,3.078568
Legacy,LeadUppercut,Extend,0.025900,-0.247398,1.226005,0.262503,3.146024
Legacy,LeadUppercut,Extend,0.026600,-0.246759,1.227833,0.263646,3.212582
Legacy,LeadUppercut,Extend,0.027300,-0.246106,1.229698,0.264811,3.277799
Legacy,LeadUppercut,Extend,0.028000,-0.245440,1.231600,0.266000,3.342124
Legacy,LeadUppercut,Extend,0.028700,-0.244762,1.233538,0.267211,3.405390
Legacy,LeadUppercut,Extend,0.029400,-0.244071,1.235511,0.268445,3.467730
Legacy,LeadUppercut,Extend,0.030100,-0.243368,1.237519,0.269700,3.528758
Legacy,LeadUppercut,Extend,0.030800,-0.242653,1.239562,0.270976,3.588871
Legacy,LeadUppercut,Extend,0.031500,-0.241927,1.241638,0.272274,3.647941
Legacy,LeadUppercut,Extend,0.032200,-0.241189,1.243746,0.273592,3.705815
Legacy,LeadUppercut,Extend,0.032900,-0.240439,1.245888,0.274930,3.762908
Legacy,LeadUppercut,Extend,0.033600,-0.239679,1.248061,0.276288,3.818687
Legacy,LeadUppercut,Extend,0.034300,-0.238907,1.250265,0.277666,3.873568
Legacy,LeadUppercut,Extend,0.035000,-0.238125,1.252500,0.279063,3.927363
Legacy,LeadUppercut,Extend,0.035700,-0.237332,1.254765,0.280478,3.979995
Legacy,LeadUppercut,Extend,0.036400,-0.236529,1.257059,0.281912,4.031712
Legacy,LeadUppercut,Extend,0.037100,-0.235716,1.259382,0.283364,4.082381
Legacy,LeadUppercut,Extend,0.037800,-0.234893,1.261734,0.284834,4.131876
Legacy,LeadUppercut,Extend,0.038500,-0.234061,1.264113,0.286320,4.180423
Legacy,LeadUppercut,Extend,0.039200,-0.233219,1.266518,0.287824,4.227795
Legacy,LeadUppercut,Extend,0.039900,-0.232367,1.268951,0.289344,4.274130
Legacy,LeadUppercut,Extend,0.040600,-0.231507,1.271409,0.290881,4.319546
Legacy,LeadUppercut,Extend,0.041300,-0.230638,1.273892,0.292433,4.363925
Legacy,LeadUppercut,Extend,0.042000,-0.229760,1.276400,0.294000,4.407108
Legacy,LeadUppercut,Extend,0.042700,-0.228874,1.278932,0.295582,4.449210
Legacy,LeadUppercut,Extend,0.043400,-0.227980,1.281487,0.297180,4.490314
Legacy,LeadUppercut,Extend,0.044100,-0.227077,1.284065,0.298791,4.530454
Legacy,LeadUppercut,Extend,0.044800,-0.226167,1.286666,0.300416,4.569447
Legacy,LeadUppercut,Extend,0.045500,-0.225249,1.289288,0.302055,4.607403
Legacy,LeadUppercut,Extend,0.046200,-0.224324,1.291930,0.303707,4.644273
Legacy,LeadUppercut,Extend,0.046900,-0.223392,1.294594,0.305371,4.680223
Legacy,LeadUppercut,Extend,0.047600,-0.222453,1.297277,0.307048,4.714876
Legacy,LeadUppercut,Extend,0.048300,-0.221507,1.299979,0.308737,4.748738
Legacy,LeadUppercut,Extend,0.049000,-0.220555,1.302700,0.310438,4.781280
Legacy,LeadUppercut,Extend,0.049700,-0.219596,1.305439,0.312149,4.813056
Legacy,LeadUppercut,Extend,0.050400,-0.218632,1.308195,0.313872,4.843510
Legacy,LeadUppercut,Extend,0.051100,-0.217661,1.310968,0.315605,4.873169
Legacy,LeadUppercut,Extend,0.051800,-0.216685,1.313758,0.317349,4.901516
Legacy,LeadUppercut,Extend,0.052500,-0.215703,1.316563,0.319102,4.928943
Legacy,LeadUppercut,Extend,0.053200,-0.214716,1.319382,0.320864,4.955351
Legacy,LeadUppercut,Extend,0.053900,-0.213724,1.322217,0.322635,4.980643
Legacy,LeadUppercut,Extend,0.054600,-0.212727,1.325065,0.324416,5.004951
Legacy,LeadUppercut,Extend,0.055300,-0.211726,1.327926,0.326204,5.028043
Legacy,LeadUppercut,Extend,0.056000,-0.210720,1.330800,0.328000,5.050228
Legacy,LeadUppercut,Extend,0.056700,-0.209710,1.333686,0.329804,5.071364
Legacy,LeadUppercut,Extend,0.057400,-0.208696,1.336583,0.331615,5.091281
Legacy,LeadUppercut,Extend,0.058100,-0.207678,1.339491,0.333432,5.110369
Legacy,LeadUppercut,Extend,0.058800,-0.206657,1.342410,0.335256,5.128173
Legacy,LeadUppercut,Extend,0.059500,-0.205632,1.345338,0.337086,5.145132
Legacy,LeadUppercut,Extend,0.060200,-0.204604,1.348274,0.338922,5.160998
Legacy,LeadUppercut,Extend,0.060900,-0.203573,1.351220,0.340762,5.175696
Legacy,LeadUppercut,Extend,0.061600,-0.202540,1.354173,0.342608,5.189345
Legacy,LeadUppercut,Extend,0.062300,-0.201503,1.357133,0.344458,5.202086
Legacy,LeadUppercut,Extend,0.063000,-0.200465,1.360100,0.346313,5.213646
Legacy,LeadUppercut,Extend,0.063700,-0.199425,1.363073,0.348171,5.224265
Legacy,LeadUppercut,Extend,0.064400,-0.198382,1.366051,0.350032,5.233564
Legacy,LeadUppercut,Extend,0.065100,-0.197338,1.369034,0.351897,5.242276
Legacy,LeadUppercut,Extend,0.065800,-0.196292,1.372022,0.353764,5.249431
Legacy,LeadUppercut,Extend,0.066500,-0.195246,1.375013,0.355633,5.255771
Legacy,LeadUppercut,Extend,0.067200,-0.194198,1.378006,0.357504,5.261157
Legacy,LeadUppercut,Extend,0.067900,-0.193149,1.381003,0.359377,5.265374
Legacy,LeadUppercut,Extend,0.068600,-0.192100,1.384001,0.361251,5.268484
Legacy,LeadUppercut,Extend,0.069300,-0.191050,1.387000,0.363125,5.270595
Legacy,LeadUppercut,Extend,0.070000,-0.190000,1.390000,0.365000,5.271637
Legacy,LeadUppercut,Extend,0.070700,-0.188950,1.393000,0.366875,5.271504
Legacy,LeadUppercut,Extend,0.071400,-0.187900,1.395999,0.368750,5.270588
Legacy,LeadUppercut,Extend,0.072100,-0.186851,1.398997,0.370623,5.268512
Legacy,LeadUppercut,Extend,0.072800,-0.185802,1.401994,0.372496,5.265347
Legacy,LeadUppercut,Extend,0.073500,-0.184754,1.404988,0.374367,5.261129
Legacy,LeadUppercut,Extend,0.074200,-0.183708,1.407978,0.376237,5.255771
Legacy,LeadUppercut,Extend,0.074900,-0.182662,1.410966,0.378104,5.249646
Legacy,LeadUppercut,Extend,0.075600,-0.181618,1.413949,0.379968,5.242088
Legacy,LeadUppercut,Extend,0.076300,-0.180576,1.416927,0.381829,5.233576
Legacy,LeadUppercut,Extend,0.077000,-0.179535,1.419900,0.383688,5.224259
Legacy,LeadUppercut,Extend,0.077700,-0.178497,1.422867,0.385542,5.213613
Legacy,LeadUppercut,Extend,0.078400,-0.177461,1.425827,0.387392,5.202129
Legacy,LeadUppercut,Extend,0.079100,-0.176427,1.428780,0.389238,5.189335
Legacy,LeadUppercut,Extend,0.079800,-0.175396,1.431726,0.391079,5.175712
Legacy,LeadUppercut,Extend,0.080500,-0.174368,1.434663,0.392914,5.160983
Legacy,LeadUppercut,Extend,0.081200,-0.173343,1.437590,0.394744,5.145126
Legacy,LeadUppercut,Extend,0.081900,-0.172322,1.440509,0.396568,5.128180
Legacy,LeadUppercut,Extend,0.082600,-0.171304,1.443417,0.398386,5.110341
Legacy,LeadUppercut,Extend,0.083300,-0.170290,1.446314,0.400196,5.091315
Legacy,LeadUppercut,Extend,0.084000,-0.169280,1.449200,0.402000,5.071358
Legacy,LeadUppercut,Extend,0.084700,-0.168274,1.452074,0.403796,5.050234
Legacy,LeadUppercut,Extend,0.085400,-0.167273,1.454935,0.405585,5.028037
Legacy,LeadUppercut,Extend,0.086100,-0.166276,1.457783,0.407365,5.004944
Legacy,LeadUppercut,Extend,0.086800,-0.165284,1.460618,0.409136,4.980655
Legacy,LeadUppercut,Extend,0.087500,-0.164297,1.463438,0.410898,4.955339
Legacy,LeadUppercut,Extend,0.088200,-0.163315,1.466242,0.412652,4.928943
Legacy,LeadUppercut,Extend,0.088900,-0.162339,1.469032,0.414395,4.901501
Legacy,LeadUppercut,Extend,0.089600,-0.161368,1.471805,0.416128,4.873213
Legacy,LeadUppercut,Extend,0.090300,-0.160404,1.474561,0.417851,4.843461
Legacy,LeadUppercut,Extend,0.091000,-0.159445,1.477300,0.419563,4.813072
Legacy,LeadUppercut,Extend,0.091700,-0.158493,1.480021,0.421263,4.781308
Legacy,LeadUppercut,Extend,0.092400,-0.157547,1.482723,0.422952,4.748723
Legacy,LeadUppercut,Extend,0.093100,-0.156608,1.485406,0.424629,4.715043
Legacy,LeadUppercut,Extend,0.093800,-0.155676,1.488070,0.426294,4.680079
Legacy,LeadUppercut,Extend,0.094500,-0.154751,1.490713,0.427945,4.644251
Legacy,LeadUppercut,Extend,0.095200,-0.153833,1.493334,0.429584,4.607403
Legacy,LeadUppercut,Extend,0.095900,-0.152923,1.495935,0.431209,4.569440
Legacy,LeadUppercut,Extend,0.096600,-0.152021,1.498513,0.432821,4.530466
Legacy,LeadUppercut,Extend,0.097300,-0.151126,1.501068,0.434418,4.490329
Legacy,LeadUppercut,Extend,0.098000,-0.150240,1.503600,0.436000,4.449183
Legacy,LeadUppercut,Extend,0.098700,-0.149362,1.506108,0.437567,4.407080
Legacy,LeadUppercut,Extend,0.099400,-0.148493,1.508591,0.439120,4.363815
Legacy,LeadUppercut,Extend,0.100100,-0.147633,1.511049,0.440656,4.319546
Legacy,LeadUppercut,Extend,0.100800,-0.146781,1.513482,0.442176,4.274269
Legacy,LeadUppercut,Extend,0.101500,-0.145939,1.515887,0.443680,4.227801
Legacy,LeadUppercut,Extend,0.102200,-0.145107,1.518266,0.445167,4.180444
Legacy,LeadUppercut,Extend,0.102900,-0.144284,1.520618,0.446636,4.131848
Legacy,LeadUppercut,Extend,0.103600,-0.143471,1.522941,0.448088,4.082359
Legacy,LeadUppercut,Extend,0.104300,-0.142668,1.525235,0.449522,4.031739
Legacy,LeadUppercut,Extend,0.105000,-0.141875,1.527500,0.450938,3.979995
Legacy,LeadUppercut,Extend,0.105700,-0.141093,1.529735,0.452334,3.927363
Legacy,LeadUppercut,Extend,0.106400,-0.140321,1.531939,0.453712,3.873534
Legacy,LeadUppercut,Extend,0.107100,-0.139561,1.534112,0.455070,3.818727
Legacy,LeadUppercut,Extend,0.107800,-0.138811,1.536254,0.456409,3.762757
Legacy,LeadUppercut,Extend,0.108500,-0.138073,1.538363,0.457727,3.705932
Legacy,LeadUppercut,Extend,0.109200,-0.137347,1.540438,0.459024,3.647957
Legacy,LeadUppercut,Extend,0.109900,-0.136632,1.542481,0.460300,3.588883
Legacy,LeadUppercut,Extend,0.110600,-0.135929,1.544489,0.461556,3.528736
Legacy,LeadUppercut,Extend,0.111300,-0.135238,1.546462,0.462789,3.467752
Legacy,LeadUppercut,Extend,0.112000,-0.134560,1.548400,0.464000,3.405396
Legacy,LeadUppercut,Extend,0.112700,-0.133894,1.550302,0.465189,3.342102
Legacy,LeadUppercut,Extend,0.113400,-0.133242,1.552167,0.466355,3.277793
Legacy,LeadUppercut,Extend,0.114100,-0.132602,1.553995,0.467497,3.212576
Legacy,LeadUppercut,Extend,0.114800,-0.131975,1.555786,0.468616,3.146052
Legacy,LeadUppercut,Extend,0.115500,-0.131362,1.557538,0.469711,3.078556
Legacy,LeadUppercut,Extend,0.116200,-0.130762,1.559250,0.470782,3.010054
Legacy,LeadUppercut,Extend,0.116900,-0.130177,1.560924,0.471827,2.940365
Legacy,LeadUppercut,Extend,0.117600,-0.129605,1.562557,0.472848,2.869860
Legacy,LeadUppercut,Extend,0.118300,-0.129048,1.564149,0.473843,2.798110
Legacy,LeadUppercut,Extend,0.119000,-0.128505,1.565700,0.474813,2.725363
Legacy,LeadUppercut,Extend,0.119700,-0.127977,1.567209,0.475756,2.651471
Legacy,LeadUppercut,Extend,0.120400,-0.127464,1.568675,0.476672,2.576783
Legacy,LeadUppercut,Extend,0.121100,-0.126966,1.570098,0.477561,2.500671
Legacy,LeadUppercut,Extend,0.121800,-0.126483,1.571478,0.478424,2.423867
Legacy,LeadUppercut,Extend,0.122500,-0.126016,1.572813,0.479258,2.345820
Legacy,LeadUppercut,Extend,0.123200,-0.125564,1.574102,0.480064,2.266631
Legacy,LeadUppercut,Extend,0.123900,-0.125129,1.575347,0.480842,2.186597
Legacy,LeadUppercut,Extend,0.124600,-0.124709,1.576545,0.481591,2.105480
Legacy,LeadUppercut,Extend,0.125300,-0.124306,1.577696,0.482310,2.023015
Legacy,LeadUppercut,Extend,0.126000,-0.123920,1.578800,0.483000,1.939982
Legacy,LeadUppercut,Extend,0.126700,-0.123550,1.579856,0.483660,1.855407
Legacy,LeadUppercut,Extend,0.127400,-0.123198,1.580863,0.484290,1.770156
Legacy,LeadUppercut,Extend,0.128100,-0.122863,1.581821,0.484888,1.683609
Legacy,LeadUppercut,Extend,0.128800,-0.122545,1.582730,0.485456,1.596063
Legacy,LeadUppercut,Extend,0.129500,-0.122244,1.583588,0.485992,1.507643
Legacy,LeadUppercut,Extend,0.130200,-0.121962,1.584394,0.486497,1.417987
Legacy,LeadUppercut,Extend,0.130900,-0.121698,1.585150,0.486969,1.327281
Legacy,LeadUppercut,Extend,0.131600,-0.121452,1.585853,0.487408,1.235518
Legacy,LeadUppercut,Extend,0.132300,-0.121224,1.586503,0.487814,1.142721
Legacy,LeadUppercut,Extend,0.133000,-0.121015,1.587100,0.488188,1.048908
Legacy,LeadUppercut,Extend,0.133700,-0.120825,1.587643,0.488527,0.954014
Legacy,LeadUppercut,Extend,0.134400,-0.120654,1.588131,0.488832,0.858039
Legacy,LeadUppercut,Extend,0.135100,-0.120503,1.588564,0.489103,0.761061
Legacy,LeadUppercut,Extend,0.135800,-0.120370,1.588942,0.489339,0.663176
Legacy,LeadUppercut,Extend,0.136500,-0.120258,1.589262,0.489539,0.563781
Legacy,LeadUppercut,Extend,0.137200,-0.120166,1.589526,0.489704,0.463773
Legacy,LeadUppercut,Extend,0.137900,-0.120094,1.589733,0.489833,0.362584
Legacy,LeadUppercut,Extend,0.138600,-0.120042,1.589881,0.489926,0.260196
Legacy,LeadUppercut,Extend,0.139300,-0.120011,1.589970,0.489981,0.156897
Legacy,LeadUppercut,Extend,0.140000,-0.120000,1.590000,0.490000,0.052586
Legacy,LeadUppercut,Recover,0.001400,-0.120008,1.589993,0.489984,0.013552
Legacy,LeadUppercut,Recover,0.002800,-0.120030,1.589970,0.489937,0.040343
Legacy,LeadUppercut,Recover,0.004200,-0.120067,1.589933,0.489860,0.066969
Legacy,LeadUppercut,Recover,0.005600,-0.120118,1.589882,0.489751,0.093262
Legacy,LeadUppercut,Recover,0.007000,-0.120184,1.589816,0.489613,0.119312
Legacy,LeadUppercut,Recover,0.008400,-0.120265,1.589735,0.489444,0.145083
Legacy,LeadUppercut,Recover,0.009800,-0.120359,1.589641,0.489246,0.170579
Legacy,LeadUppercut,Recover,0.011200,-0.120467,1.589533,0.489019,0.195792
Legacy,LeadUppercut,Recover,0.012600,-0.120589,1.589411,0.488763,0.220758
Legacy,LeadUppercut,Recover,0.014000,-0.120725,1.589275,0.488478,0.245462
Legacy,LeadUppercut,Recover,0.015400,-0.120874,1.589126,0.488164,0.269881
Legacy,LeadUppercut,Recover,0.016800,-0.121037,1.588963,0.487823,0.293947
Legacy,LeadUppercut,Recover,0.018200,-0.121213,1.588787,0.487454,0.317917
Legacy,LeadUppercut,Recover,0.019600,-0.121401,1.588599,0.487057,0.341501
Legacy,LeadUppercut,Recover,0.021000,-0.121603,1.588397,0.486633,0.364793
Legacy,LeadUppercut,Recover,0.022400,-0.121818,1.588182,0.486183,0.387838
Legacy,LeadUppercut,Recover,0.023800,-0.122045,1.587955,0.485706,0.410665
Legacy,LeadUppercut,Recover,0.025200,-0.122284,1.587716,0.485203,0.433136
Legacy,LeadUppercut,Recover,0.026600,-0.122536,1.587464,0.484674,0.455432
Legacy,LeadUppercut,Recover,0.028000,-0.122800,1.587200,0.484120,0.477365
Legacy,LeadUppercut,Recover,0.029400,-0.123076,1.586924,0.483541,0.499067
Legacy,LeadUppercut,Recover,0.030800,-0.123364,1.586636,0.482936,0.520546
Legacy,LeadUppercut,Recover,0.032200,-0.123663,1.586337,0.482307,0.541653
Legacy,LeadUppercut,Recover,0.033600,-0.123974,1.586026,0.481654,0.562562
Legacy,LeadUppercut,Recover,0.035000,-0.124297,1.585703,0.480977,0.583169
Legacy,LeadUppercut,Recover,0.036400,-0.124631,1.585369,0.480276,0.603507
Legacy,LeadUppercut,Recover,0.037800,-0.124975,1.585025,0.479552,0.623599
Legacy,LeadUppercut,Recover,0.039200,-0.125331,1.584669,0.478805,0.643376
Legacy,LeadUppercut,Recover,0.040600,-0.125698,1.584302,0.478035,0.662934
Legacy,LeadUppercut,Recover,0.042000,-0.126075,1.583925,0.477243,0.682206
Legacy,LeadUppercut,Recover,0.043400,-0.126463,1.583537,0.476428,0.701166
Legacy,LeadUppercut,Recover,0.044800,-0.126861,1.583139,0.475592,0.719871
Legacy,LeadUppercut,Recover,0.046200,-0.127269,1.582731,0.474735,0.738332
Legacy,LeadUppercut,Recover,0.047600,-0.127687,1.582313,0.473857,0.756533
Legacy,LeadUppercut,Recover,0.049000,-0.128116,1.581884,0.472957,0.774420
Legacy,LeadUppercut,Recover,0.050400,-0.128554,1.581446,0.472037,0.792049
Legacy,LeadUppercut,Recover,0.051800,-0.129001,1.580999,0.471098,0.809387
Legacy,LeadUppercut,Recover,0.053200,-0.129458,1.580542,0.470138,0.826502
Legacy,LeadUppercut,Recover,0.054600,-0.129925,1.580076,0.469159,0.843318
Legacy,LeadUppercut,Recover,0.056000,-0.130400,1.579600,0.468160,0.859878
Legacy,LeadUppercut,Recover,0.057400,-0.130885,1.579116,0.467143,0.876130
Legacy,LeadUppercut,Recover,0.058800,-0.131378,1.578622,0.466107,0.892137
Legacy,LeadUppercut,Recover,0.060200,-0.131880,1.578120,0.465052,0.907867
Legacy,LeadUppercut,Recover,0.061600,-0.132390,1.577610,0.463980,0.923314
Legacy,LeadUppercut,Recover,0.063000,-0.132909,1.577091,0.462890,0.938561
Legacy,LeadUppercut,Recover,0.064400,-0.133437,1.576563,0.461783,0.953431
Legacy,LeadUppercut,Recover,0.065800,-0.133972,1.576028,0.460659,0.968111
Legacy,LeadUppercut,Recover,0.067200,-0.134515,1.575485,0.459518,0.982447
Legacy,LeadUppercut,Recover,0.068600,-0.135066,1.574934,0.458361,0.996620
Legacy,LeadUppercut,Recover,0.070000,-0.135625,1.574375,0.457188,1.010415
Legacy,LeadUppercut,Recover,0.071400,-0.136191,1.573809,0.455999,1.023946
Legacy,LeadUppercut,Recover,0.072800,-0.136765,1.573235,0.454794,1.037268
Legacy,LeadUppercut,Recover,0.074200,-0.137346,1.572654,0.453574,1.050290
Legacy,LeadUppercut,Recover,0.075600,-0.137933,1.572067,0.452340,1.063046
Legacy,LeadUppercut,Recover,0.077000,-0.138528,1.571472,0.451091,1.075520
Legacy,LeadUppercut,Recover,0.078400,-0.139130,1.570870,0.449828,1.087724
Legacy,LeadUppercut,Recover,0.079800,-0.139738,1.570262,0.448551,1.099673
Legacy,LeadUppercut,Recover,0.081200,-0.140352,1.569648,0.447260,1.111326
Legacy,LeadUppercut,Recover,0.082600,-0.140973,1.569027,0.445957,1.122718
Legacy,LeadUppercut,Recover,0.084000,-0.141600,1.568400,0.444640,1.133815
Legacy,LeadUppercut,Recover,0.085400,-0.142233,1.567767,0.443311,1.144701
Legacy,LeadUppercut,Recover,0.086800,-0.142872,1.567128,0.441969,1.155281
Legacy,LeadUppercut,Recover,0.088200,-0.143516,1.566484,0.440616,1.165552
Legacy,LeadUppercut,Recover,0.089600,-0.144166,1.565834,0.439251,1.175605
Legacy,LeadUppercut,Recover,0.091000,-0.144822,1.565178,0.437874,1.185379
Legacy,LeadUppercut,Recover,0.092400,-0.145483,1.564517,0.436487,1.194906
Legacy,LeadUppercut,Recover,0.093800,-0.146148,1.563852,0.435088,1.204083
Legacy,LeadUppercut,Recover,0.095200,-0.146819,1.563181,0.433680,1.213040
Legacy,LeadUppercut,Recover,0.096600,-0.147495,1.562505,0.432261,1.221720
Legacy,LeadUppercut,Recover,0.098000,-0.148175,1.561825,0.430833,1.230148
Legacy,LeadUppercut,Recover,0.099400,-0.148860,1.561140,0.429395,1.238262
Legacy,LeadUppercut,Recover,0.100800,-0.149549,1.560451,0.427948,1.246143
Legacy,LeadUppercut,Recover,0.102200,-0.150242,1.559758,0.426492,1.253748
Legacy,LeadUppercut,Recover,0.103600,-0.150939,1.559061,0.425027,1.261063
Legacy,LeadUppercut,Recover,0.105000,-0.151641,1.558359,0.423555,1.268118
Legacy,LeadUppercut,Recover,0.106400,-0.152346,1.557654,0.422074,1.274893
Legacy,LeadUppercut,Recover,0.107800,-0.153054,1.556946,0.420586,1.281427
Legacy,LeadUppercut,Recover,0.109200,-0.153766,1.556234,0.419091,1.287600
Legacy,LeadUppercut,Recover,0.110600,-0.154482,1.555519,0.417589,1.293617
Legacy,LeadUppercut,Recover,0.112000,-0.155200,1.554800,0.416080,1.299330
Legacy,LeadUppercut,Recover,0.113400,-0.155922,1.554079,0.414565,1.304728
Legacy,LeadUppercut,Recover,0.114800,-0.156646,1.553354,0.413044,1.309878
Legacy,LeadUppercut,Recover,0.116200,-0.157373,1.552627,0.411517,1.314776
Legacy,LeadUppercut,Recover,0.117600,-0.158102,1.551898,0.409985,1.319358
Legacy,LeadUppercut,Recover,0.119000,-0.158834,1.551166,0.408448,1.323757
Legacy,LeadUppercut,Recover,0.120400,-0.159569,1.550431,0.406906,1.327806
Legacy,LeadUppercut,Recover,0.121800,-0.160305,1.549695,0.405360,1.331572
Legacy,LeadUppercut,Recover,0.123200,-0.161043,1.548957,0.403809,1.335135
Legacy,LeadUppercut,Recover,0.124600,-0.161783,1.548217,0.402255,1.338381
Legacy,LeadUppercut,Recover,0.126000,-0.162525,1.547475,0.400698,1.341354
Legacy,LeadUppercut,Recover,0.127400,-0.163268,1.546732,0.399137,1.344042
Legacy,LeadUppercut,Recover,0.128800,-0.164013,1.545987,0.397573,1.346522
Legacy,LeadUppercut,Recover,0.130200,-0.164759,1.545241,0.396007,1.348661
Legacy,LeadUppercut,Recover,0.131600,-0.165505,1.544495,0.394439,1.350577
Legacy,LeadUppercut,Recover,0.133000,-0.166253,1.543747,0.392869,1.352199
Legacy,LeadUppercut,Recover,0.134400,-0.167002,1.542998,0.391297,1.353559
Legacy,LeadUppercut,Recover,0.135800,-0.167751,1.542249,0.389724,1.354668
Legacy,LeadUppercut,Recover,0.137200,-0.168500,1.541500,0.388150,1.355472
Legacy,LeadUppercut,Recover,0.138600,-0.169250,1.540750,0.386575,1.356006
Legacy,LeadUppercut,Recover,0.140000,-0.170000,1.540000,0.385000,1.356292
Legacy,LeadUppercut,Recover,0.141400,-0.170750,1.539250,0.383425,1.356259
Legacy,LeadUppercut,Recover,0.142800,-0.171500,1.538500,0.381850,1.356006
Legacy,LeadUppercut,Recover,0.144200,-0.172249,1.537751,0.380276,1.355425
Legacy,LeadUppercut,Recover,0.145600,-0.172998,1.537002,0.378703,1.354680
Legacy,LeadUppercut,Recover,0.147000,-0.173747,1.536253,0.377132,1.353559
Legacy,LeadUppercut,Recover,0.148400,-0.174495,1.535505,0.375561,1.352191
Legacy,LeadUppercut,Recover,0.149800,-0.175241,1.534759,0.373993,1.350599
Legacy,LeadUppercut,Recover,0.151200,-0.175987,1.534013,0.372427,1.348691
Legacy,LeadUppercut,Recover,0.152600,-0.176732,1.533268,0.370863,1.346509
Legacy,LeadUppercut,Recover,0.154000,-0.177475,1.532525,0.369303,1.344033
Legacy,LeadUppercut,Recover,0.155400,-0.178217,1.531783,0.367745,1.341350
Legacy,LeadUppercut,Recover,0.156800,-0.178957,1.531043,0.366191,1.338403
Legacy,LeadUppercut,Recover,0.158200,-0.179695,1.530305,0.364640,1.335109
Legacy,LeadUppercut,Recover,0.159600,-0.180431,1.529569,0.363094,1.331572
Legacy,LeadUppercut,Recover,0.161000,-0.181166,1.528834,0.361552,1.327824
Legacy,LeadUppercut,Recover,0.162400,-0.181898,1.528102,0.360015,1.323717
Legacy,LeadUppercut,Recover,0.163800,-0.182627,1.527373,0.358483,1.319362
Legacy,LeadUppercut,Recover,0.165200,-0.183354,1.526646,0.356956,1.314794
Legacy,LeadUppercut,Recover,0.166600,-0.184079,1.525921,0.355435,1.309900
Legacy,LeadUppercut,Recover,0.168000,-0.184800,1.525200,0.353920,1.304728
Legacy,LeadUppercut,Recover,0.169400,-0.185519,1.524482,0.352411,1.299312
Legacy,LeadUppercut,Recover,0.170800,-0.186234,1.523766,0.350909,1.293591
Legacy,LeadUppercut,Recover,0.172200,-0.186946,1.523054,0.349414,1.287648
Legacy,LeadUppercut,Recover,0.173600,-0.187654,1.522346,0.347926,1.281405
Legacy,LeadUppercut,Recover,0.175000,-0.188359,1.521641,0.346445,1.274898
Legacy,LeadUppercut,Recover,0.176400,-0.189061,1.520939,0.344973,1.268110
Legacy,LeadUppercut,Recover,0.177800,-0.189758,1.520242,0.343508,1.261063
Legacy,LeadUppercut,Recover,0.179200,-0.190451,1.519549,0.342053,1.253752
Legacy,LeadUppercut,Recover,0.180600,-0.191140,1.518860,0.340605,1.246121
Legacy,LeadUppercut,Recover,0.182000,-0.191825,1.518175,0.339168,1.238288
Legacy,LeadUppercut,Recover,0.183400,-0.192505,1.517495,0.337739,1.230139
Legacy,LeadUppercut,Recover,0.184800,-0.193181,1.516819,0.336320,1.221725
Legacy,LeadUppercut,Recover,0.186200,-0.193852,1.516148,0.334912,1.213058
Legacy,LeadUppercut,Recover,0.187600,-0.194517,1.515483,0.333513,1.204087
Legacy,LeadUppercut,Recover,0.189000,-0.195178,1.514822,0.332126,1.194872
Legacy,LeadUppercut,Recover,0.190400,-0.195834,1.514166,0.330750,1.185392
Legacy,LeadUppercut,Recover,0.191800,-0.196484,1.513516,0.329384,1.175601
Legacy,LeadUppercut,Recover,0.193200,-0.197128,1.512872,0.328031,1.165574
Legacy,LeadUppercut,Recover,0.194600,-0.197767,1.512233,0.326689,1.155264
Legacy,LeadUppercut,Recover,0.196000,-0.198400,1.511600,0.325360,1.144689
Legacy,LeadUppercut,Recover,0.197400,-0.199027,1.510973,0.324043,1.133827
Legacy,LeadUppercut,Recover,0.198800,-0.199648,1.510352,0.322740,1.122718
Legacy,LeadUppercut,Recover,0.200200,-0.200262,1.509738,0.321449,1.111300
Legacy,LeadUppercut,Recover,0.201600,-0.200870,1.509130,0.320172,1.099673
Legacy,LeadUppercut,Recover,0.203000,-0.201472,1.508528,0.318909,1.087768
Legacy,LeadUppercut,Recover,0.204400,-0.202067,1.507933,0.317660,1.075503
Legacy,LeadUppercut,Recover,0.205800,-0.202654,1.507346,0.316426,1.063042
Legacy,LeadUppercut,Recover,0.207200,-0.203235,1.506765,0.315206,1.050290
Legacy,LeadUppercut,Recover,0.208600,-0.203809,1.506191,0.314002,1.037246
Legacy,LeadUppercut,Recover,0.210000,-0.204375,1.505625,0.312813,1.023989
Legacy,LeadUppercut,Recover,0.211400,-0.204934,1.505066,0.311639,1.010411
Legacy,LeadUppercut,Recover,0.212800,-0.205485,1.504515,0.310482,0.996585
Legacy,LeadUppercut,Recover,0.214200,-0.206028,1.503972,0.309341,0.982491
Legacy,LeadUppercut,Recover,0.215600,-0.206563,1.503437,0.308217,0.968085
Legacy,LeadUppercut,Recover,0.217000,-0.207091,1.502909,0.307110,0.953431
Legacy,LeadUppercut,Recover,0.218400,-0.207610,1.502390,0.306020,0.938543
Legacy,LeadUppercut,Recover,0.219800,-0.208120,1.501880,0.304948,0.923353
Legacy,LeadUppercut,Recover,0.221200,-0.208622,1.501378,0.303893,0.907850
Legacy,LeadUppercut,Recover,0.222600,-0.209116,1.500885,0.302857,0.892137
Legacy,LeadUppercut,Recover,0.224000,-0.209600,1.500400,0.301840,0.876130
Legacy,LeadUppercut,Recover,0.225400,-0.210076,1.499925,0.300842,0.859873
Legacy,LeadUppercut,Recover,0.226800,-0.210542,1.499458,0.299862,0.843318
Legacy,LeadUppercut,Recover,0.228200,-0.210999,1.499001,0.298903,0.826502
Legacy,LeadUppercut,Recover,0.229600,-0.211446,1.498554,0.297963,0.809391
Legacy,LeadUppercut,Recover,0.231000,-0.211884,1.498116,0.297043,0.792053
Legacy,LeadUppercut,Recover,0.232400,-0.212313,1.497687,0.296144,0.774411
Legacy,LeadUppercut,Recover,0.233800,-0.212731,1.497269,0.295265,0.756524
Legacy,LeadUppercut,Recover,0.235200,-0.213139,1.496861,0.294408,0.738302
Legacy,LeadUppercut,Recover,0.236600,-0.213537,1.496463,0.293572,0.719937
Legacy,LeadUppercut,Recover,0.238000,-0.213925,1.496075,0.292758,0.701144
Legacy,LeadUppercut,Recover,0.239400,-0.214302,1.495698,0.291965,0.682188
Legacy,LeadUppercut,Recover,0.240800,-0.214669,1.495331,0.291196,0.662948
Legacy,LeadUppercut,Recover,0.242200,-0.215025,1.494975,0.290448,0.643372
Legacy,LeadUppercut,Recover,0.243600,-0.215369,1.494631,0.289724,0.623608
Legacy,LeadUppercut,Recover,0.245000,-0.215703,1.494297,0.289023,0.603528
Legacy,LeadUppercut,Recover,0.246400,-0.216026,1.493974,0.288346,0.583143
Legacy,LeadUppercut,Recover,0.247800,-0.216337,1.493663,0.287693,0.562562
Legacy,LeadUppercut,Recover,0.249200,-0.216636,1.493364,0.287064,0.541653
Legacy,LeadUppercut,Recover,0.250600,-0.216924,1.493076,0.286460,0.520541
Legacy,LeadUppercut,Recover,0.252000,-0.217200,1.492800,0.285880,0.499071
Legacy,LeadUppercut,Recover,0.253400,-0.217464,1.492536,0.285326,0.477374
Legacy,LeadUppercut,Recover,0.254800,-0.217716,1.492284,0.284797,0.455406
Legacy,LeadUppercut,Recover,0.256200,-0.217955,1.492045,0.284294,0.433176
Legacy,LeadUppercut,Recover,0.257600,-0.218182,1.491818,0.283817,0.410643
Legacy,LeadUppercut,Recover,0.259000,-0.218397,1.491603,0.283367,0.387860
Legacy,LeadUppercut,Recover,0.260400,-0.218599,1.491401,0.282943,0.364793
Legacy,LeadUppercut,Recover,0.261800,-0.218787,1.491213,0.282546,0.341488
Legacy,LeadUppercut,Recover,0.263200,-0.218963,1.491037,0.282177,0.317895
Legacy,LeadUppercut,Recover,0.264600,-0.219126,1.490874,0.281836,0.293965
Legacy,LeadUppercut,Recover,0.266000,-0.219275,1.490725,0.281523,0.269868
Legacy,LeadUppercut,Recover,0.267400,-0.219411,1.490589,0.281238,0.245467
Legacy,LeadUppercut,Recover,0.268800,-0.219533,1.490467,0.280981,0.220767
Legacy,LeadUppercut,Recover,0.270200,-0.219641,1.490359,0.280754,0.195788
Legacy,LeadUppercut,Recover,0.271600,-0.219735,1.490265,0.280556,0.170579
Legacy,LeadUppercut,Recover,0.273000,-0.219816,1.490184,0.280387,0.145079
Legacy,LeadUppercut,Recover,0.274400,-0.219882,1.490118,0.280249,0.119330
Legacy,LeadUppercut,Recover,0.275800,-0.219933,1.490067,0.280140,0.093252
Legacy,LeadUppercut,Recover,0.277200,-0.219970,1.490030,0.280063,0.066969
Legacy,LeadUppercut,Recover,0.278600,-0.219993,1.490008,0.280016,0.040361
Legacy,LeadUppercut,Recover,0.280000,-0.220000,1.490000,0.280000,0.013534
Curve,LeadUppercut,Commit,0.000450,-0.220003,1.489978,0.279997,0.050680
Curve,LeadUppercut,Commit,0.000900,-0.220012,1.489911,0.279988,0.151503
Curve,LeadUppercut,Commit,0.001350,-0.220027,1.489799,0.279973,0.251245
Curve,LeadUppercut,Commit,0.001800,-0.220047,1.489645,0.279953,0.349912
Curve,LeadUppercut,Commit,0.002250,-0.220074,1.489447,0.279926,0.447502
Curve,LeadUppercut,Commit,0.002700,-0.220106,1.489206,0.279894,0.544273
Curve,LeadUppercut,Commit,0.003150,-0.220144,1.488923,0.279856,0.639976
Curve,LeadUppercut,Commit,0.003600,-0.220187,1.488598,0.279813,0.734342
Curve,LeadUppercut,Commit,0.004050,-0.220236,1.488232,0.279764,0.828401
Curve,LeadUppercut,Commit,0.004500,-0.220290,1.487825,0.279710,0.920620
Curve,LeadUppercut,Commit,0.004950,-0.220350,1.487377,0.279650,1.012527
Curve,LeadUppercut,Commit,0.005400,-0.220415,1.486890,0.279585,1.102846
Curve,LeadUppercut,Commit,0.005850,-0.220485,1.486362,0.279515,1.192348
Curve,LeadUppercut,Commit,0.006300,-0.220561,1.485796,0.279439,1.281027
Curve,LeadUppercut,Commit,0.006750,-0.220641,1.485191,0.279359,1.368652
Curve,LeadUppercut,Commit,0.007200,-0.220727,1.484547,0.279273,1.454909
Curve,LeadUppercut,Commit,0.007650,-0.220818,1.483866,0.279182,1.540633
Curve,LeadUppercut,Commit,0.008100,-0.220914,1.483147,0.279086,1.625017
Curve,LeadUppercut,Commit,0.008550,-0.221014,1.482392,0.278986,1.708324
Curve,LeadUppercut,Commit,0.009000,-0.221120,1.481600,0.278880,1.790803
Curve,LeadUppercut,Commit,0.009450,-0.221230,1.480772,0.278770,1.872223
Curve,LeadUppercut,Commit,0.009900,-0.221346,1.479909,0.278655,1.952810
Curve,LeadUppercut,Commit,0.010350,-0.221465,1.479010,0.278535,2.032078
Curve,LeadUppercut,Commit,0.010800,-0.221590,1.478077,0.278410,2.110257
Curve,LeadUppercut,Commit,0.011250,-0.221719,1.477109,0.278281,2.187633
Curve,LeadUppercut,Commit,0.011700,-0.221852,1.476108,0.278148,2.264185
Curve,LeadUppercut,Commit,0.012150,-0.221990,1.475074,0.278010,2.339392
Curve,LeadUppercut,Commit,0.012600,-0.222133,1.474006,0.277868,2.413528
Curve,LeadUppercut,Commit,0.013050,-0.222279,1.472907,0.277721,2.486847
Curve,LeadUppercut,Commit,0.013500,-0.222430,1.471775,0.277570,2.559117
Curve,LeadUppercut,Commit,0.013950,-0.222585,1.470612,0.277415,2.630532
Curve,LeadUppercut,Commit,0.014400,-0.222744,1.469418,0.277256,2.700637
Curve,LeadUppercut,Commit,0.014850,-0.222908,1.468193,0.277092,2.769653
Curve,LeadUppercut,Commit,0.015300,-0.223075,1.466938,0.276925,2.838109
Curve,LeadUppercut,Commit,0.015750,-0.223246,1.465653,0.276754,2.904972
Curve,LeadUppercut,Commit,0.016200,-0.223421,1.464339,0.276579,2.971285
Curve,LeadUppercut,Commit,0.016650,-0.223601,1.462996,0.276400,3.036526
Curve,LeadUppercut,Commit,0.017100,-0.223783,1.461625,0.276217,3.100422
Curve,LeadUppercut,Commit,0.017550,-0.223970,1.460226,0.276030,3.163758
Curve,LeadUppercut,Commit,0.018000,-0.224160,1.458800,0.275840,3.225763
Curve,LeadUppercut,Commit,0.018450,-0.224354,1.457347,0.275646,3.286708
Curve,LeadUppercut,Commit,0.018900,-0.224551,1.455867,0.275449,3.346795
Curve,LeadUppercut,Commit,0.019350,-0.224752,1.454360,0.275248,3.405849
Curve,LeadUppercut,Commit,0.019800,-0.224956,1.452829,0.275044,3.463806
Curve,LeadUppercut,Commit,0.020250,-0.225164,1.451272,0.274836,3.520694
Curve,LeadUppercut,Commit,0.020700,-0.225375,1.449690,0.274625,3.576768
Curve,LeadUppercut,Commit,0.021150,-0.225589,1.448084,0.274411,3.631743
Curve,LeadUppercut,Commit,0.021600,-0.225806,1.446454,0.274194,3.685669
Curve,LeadUppercut,Commit,0.022050,-0.226027,1.444801,0.273974,3.738506
Curve,LeadUppercut,Commit,0.022500,-0.226250,1.443125,0.273750,3.790523
Curve,LeadUppercut,Commit,0.022950,-0.226477,1.441426,0.273524,3.841233
Curve,LeadUppercut,Commit,0.023400,-0.226706,1.439706,0.273294,3.891354
Curve,LeadUppercut,Commit,0.023850,-0.226938,1.437963,0.273062,3.940143
Curve,LeadUppercut,Commit,0.024300,-0.227173,1.436200,0.272827,3.987868
Curve,LeadUppercut,Commit,0.024750,-0.227411,1.434416,0.272589,4.034509
Curve,LeadUppercut,Commit,0.025200,-0.227652,1.432611,0.272348,4.080595
Curve,LeadUppercut,Commit,0.025650,-0.227895,1.430787,0.272105,4.125353
Curve,LeadUppercut,Commit,0.026100,-0.228141,1.428943,0.271859,4.169022
Curve,LeadUppercut,Commit,0.026550,-0.228389,1.427081,0.271611,4.211615
Curve,LeadUppercut,Commit,0.027000,-0.228640,1.425200,0.271360,4.253665
Curve,LeadUppercut,Commit,0.027450,-0.228893,1.423301,0.271107,4.294111
Curve,LeadUppercut,Commit,0.027900,-0.229149,1.421385,0.270851,4.333997
Curve,LeadUppercut,Commit,0.028350,-0.229407,1.419451,0.270594,4.372555
Curve,LeadUppercut,Commit,0.028800,-0.229667,1.417501,0.270333,4.410033
Curve,LeadUppercut,Commit,0.029250,-0.229929,1.415534,0.270071,4.446946
Curve,LeadUppercut,Commit,0.029700,-0.230193,1.413552,0.269807,4.482550
Curve,LeadUppercut,Commit,0.030150,-0.230459,1.411555,0.269541,4.517038
Curve,LeadUppercut,Commit,0.030600,-0.230728,1.409542,0.269272,4.550481
Curve,LeadUppercut,Commit,0.031050,-0.230998,1.407516,0.269002,4.583364
Curve,LeadUppercut,Commit,0.031500,-0.231270,1.405475,0.268730,4.614633
Curve,LeadUppercut,Commit,0.031950,-0.231544,1.403421,0.268456,4.645368
Curve,LeadUppercut,Commit,0.032400,-0.231820,1.401354,0.268181,4.674745
Curve,LeadUppercut,Commit,0.032850,-0.232097,1.399274,0.267903,4.703324
Curve,LeadUppercut,Commit,0.033300,-0.232376,1.397182,0.267624,4.730567
Curve,LeadUppercut,Commit,0.033750,-0.232656,1.395078,0.267344,4.757233
Curve,LeadUppercut,Commit,0.034200,-0.232938,1.392963,0.267062,4.782844
Curve,LeadUppercut,Commit,0.034650,-0.233222,1.390838,0.266778,4.806859
Curve,LeadUppercut,Commit,0.035100,-0.233507,1.388701,0.266494,4.830557
Curve,LeadUppercut,Commit,0.035550,-0.233793,1.386555,0.266207,4.852940
Curve,LeadUppercut,Commit,0.036000,-0.234080,1.384400,0.265920,4.874247
Curve,LeadUppercut,Commit,0.036450,-0.234369,1.382236,0.265631,4.894457
Curve,LeadUppercut,Commit,0.036900,-0.234658,1.380063,0.265342,4.914120
Curve,LeadUppercut,Commit,0.037350,-0.234949,1.377882,0.265051,4.932199
Curve,LeadUppercut,Commit,0.037800,-0.235241,1.375693,0.264759,4.949459
Curve,LeadUppercut,Commit,0.038250,-0.235534,1.373497,0.264466,4.965898
Curve,LeadUppercut,Commit,0.038700,-0.235827,1.371294,0.264173,4.980988
Curve,LeadUppercut,Commit,0.039150,-0.236122,1.369085,0.263878,4.995536
Curve,LeadUppercut,Commit,0.039600,-0.236417,1.366870,0.263583,5.008491
Curve,LeadUppercut,Commit,0.040050,-0.236713,1.364650,0.263287,5.020622
Curve,LeadUppercut,Commit,0.040500,-0.237010,1.362425,0.262990,5.031950
Curve,LeadUppercut,Commit,0.040950,-0.237307,1.360195,0.262693,5.042177
Curve,LeadUppercut,Commit,0.041400,-0.237605,1.357962,0.262395,5.051353
Curve,LeadUppercut,Commit,0.041850,-0.237903,1.355724,0.262097,5.059436
Curve,LeadUppercut,Commit,0.042300,-0.238202,1.353484,0.261798,5.066712
Curve,LeadUppercut,Commit,0.042750,-0.238501,1.351241,0.261499,5.072651
Curve,LeadUppercut,Commit,0.043200,-0.238801,1.348995,0.261199,5.077767
Curve,LeadUppercut,Commit,0.043650,-0.239100,1.346748,0.260900,5.081815
Curve,LeadUppercut,Commit,0.044100,-0.239400,1.344499,0.260600,5.084783
Curve,LeadUppercut,Commit,0.044550,-0.239700,1.342250,0.260300,5.086935
Curve,LeadUppercut,Commit,0.045000,-0.240000,1.340000,0.260000,5.088011
Curve,LeadUppercut,Commit,0.045450,-0.240300,1.337750,0.259700,5.088002
Curve,LeadUppercut,Commit,0.045900,-0.240600,1.335501,0.259400,5.086935
Curve,LeadUppercut,Commit,0.046350,-0.240900,1.333252,0.259100,5.084783
Curve,LeadUppercut,Commit,0.046800,-0.241199,1.331005,0.258801,5.081815
Curve,LeadUppercut,Commit,0.047250,-0.241499,1.328759,0.258501,5.077767
Curve,LeadUppercut,Commit,0.047700,-0.241798,1.326516,0.258202,5.072651
Curve,LeadUppercut,Commit,0.048150,-0.242097,1.324276,0.257903,5.066716
Curve,LeadUppercut,Commit,0.048600,-0.242395,1.322038,0.257605,5.059432
Curve,LeadUppercut,Commit,0.049050,-0.242693,1.319805,0.257307,5.051353
Curve,LeadUppercut,Commit,0.049500,-0.242990,1.317575,0.257010,5.042177
Curve,LeadUppercut,Commit,0.049950,-0.243287,1.315350,0.256713,5.031950
Curve,LeadUppercut,Commit,0.050400,-0.243583,1.313130,0.256417,5.020622
Curve,LeadUppercut,Commit,0.050850,-0.243878,1.310915,0.256122,5.008751
Curve,LeadUppercut,Commit,0.051300,-0.244173,1.308706,0.255828,4.995275
Curve,LeadUppercut,Commit,0.051750,-0.244466,1.306503,0.255534,4.980997
Curve,LeadUppercut,Commit,0.052200,-0.244759,1.304307,0.255241,4.965889
Curve,LeadUppercut,Commit,0.052650,-0.245051,1.302119,0.254949,4.949459
Curve,LeadUppercut,Commit,0.053100,-0.245342,1.299937,0.254658,4.932190
Curve,LeadUppercut,Commit,0.053550,-0.245631,1.297764,0.254369,4.914133
Curve,LeadUppercut,Commit,0.054000,-0.245920,1.295600,0.254080,4.894466
Curve,LeadUppercut,Commit,0.054450,-0.246207,1.293445,0.253793,4.874230
Curve,LeadUppercut,Commit,0.054900,-0.246494,1.291299,0.253507,4.852949
Curve,LeadUppercut,Commit,0.055350,-0.246778,1.289163,0.253222,4.830552
Curve,LeadUppercut,Commit,0.055800,-0.247062,1.287037,0.252938,4.806850
Curve,LeadUppercut,Commit,0.056250,-0.247344,1.284922,0.252656,4.782853
Curve,LeadUppercut,Commit,0.056700,-0.247624,1.282818,0.252376,4.757233
Curve,LeadUppercut,Commit,0.057150,-0.247903,1.280726,0.252097,4.730567
Curve,LeadUppercut,Commit,0.057600,-0.248181,1.278646,0.251820,4.703324
Curve,LeadUppercut,Commit,0.058050,-0.248456,1.276579,0.251544,4.674745
Curve,LeadUppercut,Commit,0.058500,-0.248730,1.274525,0.251270,4.645368
Curve,LeadUppercut,Commit,0.058950,-0.249002,1.272484,0.250998,4.614633
Curve,LeadUppercut,Commit,0.059400,-0.249272,1.270458,0.250728,4.583364
Curve,LeadUppercut,Commit,0.059850,-0.249541,1.268445,0.250459,4.550741
Curve,LeadUppercut,Commit,0.060300,-0.249807,1.266448,0.250193,4.517042
Curve,LeadUppercut,Commit,0.060750,-0.250071,1.264466,0.249929,4.482289
Curve,LeadUppercut,Commit,0.061200,-0.250333,1.262499,0.249667,4.446942
Curve,LeadUppercut,Commit,0.061650,-0.250594,1.260549,0.249407,4.410033
Curve,LeadUppercut,Commit,0.062100,-0.250851,1.258615,0.249149,4.372555
Curve,LeadUppercut,Commit,0.062550,-0.251107,1.256699,0.248893,4.334005
Curve,LeadUppercut,Commit,0.063000,-0.251360,1.254800,0.248640,4.294107
Curve,LeadUppercut,Commit,0.063450,-0.251611,1.252919,0.248389,4.253653
Curve,LeadUppercut,Commit,0.063900,-0.251859,1.251057,0.248141,4.211619
Curve,LeadUppercut,Commit,0.064350,-0.252105,1.249213,0.247895,4.169026
Curve,LeadUppercut,Commit,0.064800,-0.252348,1.247389,0.247652,4.125353
Curve,LeadUppercut,Commit,0.065250,-0.252589,1.245584,0.247411,4.080599
Curve,LeadUppercut,Commit,0.065700,-0.252827,1.243800,0.247173,4.034496
Curve,LeadUppercut,Commit,0.066150,-0.253062,1.242037,0.246938,3.987881
Curve,LeadUppercut,Commit,0.066600,-0.253294,1.240294,0.246706,3.940143
Curve,LeadUppercut,Commit,0.067050,-0.253524,1.238574,0.246477,3.891350
Curve,LeadUppercut,Commit,0.067500,-0.253750,1.236875,0.246250,3.841224
Curve,LeadUppercut,Commit,0.067950,-0.253974,1.235199,0.246027,3.790531
Curve,LeadUppercut,Commit,0.068400,-0.254194,1.233546,0.245806,3.738506
Curve,LeadUppercut,Commit,0.068850,-0.254411,1.231916,0.245589,3.685669
Curve,LeadUppercut,Commit,0.069300,-0.254625,1.230310,0.245375,3.631752
Curve,LeadUppercut,Commit,0.069750,-0.254836,1.228728,0.245164,3.576759
Curve,LeadUppercut,Commit,0.070200,-0.255044,1.227171,0.244956,3.520694
Curve,LeadUppercut,Commit,0.070650,-0.255248,1.225639,0.244752,3.464070
Curve,LeadUppercut,Commit,0.071100,-0.255449,1.224133,0.244551,3.405585
Curve,LeadUppercut,Commit,0.071550,-0.255646,1.222654,0.244354,3.346804
Curve,LeadUppercut,Commit,0.072000,-0.255840,1.221200,0.244160,3.286960
Curve,LeadUppercut,Commit,0.072450,-0.256030,1.219774,0.243970,3.225502
Curve,LeadUppercut,Commit,0.072900,-0.256217,1.218375,0.243783,3.163758
Curve,LeadUppercut,Commit,0.073350,-0.256400,1.217004,0.243601,3.100418
Curve,LeadUppercut,Commit,0.073800,-0.256579,1.215661,0.243421,3.036535
Curve,LeadUppercut,Commit,0.074250,-0.256754,1.214347,0.243246,2.971281
Curve,LeadUppercut,Commit,0.074700,-0.256925,1.213062,0.243075,2.904977
Curve,LeadUppercut,Commit,0.075150,-0.257092,1.211807,0.242908,2.838109
Curve,LeadUppercut,Commit,0.075600,-0.257256,1.210582,0.242744,2.769653
Curve,LeadUppercut,Commit,0.076050,-0.257415,1.209388,0.242585,2.700633
Curve,LeadUppercut,Commit,0.076500,-0.257570,1.208225,0.242430,2.630528
Curve,LeadUppercut,Commit,0.076950,-0.257721,1.207093,0.242279,2.559113
Curve,LeadUppercut,Commit,0.077400,-0.257868,1.205994,0.242133,2.486856
Curve,LeadUppercut,Commit,0.077850,-0.258010,1.204926,0.241990,2.413532
Curve,LeadUppercut,Commit,0.078300,-0.258148,1.203892,0.241852,2.339392
Curve,LeadUppercut,Commit,0.078750,-0.258281,1.202891,0.241719,2.264181
Curve,LeadUppercut,Commit,0.079200,-0.258410,1.201923,0.241590,2.187629
Curve,LeadUppercut,Commit,0.079650,-0.258535,1.200990,0.241465,2.110261
Curve,LeadUppercut,Commit,0.080100,-0.258655,1.200091,0.241346,2.032078
Curve,LeadUppercut,Commit,0.080550,-0.258770,1.199228,0.241230,1.952814
Curve,LeadUppercut,Commit,0.081000,-0.258880,1.198400,0.241120,1.872218
Curve,LeadUppercut,Commit,0.081450,-0.258986,1.197608,0.241014,1.790807
Curve,LeadUppercut,Commit,0.081900,-0.259086,1.196853,0.240914,1.708320
Curve,LeadUppercut,Commit,0.082350,-0.259182,1.196134,0.240818,1.625017
Curve,LeadUppercut,Commit,0.082800,-0.259273,1.195453,0.240727,1.540633
Curve,LeadUppercut,Commit,0.083250,-0.259359,1.194809,0.240641,1.454909
Curve,LeadUppercut,Commit,0.083700,-0.259439,1.194204,0.240561,1.368643
Curve,LeadUppercut,Commit,0.084150,-0.259515,1.193638,0.240485,1.281036
Curve,LeadUppercut,Commit,0.084600,-0.259585,1.193110,0.240415,1.192353
Curve,LeadUppercut,Commit,0.085050,-0.259650,1.192623,0.240350,1.102837
Curve,LeadUppercut,Commit,0.085500,-0.259710,1.192175,0.240290,1.012531
Curve,LeadUppercut,Commit,0.085950,-0.259764,1.191768,0.240236,0.920620
Curve,LeadUppercut,Commit,0.086400,-0.259813,1.191402,0.240187,0.828401
Curve,LeadUppercut,Commit,0.086850,-0.259856,1.191077,0.240144,0.734342
Curve,LeadUppercut,Commit,0.087300,-0.259894,1.190794,0.240106,0.639976
Curve,LeadUppercut,Commit,0.087750,-0.259926,1.190553,0.240074,0.544273
Curve,LeadUppercut,Commit,0.088200,-0.259953,1.190355,0.240047,0.447507
Curve,LeadUppercut,Commit,0.088650,-0.259973,1.190201,0.240027,0.349908
Curve,LeadUppercut,Commit,0.089100,-0.259988,1.190089,0.240012,0.251245
Curve,LeadUppercut,Commit,0.089550,-0.259997,1.190022,0.240003,0.151499
Curve,LeadUppercut,Commit,0.090000,-0.260000,1.190000,0.240000,0.050685
Curve,LeadUppercut,Extend,0.000700,-0.259992,1.190024,0.240015,0.041237
Curve,LeadUppercut,Extend,0.001400,-0.259967,1.190094,0.240058,0.123003
Curve,LeadUppercut,Extend,0.002100,-0.259927,1.190210,0.240131,0.204234
Curve,LeadUppercut,Extend,0.002800,-0.259870,1.190372,0.240232,0.284693
Curve,LeadUppercut,Extend,0.003500,-0.259797,1.190579,0.240362,0.364479
Curve,LeadUppercut,Extend,0.004200,-0.259709,1.190831,0.240520,0.443317
Curve,LeadUppercut,Extend,0.004900,-0.259605,1.191128,0.240705,0.521807
Curve,LeadUppercut,Extend,0.005600,-0.259486,1.191470,0.240918,0.599510
Curve,LeadUppercut,Extend,0.006300,-0.259351,1.191854,0.241159,0.676233
Curve,LeadUppercut,Extend,0.007000,-0.259201,1.192283,0.241427,0.752467
Curve,LeadUppercut,Extend,0.007700,-0.259036,1.192754,0.241721,0.827891
Curve,LeadUppercut,Extend,0.008400,-0.258856,1.193267,0.242042,0.902829
Curve,LeadUppercut,Extend,0.009100,-0.258662,1.193823,0.242390,0.976658
Curve,LeadUppercut,Extend,0.009800,-0.258453,1.194421,0.242763,1.050138
Curve,LeadUppercut,Extend,0.010500,-0.258229,1.195060,0.243162,1.122808
Curve,LeadUppercut,Extend,0.011200,-0.257991,1.195740,0.243587,1.194659
Curve,LeadUppercut,Extend,0.011900,-0.257739,1.196460,0.244037,1.265756
Curve,LeadUppercut,Extend,0.012600,-0.257473,1.197220,0.244513,1.336448
Curve,LeadUppercut,Extend,0.013300,-0.257193,1.198021,0.245013,1.406087
Curve,LeadUppercut,Extend,0.014000,-0.256899,1.198860,0.245538,1.475173
Curve,LeadUppercut,Extend,0.014700,-0.256592,1.199738,0.246087,1.543494
Curve,LeadUppercut,Extend,0.015400,-0.256271,1.200655,0.246660,1.611314
Curve,LeadUppercut,Extend,0.016100,-0.255936,1.201610,0.247256,1.678155
Curve,LeadUppercut,Extend,0.016800,-0.255589,1.202603,0.247877,1.744370
Curve,LeadUppercut,Extend,0.017500,-0.255229,1.203633,0.248521,1.809775
Curve,LeadUppercut,Extend,0.018200,-0.254855,1.204700,0.249187,1.874660
Curve,LeadUppercut,Extend,0.018900,-0.254469,1.205803,0.249877,1.938779
Curve,LeadUppercut,Extend,0.019600,-0.254070,1.206942,0.250589,2.002196
Curve,LeadUppercut,Extend,0.020300,-0.253659,1.208117,0.251323,2.064718
Curve,LeadUppercut,Extend,0.021000,-0.253235,1.209328,0.252080,2.126859
Curve,LeadUppercut,Extend,0.021700,-0.252800,1.210573,0.252858,2.188021
Curve,LeadUppercut,Extend,0.022400,-0.252352,1.211852,0.253658,2.248427
Curve,LeadUppercut,Extend,0.023100,-0.251892,1.213166,0.254479,2.308312
Curve,LeadUppercut,Extend,0.023800,-0.251420,1.214513,0.255321,2.367527
Curve,LeadUppercut,Extend,0.024500,-0.250937,1.215894,0.256183,2.425838
Curve,LeadUppercut,Extend,0.025200,-0.250443,1.217307,0.257067,2.483448
Curve,LeadUppercut,Extend,0.025900,-0.249937,1.218753,0.257970,2.540578
Curve,LeadUppercut,Extend,0.026600,-0.249420,1.220230,0.258894,2.596750
Curve,LeadUppercut,Extend,0.027300,-0.248891,1.221740,0.259837,2.652287
Curve,LeadUppercut,Extend,0.028000,-0.248352,1.223280,0.260800,2.707140
Curve,LeadUppercut,Extend,0.028700,-0.247802,1.224851,0.261782,2.761218
Curve,LeadUppercut,Extend,0.029400,-0.247241,1.226453,0.262783,2.814641
Curve,LeadUppercut,Extend,0.030100,-0.246670,1.228085,0.263803,2.867405
Curve,LeadUppercut,Extend,0.030800,-0.246089,1.229746,0.264841,2.919361
Curve,LeadUppercut,Extend,0.031500,-0.245497,1.231437,0.265898,2.970668
Curve,LeadUppercut,Extend,0.032200,-0.244896,1.233156,0.266972,3.021171
Curve,LeadUppercut,Extend,0.032900,-0.244284,1.234903,0.268065,3.071053
Curve,LeadUppercut,Extend,0.033600,-0.243662,1.236679,0.269174,3.120216
Curve,LeadUppercut,Extend,0.034300,-0.243031,1.238482,0.270301,3.168646
Curve,LeadUppercut,Extend,0.035000,-0.242391,1.240313,0.271445,3.216400
Curve,LeadUppercut,Extend,0.035700,-0.241741,1.242170,0.272606,3.263335
Curve,LeadUppercut,Extend,0.036400,-0.241082,1.244053,0.273783,3.309637
Curve,LeadUppercut,Extend,0.037100,-0.240413,1.245962,0.274976,3.355258
Curve,LeadUppercut,Extend,0.037800,-0.239736,1.247897,0.276186,3.400136
Curve,LeadUppercut,Extend,0.038500,-0.239050,1.249857,0.277411,3.444161
Curve,LeadUppercut,Extend,0.039200,-0.238355,1.251842,0.278651,3.487836
Curve,LeadUppercut,Extend,0.039900,-0.237652,1.253851,0.279907,3.530437
Curve,LeadUppercut,Extend,0.040600,-0.236941,1.255884,0.281178,3.572367
Curve,LeadUppercut,Extend,0.041300,-0.236221,1.257940,0.282463,3.613803
Curve,LeadUppercut,Extend,0.042000,-0.235493,1.260020,0.283763,3.654426
Curve,LeadUppercut,Extend,0.042700,-0.234757,1.262122,0.285076,3.694388
Curve,LeadUppercut,Extend,0.043400,-0.234014,1.264247,0.286404,3.733442
Curve,LeadUppercut,Extend,0.044100,-0.233262,1.266393,0.287746,3.771952
Curve,LeadUppercut,Extend,0.044800,-0.232504,1.268561,0.289101,3.809644
Curve,LeadUppercut,Extend,0.045500,-0.231737,1.270750,0.290469,3.846751
Curve,LeadUppercut,Extend,0.046200,-0.230964,1.272960,0.291850,3.883018
Curve,LeadUppercut,Extend,0.046900,-0.230184,1.275190,0.293244,3.918618
Curve,LeadUppercut,Extend,0.047600,-0.229396,1.277440,0.294650,3.953572
Curve,LeadUppercut,Extend,0.048300,-0.228602,1.279709,0.296068,3.987886
Curve,LeadUppercut,Extend,0.049000,-0.227801,1.281998,0.297498,4.021243
Curve,LeadUppercut,Extend,0.049700,-0.226993,1.284304,0.298940,4.053979
Curve,LeadUppercut,Extend,0.050400,-0.226180,1.286630,0.300394,4.086155
Curve,LeadUppercut,Extend,0.051100,-0.225360,1.288973,0.301858,4.117406
Curve,LeadUppercut,Extend,0.051800,-0.224533,1.291333,0.303333,4.148158
Curve,LeadUppercut,Extend,0.052500,-0.223701,1.293711,0.304819,4.177968
Curve,LeadUppercut,Extend,0.053200,-0.222863,1.296105,0.306316,4.207262
Curve,LeadUppercut,Extend,0.053900,-0.222020,1.298516,0.307822,4.235725
Curve,LeadUppercut,Extend,0.054600,-0.221170,1.300942,0.309339,4.263601
Curve,LeadUppercut,Extend,0.055300,-0.220316,1.303383,0.310865,4.290634
Curve,LeadUppercut,Extend,0.056000,-0.219456,1.305840,0.312400,4.316870
Curve,LeadUppercut,Extend,0.056700,-0.218591,1.308311,0.313945,4.342589
Curve,LeadUppercut,Extend,0.057400,-0.217721,1.310797,0.315498,4.367693
Curve,LeadUppercut,Extend,0.058100,-0.216846,1.313296,0.317060,4.391807
Curve,LeadUppercut,Extend,0.058800,-0.215967,1.315809,0.318630,4.415299
Curve,LeadUppercut,Extend,0.059500,-0.215083,1.318334,0.320209,4.438109
Curve,LeadUppercut,Extend,0.060200,-0.214195,1.320872,0.321795,4.460294
Curve,LeadUppercut,Extend,0.060900,-0.213302,1.323423,0.323389,4.481541
Curve,LeadUppercut,Extend,0.061600,-0.212405,1.325985,0.324990,4.502363
Curve,LeadUppercut,Extend,0.062300,-0.211505,1.328558,0.326599,4.522179
Curve,LeadUppercut,Extend,0.063000,-0.210600,1.331143,0.328214,4.541549
Curve,LeadUppercut,Extend,0.063700,-0.209692,1.333737,0.329836,4.560058
Curve,LeadUppercut,Extend,0.064400,-0.208780,1.336343,0.331464,4.577854
Curve,LeadUppercut,Extend,0.065100,-0.207865,1.338957,0.333098,4.595000
Curve,LeadUppercut,Extend,0.065800,-0.206946,1.341582,0.334739,4.611371
Curve,LeadUppercut,Extend,0.066500,-0.206025,1.344215,0.336384,4.627071
Curve,LeadUppercut,Extend,0.067200,-0.205100,1.346856,0.338035,4.642123
Curve,LeadUppercut,Extend,0.067900,-0.204173,1.349506,0.339691,4.656393
Curve,LeadUppercut,Extend,0.068600,-0.203243,1.352164,0.341352,4.669827
Curve,LeadUppercut,Extend,0.069300,-0.202310,1.354828,0.343018,4.682767
Curve,LeadUppercut,Extend,0.070000,-0.201375,1.357500,0.344688,4.694937
Curve,LeadUppercut,Extend,0.070700,-0.200438,1.360178,0.346361,4.706254
Curve,LeadUppercut,Extend,0.071400,-0.199498,1.362862,0.348039,4.716961
Curve,LeadUppercut,Extend,0.072100,-0.198557,1.365552,0.349720,4.726996
Curve,LeadUppercut,Extend,0.072800,-0.197613,1.368248,0.351405,4.736362
Curve,LeadUppercut,Extend,0.073500,-0.196668,1.370948,0.353092,4.744831
Curve,LeadUppercut,Extend,0.074200,-0.195722,1.373652,0.354783,4.752749
Curve,LeadUppercut,Extend,0.074900,-0.194774,1.376361,0.356476,4.759898
Curve,LeadUppercut,Extend,0.075600,-0.193824,1.379074,0.358171,4.766367
Curve,LeadUppercut,Extend,0.076300,-0.192874,1.381789,0.359868,4.772030
Curve,LeadUppercut,Extend,0.077000,-0.191922,1.384508,0.361567,4.777062
Curve,LeadUppercut,Extend,0.077700,-0.190970,1.387228,0.363268,4.781418
Curve,LeadUppercut,Extend,0.078400,-0.190017,1.389951,0.364970,4.784876
Curve,LeadUppercut,Extend,0.079100,-0.189063,1.392676,0.366673,4.787897
Curve,LeadUppercut,Extend,0.079800,-0.188109,1.395402,0.368376,4.790041
Curve,LeadUppercut,Extend,0.080500,-0.187155,1.398129,0.370080,4.791527
Curve,LeadUppercut,Extend,0.081200,-0.186201,1.400856,0.371785,4.792148
Curve,LeadUppercut,Extend,0.081900,-0.185246,1.403583,0.373489,4.792185
Curve,LeadUppercut,Extend,0.082600,-0.184292,1.406309,0.375193,4.791671
Curve,LeadUppercut,Extend,0.083300,-0.183338,1.409035,0.376897,4.790246
Curve,LeadUppercut,Extend,0.084000,-0.182384,1.411760,0.378600,4.788002
Curve,LeadUppercut,Extend,0.084700,-0.181431,1.414483,0.380302,4.785387
Curve,LeadUppercut,Extend,0.085400,-0.180479,1.417204,0.382003,4.781689
Curve,LeadUppercut,Extend,0.086100,-0.179527,1.419923,0.383702,4.777505
Curve,LeadUppercut,Extend,0.086800,-0.178576,1.422639,0.385399,4.772618
Curve,LeadUppercut,Extend,0.087500,-0.177627,1.425352,0.387095,4.766998
Curve,LeadUppercut,Extend,0.088200,-0.176679,1.428061,0.388788,4.760498
Curve,LeadUppercut,Extend,0.088900,-0.175732,1.430766,0.390479,4.753426
Curve,LeadUppercut,Extend,0.089600,-0.174787,1.433466,0.392166,4.745640
Curve,LeadUppercut,Extend,0.090300,-0.173843,1.436162,0.393851,4.737227
Curve,LeadUppercut,Extend,0.091000,-0.172902,1.438853,0.395533,4.728011
Curve,LeadUppercut,Extend,0.091700,-0.171962,1.441537,0.397211,4.718008
Curve,LeadUppercut,Extend,0.092400,-0.171024,1.444216,0.398885,4.707367
Curve,LeadUppercut,Extend,0.093100,-0.170089,1.446889,0.400555,4.696112
Curve,LeadUppercut,Extend,0.093800,-0.169156,1.449554,0.402221,4.683881
Curve,LeadUppercut,Extend,0.094500,-0.168226,1.452212,0.403883,4.671251
Curve,LeadUppercut,Extend,0.095200,-0.167298,1.454863,0.405539,4.657685
Curve,LeadUppercut,Extend,0.095900,-0.166373,1.457505,0.407191,4.643580
Curve,LeadUppercut,Extend,0.096600,-0.165451,1.460139,0.408837,4.628545
Curve,LeadUppercut,Extend,0.097300,-0.164533,1.462764,0.410478,4.613011
Curve,LeadUppercut,Extend,0.098000,-0.163617,1.465380,0.412113,4.596525
Curve,LeadUppercut,Extend,0.098700,-0.162705,1.467986,0.413741,4.579687
Curve,LeadUppercut,Extend,0.099400,-0.161796,1.470582,0.415364,4.561766
Curve,LeadUppercut,Extend,0.100100,-0.160891,1.473168,0.416980,4.543417
Curve,LeadUppercut,Extend,0.100800,-0.159990,1.475742,0.418589,4.524258
Curve,LeadUppercut,Extend,0.101500,-0.159093,1.478305,0.420191,4.504279
Curve,LeadUppercut,Extend,0.102200,-0.158200,1.480857,0.421786,4.483768
Curve,LeadUppercut,Extend,0.102900,-0.157311,1.483396,0.423373,4.462250
Curve,LeadUppercut,Extend,0.103600,-0.156427,1.485923,0.424952,4.440416
Curve,LeadUppercut,Extend,0.104300,-0.155547,1.488437,0.426523,4.417582
Curve,LeadUppercut,Extend,0.105000,-0.154672,1.490937,0.428086,4.394124
Curve,LeadUppercut,Extend,0.105700,-0.153802,1.493424,0.429640,4.370016
Curve,LeadUppercut,Extend,0.106400,-0.152936,1.495897,0.431186,4.345121
Curve,LeadUppercut,Extend,0.107100,-0.152076,1.498355,0.432722,4.319552
Curve,LeadUppercut,Extend,0.107800,-0.151221,1.500798,0.434249,4.293316
Curve,LeadUppercut,Extend,0.108500,-0.150371,1.503226,0.435766,4.266123
Curve,LeadUppercut,Extend,0.109200,-0.149527,1.505638,0.437274,4.238512
Curve,LeadUppercut,Extend,0.109900,-0.148688,1.508034,0.438771,4.210172
Curve,LeadUppercut,Extend,0.110600,-0.147856,1.510413,0.440258,4.180893
Curve,LeadUppercut,Extend,0.111300,-0.147029,1.512775,0.441735,4.151117
Curve,LeadUppercut,Extend,0.112000,-0.146208,1.515120,0.443200,4.120509
Curve,LeadUppercut,Extend,0.112700,-0.145394,1.517447,0.444654,4.089170
Curve,LeadUppercut,Extend,0.113400,-0.144586,1.519756,0.446097,4.057249
Curve,LeadUppercut,Extend,0.114100,-0.143784,1.522046,0.447529,4.024562
Curve,LeadUppercut,Extend,0.114800,-0.142989,1.524317,0.448948,3.991134
Curve,LeadUppercut,Extend,0.115500,-0.142201,1.526569,0.450356,3.956918
Curve,LeadUppercut,Extend,0.116200,-0.141420,1.528801,0.451751,3.922171
Curve,LeadUppercut,Extend,0.116900,-0.140646,1.531013,0.453133,3.886697
Curve,LeadUppercut,Extend,0.117600,-0.139879,1.533204,0.454502,3.850337
Curve,LeadUppercut,Extend,0.118300,-0.139119,1.535374,0.455859,3.813399
Curve,LeadUppercut,Extend,0.119000,-0.138367,1.537523,0.457202,3.775711
Curve,LeadUppercut,Extend,0.119700,-0.137623,1.539649,0.458531,3.737238
Curve,LeadUppercut,Extend,0.120400,-0.136886,1.541754,0.459846,3.698190
Curve,LeadUppercut,Extend,0.121100,-0.136158,1.543836,0.461147,3.658410
Curve,LeadUppercut,Extend,0.121800,-0.135437,1.545894,0.462434,3.617799
Curve,LeadUppercut,Extend,0.122500,-0.134725,1.547930,0.463706,3.576551
Curve,LeadUppercut,Extend,0.123200,-0.134021,1.549941,0.464963,3.534599
Curve,LeadUppercut,Extend,0.123900,-0.133325,1.551928,0.466205,3.492059
Curve,LeadUppercut,Extend,0.124600,-0.132638,1.553891,0.467432,3.448539
Curve,LeadUppercut,Extend,0.125300,-0.131960,1.555828,0.468643,3.404482
Curve,LeadUppercut,Extend,0.126000,-0.131291,1.557740,0.469838,3.359713
Curve,LeadUppercut,Extend,0.126700,-0.130631,1.559626,0.471016,3.314226
Curve,LeadUppercut,Extend,0.127400,-0.129980,1.561486,0.472179,3.267946
Curve,LeadUppercut,Extend,0.128100,-0.129339,1.563319,0.473324,3.221011
Curve,LeadUppercut,Extend,0.128800,-0.128706,1.565125,0.474453,3.173445
Curve,LeadUppercut,Extend,0.129500,-0.128084,1.566903,0.475564,3.124903
Curve,LeadUppercut,Extend,0.130200,-0.127471,1.568653,0.476658,3.076024
Curve,LeadUppercut,Extend,0.130900,-0.126869,1.570375,0.477735,3.026197
Curve,LeadUppercut,Extend,0.131600,-0.126276,1.572069,0.478793,2.975540
Curve,LeadUppercut,Extend,0.132300,-0.125694,1.573733,0.479833,2.924553
Curve,LeadUppercut,Extend,0.133000,-0.125121,1.575367,0.480855,2.872481
Curve,LeadUppercut,Extend,0.133700,-0.124560,1.576972,0.481858,2.819984
Curve,LeadUppercut,Extend,0.134400,-0.124009,1.578547,0.482842,2.766515
Curve,LeadUppercut,Extend,0.135100,-0.123469,1.580090,0.483806,2.712538
Curve,LeadUppercut,Extend,0.135800,-0.122939,1.581603,0.484752,2.657734
Curve,LeadUppercut,Extend,0.136500,-0.122421,1.583083,0.485677,2.602226
Curve,LeadUppercut,Extend,0.137200,-0.121914,1.584532,0.486583,2.546081
Curve,LeadUppercut,Extend,0.137900,-0.121418,1.585949,0.487468,2.489255
Curve,LeadUppercut,Extend,0.138600,-0.120934,1.587332,0.488333,2.431492
Curve,LeadUppercut,Extend,0.139300,-0.120461,1.588683,0.489177,2.373262
Curve,LeadUppercut,Extend,0.140000,-0.120000,1.590000,0.490000,2.314298
Curve,LeadUppercut,Recover,0.001400,-0.121493,1.588508,0.486866,2.699095
Curve,LeadUppercut,Recover,0.002800,-0.122970,1.587030,0.483763,2.672112
Curve,LeadUppercut,Recover,0.004200,-0.124433,1.585567,0.480691,2.645244
Curve,LeadUppercut,Recover,0.005600,-0.125881,1.584119,0.477650,2.618560
Curve,LeadUppercut,Recover,0.007000,-0.127314,1.582686,0.474641,2.591935
Curve,LeadUppercut,Recover,0.008400,-0.128733,1.581267,0.471661,2.565501
Curve,LeadUppercut,Recover,0.009800,-0.130137,1.579863,0.468713,2.539212
Curve,LeadUppercut,Recover,0.011200,-0.131526,1.578474,0.465795,2.512983
Curve,LeadUppercut,Recover,0.012600,-0.132902,1.577098,0.462907,2.486990
Curve,LeadUppercut,Recover,0.014000,-0.134263,1.575737,0.460049,2.461065
Curve,LeadUppercut,Recover,0.015400,-0.135609,1.574391,0.457221,2.435287
Curve,LeadUppercut,Recover,0.016800,-0.136942,1.573058,0.454423,2.409643
Curve,LeadUppercut,Recover,0.018200,-0.138260,1.571740,0.451654,2.384202
Curve,LeadUppercut,Recover,0.019600,-0.139564,1.570436,0.448915,2.358773
Curve,LeadUppercut,Recover,0.021000,-0.140855,1.569145,0.446205,2.333562
Curve,LeadUppercut,Recover,0.022400,-0.142131,1.567869,0.443525,2.308502
Curve,LeadUppercut,Recover,0.023800,-0.143394,1.566606,0.440873,2.283502
Curve,LeadUppercut,Recover,0.025200,-0.144643,1.565357,0.438250,2.258708
Curve,LeadUppercut,Recover,0.026600,-0.145878,1.564122,0.435656,2.234006
Curve,LeadUppercut,Recover,0.028000,-0.147100,1.562900,0.433090,2.209486
Curve,LeadUppercut,Recover,0.029400,-0.148308,1.561692,0.430553,2.185055
Curve,LeadUppercut,Recover,0.030800,-0.149503,1.560497,0.428044,2.160785
Curve,LeadUppercut,Recover,0.032200,-0.150685,1.559315,0.425562,2.136623
Curve,LeadUppercut,Recover,0.033600,-0.151853,1.558147,0.423109,2.112649
Curve,LeadUppercut,Recover,0.035000,-0.153008,1.556992,0.420684,2.088731
Curve,LeadUppercut,Recover,0.036400,-0.154150,1.555850,0.418286,2.065043
Curve,LeadUppercut,Recover,0.037800,-0.155279,1.554721,0.415915,2.041412
Curve,LeadUppercut,Recover,0.039200,-0.156394,1.553606,0.413572,2.017928
Curve,LeadUppercut,Recover,0.040600,-0.157497,1.552503,0.411256,1.994657
Curve,LeadUppercut,Recover,0.042000,-0.158588,1.551412,0.408966,1.971451
Curve,LeadUppercut,Recover,0.043400,-0.159665,1.550335,0.406704,1.948343
Curve,LeadUppercut,Recover,0.044800,-0.160730,1.549270,0.404468,1.925466
Curve,LeadUppercut,Recover,0.046200,-0.161782,1.548218,0.402258,1.902691
Curve,LeadUppercut,Recover,0.047600,-0.162821,1.547179,0.400075,1.879978
Curve,LeadUppercut,Recover,0.049000,-0.163848,1.546152,0.397918,1.857507
Curve,LeadUppercut,Recover,0.050400,-0.164863,1.545137,0.395787,1.835131
Curve,LeadUppercut,Recover,0.051800,-0.165866,1.544134,0.393682,1.812870
Curve,LeadUppercut,Recover,0.053200,-0.166856,1.543144,0.391603,1.790798
Curve,LeadUppercut,Recover,0.054600,-0.167834,1.542166,0.389549,1.768797
Curve,LeadUppercut,Recover,0.056000,-0.168800,1.541200,0.387520,1.746943
Curve,LeadUppercut,Recover,0.057400,-0.169754,1.540246,0.385517,1.725268
Curve,LeadUppercut,Recover,0.058800,-0.170696,1.539304,0.383538,1.703714
Curve,LeadUppercut,Recover,0.060200,-0.171626,1.538374,0.381585,1.682243
Curve,LeadUppercut,Recover,0.061600,-0.172545,1.537455,0.379656,1.660993
Curve,LeadUppercut,Recover,0.063000,-0.173452,1.536548,0.377752,1.639787
Curve,LeadUppercut,Recover,0.064400,-0.174347,1.535653,0.375872,1.618807
Curve,LeadUppercut,Recover,0.065800,-0.175230,1.534770,0.374016,1.597896
Curve,LeadUppercut,Recover,0.067200,-0.176102,1.533898,0.372185,1.577155
Curve,LeadUppercut,Recover,0.068600,-0.176963,1.533037,0.370378,1.556527
Curve,LeadUppercut,Recover,0.070000,-0.177813,1.532187,0.368594,1.536086
Curve,LeadUppercut,Recover,0.071400,-0.178651,1.531349,0.366834,1.515690
Curve,LeadUppercut,Recover,0.072800,-0.179478,1.530522,0.365097,1.495495
Curve,LeadUppercut,Recover,0.074200,-0.180294,1.529707,0.363384,1.475424
Curve,LeadUppercut,Recover,0.075600,-0.181098,1.528902,0.361694,1.455521
Curve,LeadUppercut,Recover,0.077000,-0.181892,1.528108,0.360026,1.435650
Curve,LeadUppercut,Recover,0.078400,-0.182675,1.527325,0.358382,1.416056
Curve,LeadUppercut,Recover,0.079800,-0.183447,1.526553,0.356760,1.396488
Curve,LeadUppercut,Recover,0.081200,-0.184209,1.525791,0.355161,1.377074
Curve,LeadUppercut,Recover,0.082600,-0.184960,1.525040,0.353585,1.357853
Curve,LeadUppercut,Recover,0.084000,-0.185700,1.524300,0.352030,1.338716
Curve,LeadUppercut,Recover,0.085400,-0.186430,1.523570,0.350498,1.319693
Curve,LeadUppercut,Recover,0.086800,-0.187149,1.522851,0.348987,1.300902
Curve,LeadUppercut,Recover,0.088200,-0.187858,1.522142,0.347498,1.282131
Curve,LeadUppercut,Recover,0.089600,-0.188557,1.521443,0.346031,1.263550
Curve,LeadUppercut,Recover,0.091000,-0.189245,1.520755,0.344585,1.245151
Curve,LeadUppercut,Recover,0.092400,-0.189924,1.520076,0.343160,1.226818
Curve,LeadUppercut,Recover,0.093800,-0.190592,1.519408,0.341757,1.208629
Curve,LeadUppercut,Recover,0.095200,-0.191250,1.518750,0.340374,1.190612
Curve,LeadUppercut,Recover,0.096600,-0.191899,1.518101,0.339012,1.172676
Curve,LeadUppercut,Recover,0.098000,-0.192538,1.517462,0.337671,1.154950
Curve,LeadUppercut,Recover,0.099400,-0.193166,1.516834,0.336351,1.137283
Curve,LeadUppercut,Recover,0.100800,-0.193786,1.516214,0.335050,1.119836
Curve,LeadUppercut,Recover,0.102200,-0.194395,1.515605,0.333770,1.102412
Curve,LeadUppercut,Recover,0.103600,-0.194995,1.515005,0.332510,1.085204
Curve,LeadUppercut,Recover,0.105000,-0.195586,1.514414,0.331270,1.068122
Curve,LeadUppercut,Recover,0.106400,-0.196167,1.513833,0.330049,1.051181
Curve,LeadUppercut,Recover,0.107800,-0.196739,1.513261,0.328848,1.034360
Curve,LeadUppercut,Recover,0.109200,-0.197302,1.512698,0.327666,1.017631
Curve,LeadUppercut,Recover,0.110600,-0.197856,1.512145,0.326504,1.001149
Curve,LeadUppercut,Recover,0.112000,-0.198400,1.511600,0.325360,0.984716
Curve,LeadUppercut,Recover,0.113400,-0.198936,1.511065,0.324235,0.968425
Curve,LeadUppercut,Recover,0.114800,-0.199462,1.510538,0.323130,0.952325
Curve,LeadUppercut,Recover,0.116200,-0.199980,1.510020,0.322042,0.936288
Curve,LeadUppercut,Recover,0.117600,-0.200489,1.509511,0.320974,0.920411
Curve,LeadUppercut,Recover,0.119000,-0.200989,1.509011,0.319923,0.904697
Curve,LeadUppercut,Recover,0.120400,-0.201481,1.508519,0.318891,0.889082
Curve,LeadUppercut,Recover,0.121800,-0.201964,1.508036,0.317876,0.873622
Curve,LeadUppercut,Recover,0.123200,-0.202438,1.507562,0.316879,0.858321
Curve,LeadUppercut,Recover,0.124600,-0.202905,1.507095,0.315900,0.843080
Curve,LeadUppercut,Recover,0.126000,-0.203363,1.506637,0.314939,0.828088
Curve,LeadUppercut,Recover,0.127400,-0.203812,1.506188,0.313995,0.813125
Curve,LeadUppercut,Recover,0.128800,-0.204254,1.505746,0.313067,0.798367
Curve,LeadUppercut,Recover,0.130200,-0.204687,1.505313,0.312157,0.783721
Curve,LeadUppercut,Recover,0.131600,-0.205112,1.504888,0.311264,0.769169
Curve,LeadUppercut,Recover,0.133000,-0.205530,1.504470,0.310388,0.754787
Curve,LeadUppercut,Recover,0.134400,-0.205939,1.504061,0.309528,0.740570
Curve,LeadUppercut,Recover,0.135800,-0.206341,1.503659,0.308684,0.726483
Curve,LeadUppercut,Recover,0.137200,-0.206735,1.503265,0.307857,0.712518
Curve,LeadUppercut,Recover,0.138600,-0.207121,1.502879,0.307045,0.698648
Curve,LeadUppercut,Recover,0.140000,-0.207500,1.502500,0.306250,0.684949
Curve,LeadUppercut,Recover,0.141400,-0.207871,1.502129,0.305470,0.671427
Curve,LeadUppercut,Recover,0.142800,-0.208235,1.501765,0.304706,0.657962
Curve,LeadUppercut,Recover,0.144200,-0.208592,1.501408,0.303958,0.644671
Curve,LeadUppercut,Recover,0.145600,-0.208941,1.501059,0.303224,0.631548
Curve,LeadUppercut,Recover,0.147000,-0.209283,1.500717,0.302506,0.618510
Curve,LeadUppercut,Recover,0.148400,-0.209618,1.500382,0.301803,0.605601
Curve,LeadUppercut,Recover,0.149800,-0.209946,1.500054,0.301114,0.592870
Curve,LeadUppercut,Recover,0.151200,-0.210266,1.499734,0.300441,0.580279
Curve,LeadUppercut,Recover,0.152600,-0.210580,1.499420,0.299781,0.567753
Curve,LeadUppercut,Recover,0.154000,-0.210888,1.499112,0.299136,0.555447
Curve,LeadUppercut,Recover,0.155400,-0.211188,1.498812,0.298505,0.543243
Curve,LeadUppercut,Recover,0.156800,-0.211482,1.498518,0.297889,0.531126
Curve,LeadUppercut,Recover,0.158200,-0.211769,1.498231,0.297286,0.519237
Curve,LeadUppercut,Recover,0.159600,-0.212049,1.497951,0.296697,0.507428
Curve,LeadUppercut,Recover,0.161000,-0.212323,1.497677,0.296121,0.495729
Curve,LeadUppercut,Recover,0.162400,-0.212591,1.497409,0.295559,0.484232
Curve,LeadUppercut,Recover,0.163800,-0.212853,1.497147,0.295009,0.472866
Curve,LeadUppercut,Recover,0.165200,-0.213108,1.496892,0.294473,0.461566
Curve,LeadUppercut,Recover,0.166600,-0.213357,1.496643,0.293950,0.450448
Curve,LeadUppercut,Recover,0.168000,-0.213600,1.496400,0.293440,0.439455
Curve,LeadUppercut,Recover,0.169400,-0.213837,1.496163,0.292942,0.428638
Curve,LeadUppercut,Recover,0.170800,-0.214068,1.495932,0.292457,0.417928
Curve,LeadUppercut,Recover,0.172200,-0.214293,1.495707,0.291984,0.407306
Curve,LeadUppercut,Recover,0.173600,-0.214513,1.495487,0.291523,0.396878
Curve,LeadUppercut,Recover,0.175000,-0.214727,1.495273,0.291074,0.386573
Curve,LeadUppercut,Recover,0.176400,-0.214935,1.495065,0.290637,0.376402
Curve,LeadUppercut,Recover,0.177800,-0.215137,1.494863,0.290212,0.366379
Curve,LeadUppercut,Recover,0.179200,-0.215334,1.494666,0.289798,0.356457
Curve,LeadUppercut,Recover,0.180600,-0.215526,1.494474,0.289395,0.346691
Curve,LeadUppercut,Recover,0.182000,-0.215713,1.494287,0.289004,0.337075
Curve,LeadUppercut,Recover,0.183400,-0.215894,1.494106,0.288623,0.327563
Curve,LeadUppercut,Recover,0.184800,-0.216070,1.493930,0.288254,0.318209
Curve,LeadUppercut,Recover,0.186200,-0.216241,1.493760,0.287895,0.309024
Curve,LeadUppercut,Recover,0.187600,-0.216406,1.493594,0.287547,0.299888
Curve,LeadUppercut,Recover,0.189000,-0.216567,1.493433,0.287209,0.290936
Curve,LeadUppercut,Recover,0.190400,-0.216723,1.493277,0.286881,0.282142
Curve,LeadUppercut,Recover,0.191800,-0.216874,1.493126,0.286564,0.273470
Curve,LeadUppercut,Recover,0.193200,-0.217021,1.492979,0.286256,0.264901
Curve,LeadUppercut,Recover,0.194600,-0.217163,1.492837,0.285958,0.256498
Curve,LeadUppercut,Recover,0.196000,-0.217300,1.492700,0.285670,0.248252
Curve,LeadUppercut,Recover,0.197400,-0.217433,1.492567,0.285391,0.240065
Curve,LeadUppercut,Recover,0.198800,-0.217561,1.492439,0.285122,0.232097
Curve,LeadUppercut,Recover,0.200200,-0.217685,1.492315,0.284861,0.224231
Curve,LeadUppercut,Recover,0.201600,-0.217805,1.492195,0.284610,0.216494
Curve,LeadUppercut,Recover,0.203000,-0.217920,1.492080,0.284367,0.208879
Curve,LeadUppercut,Recover,0.204400,-0.218032,1.491968,0.284133,0.201463
Curve,LeadUppercut,Recover,0.205800,-0.218139,1.491861,0.283908,0.194089
Curve,LeadUppercut,Recover,0.207200,-0.218242,1.491758,0.283691,0.186934
Curve,LeadUppercut,Recover,0.208600,-0.218342,1.491658,0.283482,0.179897
Curve,LeadUppercut,Recover,0.210000,-0.218438,1.491562,0.283281,0.172944
Curve,LeadUppercut,Recover,0.211400,-0.218529,1.491471,0.283088,0.166167
Curve,LeadUppercut,Recover,0.212800,-0.218618,1.491382,0.282903,0.159530
Curve,LeadUppercut,Recover,0.214200,-0.218702,1.491298,0.282725,0.152981
Curve,LeadUppercut,Recover,0.215600,-0.218783,1.491217,0.282555,0.146677
Curve,LeadUppercut,Recover,0.217000,-0.218861,1.491139,0.282392,0.140398
Curve,LeadUppercut,Recover,0.218400,-0.218935,1.491065,0.282236,0.134304
Curve,LeadUppercut,Recover,0.219800,-0.219006,1.490994,0.282087,0.128315
Curve,LeadUppercut,Recover,0.221200,-0.219074,1.490926,0.281945,0.122486
Curve,LeadUppercut,Recover,0.222600,-0.219139,1.490862,0.281809,0.116805
Curve,LeadUppercut,Recover,0.224000,-0.219200,1.490800,0.281680,0.111237
Curve,LeadUppercut,Recover,0.225400,-0.219259,1.490741,0.281557,0.105839
Curve,LeadUppercut,Recover,0.226800,-0.219314,1.490686,0.281440,0.100498
Curve,LeadUppercut,Recover,0.228200,-0.219367,1.490633,0.281330,0.095407
Curve,LeadUppercut,Recover,0.229600,-0.219417,1.490583,0.281225,0.090336
Curve,LeadUppercut,Recover,0.231000,-0.219464,1.490536,0.281126,0.085472
Curve,LeadUppercut,Recover,0.232400,-0.219509,1.490491,0.281032,0.080738
Curve,LeadUppercut,Recover,0.233800,-0.219551,1.490449,0.280943,0.076114
Curve,LeadUppercut,Recover,0.235200,-0.219590,1.490410,0.280860,0.071620
Curve,LeadUppercut,Recover,0.236600,-0.219628,1.490372,0.280782,0.067291
Curve,LeadUppercut,Recover,0.238000,-0.219663,1.490337,0.280709,0.063096
Curve,LeadUppercut,Recover,0.239400,-0.219695,1.490305,0.280640,0.059033
Curve,LeadUppercut,Recover,0.240800,-0.219726,1.490274,0.280576,0.055056
Curve,LeadUppercut,Recover,0.242200,-0.219754,1.490246,0.280517,0.051309
Curve,LeadUppercut,Recover,0.243600,-0.219780,1.490220,0.280461,0.047632
Curve,LeadUppercut,Recover,0.245000,-0.219805,1.490195,0.280410,0.044111
Curve,LeadUppercut,Recover,0.246400,-0.219827,1.490173,0.280363,0.040692
Curve,LeadUppercut,Recover,0.247800,-0.219848,1.490152,0.280319,0.037461
Curve,LeadUppercut,Recover,0.249200,-0.219867,1.490133,0.280280,0.034332
Curve,LeadUppercut,Recover,0.250600,-0.219884,1.490116,0.280243,0.031372
Curve,LeadUppercut,Recover,0.252000,-0.219900,1.490100,0.280210,0.028522
Curve,LeadUppercut,Recover,0.253400,-0.219914,1.490086,0.280180,0.025782
Curve,LeadUppercut,Recover,0.254800,-0.219927,1.490073,0.280153,0.023189
Curve,LeadUppercut,Recover,0.256200,-0.219939,1.490061,0.280129,0.020806
Curve,LeadUppercut,Recover,0.257600,-0.219949,1.490051,0.280108,0.018434
Curve,LeadUppercut,Recover,0.259000,-0.219958,1.490042,0.280089,0.016312
Curve,LeadUppercut,Recover,0.260400,-0.219966,1.490034,0.280072,0.014261
Curve,LeadUppercut,Recover,0.261800,-0.219973,1.490027,0.280058,0.012387
Curve,LeadUppercut,Recover,0.263200,-0.219978,1.490022,0.280045,0.010601
Curve,LeadUppercut,Recover,0.264600,-0.219983,1.490017,0.280035,0.008959
Curve,LeadUppercut,Recover,0.266000,-0.219988,1.490013,0.280026,0.007480
Curve,LeadUppercut,Recover,0.267400,-0.219991,1.490009,0.280019,0.006150
Curve,LeadUppercut,Recover,0.268800,-0.219994,1.490006,0.280013,0.004878
Curve,LeadUppercut,Recover,0.270200,-0.219996,1.490004,0.280009,0.003833
Curve,LeadUppercut,Recover,0.271600,-0.219997,1.490003,0.280006,0.002861
Curve,LeadUppercut,Recover,0.273000,-0.219998,1.490002,0.280003,0.002069
Curve,LeadUppercut,Recover,0.274400,-0.219999,1.490001,0.280002,0.001374
Curve,LeadUppercut,Recover,0.275800,-0.220000,1.490000,0.280001,0.000830
Curve,LeadUppercut,Recover,0.277200,-0.220000,1.490000,0.280000,0.000435
Curve,LeadUppercut,Recover,0.278600,-0.220000,1.490000,0.280000,0.000166
Curve,LeadUppercut,Recover,0.280000,-0.220000,1.490000,0.280000,0.000024
Fast,LeadUppercut,Commit,0.000400,-0.220003,1.489978,0.279997,0.057015
Fast,LeadUppercut,Commit,0.000800,-0.220012,1.489911,0.279988,0.170441
Fast,LeadUppercut,Commit,0.001200,-0.220027,1.489799,0.279973,0.282651
Fast,LeadUppercut,Commit,0.001600,-0.220047,1.489645,0.279953,0.393651
Fast,LeadUppercut,Commit,0.002000,-0.220074,1.489447,0.279926,0.503440
Fast,LeadUppercut,Commit,0.002400,-0.220106,1.489206,0.279894,0.612307
Fast,LeadUppercut,Commit,0.002800,-0.220144,1.488923,0.279856,0.719973
Fast,LeadUppercut,Commit,0.003200,-0.220187,1.488598,0.279813,0.826135
Fast,LeadUppercut,Commit,0.003600,-0.220236,1.488232,0.279764,0.931951
Fast,LeadUppercut,Commit,0.004000,-0.220290,1.487825,0.279710,1.035698
Fast,LeadUppercut,Commit,0.004400,-0.220350,1.487377,0.279650,1.139093
Fast,LeadUppercut,Commit,0.004800,-0.220415,1.486890,0.279585,1.240701
Fast,LeadUppercut,Commit,0.005200,-0.220485,1.486362,0.279515,1.341392
Fast,LeadUppercut,Commit,0.005600,-0.220561,1.485796,0.279439,1.441156
Fast,LeadUppercut,Commit,0.006000,-0.220641,1.485191,0.279359,1.539733
Fast,LeadUppercut,Commit,0.006400,-0.220727,1.484547,0.279273,1.636773
Fast,LeadUppercut,Commit,0.006800,-0.220818,1.483866,0.279182,1.733213
Fast,LeadUppercut,Commit,0.007200,-0.220914,1.483147,0.279086,1.828144
Fast,LeadUppercut,Commit,0.007600,-0.221014,1.482392,0.278986,1.921865
Fast,LeadUppercut,Commit,0.008000,-0.221120,1.481600,0.278880,2.014653
Fast,LeadUppercut,Commit,0.008400,-0.221230,1.480772,0.278770,2.106251
Fast,LeadUppercut,Commit,0.008800,-0.221346,1.479909,0.278655,2.196911
Fast,LeadUppercut,Commit,0.009200,-0.221465,1.479010,0.278535,2.286088
Fast,LeadUppercut,Commit,0.009600,-0.221590,1.478077,0.278410,2.374039
Fast,LeadUppercut,Commit,0.010000,-0.221719,1.477109,0.278281,2.461087
Fast,LeadUppercut,Commit,0.010400,-0.221852,1.476108,0.278148,2.547209
Fast,LeadUppercut,Commit,0.010800,-0.221990,1.475074,0.278010,2.631816
Fast,LeadUppercut,Commit,0.011200,-0.222133,1.474006,0.277868,2.715219
Fast,LeadUppercut,Commit,0.011600,-0.222279,1.472907,0.277721,2.797704
Fast,LeadUppercut,Commit,0.012000,-0.222430,1.471775,0.277570,2.879007
Fast,LeadUppercut,Commit,0.012400,-0.222585,1.470612,0.277415,2.959349
Fast,LeadUppercut,Commit,0.012800,-0.222744,1.469418,0.277256,3.038216
Fast,LeadUppercut,Commit,0.013200,-0.222908,1.468193,0.277092,3.115859
Fast,LeadUppercut,Commit,0.013600,-0.223075,1.466938,0.276925,3.192872
Fast,LeadUppercut,Commit,0.014000,-0.223246,1.465653,0.276754,3.268094
Fast,LeadUppercut,Commit,0.014400,-0.223421,1.464339,0.276579,3.342696
Fast,LeadUppercut,Commit,0.014800,-0.223601,1.462996,0.276400,3.416092
Fast,LeadUppercut,Commit,0.015200,-0.223783,1.461625,0.276217,3.487975
Fast,LeadUppercut,Commit,0.015600,-0.223970,1.460226,0.276030,3.559228
Fast,LeadUppercut,Commit,0.016000,-0.224160,1.458800,0.275840,3.628983
Fast,LeadUppercut,Commit,0.016400,-0.224354,1.457347,0.275646,3.697547
Fast,LeadUppercut,Commit,0.016800,-0.224551,1.455867,0.275449,3.765145
Fast,LeadUppercut,Commit,0.017200,-0.224752,1.454360,0.275248,3.831580
Fast,LeadUppercut,Commit,0.017600,-0.224956,1.452829,0.275044,3.896781
Fast,LeadUppercut,Commit,0.018000,-0.225164,1.451272,0.274836,3.960781
Fast,LeadUppercut,Commit,0.018400,-0.225375,1.449690,0.274625,4.023864
Fast,LeadUppercut,Commit,0.018800,-0.225589,1.448084,0.274411,4.085711
Fast,LeadUppercut,Commit,0.019200,-0.225806,1.446454,0.274194,4.146378
Fast,LeadUppercut,Commit,0.019600,-0.226027,1.444801,0.273974,4.205820
Fast,LeadUppercut,Commit,0.020000,-0.226250,1.443125,0.273750,4.264338
Fast,LeadUppercut,Commit,0.020400,-0.226477,1.441426,0.273524,4.321388
Fast,LeadUppercut,Commit,0.020800,-0.226706,1.439706,0.273294,4.377774
Fast,LeadUppercut,Commit,0.021200,-0.226938,1.437963,0.273062,4.432661
Fast,LeadUppercut,Commit,0.021600,-0.227173,1.436200,0.272827,4.486352
Fast,LeadUppercut,Commit,0.022000,-0.227411,1.434416,0.272589,4.538824
Fast,LeadUppercut,Commit,0.022400,-0.227652,1.432611,0.272348,4.590670
Fast,LeadUppercut,Commit,0.022800,-0.227895,1.430787,0.272105,4.641022
Fast,LeadUppercut,Commit,0.023200,-0.228141,1.428943,0.271859,4.690150
Fast,LeadUppercut,Commit,0.023600,-0.228389,1.427081,0.271611,4.738067
Fast,LeadUppercut,Commit,0.024000,-0.228640,1.425200,0.271360,4.785374
Fast,LeadUppercut,Commit,0.024400,-0.228893,1.423301,0.271107,4.830875
Fast,LeadUppercut,Commit,0.024800,-0.229149,1.421385,0.270851,4.875747
Fast,LeadUppercut,Commit,0.025200,-0.229407,1.419451,0.270594,4.919124
Fast,LeadUppercut,Commit,0.025600,-0.229667,1.417501,0.270333,4.961287
Fast,LeadUppercut,Commit,0.026000,-0.229929,1.415534,0.270071,5.002815
Fast,LeadUppercut,Commit,0.026400,-0.230193,1.413552,0.269807,5.042869
Fast,LeadUppercut,Commit,0.026800,-0.230459,1.411555,0.269541,5.081668
Fast,LeadUppercut,Commit,0.027200,-0.230728,1.409542,0.269272,5.119291
Fast,LeadUppercut,Commit,0.027600,-0.230998,1.407516,0.269002,5.156284
Fast,LeadUppercut,Commit,0.028000,-0.231270,1.405475,0.268730,5.191462
Fast,LeadUppercut,Commit,0.028400,-0.231544,1.403421,0.268456,5.226039
Fast,LeadUppercut,Commit,0.028800,-0.231820,1.401354,0.268181,5.259089
Fast,LeadUppercut,Commit,0.029200,-0.232097,1.399274,0.267903,5.291240
Fast,LeadUppercut,Commit,0.029600,-0.232376,1.397182,0.267624,5.321888
Fast,LeadUppercut,Commit,0.030000,-0.232656,1.395078,0.267344,5.351887
Fast,LeadUppercut,Commit,0.030400,-0.232938,1.392963,0.267062,5.380700
Fast,LeadUppercut,Commit,0.030800,-0.233222,1.390838,0.266778,5.407716
Fast,LeadUppercut,Commit,0.031200,-0.233507,1.388701,0.266494,5.434377
Fast,LeadUppercut,Commit,0.031600,-0.233793,1.386555,0.266207,5.459558
Fast,LeadUppercut,Commit,0.032000,-0.234080,1.384400,0.265920,5.483529
Fast,LeadUppercut,Commit,0.032400,-0.234369,1.382236,0.265631,5.506264
Fast,LeadUppercut,Commit,0.032800,-0.234658,1.380063,0.265342,5.528386
Fast,LeadUppercut,Commit,0.033200,-0.234949,1.377882,0.265051,5.548725
Fast,LeadUppercut,Commit,0.033600,-0.235241,1.375693,0.264759,5.568141
Fast,LeadUppercut,Commit,0.034000,-0.235534,1.373497,0.264466,5.586636
Fast,LeadUppercut,Commit,0.034400,-0.235827,1.371294,0.264173,5.603612
Fast,LeadUppercut,Commit,0.034800,-0.236122,1.369085,0.263878,5.619978
Fast,LeadUppercut,Commit,0.035200,-0.236417,1.366870,0.263583,5.634553
Fast,LeadUppercut,Commit,0.035600,-0.236713,1.364650,0.263287,5.648201
Fast,LeadUppercut,Commit,0.036000,-0.237010,1.362425,0.262990,5.660945
Fast,LeadUppercut,Commit,0.036400,-0.237307,1.360195,0.262693,5.672449
Fast,LeadUppercut,Commit,0.036800,-0.237605,1.357962,0.262395,5.682773
Fast,LeadUppercut,Commit,0.037200,-0.237903,1.355724,0.262097,5.691866
Fast,LeadUppercut,Commit,0.037600,-0.238202,1.353484,0.261798,5.700052
Fast,LeadUppercut,Commit,0.038000,-0.238501,1.351241,0.261499,5.706733
Fast,LeadUppercut,Commit,0.038400,-0.238801,1.348995,0.261199,5.712488
Fast,LeadUppercut,Commit,0.038800,-0.239100,1.346748,0.260900,5.717042
Fast,LeadUppercut,Commit,0.039200,-0.239400,1.344499,0.260600,5.720381
Fast,LeadUppercut,Commit,0.039600,-0.239700,1.342250,0.260300,5.722802
Fast,LeadUppercut,Commit,0.040000,-0.240000,1.340000,0.260000,5.724012
Fast,LeadUppercut,Commit,0.040400,-0.240300,1.337750,0.259700,5.724003
Fast,LeadUppercut,Commit,0.040800,-0.240600,1.335501,0.259400,5.722802
Fast,LeadUppercut,Commit,0.041200,-0.240900,1.333252,0.259100,5.720381
Fast,LeadUppercut,Commit,0.041600,-0.241199,1.331005,0.258801,5.717042
Fast,LeadUppercut,Commit,0.042000,-0.241499,1.328759,0.258501,5.712488
Fast,LeadUppercut,Commit,0.042400,-0.241798,1.326516,0.258202,5.706733
Fast,LeadUppercut,Commit,0.042800,-0.242097,1.324276,0.257903,5.700057
Fast,LeadUppercut,Commit,0.043200,-0.242395,1.322038,0.257605,5.691861
Fast,LeadUppercut,Commit,0.043600,-0.242693,1.319805,0.257307,5.682773
Fast,LeadUppercut,Commit,0.044000,-0.242990,1.317575,0.257010,5.672449
Fast,LeadUppercut,Commit,0.044400,-0.243287,1.315350,0.256713,5.660945
Fast,LeadUppercut,Commit,0.044800,-0.243583,1.313130,0.256417,5.648201
Fast,LeadUppercut,Commit,0.045200,-0.243878,1.310915,0.256122,5.634846
Fast,LeadUppercut,Commit,0.045600,-0.244173,1.308706,0.255828,5.619685
Fast,LeadUppercut,Commit,0.046000,-0.244466,1.306503,0.255534,5.603622
Fast,LeadUppercut,Commit,0.046400,-0.244759,1.304307,0.255241,5.586626
Fast,LeadUppercut,Commit,0.046800,-0.245051,1.302119,0.254949,5.568141
Fast,LeadUppercut,Commit,0.047200,-0.245342,1.299937,0.254658,5.548715
Fast,LeadUppercut,Commit,0.047600,-0.245631,1.297764,0.254369,5.528400
Fast,LeadUppercut,Commit,0.048000,-0.245920,1.295600,0.254080,5.506274
Fast,LeadUppercut,Commit,0.048400,-0.246207,1.293445,0.253793,5.483509
Fast,LeadUppercut,Commit,0.048800,-0.246494,1.291299,0.253507,5.459568
Fast,LeadUppercut,Commit,0.049200,-0.246778,1.289163,0.253222,5.434371
Fast,LeadUppercut,Commit,0.049600,-0.247062,1.287037,0.252938,5.407707
Fast,LeadUppercut,Commit,0.050000,-0.247344,1.284922,0.252656,5.380709
Fast,LeadUppercut,Commit,0.050400,-0.247624,1.282818,0.252376,5.351887
Fast,LeadUppercut,Commit,0.050800,-0.247903,1.280726,0.252097,5.321888
Fast,LeadUppercut,Commit,0.051200,-0.248181,1.278646,0.251820,5.291240
Fast,LeadUppercut,Commit,0.051600,-0.248456,1.276579,0.251544,5.259089
Fast,LeadUppercut,Commit,0.052000,-0.248730,1.274525,0.251270,5.226039
Fast,LeadUppercut,Commit,0.052400,-0.249002,1.272484,0.250998,5.191462
Fast,LeadUppercut,Commit,0.052800,-0.249272,1.270458,0.250728,5.156284
Fast,LeadUppercut,Commit,0.053200,-0.249541,1.268445,0.250459,5.119584
Fast,LeadUppercut,Commit,0.053600,-0.249807,1.266448,0.250193,5.081673
Fast,LeadUppercut,Commit,0.054000,-0.250071,1.264466,0.249929,5.042576
Fast,LeadUppercut,Commit,0.054400,-0.250333,1.262499,0.249667,5.002810
Fast,LeadUppercut,Commit,0.054800,-0.250594,1.260549,0.249407,4.961287
Fast,LeadUppercut,Commit,0.055200,-0.250851,1.258615,0.249149,4.919124
Fast,LeadUppercut,Commit,0.055600,-0.251107,1.256699,0.248893,4.875756
Fast,LeadUppercut,Commit,0.056000,-0.251360,1.254800,0.248640,4.830871
Fast,LeadUppercut,Commit,0.056400,-0.251611,1.252919,0.248389,4.785359
Fast,LeadUppercut,Commit,0.056800,-0.251859,1.251057,0.248141,4.738072
Fast,LeadUppercut,Commit,0.057200,-0.252105,1.249213,0.247895,4.690155
Fast,LeadUppercut,Commit,0.057600,-0.252348,1.247389,0.247652,4.641022
Fast,LeadUppercut,Commit,0.058000,-0.252589,1.245584,0.247411,4.590674
Fast,LeadUppercut,Commit,0.058400,-0.252827,1.243800,0.247173,4.538808
Fast,LeadUppercut,Commit,0.058800,-0.253062,1.242037,0.246938,4.486367
Fast,LeadUppercut,Commit,0.059200,-0.253294,1.240294,0.246706,4.432661
Fast,LeadUppercut,Commit,0.059600,-0.253524,1.238574,0.246477,4.377769
Fast,LeadUppercut,Commit,0.060000,-0.253750,1.236875,0.246250,4.321378
Fast,LeadUppercut,Commit,0.060400,-0.253974,1.235199,0.246027,4.264348
Fast,LeadUppercut,Commit,0.060800,-0.254194,1.233546,0.245806,4.205820
Fast,LeadUppercut,Commit,0.061200,-0.254411,1.231916,0.245589,4.146378
Fast,LeadUppercut,Commit,0.061600,-0.254625,1.230310,0.245375,4.085721
Fast,LeadUppercut,Commit,0.062000,-0.254836,1.228728,0.245164,4.023854
Fast,LeadUppercut,Commit,0.062400,-0.255044,1.227171,0.244956,3.960781
Fast,LeadUppercut,Commit,0.062800,-0.255248,1.225639,0.244752,3.897079
Fast,LeadUppercut,Commit,0.063200,-0.255449,1.224133,0.244551,3.831283
Fast,LeadUppercut,Commit,0.063600,-0.255646,1.222654,0.244354,3.765155
Fast,LeadUppercut,Commit,0.064000,-0.255840,1.221200,0.244160,3.697830
Fast,LeadUppercut,Commit,0.064400,-0.256030,1.219774,0.243970,3.628690
Fast,LeadUppercut,Commit,0.064800,-0.256217,1.218375,0.243783,3.559228
Fast,LeadUppercut,Commit,0.065200,-0.256400,1.217004,0.243601,3.487970
Fast,LeadUppercut,Commit,0.065600,-0.256579,1.215661,0.243421,3.416102
Fast,LeadUppercut,Commit,0.066000,-0.256754,1.214347,0.243246,3.342691
Fast,LeadUppercut,Commit,0.066400,-0.256925,1.213062,0.243075,3.268099
Fast,LeadUppercut,Commit,0.066800,-0.257092,1.211807,0.242908,3.192872
Fast,LeadUppercut,Commit,0.067200,-0.257256,1.210582,0.242744,3.115859
Fast,LeadUppercut,Commit,0.067600,-0.257415,1.209388,0.242585,3.038212
Fast,LeadUppercut,Commit,0.068000,-0.257570,1.208225,0.242430,2.959344
Fast,LeadUppercut,Commit,0.068400,-0.257721,1.207093,0.242279,2.879002
Fast,LeadUppercut,Commit,0.068800,-0.257868,1.205994,0.242133,2.797713
Fast,LeadUppercut,Commit,0.069200,-0.258010,1.204926,0.241990,2.715224
Fast,LeadUppercut,Commit,0.069600,-0.258148,1.203892,0.241852,2.631816
Fast,LeadUppercut,Commit,0.070000,-0.258281,1.202891,0.241719,2.547204
Fast,LeadUppercut,Commit,0.070400,-0.258410,1.201923,0.241590,2.461083
Fast,LeadUppercut,Commit,0.070800,-0.258535,1.200990,0.241465,2.374044
Fast,LeadUppercut,Commit,0.071200,-0.258655,1.200091,0.241346,2.286088
Fast,LeadUppercut,Commit,0.071600,-0.258770,1.199228,0.241230,2.196916
Fast,LeadUppercut,Commit,0.072000,-0.258880,1.198400,0.241120,2.106246
Fast,LeadUppercut,Commit,0.072400,-0.258986,1.197608,0.241014,2.014658
Fast,LeadUppercut,Commit,0.072800,-0.259086,1.196853,0.240914,1.921860
Fast,LeadUppercut,Commit,0.073200,-0.259182,1.196134,0.240818,1.828144
Fast,LeadUppercut,Commit,0.073600,-0.259273,1.195453,0.240727,1.733213
Fast,LeadUppercut,Commit,0.074000,-0.259359,1.194809,0.240641,1.636773
Fast,LeadUppercut,Commit,0.074400,-0.259439,1.194204,0.240561,1.539723
Fast,LeadUppercut,Commit,0.074800,-0.259515,1.193638,0.240485,1.441165
Fast,LeadUppercut,Commit,0.075200,-0.259585,1.193110,0.240415,1.341397
Fast,LeadUppercut,Commit,0.075600,-0.259650,1.192623,0.240350,1.240692
Fast,LeadUppercut,Commit,0.076000,-0.259710,1.192175,0.240290,1.139098
Fast,LeadUppercut,Commit,0.076400,-0.259764,1.191768,0.240236,1.035698
Fast,LeadUppercut,Commit,0.076800,-0.259813,1.191402,0.240187,0.931951
Fast,LeadUppercut,Commit,0.077200,-0.259856,1.191077,0.240144,0.826135
Fast,LeadUppercut,Commit,0.077600,-0.259894,1.190794,0.240106,0.719973
Fast,LeadUppercut,Commit,0.078000,-0.259926,1.190553,0.240074,0.612307
Fast,LeadUppercut,Commit,0.078400,-0.259953,1.190355,0.240047,0.503445
Fast,LeadUppercut,Commit,0.078800,-0.259973,1.190201,0.240027,0.393646
Fast,LeadUppercut,Commit,0.079200,-0.259988,1.190089,0.240012,0.282651
Fast,LeadUppercut,Commit,0.079600,-0.259997,1.190022,0.240003,0.170436
Fast,LeadUppercut,Commit,0.080000,-0.260000,1.190000,0.240000,0.057020
Fast,LeadUppercut,Extend,0.000500,-0.259992,1.190024,0.240015,0.057732
Fast,LeadUppercut,Extend,0.001000,-0.259967,1.190094,0.240058,0.172204
Fast,LeadUppercut,Extend,0.001500,-0.259927,1.190210,0.240131,0.285928
Fast,LeadUppercut,Extend,0.002000,-0.259870,1.190372,0.240232,0.398570
Fast,LeadUppercut,Extend,0.002500,-0.259797,1.190579,0.240362,0.510271
Fast,LeadUppercut,Extend,0.003000,-0.259709,1.190831,0.240520,0.620644
Fast,LeadUppercut,Extend,0.003500,-0.259605,1.191128,0.240705,0.730530
Fast,LeadUppercut,Extend,0.004000,-0.259486,1.191470,0.240918,0.839314
Fast,LeadUppercut,Extend,0.004500,-0.259351,1.191854,0.241159,0.946726
Fast,LeadUppercut,Extend,0.005000,-0.259201,1.192283,0.241427,1.053453
Fast,LeadUppercut,Extend,0.005500,-0.259036,1.192754,0.241721,1.159048
Fast,LeadUppercut,Extend,0.006000,-0.258856,1.193267,0.242042,1.263960
Fast,LeadUppercut,Extend,0.006500,-0.258662,1.193823,0.242390,1.367322
Fast,LeadUppercut,Extend,0.007000,-0.258453,1.194421,0.242763,1.470192
Fast,LeadUppercut,Extend,0.007500,-0.258229,1.195060,0.243162,1.571931
Fast,LeadUppercut,Extend,0.008000,-0.257991,1.195740,0.243587,1.672523
Fast,LeadUppercut,Extend,0.008500,-0.257739,1.196460,0.244037,1.772058
Fast,LeadUppercut,Extend,0.009000,-0.257473,1.197220,0.244513,1.871027
Fast,LeadUppercut,Extend,0.009500,-0.257193,1.198021,0.245013,1.968522
Fast,LeadUppercut,Extend,0.010000,-0.256899,1.198860,0.245538,2.065243
Fast,LeadUppercut,Extend,0.010500,-0.256592,1.199738,0.246087,2.160891
Fast,LeadUppercut,Extend,0.011000,-0.256271,1.200655,0.246660,2.255840
Fast,LeadUppercut,Extend,0.011500,-0.255936,1.201610,0.247256,2.349417
Fast,LeadUppercut,Extend,0.012000,-0.255589,1.202603,0.247877,2.442118
Fast,LeadUppercut,Extend,0.012500,-0.255229,1.203633,0.248521,2.533684
Fast,LeadUppercut,Extend,0.013000,-0.254855,1.204700,0.249187,2.624525
Fast,LeadUppercut,Extend,0.013500,-0.254469,1.205803,0.249877,2.714290
Fast,LeadUppercut,Extend,0.014000,-0.254070,1.206942,0.250589,2.803074
Fast,LeadUppercut,Extend,0.014500,-0.253659,1.208117,0.251323,2.890605
Fast,LeadUppercut,Extend,0.015000,-0.253235,1.209328,0.252080,2.977602
Fast,LeadUppercut,Extend,0.015500,-0.252800,1.210573,0.252858,3.063229
Fast,LeadUppercut,Extend,0.016000,-0.252352,1.211852,0.253658,3.147797
Fast,LeadUppercut,Extend,0.016500,-0.251892,1.213166,0.254479,3.231637
Fast,LeadUppercut,Extend,0.017000,-0.251420,1.214513,0.255321,3.314538
Fast,LeadUppercut,Extend,0.017500,-0.250937,1.215894,0.256183,3.396174
Fast,LeadUppercut,Extend,0.018000,-0.250443,1.217307,0.257067,3.476827
Fast,LeadUppercut,Extend,0.018500,-0.249937,1.218753,0.257970,3.556809
Fast,LeadUppercut,Extend,0.019000,-0.249420,1.220230,0.258894,3.635451
Fast,LeadUppercut,Extend,0.019500,-0.248891,1.221740,0.259837,3.713201
Fast,LeadUppercut,Extend,0.020000,-0.248352,1.223280,0.260800,3.789996
Fast,LeadUppercut,Extend,0.020500,-0.247802,1.224851,0.261782,3.865705
Fast,LeadUppercut,Extend,0.021000,-0.247241,1.226453,0.262783,3.940497
Fast,LeadUppercut,Extend,0.021500,-0.246670,1.228085,0.263803,4.014368
Fast,LeadUppercut,Extend,0.022000,-0.246089,1.229746,0.264841,4.087105
Fast,LeadUppercut,Extend,0.022500,-0.245497,1.231437,0.265898,4.158935
Fast,LeadUppercut,Extend,0.023000,-0.244896,1.233156,0.266972,4.229639
Fast,LeadUppercut,Extend,0.023500,-0.244284,1.234903,0.268065,4.299474
Fast,LeadUppercut,Extend,0.024000,-0.243662,1.236679,0.269174,4.368302
Fast,LeadUppercut,Extend,0.024500,-0.243031,1.238482,0.270301,4.436104
Fast,LeadUppercut,Extend,0.025000,-0.242391,1.240313,0.271445,4.502959
Fast,LeadUppercut,Extend,0.025500,-0.241741,1.242170,0.272606,4.568669
Fast,LeadUppercut,Extend,0.026000,-0.241082,1.244053,0.273783,4.633492
Fast,LeadUppercut,Extend,0.026500,-0.240413,1.245962,0.274976,4.697361
Fast,LeadUppercut,Extend,0.027000,-0.239736,1.247897,0.276186,4.760190
Fast,LeadUppercut,Extend,0.027500,-0.239050,1.249857,0.277411,4.821826
Fast,LeadUppercut,Extend,0.028000,-0.238355,1.251842,0.278651,4.882970
Fast,LeadUppercut,Extend,0.028500,-0.237652,1.253851,0.279907,4.942612
Fast,LeadUppercut,Extend,0.029000,-0.236941,1.255884,0.281178,5.001314
Fast,LeadUppercut,Extend,0.029500,-0.236221,1.257940,0.282463,5.059324
Fast,LeadUppercut,Extend,0.030000,-0.235493,1.260020,0.283763,5.116196
Fast,LeadUppercut,Extend,0.030500,-0.234757,1.262122,0.285076,5.172143
Fast,LeadUppercut,Extend,0.031000,-0.234014,1.264247,0.286404,5.226819
Fast,LeadUppercut,Extend,0.031500,-0.233262,1.266393,0.287746,5.280733
Fast,LeadUppercut,Extend,0.032000,-0.232504,1.268561,0.289101,5.333501
Fast,LeadUppercut,Extend,0.032500,-0.231737,1.270750,0.290469,5.385451
Fast,LeadUppercut,Extend,0.033000,-0.230964,1.272960,0.291850,5.436225
Fast,LeadUppercut,Extend,0.033500,-0.230184,1.275190,0.293244,5.486065
Fast,LeadUppercut,Extend,0.034000,-0.229396,1.277440,0.294650,5.535000
Fast,LeadUppercut,Extend,0.034500,-0.228602,1.279709,0.296068,5.583040
Fast,LeadUppercut,Extend,0.035000,-0.227801,1.281998,0.297498,5.629741
Fast,LeadUppercut,Extend,0.035500,-0.226993,1.284304,0.298940,5.675571
Fast,LeadUppercut,Extend,0.036000,-0.226180,1.286630,0.300394,5.720617
Fast,LeadUppercut,Extend,0.036500,-0.225360,1.288973,0.301858,5.764368
Fast,LeadUppercut,Extend,0.037000,-0.224533,1.291333,0.303333,5.807421
Fast,LeadUppercut,Extend,0.037500,-0.223701,1.293711,0.304819,5.849155
Fast,LeadUppercut,Extend,0.038000,-0.222863,1.296105,0.306316,5.890167
Fast,LeadUppercut,Extend,0.038500,-0.222020,1.298516,0.307822,5.930015
Fast,LeadUppercut,Extend,0.039000,-0.221170,1.300942,0.309339,5.969041
Fast,LeadUppercut,Extend,0.039500,-0.220316,1.303383,0.310865,6.006887
Fast,LeadUppercut,Extend,0.040000,-0.219456,1.305840,0.312400,6.043618
Fast,LeadUppercut,Extend,0.040500,-0.218591,1.308311,0.313945,6.079625
Fast,LeadUppercut,Extend,0.041000,-0.217721,1.310797,0.315498,6.114771
Fast,LeadUppercut,Extend,0.041500,-0.216846,1.313296,0.317060,6.148530
Fast,LeadUppercut,Extend,0.042000,-0.215967,1.315809,0.318630,6.181419
Fast,LeadUppercut,Extend,0.042500,-0.215083,1.318334,0.320209,6.213353
Fast,LeadUppercut,Extend,0.043000,-0.214195,1.320872,0.321795,6.244411
Fast,LeadUppercut,Extend,0.043500,-0.213302,1.323423,0.323389,6.274157
Fast,LeadUppercut,Extend,0.044000,-0.212405,1.325985,0.324990,6.303308
Fast,LeadUppercut,Extend,0.044500,-0.211505,1.328558,0.326599,6.331051
Fast,LeadUppercut,Extend,0.045000,-0.210600,1.331143,0.328214,6.358169
Fast,LeadUppercut,Extend,0.045500,-0.209692,1.333737,0.329836,6.384081
Fast,LeadUppercut,Extend,0.046000,-0.208780,1.336343,0.331464,6.408995
Fast,LeadUppercut,Extend,0.046500,-0.207865,1.338957,0.333098,6.433000
Fast,LeadUppercut,Extend,0.047000,-0.206946,1.341582,0.334739,6.455919
Fast,LeadUppercut,Extend,0.047500,-0.206025,1.344215,0.336384,6.477900
Fast,LeadUppercut,Extend,0.048000,-0.205100,1.346856,0.338035,6.498972
Fast,LeadUppercut,Extend,0.048500,-0.204173,1.349506,0.339691,6.518950
Fast,LeadUppercut,Extend,0.049000,-0.203243,1.352164,0.341352,6.537757
Fast,LeadUppercut,Extend,0.049500,-0.202310,1.354828,0.343018,6.555874
Fast,LeadUppercut,Extend,0.050000,-0.201375,1.357500,0.344688,6.572911
Fast,LeadUppercut,Extend,0.050500,-0.200438,1.360178,0.346361,6.588755
Fast,LeadUppercut,Extend,0.051000,-0.199498,1.362862,0.348039,6.603746
Fast,LeadUppercut,Extend,0.051500,-0.198557,1.365552,0.349720,6.617794
Fast,LeadUppercut,Extend,0.052000,-0.197613,1.368248,0.351405,6.630908
Fast,LeadUppercut,Extend,0.052500,-0.196668,1.370948,0.353092,6.642764
Fast,LeadUppercut,Extend,0.053000,-0.195722,1.373652,0.354783,6.653849
Fast,LeadUppercut,Extend,0.053500,-0.194774,1.376361,0.356476,6.663857
Fast,LeadUppercut,Extend,0.054000,-0.193824,1.379074,0.358171,6.672914
Fast,LeadUppercut,Extend,0.054500,-0.192874,1.381789,0.359868,6.680842
Fast,LeadUppercut,Extend,0.055000,-0.191922,1.384508,0.361567,6.687887
Fast,LeadUppercut,Extend,0.055500,-0.190970,1.387228,0.363268,6.693985
Fast,LeadUppercut,Extend,0.056000,-0.190017,1.389951,0.364970,6.698826
Fast,LeadUppercut,Extend,0.056500,-0.189063,1.392676,0.366673,6.703055
Fast,LeadUppercut,Extend,0.057000,-0.188109,1.395402,0.368376,6.706057
Fast,LeadUppercut,Extend,0.057500,-0.187155,1.398129,0.370080,6.708137
Fast,LeadUppercut,Extend,0.058000,-0.186201,1.400856,0.371785,6.709007
Fast,LeadUppercut,Extend,0.058500,-0.185246,1.403583,0.373489,6.709059
Fast,LeadUppercut,Extend,0.059000,-0.184292,1.406309,0.375193,6.708339
Fast,LeadUppercut,Extend,0.059500,-0.183338,1.409035,0.376897,6.706345
Fast,LeadUppercut,Extend,0.060000,-0.182384,1.411760,0.378600,6.703202
Fast,LeadUppercut,Extend,0.060500,-0.181431,1.414483,0.380302,6.699541
Fast,LeadUppercut,Extend,0.061000,-0.180479,1.417204,0.382003,6.694365
Fast,LeadUppercut,Extend,0.061500,-0.179527,1.419923,0.383702,6.688508
Fast,LeadUppercut,Extend,0.062000,-0.178576,1.422639,0.385399,6.681665
Fast,LeadUppercut,Extend,0.062500,-0.177627,1.425352,0.387095,6.673797
Fast,LeadUppercut,Extend,0.063000,-0.176679,1.428061,0.388788,6.664697
Fast,LeadUppercut,Extend,0.063500,-0.175732,1.430766,0.390479,6.654796
Fast,LeadUppercut,Extend,0.064000,-0.174787,1.433466,0.392166,6.643896
Fast,LeadUppercut,Extend,0.064500,-0.173843,1.436162,0.393851,6.632118
Fast,LeadUppercut,Extend,0.065000,-0.172902,1.438853,0.395533,6.619215
Fast,LeadUppercut,Extend,0.065500,-0.171962,1.441537,0.397211,6.605211
Fast,LeadUppercut,Extend,0.066000,-0.171024,1.444216,0.398885,6.590314
Fast,LeadUppercut,Extend,0.066500,-0.170089,1.446889,0.400555,6.574556
Fast,LeadUppercut,Extend,0.067000,-0.169156,1.449554,0.402221,6.557433
Fast,LeadUppercut,Extend,0.067500,-0.168226,1.452212,0.403883,6.539751
Fast,LeadUppercut,Extend,0.068000,-0.167298,1.454863,0.405539,6.520759
Fast,LeadUppercut,Extend,0.068500,-0.166373,1.457505,0.407191,6.501013
Fast,LeadUppercut,Extend,0.069000,-0.165451,1.460139,0.408837,6.479963
Fast,LeadUppercut,Extend,0.069500,-0.164533,1.462764,0.410478,6.458215
Fast,LeadUppercut,Extend,0.070000,-0.163617,1.465380,0.412113,6.435135
Fast,LeadUppercut,Extend,0.070500,-0.162705,1.467986,0.413741,6.411561
Fast,LeadUppercut,Extend,0.071000,-0.161796,1.470582,0.415364,6.386472
Fast,LeadUppercut,Extend,0.071500,-0.160891,1.473168,0.416980,6.360783
Fast,LeadUppercut,Extend,0.072000,-0.159990,1.475742,0.418589,6.333961
Fast,LeadUppercut,Extend,0.072500,-0.159093,1.478305,0.420191,6.305991
Fast,LeadUppercut,Extend,0.073000,-0.158200,1.480857,0.421786,6.277275
Fast,LeadUppercut,Extend,0.073500,-0.157311,1.483396,0.423373,6.247150
Fast,LeadUppercut,Extend,0.074000,-0.156427,1.485923,0.424952,6.216582
Fast,LeadUppercut,Extend,0.074500,-0.155547,1.488437,0.426523,6.184615
Fast,LeadUppercut,Extend,0.075000,-0.154672,1.490937,0.428086,6.151773
Fast,LeadUppercut,Extend,0.075500,-0.153802,1.493424,0.429640,6.118022
Fast,LeadUppercut,Extend,0.076000,-0.152936,1.495897,0.431186,6.083169
Fast,LeadUppercut,Extend,0.076500,-0.152076,1.498355,0.432722,6.047373
Fast,LeadUppercut,Extend,0.077000,-0.151221,1.500798,0.434249,6.010643
Fast,LeadUppercut,Extend,0.077500,-0.150371,1.503226,0.435766,5.972572
Fast,LeadUppercut,Extend,0.078000,-0.149527,1.505638,0.437274,5.933917
Fast,LeadUppercut,Extend,0.078500,-0.148688,1.508034,0.438771,5.894240
Fast,LeadUppercut,Extend,0.079000,-0.147856,1.510413,0.440258,5.853251
Fast,LeadUppercut,Extend,0.079500,-0.147029,1.512775,0.441735,5.811563
Fast,LeadUppercut,Extend,0.080000,-0.146208,1.515120,0.443200,5.768713
Fast,LeadUppercut,Extend,0.080500,-0.145394,1.517447,0.444654,5.724838
Fast,LeadUppercut,Extend,0.081000,-0.144586,1.519756,0.446097,5.680149
Fast,LeadUppercut,Extend,0.081500,-0.143784,1.522046,0.447529,5.634387
Fast,LeadUppercut,Extend,0.082000,-0.142989,1.524317,0.448948,5.587587
Fast,LeadUppercut,Extend,0.082500,-0.142201,1.526569,0.450356,5.539686
Fast,LeadUppercut,Extend,0.083000,-0.141420,1.528801,0.451751,5.491039
Fast,LeadUppercut,Extend,0.083500,-0.140646,1.531013,0.453133,5.441376
Fast,LeadUppercut,Extend,0.084000,-0.139879,1.533204,0.454502,5.390472
Fast,LeadUppercut,Extend,0.084500,-0.139119,1.535374,0.455859,5.338759
Fast,LeadUppercut,Extend,0.085000,-0.138367,1.537523,0.457202,5.285995
Fast,LeadUppercut,Extend,0.085500,-0.137623,1.539649,0.458531,5.232133
Fast,LeadUppercut,Extend,0.086000,-0.136886,1.541754,0.459846,5.177465
Fast,LeadUppercut,Extend,0.086500,-0.136158,1.543836,0.461147,5.121774
Fast,LeadUppercut,Extend,0.087000,-0.135437,1.545894,0.462434,5.064918
Fast,LeadUppercut,Extend,0.087500,-0.134725,1.547930,0.463706,5.007172
Fast,LeadUppercut,Extend,0.088000,-0.134021,1.549941,0.464963,4.948439
Fast,LeadUppercut,Extend,0.088500,-0.133325,1.551928,0.466205,4.888883
Fast,LeadUppercut,Extend,0.089000,-0.132638,1.553891,0.467432,4.827954
Fast,LeadUppercut,Extend,0.089500,-0.131960,1.555828,0.468643,4.766275
Fast,LeadUppercut,Extend,0.090000,-0.131291,1.557740,0.469838,4.703598
Fast,LeadUppercut,Extend,0.090500,-0.130631,1.559626,0.471016,4.639916
Fast,LeadUppercut,Extend,0.091000,-0.129980,1.561486,0.472179,4.575124
Fast,LeadUppercut,Extend,0.091500,-0.129339,1.563319,0.473324,4.509415
Fast,LeadUppercut,Extend,0.092000,-0.128706,1.565125,0.474453,4.442822
Fast,LeadUppercut,Extend,0.092500,-0.128084,1.566903,0.475564,4.374865
Fast,LeadUppercut,Extend,0.093000,-0.127471,1.568653,0.476658,4.306434
Fast,LeadUppercut,Extend,0.093500,-0.126869,1.570375,0.477735,4.236676
Fast,LeadUppercut,Extend,0.094000,-0.126276,1.572069,0.478793,4.165756
Fast,LeadUppercut,Extend,0.094500,-0.125694,1.573733,0.479833,4.094375
Fast,LeadUppercut,Extend,0.095000,-0.125121,1.575367,0.480855,4.021473
Fast,LeadUppercut,Extend,0.095500,-0.124560,1.576972,0.481858,3.947977
Fast,LeadUppercut,Extend,0.096000,-0.124009,1.578547,0.482842,3.873121
Fast,LeadUppercut,Extend,0.096500,-0.123469,1.580090,0.483806,3.797554
Fast,LeadUppercut,Extend,0.097000,-0.122939,1.581603,0.484752,3.720828
Fast,LeadUppercut,Extend,0.097500,-0.122421,1.583083,0.485677,3.643116
Fast,LeadUppercut,Extend,0.098000,-0.121914,1.584532,0.486583,3.564513
Fast,LeadUppercut,Extend,0.098500,-0.121418,1.585949,0.487468,3.484957
Fast,LeadUppercut,Extend,0.099000,-0.120934,1.587332,0.488333,3.404089
Fast,LeadUppercut,Extend,0.099500,-0.120461,1.588683,0.489177,3.322567
Fast,LeadUppercut,Extend,0.100000,-0.120000,1.590000,0.490000,3.240018
Fast,LeadUppercut,Recover,0.001375,-0.121493,1.588508,0.486866,2.748170
Fast,LeadUppercut,Recover,0.002750,-0.122970,1.587030,0.483763,2.720696
Fast,LeadUppercut,Recover,0.004125,-0.124433,1.585567,0.480691,2.693339
Fast,LeadUppercut,Recover,0.005500,-0.125881,1.584119,0.477650,2.666170
Fast,LeadUppercut,Recover,0.006875,-0.127314,1.582686,0.474641,2.639060
Fast,LeadUppercut,Recover,0.008250,-0.128733,1.581267,0.471661,2.612146
Fast,LeadUppercut,Recover,0.009625,-0.130137,1.579863,0.468713,2.585380
Fast,LeadUppercut,Recover,0.011000,-0.131526,1.578474,0.465795,2.558674
Fast,LeadUppercut,Recover,0.012375,-0.132902,1.577098,0.462907,2.532208
Fast,LeadUppercut,Recover,0.013750,-0.134263,1.575737,0.460049,2.505811
Fast,LeadUppercut,Recover,0.015125,-0.135609,1.574391,0.457221,2.479564
Fast,LeadUppercut,Recover,0.016500,-0.136942,1.573058,0.454423,2.453455
Fast,LeadUppercut,Recover,0.017875,-0.138260,1.571740,0.451654,2.427551
Fast,LeadUppercut,Recover,0.019250,-0.139564,1.570436,0.448915,2.401660
Fast,LeadUppercut,Recover,0.020625,-0.140855,1.569145,0.446205,2.375991
Fast,LeadUppercut,Recover,0.022000,-0.142131,1.567869,0.443525,2.350475
Fast,LeadUppercut,Recover,0.023375,-0.143394,1.566606,0.440873,2.325020
Fast,LeadUppercut,Recover,0.024750,-0.144643,1.565357,0.438250,2.299776
Fast,LeadUppercut,Recover,0.026125,-0.145878,1.564122,0.435656,2.274624
Fast,LeadUppercut,Recover,0.027500,-0.147100,1.562900,0.433090,2.249659
Fast,LeadUppercut,Recover,0.028875,-0.148308,1.561692,0.430553,2.224783
Fast,LeadUppercut,Recover,0.030250,-0.149503,1.560497,0.428044,2.200073
Fast,LeadUppercut,Recover,0.031625,-0.150685,1.559315,0.425562,2.175471
Fast,LeadUppercut,Recover,0.033000,-0.151853,1.558147,0.423109,2.151061
Fast,LeadUppercut,Recover,0.034375,-0.153008,1.556992,0.420684,2.126707
Fast,LeadUppercut,Recover,0.035750,-0.154150,1.555850,0.418286,2.102589
Fast,LeadUppercut,Recover,0.037125,-0.155279,1.554721,0.415915,2.078529
Fast,LeadUppercut,Recover,0.038500,-0.156394,1.553606,0.413572,2.054618
Fast,LeadUppercut,Recover,0.039875,-0.157497,1.552503,0.411256,2.030923
Fast,LeadUppercut,Recover,0.041250,-0.158588,1.551412,0.408966,2.007296
Fast,LeadUppercut,Recover,0.042625,-0.159665,1.550335,0.406704,1.983767
Fast,LeadUppercut,Recover,0.044000,-0.160730,1.549270,0.404468,1.960475
Fast,LeadUppercut,Recover,0.045375,-0.161782,1.548218,0.402258,1.937286
Fast,LeadUppercut,Recover,0.046750,-0.162821,1.547179,0.400075,1.914160
Fast,LeadUppercut,Recover,0.048125,-0.163848,1.546152,0.397918,1.891280
Fast,LeadUppercut,Recover,0.049500,-0.164863,1.545137,0.395787,1.868497
Fast,LeadUppercut,Recover,0.050875,-0.165866,1.544134,0.393682,1.845831
Fast,LeadUppercut,Recover,0.052250,-0.166856,1.543144,0.391603,1.823358
Fast,LeadUppercut,Recover,0.053625,-0.167834,1.542166,0.389549,1.800956
Fast,LeadUppercut,Recover,0.055000,-0.168800,1.541200,0.387520,1.778706
Fast,LeadUppercut,Recover,0.056375,-0.169754,1.540246,0.385517,1.756636
Fast,LeadUppercut,Recover,0.057750,-0.170696,1.539304,0.383538,1.734690
Fast,LeadUppercut,Recover,0.059125,-0.171626,1.538374,0.381585,1.712829
Fast,LeadUppercut,Recover,0.060500,-0.172545,1.537455,0.379656,1.691192
Fast,LeadUppercut,Recover,0.061875,-0.173452,1.536548,0.377752,1.669602
Fast,LeadUppercut,Recover,0.063250,-0.174347,1.535653,0.375872,1.648240
Fast,LeadUppercut,Recover,0.064625,-0.175230,1.534770,0.374016,1.626949
Fast,LeadUppercut,Recover,0.066000,-0.176102,1.533898,0.372185,1.605831
Fast,LeadUppercut,Recover,0.067375,-0.176963,1.533037,0.370378,1.584828
Fast,LeadUppercut,Recover,0.068750,-0.177813,1.532187,0.368594,1.564015
Fast,LeadUppercut,Recover,0.070125,-0.178651,1.531349,0.366834,1.543248
Fast,LeadUppercut,Recover,0.071500,-0.179478,1.530522,0.365097,1.522686
Fast,LeadUppercut,Recover,0.072875,-0.180294,1.529707,0.363384,1.502249
Fast,LeadUppercut,Recover,0.074250,-0.181098,1.528902,0.361694,1.481985
Fast,LeadUppercut,Recover,0.075625,-0.181892,1.528108,0.360026,1.461753
Fast,LeadUppercut,Recover,0.077000,-0.182675,1.527325,0.358382,1.441802
Fast,LeadUppercut,Recover,0.078375,-0.183447,1.526553,0.356760,1.421879
Fast,LeadUppercut,Recover,0.079750,-0.184209,1.525791,0.355161,1.402112
Fast,LeadUppercut,Recover,0.081125,-0.184960,1.525040,0.353585,1.382541
Fast,LeadUppercut,Recover,0.082500,-0.185700,1.524300,0.352030,1.363056
Fast,LeadUppercut,Recover,0.083875,-0.186430,1.523570,0.350498,1.343687
Fast,LeadUppercut,Recover,0.085250,-0.187149,1.522851,0.348987,1.324555
Fast,LeadUppercut,Recover,0.086625,-0.187858,1.522142,0.347498,1.305443
Fast,LeadUppercut,Recover,0.088000,-0.188557,1.521443,0.346031,1.286524
Fast,LeadUppercut,Recover,0.089375,-0.189245,1.520755,0.344585,1.267790
Fast,LeadUppercut,Recover,0.090750,-0.189924,1.520076,0.343160,1.249124
Fast,LeadUppercut,Recover,0.092125,-0.190592,1.519408,0.341757,1.230604
Fast,LeadUppercut,Recover,0.093500,-0.191250,1.518750,0.340374,1.212260
Fast,LeadUppercut,Recover,0.094875,-0.191899,1.518101,0.339012,1.193998
Fast,LeadUppercut,Recover,0.096250,-0.192538,1.517462,0.337671,1.175949
Fast,LeadUppercut,Recover,0.097625,-0.193166,1.516834,0.336351,1.157961
Fast,LeadUppercut,Recover,0.099000,-0.193786,1.516214,0.335050,1.140196
Fast,LeadUppercut,Recover,0.100375,-0.194395,1.515605,0.333770,1.122456
Fast,LeadUppercut,Recover,0.101750,-0.194995,1.515005,0.332510,1.104935
Fast,LeadUppercut,Recover,0.103125,-0.195586,1.514414,0.331270,1.087542
Fast,LeadUppercut,Recover,0.104500,-0.196167,1.513833,0.330049,1.070293
Fast,LeadUppercut,Recover,0.105875,-0.196739,1.513261,0.328848,1.053166
Fast,LeadUppercut,Recover,0.107250,-0.197302,1.512698,0.327666,1.036134
Fast,LeadUppercut,Recover,0.108625,-0.197856,1.512145,0.326504,1.019352
Fast,LeadUppercut,Recover,0.110000,-0.198400,1.511600,0.325360,1.002619
Fast,LeadUppercut,Recover,0.111375,-0.198936,1.511065,0.324235,0.986033
Fast,LeadUppercut,Recover,0.112750,-0.199462,1.510538,0.323130,0.969640
Fast,LeadUppercut,Recover,0.114125,-0.199980,1.510020,0.322042,0.953311
Fast,LeadUppercut,Recover,0.115500,-0.200489,1.509511,0.320974,0.937146
Fast,LeadUppercut,Recover,0.116875,-0.200989,1.509011,0.319923,0.921146
Fast,LeadUppercut,Recover,0.118250,-0.201481,1.508519,0.318891,0.905247
Fast,LeadUppercut,Recover,0.119625,-0.201964,1.508036,0.317876,0.889506
Fast,LeadUppercut,Recover,0.121000,-0.202438,1.507562,0.316879,0.873927
Fast,LeadUppercut,Recover,0.122375,-0.202905,1.507095,0.315900,0.858409
Fast,LeadUppercut,Recover,0.123750,-0.203363,1.506637,0.314939,0.843144
Fast,LeadUppercut,Recover,0.125125,-0.203812,1.506188,0.313995,0.827909
Fast,LeadUppercut,Recover,0.126500,-0.204254,1.505746,0.313067,0.812883
Fast,LeadUppercut,Recover,0.127875,-0.204687,1.505313,0.312157,0.797971
Fast,LeadUppercut,Recover,0.129250,-0.205112,1.504888,0.311264,0.783154
Fast,LeadUppercut,Recover,0.130625,-0.205530,1.504470,0.310388,0.768510
Fast,LeadUppercut,Recover,0.132000,-0.205939,1.504061,0.309528,0.754035
Fast,LeadUppercut,Recover,0.133375,-0.206341,1.503659,0.308684,0.739692
Fast,LeadUppercut,Recover,0.134750,-0.206735,1.503265,0.307857,0.725473
Fast,LeadUppercut,Recover,0.136125,-0.207121,1.502879,0.307045,0.711351
Fast,LeadUppercut,Recover,0.137500,-0.207500,1.502500,0.306250,0.697403
Fast,LeadUppercut,Recover,0.138875,-0.207871,1.502129,0.305470,0.683634
Fast,LeadUppercut,Recover,0.140250,-0.208235,1.501765,0.304706,0.669925
Fast,LeadUppercut,Recover,0.141625,-0.208592,1.501408,0.303958,0.656393
Fast,LeadUppercut,Recover,0.143000,-0.208941,1.501059,0.303224,0.643031
Fast,LeadUppercut,Recover,0.144375,-0.209283,1.500717,0.302506,0.629755
Fast,LeadUppercut,Recover,0.145750,-0.209618,1.500382,0.301803,0.616612
Fast,LeadUppercut,Recover,0.147125,-0.209946,1.500054,0.301114,0.603650
Fast,LeadUppercut,Recover,0.148500,-0.210266,1.499734,0.300441,0.590829
Fast,LeadUppercut,Recover,0.149875,-0.210580,1.499420,0.299781,0.578076
Fast,LeadUppercut,Recover,0.151250,-0.210888,1.499112,0.299136,0.565546
Fast,LeadUppercut,Recover,0.152625,-0.211188,1.498812,0.298505,0.553120
Fast,LeadUppercut,Recover,0.154000,-0.211482,1.498518,0.297889,0.540783
Fast,LeadUppercut,Recover,0.155375,-0.211769,1.498231,0.297286,0.528678
Fast,LeadUppercut,Recover,0.156750,-0.212049,1.497951,0.296697,0.516654
Fast,LeadUppercut,Recover,0.158125,-0.212323,1.497677,0.296121,0.504743
Fast,LeadUppercut,Recover,0.159500,-0.212591,1.497409,0.295559,0.493036
Fast,LeadUppercut,Recover,0.160875,-0.212853,1.497147,0.295009,0.481463
Fast,LeadUppercut,Recover,0.162250,-0.213108,1.496892,0.294473,0.469958
Fast,LeadUppercut,Recover,0.163625,-0.213357,1.496643,0.293950,0.458638
Fast,LeadUppercut,Recover,0.165000,-0.213600,1.496400,0.293440,0.447445
Fast,LeadUppercut,Recover,0.166375,-0.213837,1.496163,0.292942,0.436431
Fast,LeadUppercut,Recover,0.167750,-0.214068,1.495932,0.292457,0.425526
Fast,LeadUppercut,Recover,0.169125,-0.214293,1.495707,0.291984,0.414711
Fast,LeadUppercut,Recover,0.170500,-0.214513,1.495487,0.291523,0.404094
Fast,LeadUppercut,Recover,0.171875,-0.214727,1.495273,0.291074,0.393602
Fast,LeadUppercut,Recover,0.173250,-0.214935,1.495065,0.290637,0.383246
Fast,LeadUppercut,Recover,0.174625,-0.215137,1.494863,0.290212,0.373040
Fast,LeadUppercut,Recover,0.176000,-0.215334,1.494666,0.289798,0.362939
Fast,LeadUppercut,Recover,0.177375,-0.215526,1.494474,0.289395,0.352994
Fast,LeadUppercut,Recover,0.178750,-0.215713,1.494287,0.289004,0.343204
Fast,LeadUppercut,Recover,0.180125,-0.215894,1.494106,0.288623,0.333518
Fast,LeadUppercut,Recover,0.181500,-0.216070,1.493930,0.288254,0.323994
Fast,LeadUppercut,Recover,0.182875,-0.216241,1.493760,0.287895,0.314642
Fast,LeadUppercut,Recover,0.184250,-0.216406,1.493594,0.287547,0.305341
Fast,LeadUppercut,Recover,0.185625,-0.216567,1.493433,0.287209,0.296225
Fast,LeadUppercut,Recover,0.187000,-0.216723,1.493277,0.286881,0.287271
Fast,LeadUppercut,Recover,0.188375,-0.216874,1.493126,0.286564,0.278443
Fast,LeadUppercut,Recover,0.189750,-0.217021,1.492979,0.286256,0.269717
Fast,LeadUppercut,Recover,0.191125,-0.217163,1.492837,0.285958,0.261162
Fast,LeadUppercut,Recover,0.192500,-0.217300,1.492700,0.285670,0.252766
Fast,LeadUppercut,Recover,0.193875,-0.217433,1.492567,0.285391,0.244430
Fast,LeadUppercut,Recover,0.195250,-0.217561,1.492439,0.285122,0.236317
Fast,LeadUppercut,Recover,0.196625,-0.217685,1.492315,0.284861,0.228308
Fast,LeadUppercut,Recover,0.198000,-0.217805,1.492195,0.284610,0.220431
Fast,LeadUppercut,Recover,0.199375,-0.217920,1.492080,0.284367,0.212677
Fast,LeadUppercut,Recover,0.200750,-0.218032,1.491968,0.284133,0.205126
Fast,LeadUppercut,Recover,0.202125,-0.218139,1.491861,0.283908,0.197618
Fast,LeadUppercut,Recover,0.203500,-0.218242,1.491758,0.283691,0.190333
Fast,LeadUppercut,Recover,0.204875,-0.218342,1.491658,0.283482,0.183168
Fast,LeadUppercut,Recover,0.206250,-0.218438,1.491562,0.283281,0.176088
Fast,LeadUppercut,Recover,0.207625,-0.218529,1.491471,0.283088,0.169188
Fast,LeadUppercut,Recover,0.209000,-0.218618,1.491382,0.282903,0.162431
Fast,LeadUppercut,Recover,0.210375,-0.218702,1.491298,0.282725,0.155763
Fast,LeadUppercut,Recover,0.211750,-0.218783,1.491217,0.282555,0.149344
Fast,LeadUppercut,Recover,0.213125,-0.218861,1.491139,0.282392,0.142950
Fast,LeadUppercut,Recover,0.214500,-0.218935,1.491065,0.282236,0.136746
Fast,LeadUppercut,Recover,0.215875,-0.219006,1.490994,0.282087,0.130648
Fast,LeadUppercut,Recover,0.217250,-0.219074,1.490926,0.281945,0.124713
Fast,LeadUppercut,Recover,0.218625,-0.219139,1.490862,0.281809,0.118929
Fast,LeadUppercut,Recover,0.220000,-0.219200,1.490800,0.281680,0.113260
Fast,LeadUppercut,Recover,0.221375,-0.219259,1.490741,0.281557,0.107764
Fast,LeadUppercut,Recover,0.222750,-0.219314,1.490686,0.281440,0.102325
Fast,LeadUppercut,Recover,0.224125,-0.219367,1.490633,0.281330,0.097142
Fast,LeadUppercut,Recover,0.225500,-0.219417,1.490583,0.281225,0.091978
Fast,LeadUppercut,Recover,0.226875,-0.219464,1.490536,0.281126,0.087026
Fast,LeadUppercut,Recover,0.228250,-0.219509,1.490491,0.281032,0.082206
Fast,LeadUppercut,Recover,0.229625,-0.219551,1.490449,0.280943,0.077498
Fast,LeadUppercut,Recover,0.231000,-0.219590,1.490410,0.280860,0.072922
Fast,LeadUppercut,Recover,0.232375,-0.219628,1.490372,0.280782,0.068514
Fast,LeadUppercut,Recover,0.233750,-0.219663,1.490337,0.280709,0.064243
Fast,LeadUppercut,Recover,0.235125,-0.219695,1.490305,0.280640,0.060106
Fast,LeadUppercut,Recover,0.236500,-0.219726,1.490274,0.280576,0.056058
Fast,LeadUppercut,Recover,0.237875,-0.219754,1.490246,0.280517,0.052242
Fast,LeadUppercut,Recover,0.239250,-0.219780,1.490220,0.280461,0.048498
Fast,LeadUppercut,Recover,0.240625,-0.219805,1.490195,0.280410,0.044913
Fast,LeadUppercut,Recover,0.242000,-0.219827,1.490173,0.280363,0.041432
Fast,LeadUppercut,Recover,0.243375,-0.219848,1.490152,0.280319,0.038142
Fast,LeadUppercut,Recover,0.244750,-0.219867,1.490133,0.280280,0.034957
Fast,LeadUppercut,Recover,0.246125,-0.219884,1.490116,0.280243,0.031942
Fast,LeadUppercut,Recover,0.247500,-0.219900,1.490100,0.280210,0.029040
Fast,LeadUppercut,Recover,0.248875,-0.219914,1.490086,0.280180,0.026251
Fast,LeadUppercut,Recover,0.250250,-0.219927,1.490073,0.280153,0.023610
Fast,LeadUppercut,Recover,0.251625,-0.219939,1.490061,0.280129,0.021184
Fast,LeadUppercut,Recover,0.253000,-0.219949,1.490051,0.280108,0.018769
Fast,LeadUppercut,Recover,0.254375,-0.219958,1.490042,0.280089,0.016608
Fast,LeadUppercut,Recover,0.255750,-0.219966,1.490034,0.280072,0.014520
Fast,LeadUppercut,Recover,0.257125,-0.219973,1.490027,0.280058,0.012612
Fast,LeadUppercut,Recover,0.258500,-0.219978,1.490022,0.280045,0.010794
Fast,LeadUppercut,Recover,0.259875,-0.219983,1.490017,0.280035,0.009122
Fast,LeadUppercut,Recover,0.261250,-0.219988,1.490013,0.280026,0.007616
Fast,LeadUppercut,Recover,0.262625,-0.219991,1.490009,0.280019,0.006262
Fast,LeadUppercut,Recover,0.264000,-0.219994,1.490006,0.280013,0.004967
Fast,LeadUppercut,Recover,0.265375,-0.219996,1.490004,0.280009,0.003903
Fast,LeadUppercut,Recover,0.266750,-0.219997,1.490003,0.280006,0.002913
Fast,LeadUppercut,Recover,0.268125,-0.219998,1.490002,0.280003,0.002106
Fast,LeadUppercut,Recover,0.269500,-0.219999,1.490001,0.280002,0.001399
Fast,LeadUppercut,Recover,0.270875,-0.220000,1.490000,0.280001,0.000845
Fast,LeadUppercut,Recover,0.272250,-0.220000,1.490000,0.280000,0.000443
Fast,LeadUppercut,Recover,0.273625,-0.220000,1.490000,0.280000,0.000169
Fast,LeadUppercut,Recover,0.275000,-0.220000,1.490000,0.280000,0.000024
Legacy,RearUppercut,Commit,0.000450,0.220003,1.459978,0.279997,0.050680
Legacy,RearUppercut,Commit,0.000900,0.220012,1.459911,0.279988,0.151503
Legacy,RearUppercut,Commit,0.001350,0.220027,1.459800,0.279973,0.251245
Legacy,RearUppercut,Commit,0.001800,0.220047,1.459645,0.279953,0.349908
Legacy,RearUppercut,Commit,0.002250,0.220074,1.459447,0.279926,0.447507
Legacy,RearUppercut,Commit,0.002700,0.220106,1.459206,0.279894,0.544273
Legacy,RearUppercut,Commit,0.003150,0.220144,1.458923,0.279856,0.639976
Legacy,RearUppercut,Commit,0.003600,0.220187,1.458598,0.279813,0.734347
Legacy,RearUppercut,Commit,0.004050,0.220236,1.458232,0.279764,0.828397
Legacy,RearUppercut,Commit,0.004500,0.220290,1.457825,0.279710,0.920620
Legacy,RearUppercut,Commit,0.004950,0.220350,1.457377,0.279650,1.012531
Legacy,RearUppercut,Commit,0.005400,0.220415,1.456890,0.279585,1.102841
Legacy,RearUppercut,Commit,0.005850,0.220485,1.456362,0.279515,1.192348
Legacy,RearUppercut,Commit,0.006300,0.220561,1.455796,0.279439,1.281027
Legacy,RearUppercut,Commit,0.006750,0.220641,1.455191,0.279359,1.368656
Legacy,RearUppercut,Commit,0.007200,0.220727,1.454547,0.279273,1.454905
Legacy,RearUppercut,Commit,0.007650,0.220818,1.453866,0.279182,1.540633
Legacy,RearUppercut,Commit,0.008100,0.220914,1.453147,0.279086,1.625017
Legacy,RearUppercut,Commit,0.008550,0.221014,1.452392,0.278986,1.708315
Legacy,RearUppercut,Commit,0.009000,0.221120,1.451600,0.278880,1.790807
Legacy,RearUppercut,Commit,0.009450,0.221230,1.450772,0.278770,1.872227
Legacy,RearUppercut,Commit,0.009900,0.221346,1.449909,0.278655,1.952806
Legacy,RearUppercut,Commit,0.010350,0.221465,1.449010,0.278535,2.032082
Legacy,RearUppercut,Commit,0.010800,0.221590,1.448077,0.278410,2.110257
Legacy,RearUppercut,Commit,0.011250,0.221719,1.447109,0.278281,2.187633
Legacy,RearUppercut,Commit,0.011700,0.221852,1.446108,0.278148,2.264181
Legacy,RearUppercut,Commit,0.012150,0.221990,1.445074,0.278010,2.339392
Legacy,RearUppercut,Commit,0.012600,0.222133,1.444006,0.277868,2.413532
Legacy,RearUppercut,Commit,0.013050,0.222279,1.442907,0.277721,2.486847
Legacy,RearUppercut,Commit,0.013500,0.222430,1.441775,0.277570,2.559121
Legacy,RearUppercut,Commit,0.013950,0.222585,1.440612,0.277415,2.630532
Legacy,RearUppercut,Commit,0.014400,0.222744,1.439418,0.277256,2.700628
Legacy,RearUppercut,Commit,0.014850,0.222908,1.438193,0.277092,2.769653
Legacy,RearUppercut,Commit,0.015300,0.223075,1.436938,0.276925,2.838113
Legacy,RearUppercut,Commit,0.015750,0.223246,1.435653,0.276754,2.904972
Legacy,RearUppercut,Commit,0.016200,0.223421,1.434339,0.276579,2.971285
Legacy,RearUppercut,Commit,0.016650,0.223601,1.432997,0.276400,3.036526
Legacy,RearUppercut,Commit,0.017100,0.223783,1.431625,0.276217,3.100422
Legacy,RearUppercut,Commit,0.017550,0.223970,1.430226,0.276030,3.163758
Legacy,RearUppercut,Commit,0.018000,0.224160,1.428800,0.275840,3.225763
Legacy,RearUppercut,Commit,0.018450,0.224354,1.427347,0.275646,3.286704
Legacy,RearUppercut,Commit,0.018900,0.224551,1.425867,0.275449,3.346808
Legacy,RearUppercut,Commit,0.019350,0.224752,1.424361,0.275248,3.405840
Legacy,RearUppercut,Commit,0.019800,0.224956,1.422829,0.275044,3.463806
Legacy,RearUppercut,Commit,0.020250,0.225164,1.421272,0.274836,3.520690
Legacy,RearUppercut,Commit,0.020700,0.225375,1.419690,0.274625,3.576764
Legacy,RearUppercut,Commit,0.021150,0.225589,1.418084,0.274411,3.631752
Legacy,RearUppercut,Commit,0.021600,0.225806,1.416454,0.274194,3.685665
Legacy,RearUppercut,Commit,0.022050,0.226027,1.414801,0.273974,3.738506
Legacy,RearUppercut,Commit,0.022500,0.226250,1.413125,0.273750,3.790527
Legacy,RearUppercut,Commit,0.022950,0.226477,1.411426,0.273524,3.841233
Legacy,RearUppercut,Commit,0.023400,0.226706,1.409706,0.273294,3.891350
Legacy,RearUppercut,Commit,0.023850,0.226938,1.407963,0.273062,3.940151
Legacy,RearUppercut,Commit,0.024300,0.227173,1.406200,0.272827,3.987864
Legacy,RearUppercut,Commit,0.024750,0.227411,1.404416,0.272589,4.034505
Legacy,RearUppercut,Commit,0.025200,0.227652,1.402611,0.272348,4.080599
Legacy,RearUppercut,Commit,0.025650,0.227895,1.400787,0.272105,4.125353
Legacy,RearUppercut,Commit,0.026100,0.228141,1.398943,0.271859,4.169022
Legacy,RearUppercut,Commit,0.026550,0.228389,1.397081,0.271611,4.211615
Legacy,RearUppercut,Commit,0.027000,0.228640,1.395200,0.271360,4.253665
Legacy,RearUppercut,Commit,0.027450,0.228893,1.393301,0.271107,4.294116
Legacy,RearUppercut,Commit,0.027900,0.229149,1.391385,0.270851,4.333992
Legacy,RearUppercut,Commit,0.028350,0.229407,1.389451,0.270594,4.372555
Legacy,RearUppercut,Commit,0.028800,0.229667,1.387501,0.270333,4.410028
Legacy,RearUppercut,Commit,0.029250,0.229929,1.385534,0.270071,4.446946
Legacy,RearUppercut,Commit,0.029700,0.230193,1.383552,0.269807,4.482550
Legacy,RearUppercut,Commit,0.030150,0.230459,1.381555,0.269541,4.517042
Legacy,RearUppercut,Commit,0.030600,0.230728,1.379542,0.269272,4.550481
Legacy,RearUppercut,Commit,0.031050,0.230998,1.377516,0.269002,4.583368
Legacy,RearUppercut,Commit,0.031500,0.231270,1.375475,0.268730,4.614637
Legacy,RearUppercut,Commit,0.031950,0.231544,1.373421,0.268456,4.645355
Legacy,RearUppercut,Commit,0.032400,0.231820,1.371354,0.268181,4.674750
Legacy,RearUppercut,Commit,0.032850,0.232097,1.369274,0.267903,4.703324
Legacy,RearUppercut,Commit,0.033300,0.232376,1.367182,0.267624,4.730558
Legacy,RearUppercut,Commit,0.033750,0.232656,1.365078,0.267344,4.757246
Legacy,RearUppercut,Commit,0.034200,0.232938,1.362963,0.267062,4.782839
Legacy,RearUppercut,Commit,0.034650,0.233222,1.360838,0.266778,4.806868
Legacy,RearUppercut,Commit,0.035100,0.233507,1.358701,0.266494,4.830548
Legacy,RearUppercut,Commit,0.035550,0.233793,1.356555,0.266207,4.852940
Legacy,RearUppercut,Commit,0.036000,0.234080,1.354400,0.265920,4.874238
Legacy,RearUppercut,Commit,0.036450,0.234369,1.352236,0.265631,4.894466
Legacy,RearUppercut,Commit,0.036900,0.234658,1.350063,0.265342,4.914120
Legacy,RearUppercut,Commit,0.037350,0.234949,1.347882,0.265051,4.932199
Legacy,RearUppercut,Commit,0.037800,0.235241,1.345693,0.264759,4.949468
Legacy,RearUppercut,Commit,0.038250,0.235534,1.343497,0.264466,4.965880
Legacy,RearUppercut,Commit,0.038700,0.235827,1.341294,0.264173,4.980997
Legacy,RearUppercut,Commit,0.039150,0.236122,1.339085,0.263878,4.995536
Legacy,RearUppercut,Commit,0.039600,0.236417,1.336870,0.263583,5.008491
Legacy,RearUppercut,Commit,0.040050,0.236713,1.334650,0.263287,5.020622
Legacy,RearUppercut,Commit,0.040500,0.237010,1.332425,0.262990,5.031950
Legacy,RearUppercut,Commit,0.040950,0.237307,1.330195,0.262693,5.042177
Legacy,RearUppercut,Commit,0.041400,0.237605,1.327962,0.262395,5.051357
Legacy,RearUppercut,Commit,0.041850,0.237903,1.325724,0.262097,5.059432
Legacy,RearUppercut,Commit,0.042300,0.238202,1.323484,0.261798,5.066712
Legacy,RearUppercut,Commit,0.042750,0.238501,1.321241,0.261499,5.072651
Legacy,RearUppercut,Commit,0.043200,0.238801,1.318995,0.261199,5.077767
Legacy,RearUppercut,Commit,0.043650,0.239100,1.316748,0.260900,5.081810
Legacy,RearUppercut,Commit,0.044100,0.239400,1.314499,0.260600,5.084787
Legacy,RearUppercut,Commit,0.044550,0.239700,1.312250,0.260300,5.086935
Legacy,RearUppercut,Commit,0.045000,0.240000,1.310000,0.260000,5.088019
Legacy,RearUppercut,Commit,0.045450,0.240300,1.307750,0.259700,5.087994
Legacy,RearUppercut,Commit,0.045900,0.240600,1.305501,0.259400,5.086935
Legacy,RearUppercut,Commit,0.046350,0.240900,1.303252,0.259100,5.084783
Legacy,RearUppercut,Commit,0.046800,0.241199,1.301005,0.258801,5.081815
Legacy,RearUppercut,Commit,0.047250,0.241499,1.298759,0.258501,5.077767
Legacy,RearUppercut,Commit,0.047700,0.241798,1.296516,0.258202,5.072651
Legacy,RearUppercut,Commit,0.048150,0.242097,1.294276,0.257903,5.066716
Legacy,RearUppercut,Commit,0.048600,0.242395,1.292038,0.257605,5.059432
Legacy,RearUppercut,Commit,0.049050,0.242693,1.289805,0.257307,5.051353
Legacy,RearUppercut,Commit,0.049500,0.242990,1.287575,0.257010,5.042177
Legacy,RearUppercut,Commit,0.049950,0.243287,1.285350,0.256713,5.031950
Legacy,RearUppercut,Commit,0.050400,0.243583,1.283130,0.256417,5.020622
Legacy,RearUppercut,Commit,0.050850,0.243878,1.280915,0.256122,5.008751
Legacy,RearUppercut,Commit,0.051300,0.244173,1.278706,0.255828,4.995275
Legacy,RearUppercut,Commit,0.051750,0.244466,1.276503,0.255534,4.980997
Legacy,RearUppercut,Commit,0.052200,0.244759,1.274307,0.255241,4.965889
Legacy,RearUppercut,Commit,0.052650,0.245051,1.272119,0.254949,4.949459
Legacy,RearUppercut,Commit,0.053100,0.245342,1.269938,0.254658,4.932190
Legacy,RearUppercut,Commit,0.053550,0.245631,1.267764,0.254369,4.914133
Legacy,RearUppercut,Commit,0.054000,0.245920,1.265600,0.254080,4.894466
Legacy,RearUppercut,Commit,0.054450,0.246207,1.263445,0.253793,4.874226
Legacy,RearUppercut,Commit,0.054900,0.246494,1.261299,0.253507,4.852949
Legacy,RearUppercut,Commit,0.055350,0.246778,1.259163,0.253222,4.830557
Legacy,RearUppercut,Commit,0.055800,0.247062,1.257037,0.252938,4.806868
Legacy,RearUppercut,Commit,0.056250,0.247344,1.254922,0.252656,4.782835
Legacy,RearUppercut,Commit,0.056700,0.247624,1.252818,0.252376,4.757233
Legacy,RearUppercut,Commit,0.057150,0.247903,1.250726,0.252097,4.730567
Legacy,RearUppercut,Commit,0.057600,0.248181,1.248646,0.251820,4.703324
Legacy,RearUppercut,Commit,0.058050,0.248456,1.246579,0.251544,4.674745
Legacy,RearUppercut,Commit,0.058500,0.248730,1.244525,0.251270,4.645368
Legacy,RearUppercut,Commit,0.058950,0.249002,1.242484,0.250998,4.614633
Legacy,RearUppercut,Commit,0.059400,0.249272,1.240458,0.250728,4.583364
Legacy,RearUppercut,Commit,0.059850,0.249541,1.238445,0.250459,4.550741
Legacy,RearUppercut,Commit,0.060300,0.249807,1.236448,0.250193,4.517042
Legacy,RearUppercut,Commit,0.060750,0.250071,1.234466,0.249929,4.482289
Legacy,RearUppercut,Commit,0.061200,0.250333,1.232499,0.249667,4.446946
Legacy,RearUppercut,Commit,0.061650,0.250594,1.230549,0.249407,4.410028
Legacy,RearUppercut,Commit,0.062100,0.250851,1.228616,0.249149,4.372555
Legacy,RearUppercut,Commit,0.062550,0.251107,1.226699,0.248893,4.333997
Legacy,RearUppercut,Commit,0.063000,0.251360,1.224800,0.248640,4.294116
Legacy,RearUppercut,Commit,0.063450,0.251611,1.222919,0.248389,4.253662
Legacy,RearUppercut,Commit,0.063900,0.251859,1.221057,0.248141,4.211619
Legacy,RearUppercut,Commit,0.064350,0.252105,1.219213,0.247895,4.169018
Legacy,RearUppercut,Commit,0.064800,0.252348,1.217389,0.247652,4.125353
Legacy,RearUppercut,Commit,0.065250,0.252589,1.215584,0.247411,4.080599
Legacy,RearUppercut,Commit,0.065700,0.252827,1.213800,0.247173,4.034505
Legacy,RearUppercut,Commit,0.066150,0.253062,1.212037,0.246938,3.987873
Legacy,RearUppercut,Commit,0.066600,0.253294,1.210294,0.246706,3.940143
Legacy,RearUppercut,Commit,0.067050,0.253524,1.208574,0.246477,3.891350
Legacy,RearUppercut,Commit,0.067500,0.253750,1.206875,0.246250,3.841224
Legacy,RearUppercut,Commit,0.067950,0.253974,1.205199,0.246027,3.790531
Legacy,RearUppercut,Commit,0.068400,0.254194,1.203546,0.245806,3.738506
Legacy,RearUppercut,Commit,0.068850,0.254411,1.201916,0.245589,3.685678
Legacy,RearUppercut,Commit,0.069300,0.254625,1.200310,0.245375,3.631743
Legacy,RearUppercut,Commit,0.069750,0.254836,1.198728,0.245164,3.576755
Legacy,RearUppercut,Commit,0.070200,0.255044,1.197171,0.244956,3.520699
Legacy,RearUppercut,Commit,0.070650,0.255248,1.195639,0.244752,3.464074
Legacy,RearUppercut,Commit,0.071100,0.255449,1.194134,0.244551,3.405576
Legacy,RearUppercut,Commit,0.071550,0.255646,1.192654,0.244354,3.346804
Legacy,RearUppercut,Commit,0.072000,0.255840,1.191200,0.244160,3.286964
Legacy,RearUppercut,Commit,0.072450,0.256030,1.189774,0.243970,3.225502
Legacy,RearUppercut,Commit,0.072900,0.256217,1.188375,0.243783,3.163758
Legacy,RearUppercut,Commit,0.073350,0.256400,1.187004,0.243601,3.100418
Legacy,RearUppercut,Commit,0.073800,0.256579,1.185661,0.243422,3.036526
Legacy,RearUppercut,Commit,0.074250,0.256754,1.184347,0.243246,2.971289
Legacy,RearUppercut,Commit,0.074700,0.256925,1.183062,0.243075,2.904972
Legacy,RearUppercut,Commit,0.075150,0.257092,1.181807,0.242908,2.838113
Legacy,RearUppercut,Commit,0.075600,0.257256,1.180583,0.242744,2.769653
Legacy,RearUppercut,Commit,0.076050,0.257415,1.179388,0.242585,2.700633
Legacy,RearUppercut,Commit,0.076500,0.257570,1.178225,0.242430,2.630528
Legacy,RearUppercut,Commit,0.076950,0.257721,1.177093,0.242279,2.559113
Legacy,RearUppercut,Commit,0.077400,0.257868,1.175994,0.242133,2.486856
Legacy,RearUppercut,Commit,0.077850,0.258010,1.174926,0.241990,2.413532
Legacy,RearUppercut,Commit,0.078300,0.258148,1.173892,0.241852,2.339392
Legacy,RearUppercut,Commit,0.078750,0.258281,1.172891,0.241719,2.264181
Legacy,RearUppercut,Commit,0.079200,0.258410,1.171923,0.241590,2.187629
Legacy,RearUppercut,Commit,0.079650,0.258535,1.170990,0.241465,2.110261
Legacy,RearUppercut,Commit,0.080100,0.258655,1.170092,0.241346,2.032078
Legacy,RearUppercut,Commit,0.080550,0.258770,1.169228,0.241230,1.952814
Legacy,RearUppercut,Commit,0.081000,0.258880,1.168400,0.241120,1.872218
Legacy,RearUppercut,Commit,0.081450,0.258986,1.167608,0.241014,1.790807
Legacy,RearUppercut,Commit,0.081900,0.259086,1.166853,0.240914,1.708320
Legacy,RearUppercut,Commit,0.082350,0.259182,1.166134,0.240818,1.625017
Legacy,RearUppercut,Commit,0.082800,0.259273,1.165453,0.240727,1.540633
Legacy,RearUppercut,Commit,0.083250,0.259359,1.164809,0.240641,1.454909
Legacy,RearUppercut,Commit,0.083700,0.259439,1.164204,0.240561,1.368643
Legacy,RearUppercut,Commit,0.084150,0.259515,1.163638,0.240485,1.281036
Legacy,RearUppercut,Commit,0.084600,0.259585,1.163110,0.240415,1.192353
Legacy,RearUppercut,Commit,0.085050,0.259650,1.162623,0.240350,1.102837
Legacy,RearUppercut,Commit,0.085500,0.259710,1.162175,0.240290,1.012531
Legacy,RearUppercut,Commit,0.085950,0.259764,1.161768,0.240236,0.920620
Legacy,RearUppercut,Commit,0.086400,0.259813,1.161402,0.240187,0.828401
Legacy,RearUppercut,Commit,0.086850,0.259856,1.161077,0.240144,0.734342
Legacy,RearUppercut,Commit,0.087300,0.259894,1.160794,0.240106,0.639976
Legacy,RearUppercut,Commit,0.087750,0.259926,1.160553,0.240074,0.544273
Legacy,RearUppercut,Commit,0.088200,0.259953,1.160355,0.240047,0.447507
Legacy,RearUppercut,Commit,0.088650,0.259973,1.160201,0.240027,0.349908
Legacy,RearUppercut,Commit,0.089100,0.259988,1.160089,0.240012,0.251245
Legacy,RearUppercut,Commit,0.089550,0.259997,1.160022,0.240003,0.151499
Legacy,RearUppercut,Commit,0.090000,0.260000,1.160000,0.240000,0.050685
Legacy,RearUppercut,Extend,0.000700,0.259990,1.160032,0.240019,0.055228
Legacy,RearUppercut,Extend,0.001400,0.259958,1.160128,0.240075,0.164764
Legacy,RearUppercut,Extend,0.002100,0.259906,1.160287,0.240167,0.273212
Legacy,RearUppercut,Extend,0.002800,0.259834,1.160509,0.240296,0.380817
Legacy,RearUppercut,Extend,0.003500,0.259742,1.160793,0.240461,0.487039
Legacy,RearUppercut,Extend,0.004200,0.259630,1.161138,0.240662,0.592094
Legacy,RearUppercut,Extend,0.004900,0.259498,1.161543,0.240897,0.696365
Legacy,RearUppercut,Extend,0.005600,0.259346,1.162009,0.241168,0.799153
Legacy,RearUppercut,Extend,0.006300,0.259175,1.162534,0.241473,0.901230
Legacy,RearUppercut,Extend,0.007000,0.258985,1.163118,0.241813,1.001782
Legacy,RearUppercut,Extend,0.007700,0.258776,1.163759,0.242186,1.101572
Legacy,RearUppercut,Extend,0.008400,0.258549,1.164458,0.242592,1.200051
Legacy,RearUppercut,Extend,0.009100,0.258302,1.165214,0.243031,1.297605
Legacy,RearUppercut,Extend,0.009800,0.258038,1.166026,0.243504,1.393839
Legacy,RearUppercut,Extend,0.010500,0.257756,1.166893,0.244008,1.489027
Legacy,RearUppercut,Extend,0.011200,0.257455,1.167816,0.244544,1.583287
Legacy,RearUppercut,Extend,0.011900,0.257137,1.168792,0.245112,1.676087
Legacy,RearUppercut,Extend,0.012600,0.256802,1.169822,0.245711,1.768113
Legacy,RearUppercut,Extend,0.013300,0.256450,1.170905,0.246340,1.858961
Legacy,RearUppercut,Extend,0.014000,0.256080,1.172040,0.247000,1.948609
Legacy,RearUppercut,Extend,0.014700,0.255694,1.173227,0.247690,2.037233
Legacy,RearUppercut,Extend,0.015400,0.255291,1.174464,0.248410,2.124614
Legacy,RearUppercut,Extend,0.016100,0.254871,1.175752,0.249158,2.210980
Legacy,RearUppercut,Extend,0.016800,0.254436,1.177090,0.249936,2.296300
Legacy,RearUppercut,Extend,0.017500,0.253984,1.178477,0.250742,2.380421
Legacy,RearUppercut,Extend,0.018200,0.253517,1.179912,0.251577,2.463352
Legacy,RearUppercut,Extend,0.018900,0.253034,1.181394,0.252439,2.545521
Legacy,RearUppercut,Extend,0.019600,0.252536,1.182924,0.253328,2.626197
Legacy,RearUppercut,Extend,0.020300,0.252023,1.184500,0.254244,2.705857
Legacy,RearUppercut,Extend,0.021000,0.251495,1.186123,0.255188,2.784580
Legacy,RearUppercut,Extend,0.021700,0.250952,1.187790,0.256157,2.862137
Legacy,RearUppercut,Extend,0.022400,0.250395,1.189502,0.257152,2.938483
Legacy,RearUppercut,Extend,0.023100,0.249823,1.191257,0.258173,3.013778
Legacy,RearUppercut,Extend,0.023800,0.249238,1.193056,0.259219,3.087910
Legacy,RearUppercut,Extend,0.024500,0.248638,1.194897,0.260289,3.161100
Legacy,RearUppercut,Extend,0.025200,0.248025,1.196781,0.261384,3.232981
Legacy,RearUppercut,Extend,0.025900,0.247398,1.198705,0.262503,3.303800
Legacy,RearUppercut,Extend,0.026600,0.246759,1.200670,0.263646,3.373703
Legacy,RearUppercut,Extend,0.027300,0.246106,1.202676,0.264811,3.442322
Legacy,RearUppercut,Extend,0.028000,0.245440,1.204720,0.266000,3.509848
Legacy,RearUppercut,Extend,0.028700,0.244762,1.206803,0.267211,3.576196
Legacy,RearUppercut,Extend,0.029400,0.244071,1.208925,0.268445,3.641623
Legacy,RearUppercut,Extend,0.030100,0.243368,1.211083,0.269700,3.705729
Legacy,RearUppercut,Extend,0.030800,0.242653,1.213279,0.270976,3.768926
Legacy,RearUppercut,Extend,0.031500,0.241927,1.215510,0.272274,3.830940
Legacy,RearUppercut,Extend,0.032200,0.241189,1.217777,0.273592,3.891896
Legacy,RearUppercut,Extend,0.032900,0.240439,1.220079,0.274930,3.951511
Legacy,RearUppercut,Extend,0.033600,0.239679,1.222415,0.276288,4.010374
Legacy,RearUppercut,Extend,0.034300,0.238907,1.224785,0.277666,4.067916
Legacy,RearUppercut,Extend,0.035000,0.238125,1.227188,0.279063,4.124375
Legacy,RearUppercut,Extend,0.035700,0.237332,1.229622,0.280478,4.179667
Legacy,RearUppercut,Extend,0.036400,0.236529,1.232089,0.281912,4.233905
Legacy,RearUppercut,Extend,0.037100,0.235716,1.234586,0.283364,4.287098
Legacy,RearUppercut,Extend,0.037800,0.234893,1.237114,0.284834,4.339255
Legacy,RearUppercut,Extend,0.038500,0.234061,1.239671,0.286320,4.390044
Legacy,RearUppercut,Extend,0.039200,0.233219,1.242257,0.287824,4.439939
Legacy,RearUppercut,Extend,0.039900,0.232367,1.244872,0.289344,4.488655
Legacy,RearUppercut,Extend,0.040600,0.231507,1.247514,0.290881,4.536172
Legacy,RearUppercut,Extend,0.041300,0.230638,1.250184,0.292433,4.582795
Legacy,RearUppercut,Extend,0.042000,0.229760,1.252880,0.294000,4.628219
Legacy,RearUppercut,Extend,0.042700,0.228874,1.255602,0.295582,4.672424
Legacy,RearUppercut,Extend,0.043400,0.227980,1.258349,0.297180,4.715627
Legacy,RearUppercut,Extend,0.044100,0.227077,1.261120,0.298791,4.757732
Legacy,RearUppercut,Extend,0.044800,0.226167,1.263916,0.300416,4.798544
Legacy,RearUppercut,Extend,0.045500,0.225249,1.266734,0.302055,4.838602
Legacy,RearUppercut,Extend,0.046200,0.224324,1.269575,0.303707,4.877294
Legacy,RearUppercut,Extend,0.046900,0.223392,1.272438,0.305371,4.914928
Legacy,RearUppercut,Extend,0.047600,0.222453,1.275323,0.307048,4.951540
Legacy,RearUppercut,Extend,0.048300,0.221507,1.278228,0.308737,4.986804
Legacy,RearUppercut,Extend,0.049000,0.220555,1.281153,0.310438,5.021308
Legacy,RearUppercut,Extend,0.049700,0.219596,1.284097,0.312149,5.054345
Legacy,RearUppercut,Extend,0.050400,0.218632,1.287060,0.313872,5.086619
Legacy,RearUppercut,Extend,0.051100,0.217661,1.290041,0.315605,5.117542
Legacy,RearUppercut,Extend,0.051800,0.216685,1.293039,0.317349,5.147428
Legacy,RearUppercut,Extend,0.052500,0.215703,1.296055,0.319102,5.176262
Legacy,RearUppercut,Extend,0.053200,0.214716,1.299086,0.320864,5.203913
Legacy,RearUppercut,Extend,0.053900,0.213724,1.302133,0.322635,5.230486
Legacy,RearUppercut,Extend,0.054600,0.212727,1.305195,0.324416,5.256049
Legacy,RearUppercut,Extend,0.055300,0.211726,1.308271,0.326204,5.280260
Legacy,RearUppercut,Extend,0.056000,0.210720,1.311360,0.328000,5.303714
Legacy,RearUppercut,Extend,0.056700,0.209710,1.314462,0.329804,5.325678
Legacy,RearUppercut,Extend,0.057400,0.208696,1.317577,0.331615,5.346723
Legacy,RearUppercut,Extend,0.058100,0.207678,1.320703,0.333432,5.366784
Legacy,RearUppercut,Extend,0.058800,0.206657,1.323840,0.335256,5.385435
Legacy,RearUppercut,Extend,0.059500,0.205632,1.326988,0.337086,5.403240
Legacy,RearUppercut,Extend,0.060200,0.204604,1.330145,0.338922,5.419803
Legacy,RearUppercut,Extend,0.060900,0.203573,1.333311,0.340762,5.435347
Legacy,RearUppercut,Extend,0.061600,0.202540,1.336486,0.342608,5.449819
Legacy,RearUppercut,Extend,0.062300,0.201503,1.339668,0.344458,5.462997
Legacy,RearUppercut,Extend,0.063000,0.200465,1.342858,0.346313,5.475258
Legacy,RearUppercut,Extend,0.063700,0.199425,1.346053,0.348171,5.486287
Legacy,RearUppercut,Extend,0.064400,0.198382,1.349255,0.350032,5.496155
Legacy,RearUppercut,Extend,0.065100,0.197338,1.352462,0.351897,5.505144
Legacy,RearUppercut,Extend,0.065800,0.196292,1.355673,0.353764,5.512880
Legacy,RearUppercut,Extend,0.066500,0.195246,1.358889,0.355633,5.519451
Legacy,RearUppercut,Extend,0.067200,0.194198,1.362107,0.357504,5.524999
Legacy,RearUppercut,Extend,0.067900,0.193149,1.365328,0.359377,5.529481
Legacy,RearUppercut,Extend,0.068600,0.192100,1.368551,0.361251,5.532780
Legacy,RearUppercut,Extend,0.069300,0.191050,1.371775,0.363125,5.535003
Legacy,RearUppercut,Extend,0.070000,0.190000,1.375000,0.365000,5.536046
Legacy,RearUppercut,Extend,0.070700,0.188950,1.378225,0.366875,5.536187
Legacy,RearUppercut,Extend,0.071400,0.187900,1.381449,0.368750,5.535009
Legacy,RearUppercut,Extend,0.072100,0.186851,1.384672,0.370623,5.532780
Legacy,RearUppercut,Extend,0.072800,0.185802,1.387893,0.372496,5.529464
Legacy,RearUppercut,Extend,0.073500,0.184754,1.391112,0.374367,5.524984
Legacy,RearUppercut,Extend,0.074200,0.183708,1.394327,0.376237,5.519477
Legacy,RearUppercut,Extend,0.074900,0.182662,1.397538,0.378104,5.512939
Legacy,RearUppercut,Extend,0.075600,0.181618,1.400745,0.379968,5.505091
Legacy,RearUppercut,Extend,0.076300,0.180576,1.403947,0.381829,5.496291
Legacy,RearUppercut,Extend,0.077000,0.179535,1.407143,0.383688,5.486163
Legacy,RearUppercut,Extend,0.077700,0.178497,1.410332,0.385542,5.475220
Legacy,RearUppercut,Extend,0.078400,0.177461,1.413514,0.387392,5.463033
Legacy,RearUppercut,Extend,0.079100,0.176427,1.416689,0.389238,5.449811
Legacy,RearUppercut,Extend,0.079800,0.175396,1.419855,0.391079,5.435361
Legacy,RearUppercut,Extend,0.080500,0.174368,1.423012,0.392914,5.419794
Legacy,RearUppercut,Extend,0.081200,0.173343,1.426160,0.394744,5.403229
Legacy,RearUppercut,Extend,0.081900,0.172322,1.429297,0.396568,5.385435
Legacy,RearUppercut,Extend,0.082600,0.171304,1.432423,0.398386,5.366757
Legacy,RearUppercut,Extend,0.083300,0.170290,1.435538,0.400196,5.346760
Legacy,RearUppercut,Extend,0.084000,0.169280,1.438640,0.402000,5.325819
Legacy,RearUppercut,Extend,0.084700,0.168274,1.441730,0.403796,5.303566
Legacy,RearUppercut,Extend,0.085400,0.167273,1.444805,0.405585,5.280260
Legacy,RearUppercut,Extend,0.086100,0.166276,1.447867,0.407365,5.256043
Legacy,RearUppercut,Extend,0.086800,0.165284,1.450914,0.409136,5.230492
Legacy,RearUppercut,Extend,0.087500,0.164297,1.453945,0.410898,5.203913
Legacy,RearUppercut,Extend,0.088200,0.163315,1.456961,0.412652,5.176257
Legacy,RearUppercut,Extend,0.088900,0.162339,1.459959,0.414395,5.147418
Legacy,RearUppercut,Extend,0.089600,0.161368,1.462940,0.416128,5.117577
Legacy,RearUppercut,Extend,0.090300,0.160404,1.465903,0.417851,5.086431
Legacy,RearUppercut,Extend,0.091000,0.159445,1.468848,0.419563,5.054507
Legacy,RearUppercut,Extend,0.091700,0.158493,1.471773,0.421263,5.021328
Legacy,RearUppercut,Extend,0.092400,0.157547,1.474677,0.422952,4.986783
Legacy,RearUppercut,Extend,0.093100,0.156608,1.477562,0.424629,4.951573
Legacy,RearUppercut,Extend,0.093800,0.155676,1.480425,0.426294,4.914922
Legacy,RearUppercut,Extend,0.094500,0.154751,1.483266,0.427945,4.877267
Legacy,RearUppercut,Extend,0.095200,0.153833,1.486085,0.429584,4.838602
Legacy,RearUppercut,Extend,0.095900,0.152923,1.488880,0.431209,4.798549
Legacy,RearUppercut,Extend,0.096600,0.152021,1.491651,0.432821,4.757732
Legacy,RearUppercut,Extend,0.097300,0.151126,1.494398,0.434418,4.715648
Legacy,RearUppercut,Extend,0.098000,0.150240,1.497120,0.436000,4.672398
Legacy,RearUppercut,Extend,0.098700,0.149362,1.499816,0.437567,4.628199
Legacy,RearUppercut,Extend,0.099400,0.148493,1.502486,0.439120,4.582674
Legacy,RearUppercut,Extend,0.100100,0.147633,1.505128,0.440656,4.536314
Legacy,RearUppercut,Extend,0.100800,0.146781,1.507743,0.442176,4.488667
Legacy,RearUppercut,Extend,0.101500,0.145939,1.510329,0.443680,4.439933
Legacy,RearUppercut,Extend,0.102200,0.145107,1.512886,0.445167,4.390065
Legacy,RearUppercut,Extend,0.102900,0.144284,1.515414,0.446636,4.339222
Legacy,RearUppercut,Extend,0.103600,0.143471,1.517911,0.448088,4.287089
Legacy,RearUppercut,Extend,0.104300,0.142668,1.520378,0.449522,4.233926
Legacy,RearUppercut,Extend,0.105000,0.141875,1.522812,0.450938,4.179667
Legacy,RearUppercut,Extend,0.105700,0.141093,1.525215,0.452334,4.124363
Legacy,RearUppercut,Extend,0.106400,0.140321,1.527585,0.453712,4.067895
Legacy,RearUppercut,Extend,0.107100,0.139561,1.529921,0.455070,4.010406
Legacy,RearUppercut,Extend,0.107800,0.138811,1.532223,0.456409,3.951505
Legacy,RearUppercut,Extend,0.108500,0.138073,1.534490,0.457727,3.891881
Legacy,RearUppercut,Extend,0.109200,0.137347,1.536721,0.459024,3.830955
Legacy,RearUppercut,Extend,0.109900,0.136632,1.538917,0.460300,3.768926
Legacy,RearUppercut,Extend,0.110600,0.135929,1.541075,0.461556,3.705714
Legacy,RearUppercut,Extend,0.111300,0.135238,1.543197,0.462789,3.641643
Legacy,RearUppercut,Extend,0.112000,0.134560,1.545280,0.464000,3.576338
Legacy,RearUppercut,Extend,0.112700,0.133894,1.547325,0.465189,3.509686
Legacy,RearUppercut,Extend,0.113400,0.133242,1.549330,0.466355,3.442301
Legacy,RearUppercut,Extend,0.114100,0.132602,1.551295,0.467497,3.373576
Legacy,RearUppercut,Extend,0.114800,0.131975,1.553220,0.468616,3.303956
Legacy,RearUppercut,Extend,0.115500,0.131362,1.555103,0.469711,3.232987
Legacy,RearUppercut,Extend,0.116200,0.130762,1.556944,0.470782,3.161111
Legacy,RearUppercut,Extend,0.116900,0.130177,1.558743,0.471827,3.087898
Legacy,RearUppercut,Extend,0.117600,0.129605,1.560499,0.472848,3.013772
Legacy,RearUppercut,Extend,0.118300,0.129048,1.562210,0.473843,2.938515
Legacy,RearUppercut,Extend,0.119000,0.128505,1.563878,0.474813,2.862105
Legacy,RearUppercut,Extend,0.119700,0.127977,1.565500,0.475756,2.784597
Legacy,RearUppercut,Extend,0.120400,0.127464,1.567076,0.476672,2.705830
Legacy,RearUppercut,Extend,0.121100,0.126966,1.568606,0.477561,2.626223
Legacy,RearUppercut,Extend,0.121800,0.126483,1.570089,0.478424,2.545495
Legacy,RearUppercut,Extend,0.122500,0.126016,1.571523,0.479258,2.463373
Legacy,RearUppercut,Extend,0.123200,0.125564,1.572910,0.480064,2.380415
Legacy,RearUppercut,Extend,0.123900,0.125129,1.574248,0.480842,2.296300
Legacy,RearUppercut,Extend,0.124600,0.124709,1.575536,0.481591,2.210991
Legacy,RearUppercut,Extend,0.125300,0.124306,1.576773,0.482310,2.124614
Legacy,RearUppercut,Extend,0.126000,0.123920,1.577960,0.483000,2.037215
Legacy,RearUppercut,Extend,0.126700,0.123550,1.579095,0.483660,1.948600
Legacy,RearUppercut,Extend,0.127400,0.123198,1.580178,0.484290,1.858980
Legacy,RearUppercut,Extend,0.128100,0.122863,1.581208,0.484888,1.768109
Legacy,RearUppercut,Extend,0.128800,0.122545,1.582184,0.485456,1.676077
Legacy,RearUppercut,Extend,0.129500,0.122244,1.583107,0.485992,1.583304
Legacy,RearUppercut,Extend,0.130200,0.121962,1.583974,0.486497,1.489016
Legacy,RearUppercut,Extend,0.130900,0.121698,1.584786,0.486969,1.393839
Legacy,RearUppercut,Extend,0.131600,0.121452,1.585542,0.487408,1.297617
Legacy,RearUppercut,Extend,0.132300,0.121224,1.586241,0.487814,1.200025
Legacy,RearUppercut,Extend,0.133000,0.121015,1.586882,0.488188,1.101446
Legacy,RearUppercut,Extend,0.133700,0.120825,1.587466,0.488527,1.001929
Legacy,RearUppercut,Extend,0.134400,0.120654,1.587991,0.488832,0.901209
Legacy,RearUppercut,Extend,0.135100,0.120503,1.588457,0.489103,0.799167
Legacy,RearUppercut,Extend,0.135800,0.120370,1.588862,0.489339,0.696386
Legacy,RearUppercut,Extend,0.136500,0.120258,1.589207,0.489539,0.592094
Legacy,RearUppercut,Extend,0.137200,0.120166,1.589491,0.489704,0.487023
Legacy,RearUppercut,Extend,0.137900,0.120094,1.589713,0.489833,0.380796
Legacy,RearUppercut,Extend,0.138600,0.120042,1.589872,0.489926,0.273227
Legacy,RearUppercut,Extend,0.139300,0.120011,1.589968,0.489981,0.164750
Legacy,RearUppercut,Extend,0.140000,0.120000,1.590000,0.490000,0.055249
Legacy,RearUppercut,Recover,0.001400,0.120008,1.589990,0.489984,0.014270
Legacy,RearUppercut,Recover,0.002800,0.120030,1.589961,0.489937,0.042448
Legacy,RearUppercut,Recover,0.004200,0.120067,1.589913,0.489860,0.070481
Legacy,RearUppercut,Recover,0.005600,0.120118,1.589846,0.489751,0.098156
Legacy,RearUppercut,Recover,0.007000,0.120184,1.589760,0.489613,0.125574
Legacy,RearUppercut,Recover,0.008400,0.120265,1.589656,0.489444,0.152700
Legacy,RearUppercut,Recover,0.009800,0.120359,1.589533,0.489246,0.179503
Legacy,RearUppercut,Recover,0.011200,0.120467,1.589393,0.489019,0.206081
Legacy,RearUppercut,Recover,0.012600,0.120589,1.589234,0.488763,0.232328
Legacy,RearUppercut,Recover,0.014000,0.120725,1.589058,0.488478,0.258311
Legacy,RearUppercut,Recover,0.015400,0.120874,1.588863,0.488164,0.284059
Legacy,RearUppercut,Recover,0.016800,0.121037,1.588652,0.487823,0.309394
Legacy,RearUppercut,Recover,0.018200,0.121213,1.588424,0.487454,0.334531
Legacy,RearUppercut,Recover,0.019600,0.121401,1.588178,0.487057,0.359447
Legacy,RearUppercut,Recover,0.021000,0.121603,1.587916,0.486633,0.383898
Legacy,RearUppercut,Recover,0.022400,0.121818,1.587637,0.486183,0.408190
Legacy,RearUppercut,Recover,0.023800,0.122045,1.587342,0.485706,0.432229
Legacy,RearUppercut,Recover,0.025200,0.122284,1.587031,0.485203,0.455862
Legacy,RearUppercut,Recover,0.026600,0.122536,1.586703,0.484674,0.479290
Legacy,RearUppercut,Recover,0.028000,0.122800,1.586360,0.484120,0.502424
Legacy,RearUppercut,Recover,0.029400,0.123076,1.586001,0.483541,0.525229
Legacy,RearUppercut,Recover,0.030800,0.123364,1.585627,0.482936,0.547830
Legacy,RearUppercut,Recover,0.032200,0.123663,1.585238,0.482307,0.570066
Legacy,RearUppercut,Recover,0.033600,0.123974,1.584833,0.481654,0.592081
Legacy,RearUppercut,Recover,0.035000,0.124297,1.584414,0.480977,0.613728
Legacy,RearUppercut,Recover,0.036400,0.124631,1.583980,0.480276,0.635199
Legacy,RearUppercut,Recover,0.037800,0.124975,1.583532,0.479552,0.656288
Legacy,RearUppercut,Recover,0.039200,0.125331,1.583069,0.478805,0.677136
Legacy,RearUppercut,Recover,0.040600,0.125698,1.582593,0.478035,0.697680
Legacy,RearUppercut,Recover,0.042000,0.126075,1.582103,0.477243,0.717975
Legacy,RearUppercut,Recover,0.043400,0.126463,1.581599,0.476428,0.737938
Legacy,RearUppercut,Recover,0.044800,0.126861,1.581081,0.475592,0.757610
Legacy,RearUppercut,Recover,0.046200,0.127269,1.580550,0.474735,0.777112
Legacy,RearUppercut,Recover,0.047600,0.127687,1.580006,0.473857,0.796189
Legacy,RearUppercut,Recover,0.049000,0.128116,1.579450,0.472957,0.814993
Legacy,RearUppercut,Recover,0.050400,0.128554,1.578880,0.472037,0.833630
Legacy,RearUppercut,Recover,0.051800,0.129001,1.578298,0.471098,0.851856
Legacy,RearUppercut,Recover,0.053200,0.129458,1.577704,0.470138,0.869811
Legacy,RearUppercut,Recover,0.054600,0.129925,1.577098,0.469159,0.887564
Legacy,RearUppercut,Recover,0.056000,0.130400,1.576480,0.468160,0.904950
Legacy,RearUppercut,Recover,0.057400,0.130885,1.575850,0.467143,0.922075
Legacy,RearUppercut,Recover,0.058800,0.131378,1.575209,0.466107,0.938950
Legacy,RearUppercut,Recover,0.060200,0.131880,1.574556,0.465052,0.955505
Legacy,RearUppercut,Recover,0.061600,0.132390,1.573892,0.463980,0.971745
Legacy,RearUppercut,Recover,0.063000,0.132909,1.573218,0.462890,0.987744
Legacy,RearUppercut,Recover,0.064400,0.133437,1.572532,0.461783,1.003484
Legacy,RearUppercut,Recover,0.065800,0.133972,1.571837,0.460659,1.018826
Legacy,RearUppercut,Recover,0.067200,0.134515,1.571130,0.459518,1.034014
Legacy,RearUppercut,Recover,0.068600,0.135066,1.570414,0.458361,1.048891
Legacy,RearUppercut,Recover,0.070000,0.135625,1.569687,0.457188,1.063402
Legacy,RearUppercut,Recover,0.071400,0.136191,1.568951,0.455999,1.077621
Legacy,RearUppercut,Recover,0.072800,0.136765,1.568206,0.454794,1.091684
Legacy,RearUppercut,Recover,0.074200,0.137346,1.567451,0.453574,1.105393
Legacy,RearUppercut,Recover,0.075600,0.137933,1.566687,0.452340,1.118790
Legacy,RearUppercut,Recover,0.077000,0.138528,1.565913,0.451091,1.131938
Legacy,RearUppercut,Recover,0.078400,0.139130,1.565132,0.449828,1.144753
Legacy,RearUppercut,Recover,0.079800,0.139738,1.564341,0.448551,1.157332
Legacy,RearUppercut,Recover,0.081200,0.140352,1.563542,0.447260,1.169628
Legacy,RearUppercut,Recover,0.082600,0.140973,1.562735,0.445957,1.181591
Legacy,RearUppercut,Recover,0.084000,0.141600,1.561920,0.444640,1.193289
Legacy,RearUppercut,Recover,0.085400,0.142233,1.561097,0.443311,1.204737
Legacy,RearUppercut,Recover,0.086800,0.142872,1.560267,0.441969,1.215845
Legacy,RearUppercut,Recover,0.088200,0.143516,1.559429,0.440616,1.226719
Legacy,RearUppercut,Recover,0.089600,0.144166,1.558584,0.439251,1.237262
Legacy,RearUppercut,Recover,0.091000,0.144822,1.557732,0.437874,1.247534
Legacy,RearUppercut,Recover,0.092400,0.145483,1.556873,0.436487,1.257578
Legacy,RearUppercut,Recover,0.093800,0.146148,1.556007,0.435088,1.267256
Legacy,RearUppercut,Recover,0.095200,0.146819,1.555135,0.433680,1.276610
Legacy,RearUppercut,Recover,0.096600,0.147495,1.554257,0.432261,1.285839
Legacy,RearUppercut,Recover,0.098000,0.148175,1.553373,0.430833,1.294661
Legacy,RearUppercut,Recover,0.099400,0.148860,1.552482,0.429395,1.303209
Legacy,RearUppercut,Recover,0.100800,0.149549,1.551587,0.427948,1.311487
Legacy,RearUppercut,Recover,0.102200,0.150242,1.550685,0.426492,1.319519
Legacy,RearUppercut,Recover,0.103600,0.150939,1.549779,0.425027,1.327173
Legacy,RearUppercut,Recover,0.105000,0.151641,1.548867,0.423555,1.334633
Legacy,RearUppercut,Recover,0.106400,0.152346,1.547951,0.422074,1.341751
Legacy,RearUppercut,Recover,0.107800,0.153054,1.547030,0.420586,1.348624
Legacy,RearUppercut,Recover,0.109200,0.153766,1.546104,0.419091,1.355185
Legacy,RearUppercut,Recover,0.110600,0.154482,1.545174,0.417589,1.361452
Legacy,RearUppercut,Recover,0.112000,0.155200,1.544240,0.416080,1.367469
Legacy,RearUppercut,Recover,0.113400,0.155922,1.543302,0.414565,1.373166
Legacy,RearUppercut,Recover,0.114800,0.156646,1.542361,0.413044,1.378551
Legacy,RearUppercut,Recover,0.116200,0.157373,1.541415,0.411517,1.383746
Legacy,RearUppercut,Recover,0.117600,0.158102,1.540467,0.409985,1.388558
Legacy,RearUppercut,Recover,0.119000,0.158834,1.539515,0.408448,1.393175
Legacy,RearUppercut,Recover,0.120400,0.159569,1.538561,0.406906,1.397417
Legacy,RearUppercut,Recover,0.121800,0.160305,1.537604,0.405360,1.401444
Legacy,RearUppercut,Recover,0.123200,0.161043,1.536644,0.403809,1.405155
Legacy,RearUppercut,Recover,0.124600,0.161783,1.535682,0.402255,1.408566
Legacy,RearUppercut,Recover,0.126000,0.162525,1.534718,0.400698,1.411671
Legacy,RearUppercut,Recover,0.127400,0.163268,1.533751,0.399137,1.414567
Legacy,RearUppercut,Recover,0.128800,0.164013,1.532783,0.397573,1.417139
Legacy,RearUppercut,Recover,0.130200,0.164759,1.531814,0.396007,1.419412
Legacy,RearUppercut,Recover,0.131600,0.165505,1.530843,0.394439,1.421394
Legacy,RearUppercut,Recover,0.133000,0.166253,1.529871,0.392869,1.423123
Legacy,RearUppercut,Recover,0.134400,0.167002,1.528898,0.391297,1.424527
Legacy,RearUppercut,Recover,0.135800,0.167751,1.527924,0.389724,1.425716
Legacy,RearUppercut,Recover,0.137200,0.168500,1.526950,0.388150,1.426584
Legacy,RearUppercut,Recover,0.138600,0.169250,1.525975,0.386575,1.427129
Legacy,RearUppercut,Recover,0.140000,0.170000,1.525000,0.385000,1.427374
Legacy,RearUppercut,Recover,0.141400,0.170750,1.524025,0.383425,1.427411
Legacy,RearUppercut,Recover,0.142800,0.171500,1.523050,0.381850,1.427121
Legacy,RearUppercut,Recover,0.144200,0.172249,1.522076,0.380276,1.426559
Legacy,RearUppercut,Recover,0.145600,0.172998,1.521102,0.378703,1.425720
Legacy,RearUppercut,Recover,0.147000,0.173747,1.520129,0.377132,1.424523
Legacy,RearUppercut,Recover,0.148400,0.174495,1.519157,0.375561,1.423123
Legacy,RearUppercut,Recover,0.149800,0.175241,1.518186,0.373993,1.421411
Legacy,RearUppercut,Recover,0.151200,0.175987,1.517217,0.372427,1.419429
Legacy,RearUppercut,Recover,0.152600,0.176732,1.516249,0.370863,1.417147
Legacy,RearUppercut,Recover,0.154000,0.177475,1.515283,0.369303,1.414542
Legacy,RearUppercut,Recover,0.155400,0.178217,1.514318,0.367745,1.411675
Legacy,RearUppercut,Recover,0.156800,0.178957,1.513356,0.366191,1.408583
Legacy,RearUppercut,Recover,0.158200,0.179695,1.512396,0.364640,1.405138
Legacy,RearUppercut,Recover,0.159600,0.180431,1.511439,0.363094,1.401436
Legacy,RearUppercut,Recover,0.161000,0.181166,1.510485,0.361552,1.397450
Legacy,RearUppercut,Recover,0.162400,0.181898,1.509533,0.360015,1.393133
Legacy,RearUppercut,Recover,0.163800,0.182627,1.508585,0.358483,1.388550
Legacy,RearUppercut,Recover,0.165200,0.183354,1.507640,0.356956,1.383771
Legacy,RearUppercut,Recover,0.166600,0.184079,1.506698,0.355435,1.378606
Legacy,RearUppercut,Recover,0.168000,0.184800,1.505760,0.353920,1.373128
Legacy,RearUppercut,Recover,0.169400,0.185519,1.504826,0.352411,1.367452
Legacy,RearUppercut,Recover,0.170800,0.186234,1.503896,0.350909,1.361435
Legacy,RearUppercut,Recover,0.172200,0.186946,1.502970,0.349414,1.355219
Legacy,RearUppercut,Recover,0.173600,0.187654,1.502049,0.347926,1.348603
Legacy,RearUppercut,Recover,0.175000,0.188359,1.501133,0.346445,1.341751
Legacy,RearUppercut,Recover,0.176400,0.189061,1.500221,0.344973,1.334637
Legacy,RearUppercut,Recover,0.177800,0.189758,1.499315,0.343508,1.327173
Legacy,RearUppercut,Recover,0.179200,0.190451,1.498413,0.342053,1.319519
Legacy,RearUppercut,Recover,0.180600,0.191140,1.497518,0.340605,1.311470
Legacy,RearUppercut,Recover,0.182000,0.191825,1.496628,0.339168,1.303225
Legacy,RearUppercut,Recover,0.183400,0.192505,1.495743,0.337739,1.294661
Legacy,RearUppercut,Recover,0.184800,0.193181,1.494865,0.336320,1.285835
Legacy,RearUppercut,Recover,0.186200,0.193852,1.493993,0.334912,1.276680
Legacy,RearUppercut,Recover,0.187600,0.194517,1.493127,0.333513,1.267206
Legacy,RearUppercut,Recover,0.189000,0.195178,1.492268,0.332126,1.257557
Legacy,RearUppercut,Recover,0.190400,0.195834,1.491416,0.330750,1.247534
Legacy,RearUppercut,Recover,0.191800,0.196484,1.490571,0.329384,1.237262
Legacy,RearUppercut,Recover,0.193200,0.197128,1.489733,0.328031,1.226740
Legacy,RearUppercut,Recover,0.194600,0.197767,1.488903,0.326689,1.215824
Legacy,RearUppercut,Recover,0.196000,0.198400,1.488080,0.325360,1.204733
Legacy,RearUppercut,Recover,0.197400,0.199027,1.487265,0.324043,1.193293
Legacy,RearUppercut,Recover,0.198800,0.199648,1.486458,0.322740,1.181591
Legacy,RearUppercut,Recover,0.200200,0.200262,1.485659,0.321449,1.169607
Legacy,RearUppercut,Recover,0.201600,0.200870,1.484869,0.320172,1.157332
Legacy,RearUppercut,Recover,0.203000,0.201472,1.484087,0.318909,1.144799
Legacy,RearUppercut,Recover,0.204400,0.202067,1.483313,0.317660,1.131917
Legacy,RearUppercut,Recover,0.205800,0.202654,1.482549,0.316426,1.118786
Legacy,RearUppercut,Recover,0.207200,0.203235,1.481794,0.315206,1.105393
Legacy,RearUppercut,Recover,0.208600,0.203809,1.481049,0.314002,1.091667
Legacy,RearUppercut,Recover,0.210000,0.204375,1.480313,0.312813,1.077655
Legacy,RearUppercut,Recover,0.211400,0.204934,1.479586,0.311639,1.063402
Legacy,RearUppercut,Recover,0.212800,0.205485,1.478870,0.310482,1.048862
Legacy,RearUppercut,Recover,0.214200,0.206028,1.478163,0.309341,1.034048
Legacy,RearUppercut,Recover,0.215600,0.206563,1.477468,0.308217,1.018813
Legacy,RearUppercut,Recover,0.217000,0.207091,1.476782,0.307110,1.003476
Legacy,RearUppercut,Recover,0.218400,0.207610,1.476108,0.306020,0.987727
Legacy,RearUppercut,Recover,0.219800,0.208120,1.475444,0.304948,0.971786
Legacy,RearUppercut,Recover,0.221200,0.208622,1.474791,0.303893,0.955493
Legacy,RearUppercut,Recover,0.222600,0.209116,1.474150,0.302857,0.938938
Legacy,RearUppercut,Recover,0.224000,0.209600,1.473520,0.301840,0.922075
Legacy,RearUppercut,Recover,0.225400,0.210076,1.472902,0.300842,0.904950
Legacy,RearUppercut,Recover,0.226800,0.210542,1.472296,0.299862,0.887568
Legacy,RearUppercut,Recover,0.228200,0.210999,1.471702,0.298903,0.869807
Legacy,RearUppercut,Recover,0.229600,0.211446,1.471120,0.297963,0.851860
Legacy,RearUppercut,Recover,0.231000,0.211884,1.470550,0.297043,0.833626
Legacy,RearUppercut,Recover,0.232400,0.212313,1.469994,0.296144,0.814997
Legacy,RearUppercut,Recover,0.233800,0.212731,1.469450,0.295265,0.796173
Legacy,RearUppercut,Recover,0.235200,0.213139,1.468919,0.294408,0.777091
Legacy,RearUppercut,Recover,0.236600,0.213537,1.468402,0.293572,0.757660
Legacy,RearUppercut,Recover,0.238000,0.213925,1.467898,0.292758,0.737926
Legacy,RearUppercut,Recover,0.239400,0.214302,1.467407,0.291965,0.717963
Legacy,RearUppercut,Recover,0.240800,0.214669,1.466931,0.291196,0.697693
Legacy,RearUppercut,Recover,0.242200,0.215025,1.466468,0.290448,0.677136
Legacy,RearUppercut,Recover,0.243600,0.215369,1.466020,0.289724,0.656284
Legacy,RearUppercut,Recover,0.245000,0.215703,1.465586,0.289023,0.635216
Legacy,RearUppercut,Recover,0.246400,0.216026,1.465167,0.288346,0.613715
Legacy,RearUppercut,Recover,0.247800,0.216337,1.464762,0.287693,0.592081
Legacy,RearUppercut,Recover,0.249200,0.216636,1.464373,0.287064,0.570062
Legacy,RearUppercut,Recover,0.250600,0.216924,1.463999,0.286460,0.547830
Legacy,RearUppercut,Recover,0.252000,0.217200,1.463640,0.285880,0.525225
Legacy,RearUppercut,Recover,0.253400,0.217464,1.463297,0.285326,0.502432
Legacy,RearUppercut,Recover,0.254800,0.217716,1.462970,0.284797,0.479273
Legacy,RearUppercut,Recover,0.256200,0.217955,1.462658,0.284294,0.455895
Legacy,RearUppercut,Recover,0.257600,0.218182,1.462363,0.283817,0.432205
Legacy,RearUppercut,Recover,0.259000,0.218397,1.462084,0.283367,0.408215
Legacy,RearUppercut,Recover,0.260400,0.218599,1.461822,0.282943,0.383894
Legacy,RearUppercut,Recover,0.261800,0.218787,1.461576,0.282546,0.359430
Legacy,RearUppercut,Recover,0.263200,0.218963,1.461348,0.282177,0.334556
Legacy,RearUppercut,Recover,0.264600,0.219126,1.461137,0.281836,0.309374
Legacy,RearUppercut,Recover,0.266000,0.219275,1.460943,0.281523,0.284042
Legacy,RearUppercut,Recover,0.267400,0.219411,1.460766,0.281238,0.258320
Legacy,RearUppercut,Recover,0.268800,0.219533,1.460607,0.280981,0.232336
Legacy,RearUppercut,Recover,0.270200,0.219641,1.460467,0.280754,0.206077
Legacy,RearUppercut,Recover,0.271600,0.219735,1.460344,0.280556,0.179549
Legacy,RearUppercut,Recover,0.273000,0.219816,1.460240,0.280387,0.152655
Legacy,RearUppercut,Recover,0.274400,0.219882,1.460154,0.280249,0.125590
Legacy,RearUppercut,Recover,0.275800,0.219933,1.460087,0.280140,0.098139
Legacy,RearUppercut,Recover,0.277200,0.219970,1.460039,0.280063,0.070481
Legacy,RearUppercut,Recover,0.278600,0.219993,1.460010,0.280016,0.042469
Legacy,RearUppercut,Recover,0.280000,0.220000,1.460000,0.280000,0.014253
Curve,RearUppercut,Commit,0.000450,0.220003,1.459978,0.279997,0.050680
Curve,RearUppercut,Commit,0.000900,0.220012,1.459911,0.279988,0.151503
Curve,RearUppercut,Commit,0.001350,0.220027,1.459800,0.279973,0.251245
Curve,RearUppercut,Commit,0.001800,0.220047,1.459645,0.279953,0.349908
Curve,RearUppercut,Commit,0.002250,0.220074,1.459447,0.279926,0.447507
Curve,RearUppercut,Commit,0.002700,0.220106,1.459206,0.279894,0.544273
Curve,RearUppercut,Commit,0.003150,0.220144,1.458923,0.279856,0.639976
Curve,RearUppercut,Commit,0.003600,0.220187,1.458598,0.279813,0.734347
Curve,RearUppercut,Commit,0.004050,0.220236,1.458232,0.279764,0.828397
Curve,RearUppercut,Commit,0.004500,0.220290,1.457825,0.279710,0.920620
Curve,RearUppercut,Commit,0.004950,0.220350,1.457377,0.279650,1.012531
Curve,RearUppercut,Commit,0.005400,0.220415,1.456890,0.279585,1.102841
Curve,RearUppercut,Commit,0.005850,0.220485,1.456362,0.279515,1.192348
Curve,RearUppercut,Commit,0.006300,0.220561,1.455796,0.279439,1.281027
Curve,RearUppercut,Commit,0.006750,0.220641,1.455191,0.279359,1.368656
Curve,RearUppercut,Commit,0.007200,0.220727,1.454547,0.279273,1.454905
Curve,RearUppercut,Commit,0.007650,0.220818,1.453866,0.279182,1.540633
Curve,RearUppercut,Commit,0.008100,0.220914,1.453147,0.279086,1.625017
Curve,RearUppercut,Commit,0.008550,0.221014,1.452392,0.278986,1.708315
Curve,RearUppercut,Commit,0.009000,0.221120,1.451600,0.278880,1.790807
Curve,RearUppercut,Commit,0.009450,0.221230,1.450772,0.278770,1.872227
Curve,RearUppercut,Commit,0.009900,0.221346,1.449909,0.278655,1.952806
Curve,RearUppercut,Commit,0.010350,0.221465,1.449010,0.278535,2.032082
Curve,RearUppercut,Commit,0.010800,0.221590,1.448077,0.278410,2.110257
Curve,RearUppercut,Commit,0.011250,0.221719,1.447109,0.278281,2.187633
Curve,RearUppercut,Commit,0.011700,0.221852,1.446108,0.278148,2.264181
Curve,RearUppercut,Commit,0.012150,0.221990,1.445074,0.278010,2.339392
Curve,RearUppercut,Commit,0.012600,0.222133,1.444006,0.277868,2.413532
Curve,RearUppercut,Commit,0.013050,0.222279,1.442907,0.277721,2.486847
Curve,RearUppercut,Commit,0.013500,0.222430,1.441775,0.277570,2.559121
Curve,RearUppercut,Commit,0.013950,0.222585,1.440612,0.277415,2.630532
Curve,RearUppercut,Commit,0.014400,0.222744,1.439418,0.277256,2.700628
Curve,RearUppercut,Commit,0.014850,0.222908,1.438193,0.277092,2.769653
Curve,RearUppercut,Commit,0.015300,0.223075,1.436938,0.276925,2.838113
Curve,RearUppercut,Commit,0.015750,0.223246,1.435653,0.276754,2.904972
Curve,RearUppercut,Commit,0.016200,0.223421,1.434339,0.276579,2.971285
Curve,RearUppercut,Commit,0.016650,0.223601,1.432997,0.276400,3.036526
Curve,RearUppercut,Commit,0.017100,0.223783,1.431625,0.276217,3.100422
Curve,RearUppercut,Commit,0.017550,0.223970,1.430226,0.276030,3.163758
Curve,RearUppercut,Commit,0.018000,0.224160,1.428800,0.275840,3.225763
Curve,RearUppercut,Commit,0.018450,0.224354,1.427347,0.275646,3.286704
Curve,RearUppercut,Commit,0.018900,0.224551,1.425867,0.275449,3.346808
Curve,RearUppercut,Commit,0.019350,0.224752,1.424361,0.275248,3.405840
Curve,RearUppercut,Commit,0.019800,0.224956,1.422829,0.275044,3.463806
Curve,RearUppercut,Commit,0.020250,0.225164,1.421272,0.274836,3.520690
Curve,RearUppercut,Commit,0.020700,0.225375,1.419690,0.274625,3.576764
Curve,RearUppercut,Commit,0.021150,0.225589,1.418084,0.274411,3.631752
Curve,RearUppercut,Commit,0.021600,0.225806,1.416454,0.274194,3.685665
Curve,RearUppercut,Commit,0.022050,0.226027,1.414801,0.273974,3.738506
Curve,RearUppercut,Commit,0.022500,0.226250,1.413125,0.273750,3.790527
Curve,RearUppercut,Commit,0.022950,0.226477,1.411426,0.273524,3.841233
Curve,RearUppercut,Commit,0.023400,0.226706,1.409706,0.273294,3.891350
Curve,RearUppercut,Commit,0.023850,0.226938,1.407963,0.273062,3.940151
Curve,RearUppercut,Commit,0.024300,0.227173,1.406200,0.272827,3.987864
Curve,RearUppercut,Commit,0.024750,0.227411,1.404416,0.272589,4.034505
Curve,RearUppercut,Commit,0.025200,0.227652,1.402611,0.272348,4.080599
Curve,RearUppercut,Commit,0.025650,0.227895,1.400787,0.272105,4.125353
Curve,RearUppercut,Commit,0.026100,0.228141,1.398943,0.271859,4.169022
Curve,RearUppercut,Commit,0.026550,0.228389,1.397081,0.271611,4.211615
Curve,RearUppercut,Commit,0.027000,0.228640,1.395200,0.271360,4.253665
Curve,RearUppercut,Commit,0.027450,0.228893,1.393301,0.271107,4.294116
Curve,RearUppercut,Commit,0.027900,0.229149,1.391385,0.270851,4.333992
Curve,RearUppercut,Commit,0.028350,0.229407,1.389451,0.270594,4.372555
Curve,RearUppercut,Commit,0.028800,0.229667,1.387501,0.270333,4.410028
Curve,RearUppercut,Commit,0.029250,0.229929,1.385534,0.270071,4.446946
Curve,RearUppercut,Commit,0.029700,0.230193,1.383552,0.269807,4.482550
Curve,RearUppercut,Commit,0.030150,0.230459,1.381555,0.269541,4.517042
Curve,RearUppercut,Commit,0.030600,0.230728,1.379542,0.269272,4.550481
Curve,RearUppercut,Commit,0.031050,0.230998,1.377516,0.269002,4.583368
Curve,RearUppercut,Commit,0.031500,0.231270,1.375475,0.268730,4.614637
Curve,RearUppercut,Commit,0.031950,0.231544,1.373421,0.268456,4.645355
Curve,RearUppercut,Commit,0.032400,0.231820,1.371354,0.268181,4.674750
Curve,RearUppercut,Commit,0.032850,0.232097,1.369274,0.267903,4.703324
Curve,RearUppercut,Commit,0.033300,0.232376,1.367182,0.267624,4.730558
Curve,RearUppercut,Commit,0.033750,0.232656,1.365078,0.267344,4.757246
Curve,RearUppercut,Commit,0.034200,0.232938,1.362963,0.267062,4.782839
Curve,RearUppercut,Commit,0.034650,0.233222,1.360838,0.266778,4.806868
Curve,RearUppercut,Commit,0.035100,0.233507,1.358701,0.266494,4.830548
Curve,RearUppercut,Commit,0.035550,0.233793,1.356555,0.266207,4.852940
Curve,RearUppercut,Commit,0.036000,0.234080,1.354400,0.265920,4.874238
Curve,RearUppercut,Commit,0.036450,0.234369,1.352236,0.265631,4.894466
Curve,RearUppercut,Commit,0.036900,0.234658,1.350063,0.265342,4.914120
Curve,RearUppercut,Commit,0.037350,0.234949,1.347882,0.265051,4.932199
Curve,RearUppercut,Commit,0.037800,0.235241,1.345693,0.264759,4.949468
Curve,RearUppercut,Commit,0.038250,0.235534,1.343497,0.264466,4.965880
Curve,RearUppercut,Commit,0.038700,0.235827,1.341294,0.264173,4.980997
Curve,RearUppercut,Commit,0.039150,0.236122,1.339085,0.263878,4.995536
Curve,RearUppercut,Commit,0.039600,0.236417,1.336870,0.263583,5.008491
Curve,RearUppercut,Commit,0.040050,0.236713,1.334650,0.263287,5.020622
Curve,RearUppercut,Commit,0.040500,0.237010,1.332425,0.262990,5.031950
Curve,RearUppercut,Commit,0.040950,0.237307,1.330195,0.262693,5.042177
Curve,RearUppercut,Commit,0.041400,0.237605,1.327962,0.262395,5.051357
Curve,RearUppercut,Commit,0.041850,0.237903,1.325724,0.262097,5.059432
Curve,RearUppercut,Commit,0.042300,0.238202,1.323484,0.261798,5.066712
Curve,RearUppercut,Commit,0.042750,0.238501,1.321241,0.261499,5.072651
Curve,RearUppercut,Commit,0.043200,0.238801,1.318995,0.261199,5.077767
Curve,RearUppercut,Commit,0.043650,0.239100,1.316748,0.260900,5.081810
Curve,RearUppercut,Commit,0.044100,0.239400,1.314499,0.260600,5.084787
Curve,RearUppercut,Commit,0.044550,0.239700,1.312250,0.260300,5.086935
Curve,RearUppercut,Commit,0.045000,0.240000,1.310000,0.260000,5.088019
Curve,RearUppercut,Commit,0.045450,0.240300,1.307750,0.259700,5.087994
Curve,RearUppercut,Commit,0.045900,0.240600,1.305501,0.259400,5.086935
Curve,RearUppercut,Commit,0.046350,0.240900,1.303252,0.259100,5.084783
Curve,RearUppercut,Commit,0.046800,0.241199,1.301005,0.258801,5.081815
Curve,RearUppercut,Commit,0.047250,0.241499,1.298759,0.258501,5.077767
Curve,RearUppercut,Commit,0.047700,0.241798,1.296516,0.258202,5.072651
Curve,RearUppercut,Commit,0.048150,0.242097,1.294276,0.257903,5.066716
Curve,RearUppercut,Commit,0.048600,0.242395,1.292038,0.257605,5.059432
Curve,RearUppercut,Commit,0.049050,0.242693,1.289805,0.257307,5.051353
Curve,RearUppercut,Commit,0.049500,0.242990,1.287575,0.257010,5.042177
Curve,RearUppercut,Commit,0.049950,0.243287,1.285350,0.256713,5.031950
Curve,RearUppercut,Commit,0.050400,0.243583,1.283130,0.256417,5.020622
Curve,RearUppercut,Commit,0.050850,0.243878,1.280915,0.256122,5.008751
Curve,RearUppercut,Commit,0.051300,0.244173,1.278706,0.255828,4.995275
Curve,RearUppercut,Commit,0.051750,0.244466,1.276503,0.255534,4.980997
Curve,RearUppercut,Commit,0.052200,0.244759,1.274307,0.255241,4.965889
Curve,RearUppercut,Commit,0.052650,0.245051,1.272119,0.254949,4.949459
Curve,RearUppercut,Commit,0.053100,0.245342,1.269938,0.254658,4.932190
Curve,RearUppercut,Commit,0.053550,0.245631,1.267764,0.254369,4.914133
Curve,RearUppercut,Commit,0.054000,0.245920,1.265600,0.254080,4.894466
Curve,RearUppercut,Commit,0.054450,0.246207,1.263445,0.253793,4.874226
Curve,RearUppercut,Commit,0.054900,0.246494,1.261299,0.253507,4.852949
Curve,RearUppercut,Commit,0.055350,0.246778,1.259163,0.253222,4.830557
Curve,RearUppercut,Commit,0.055800,0.247062,1.257037,0.252938,4.806868
Curve,RearUppercut,Commit,0.056250,0.247344,1.254922,0.252656,4.782835
Curve,RearUppercut,Commit,0.056700,0.247624,1.252818,0.252376,4.757233
Curve,RearUppercut,Commit,0.057150,0.247903,1.250726,0.252097,4.730567
Curve,RearUppercut,Commit,0.057600,0.248181,1.248646,0.251820,4.703324
Curve,RearUppercut,Commit,0.058050,0.248456,1.246579,0.251544,4.674745
Curve,RearUppercut,Commit,0.058500,0.248730,1.244525,0.251270,4.645368
Curve,RearUppercut,Commit,0.058950,0.249002,1.242484,0.250998,4.614633
Curve,RearUppercut,Commit,0.059400,0.249272,1.240458,0.250728,4.583364
Curve,RearUppercut,Commit,0.059850,0.249541,1.238445,0.250459,4.550741
Curve,RearUppercut,Commit,0.060300,0.249807,1.236448,0.250193,4.517042
Curve,RearUppercut,Commit,0.060750,0.250071,1.234466,0.249929,4.482289
Curve,RearUppercut,Commit,0.061200,0.250333,1.232499,0.249667,4.446946
Curve,RearUppercut,Commit,0.061650,0.250594,1.230549,0.249407,4.410028
Curve,RearUppercut,Commit,0.062100,0.250851,1.228616,0.249149,4.372555
Curve,RearUppercut,Commit,0.062550,0.251107,1.226699,0.248893,4.333997
Curve,RearUppercut,Commit,0.063000,0.251360,1.224800,0.248640,4.294116
Curve,RearUppercut,Commit,0.063450,0.251611,1.222919,0.248389,4.253662
Curve,RearUppercut,Commit,0.063900,0.251859,1.221057,0.248141,4.211619
Curve,RearUppercut,Commit,0.064350,0.252105,1.219213,0.247895,4.169018
Curve,RearUppercut,Commit,0.064800,0.252348,1.217389,0.247652,4.125353
Curve,RearUppercut,Commit,0.065250,0.252589,1.215584,0.247411,4.080599
Curve,RearUppercut,Commit,0.065700,0.252827,1.213800,0.247173,4.034505
Curve,RearUppercut,Commit,0.066150,0.253062,1.212037,0.246938,3.987873
Curve,RearUppercut,Commit,0.066600,0.253294,1.210294,0.246706,3.940143
Curve,RearUppercut,Commit,0.067050,0.253524,1.208574,0.246477,3.891350
Curve,RearUppercut,Commit,0.067500,0.253750,1.206875,0.246250,3.841224
Curve,RearUppercut,Commit,0.067950,0.253974,1.205199,0.246027,3.790531
Curve,RearUppercut,Commit,0.068400,0.254194,1.203546,0.245806,3.738506
Curve,RearUppercut,Commit,0.068850,0.254411,1.201916,0.245589,3.685678
Curve,RearUppercut,Commit,0.069300,0.254625,1.200310,0.245375,3.631743
Curve,RearUppercut,Commit,0.069750,0.254836,1.198728,0.245164,3.576755
Curve,RearUppercut,Commit,0.070200,0.255044,1.197171,0.244956,3.520699
Curve,RearUppercut,Commit,0.070650,0.255248,1.195639,0.244752,3.464074
Curve,RearUppercut,Commit,0.071100,0.255449,1.194134,0.244551,3.405576
Curve,RearUppercut,Commit,0.071550,0.255646,1.192654,0.244354,3.346804
Curve,RearUppercut,Commit,0.072000,0.255840,1.191200,0.244160,3.286964
Curve,RearUppercut,Commit,0.072450,0.256030,1.189774,0.243970,3.225502
Curve,RearUppercut,Commit,0.072900,0.256217,1.188375,0.243783,3.163758
Curve,RearUppercut,Commit,0.073350,0.256400,1.187004,0.243601,3.100418
Curve,RearUppercut,Commit,0.073800,0.256579,1.185661,0.243422,3.036526
Curve,RearUppercut,Commit,0.074250,0.256754,1.184347,0.243246,2.971289
Curve,RearUppercut,Commit,0.074700,0.256925,1.183062,0.243075,2.904972
Curve,RearUppercut,Commit,0.075150,0.257092,1.181807,0.242908,2.838113
Curve,RearUppercut,Commit,0.075600,0.257256,1.180583,0.242744,2.769653
Curve,RearUppercut,Commit,0.076050,0.257415,1.179388,0.242585,2.700633
Curve,RearUppercut,Commit,0.076500,0.257570,1.178225,0.242430,2.630528
Curve,RearUppercut,Commit,0.076950,0.257721,1.177093,0.242279,2.559113
Curve,RearUppercut,Commit,0.077400,0.257868,1.175994,0.242133,2.486856
Curve,RearUppercut,Commit,0.077850,0.258010,1.174926,0.241990,2.413532
Curve,RearUppercut,Commit,0.078300,0.258148,1.173892,0.241852,2.339392
Curve,RearUppercut,Commit,0.078750,0.258281,1.172891,0.241719,2.264181
Curve,RearUppercut,Commit,0.079200,0.258410,1.171923,0.241590,2.187629
Curve,RearUppercut,Commit,0.079650,0.258535,1.170990,0.241465,2.110261
Curve,RearUppercut,Commit,0.080100,0.258655,1.170092,0.241346,2.032078
Curve,RearUppercut,Commit,0.080550,0.258770,1.169228,0.241230,1.952814
Curve,RearUppercut,Commit,0.081000,0.258880,1.168400,0.241120,1.872218
Curve,RearUppercut,Commit,0.081450,0.258986,1.167608,0.241014,1.790807
Curve,RearUppercut,Commit,0.081900,0.259086,1.166853,0.240914,1.708320
Curve,RearUppercut,Commit,0.082350,0.259182,1.166134,0.240818,1.625017
Curve,RearUppercut,Commit,0.082800,0.259273,1.165453,0.240727,1.540633
Curve,RearUppercut,Commit,0.083250,0.259359,1.164809,0.240641,1.454909
Curve,RearUppercut,Commit,0.083700,0.259439,1.164204,0.240561,1.368643
Curve,RearUppercut,Commit,0.084150,0.259515,1.163638,0.240485,1.281036
Curve,RearUppercut,Commit,0.084600,0.259585,1.163110,0.240415,1.192353
Curve,RearUppercut,Commit,0.085050,0.259650,1.162623,0.240350,1.102837
Curve,RearUppercut,Commit,0.085500,0.259710,1.162175,0.240290,1.012531
Curve,RearUppercut,Commit,0.085950,0.259764,1.161768,0.240236,0.920620
Curve,RearUppercut,Commit,0.086400,0.259813,1.161402,0.240187,0.828401
Curve,RearUppercut,Commit,0.086850,0.259856,1.161077,0.240144,0.734342
Curve,RearUppercut,Commit,0.087300,0.259894,1.160794,0.240106,0.639976
Curve,RearUppercut,Commit,0.087750,0.259926,1.160553,0.240074,0.544273
Curve,RearUppercut,Commit,0.088200,0.259953,1.160355,0.240047,0.447507
Curve,RearUppercut,Commit,0.088650,0.259973,1.160201,0.240027,0.349908
Curve,RearUppercut,Commit,0.089100,0.259988,1.160089,0.240012,0.251245
Curve,RearUppercut,Commit,0.089550,0.259997,1.160022,0.240003,0.151499
Curve,RearUppercut,Commit,0.090000,0.260000,1.160000,0.240000,0.050685
Curve,RearUppercut,Extend,0.000700,0.259992,1.160025,0.240015,0.043199
Curve,RearUppercut,Extend,0.001400,0.259967,1.160101,0.240058,0.129308
Curve,RearUppercut,Extend,0.002100,0.259927,1.160226,0.240131,0.214463
Curve,RearUppercut,Extend,0.002800,0.259870,1.160400,0.240232,0.298985
Curve,RearUppercut,Extend,0.003500,0.259797,1.160623,0.240362,0.382695
Curve,RearUppercut,Extend,0.004200,0.259709,1.160894,0.240520,0.465736
Curve,RearUppercut,Extend,0.004900,0.259605,1.161213,0.240705,0.547869
Curve,RearUppercut,Extend,0.005600,0.259486,1.161580,0.240918,0.629496
Curve,RearUppercut,Extend,0.006300,0.259351,1.161994,0.241159,0.710283
Curve,RearUppercut,Extend,0.007000,0.259201,1.162454,0.241427,0.790158
Curve,RearUppercut,Extend,0.007700,0.259036,1.162960,0.241721,0.869508
Curve,RearUppercut,Extend,0.008400,0.258856,1.163512,0.242042,0.947948
Curve,RearUppercut,Extend,0.009100,0.258662,1.164110,0.242390,1.025841
Curve,RearUppercut,Extend,0.009800,0.258453,1.164752,0.242763,1.102823
Curve,RearUppercut,Extend,0.010500,0.258229,1.165439,0.243162,1.178996
Curve,RearUppercut,Extend,0.011200,0.257991,1.166170,0.243587,1.254633
Curve,RearUppercut,Extend,0.011900,0.257739,1.166945,0.244037,1.329370
Curve,RearUppercut,Extend,0.012600,0.257473,1.167762,0.244513,1.403286
Curve,RearUppercut,Extend,0.013300,0.257193,1.168622,0.245013,1.476707
Curve,RearUppercut,Extend,0.014000,0.256899,1.169525,0.245538,1.549157
Curve,RearUppercut,Extend,0.014700,0.256592,1.170469,0.246087,1.620980
Curve,RearUppercut,Extend,0.015400,0.256271,1.171454,0.246660,1.692024
Curve,RearUppercut,Extend,0.016100,0.255936,1.172481,0.247256,1.762369
Curve,RearUppercut,Extend,0.016800,0.255589,1.173548,0.247877,1.831946
Curve,RearUppercut,Extend,0.017500,0.255229,1.174655,0.248521,1.900571
Curve,RearUppercut,Extend,0.018200,0.254855,1.175802,0.249187,1.968823
Curve,RearUppercut,Extend,0.018900,0.254469,1.176988,0.249877,2.036022
Curve,RearUppercut,Extend,0.019600,0.254070,1.178213,0.250589,2.102524
Curve,RearUppercut,Extend,0.020300,0.253659,1.179476,0.251323,2.168407
Curve,RearUppercut,Extend,0.021000,0.253235,1.180777,0.252080,2.233471
Curve,RearUppercut,Extend,0.021700,0.252800,1.182116,0.252858,2.297757
Curve,RearUppercut,Extend,0.022400,0.252352,1.183491,0.253658,2.361222
Curve,RearUppercut,Extend,0.023100,0.251892,1.184903,0.254479,2.424193
Curve,RearUppercut,Extend,0.023800,0.251420,1.186352,0.255321,2.486212
Curve,RearUppercut,Extend,0.024500,0.250937,1.187836,0.256183,2.547604
Curve,RearUppercut,Extend,0.025200,0.250443,1.189355,0.257067,2.608014
Curve,RearUppercut,Extend,0.025900,0.249937,1.190909,0.257970,2.667948
Curve,RearUppercut,Extend,0.026600,0.249419,1.192497,0.258894,2.727070
Curve,RearUppercut,Extend,0.027300,0.248891,1.194120,0.259837,2.785396
Curve,RearUppercut,Extend,0.028000,0.248352,1.195776,0.260800,2.842917
Curve,RearUppercut,Extend,0.028700,0.247802,1.197465,0.261782,2.899797
Curve,RearUppercut,Extend,0.029400,0.247241,1.199187,0.262783,2.955882
Curve,RearUppercut,Extend,0.030100,0.246670,1.200941,0.263803,3.011169
Curve,RearUppercut,Extend,0.030800,0.246089,1.202727,0.264841,3.065787
Curve,RearUppercut,Extend,0.031500,0.245497,1.204544,0.265898,3.119758
Curve,RearUppercut,Extend,0.032200,0.244896,1.206393,0.266972,3.172641
Curve,RearUppercut,Extend,0.032900,0.244284,1.208271,0.268065,3.225186
Curve,RearUppercut,Extend,0.033600,0.243662,1.210180,0.269174,3.276732
Curve,RearUppercut,Extend,0.034300,0.243031,1.212118,0.270301,3.327543
Curve,RearUppercut,Extend,0.035000,0.242391,1.214086,0.271445,3.377820
Curve,RearUppercut,Extend,0.035700,0.241741,1.216082,0.272606,3.426996
Curve,RearUppercut,Extend,0.036400,0.241082,1.218107,0.273783,3.475680
Curve,RearUppercut,Extend,0.037100,0.240413,1.220160,0.274976,3.523545
Curve,RearUppercut,Extend,0.037800,0.239736,1.222239,0.276186,3.570662
Curve,RearUppercut,Extend,0.038500,0.239050,1.224347,0.277411,3.617090
Curve,RearUppercut,Extend,0.039200,0.238355,1.226480,0.278651,3.662688
Curve,RearUppercut,Extend,0.039900,0.237652,1.228640,0.279907,3.707549
Curve,RearUppercut,Extend,0.040600,0.236941,1.230825,0.281178,3.751722
Curve,RearUppercut,Extend,0.041300,0.236221,1.233036,0.282463,3.795120
Curve,RearUppercut,Extend,0.042000,0.235493,1.235272,0.283763,3.837725
Curve,RearUppercut,Extend,0.042700,0.234757,1.237532,0.285076,3.879609
Curve,RearUppercut,Extend,0.043400,0.234014,1.239815,0.286404,3.920783
Curve,RearUppercut,Extend,0.044100,0.233262,1.242123,0.287746,3.961095
Curve,RearUppercut,Extend,0.044800,0.232504,1.244453,0.289101,4.000790
Curve,RearUppercut,Extend,0.045500,0.231737,1.246807,0.290469,4.039697
Curve,RearUppercut,Extend,0.046200,0.230964,1.249182,0.291850,4.077920
Curve,RearUppercut,Extend,0.046900,0.230184,1.251579,0.293244,4.115213
Curve,RearUppercut,Extend,0.047600,0.229396,1.253998,0.294650,4.151984
Curve,RearUppercut,Extend,0.048300,0.228602,1.256437,0.296068,4.187860
Curve,RearUppercut,Extend,0.049000,0.227801,1.258897,0.297498,4.222977
Curve,RearUppercut,Extend,0.049700,0.226993,1.261377,0.298940,4.257453
Curve,RearUppercut,Extend,0.050400,0.226180,1.263877,0.300394,4.291012
Curve,RearUppercut,Extend,0.051100,0.225360,1.266396,0.301858,4.324106
Curve,RearUppercut,Extend,0.051800,0.224533,1.268933,0.303333,4.356088
Curve,RearUppercut,Extend,0.052500,0.223701,1.271489,0.304819,4.387718
Curve,RearUppercut,Extend,0.053200,0.222863,1.274063,0.306316,4.418284
Curve,RearUppercut,Extend,0.053900,0.222020,1.276654,0.307822,4.448149
Curve,RearUppercut,Extend,0.054600,0.221170,1.279262,0.309339,4.477426
Curve,RearUppercut,Extend,0.055300,0.220316,1.281887,0.310865,4.505860
Curve,RearUppercut,Extend,0.056000,0.219456,1.284528,0.312400,4.533496
Curve,RearUppercut,Extend,0.056700,0.218591,1.287185,0.313945,4.560478
Curve,RearUppercut,Extend,0.057400,0.217721,1.289856,0.315498,4.586698
Curve,RearUppercut,Extend,0.058100,0.216847,1.292543,0.317060,4.612219
Curve,RearUppercut,Extend,0.058800,0.215967,1.295244,0.318630,4.636830
Curve,RearUppercut,Extend,0.059500,0.215083,1.297959,0.320209,4.660768
Curve,RearUppercut,Extend,0.060200,0.214195,1.300688,0.321795,4.683900
Curve,RearUppercut,Extend,0.060900,0.213302,1.303429,0.323389,4.706459
Curve,RearUppercut,Extend,0.061600,0.212405,1.306184,0.324990,4.728241
Curve,RearUppercut,Extend,0.062300,0.211505,1.308950,0.326599,4.749026
Curve,RearUppercut,Extend,0.063000,0.210600,1.311728,0.328214,4.769394
Curve,RearUppercut,Extend,0.063700,0.209692,1.314518,0.329836,4.788876
Curve,RearUppercut,Extend,0.064400,0.208780,1.317318,0.331464,4.807511
Curve,RearUppercut,Extend,0.065100,0.207865,1.320129,0.333098,4.825479
Curve,RearUppercut,Extend,0.065800,0.206946,1.322950,0.334739,4.842731
Curve,RearUppercut,Extend,0.066500,0.206025,1.325781,0.336384,4.859252
Curve,RearUppercut,Extend,0.067200,0.205100,1.328621,0.338035,4.874843
Curve,RearUppercut,Extend,0.067900,0.204173,1.331469,0.339691,4.889995
Curve,RearUppercut,Extend,0.068600,0.203243,1.334326,0.341352,4.904250
Curve,RearUppercut,Extend,0.069300,0.202310,1.337191,0.343018,4.917605
Curve,RearUppercut,Extend,0.070000,0.201375,1.340063,0.344688,4.930486
Curve,RearUppercut,Extend,0.070700,0.200438,1.342942,0.346361,4.942378
Curve,RearUppercut,Extend,0.071400,0.199498,1.345827,0.348039,4.953598
Curve,RearUppercut,Extend,0.072100,0.198557,1.348719,0.349720,4.964086
Curve,RearUppercut,Extend,0.072800,0.197613,1.351616,0.351405,4.973864
Curve,RearUppercut,Extend,0.073500,0.196668,1.354519,0.353092,4.982896
Curve,RearUppercut,Extend,0.074200,0.195722,1.357426,0.354783,4.991242
Curve,RearUppercut,Extend,0.074900,0.194774,1.360338,0.356476,4.998669
Curve,RearUppercut,Extend,0.075600,0.193824,1.363254,0.358171,5.005549
Curve,RearUppercut,Extend,0.076300,0.192874,1.366173,0.359868,5.011362
Curve,RearUppercut,Extend,0.077000,0.191922,1.369096,0.361567,5.016663
Curve,RearUppercut,Extend,0.077700,0.190970,1.372021,0.363268,5.021308
Curve,RearUppercut,Extend,0.078400,0.190017,1.374948,0.364970,5.025036
Curve,RearUppercut,Extend,0.079100,0.189063,1.377877,0.366673,5.027930
Curve,RearUppercut,Extend,0.079800,0.188109,1.380807,0.368376,5.030349
Curve,RearUppercut,Extend,0.080500,0.187155,1.383738,0.370080,5.031974
Curve,RearUppercut,Extend,0.081200,0.186201,1.386670,0.371785,5.032596
Curve,RearUppercut,Extend,0.081900,0.185246,1.389601,0.373489,5.032631
Curve,RearUppercut,Extend,0.082600,0.184292,1.392533,0.375193,5.031981
Curve,RearUppercut,Extend,0.083300,0.183338,1.395463,0.376897,5.030555
Curve,RearUppercut,Extend,0.084000,0.182384,1.398392,0.378600,5.028314
Curve,RearUppercut,Extend,0.084700,0.181431,1.401319,0.380302,5.025269
Curve,RearUppercut,Extend,0.085400,0.180479,1.404245,0.382003,5.021717
Curve,RearUppercut,Extend,0.086100,0.179527,1.407167,0.383702,5.017105
Curve,RearUppercut,Extend,0.086800,0.178576,1.410087,0.385399,5.012093
Curve,RearUppercut,Extend,0.087500,0.177627,1.413003,0.387095,5.006038
Curve,RearUppercut,Extend,0.088200,0.176679,1.415915,0.388788,4.999412
Curve,RearUppercut,Extend,0.088900,0.175732,1.418823,0.390479,4.991910
Curve,RearUppercut,Extend,0.089600,0.174787,1.421726,0.392166,4.983706
Curve,RearUppercut,Extend,0.090300,0.173843,1.424624,0.393851,4.974874
Curve,RearUppercut,Extend,0.091000,0.172902,1.427516,0.395533,4.965096
Curve,RearUppercut,Extend,0.091700,0.171962,1.430403,0.397211,4.954671
Curve,RearUppercut,Extend,0.092400,0.171024,1.433282,0.398885,4.943604
Curve,RearUppercut,Extend,0.093100,0.170089,1.436155,0.400555,4.931676
Curve,RearUppercut,Extend,0.093800,0.169156,1.439021,0.402221,4.918856
Curve,RearUppercut,Extend,0.094500,0.168226,1.441878,0.403883,4.905675
Curve,RearUppercut,Extend,0.095200,0.167298,1.444727,0.405539,4.891259
Curve,RearUppercut,Extend,0.095900,0.166373,1.447568,0.407191,4.876457
Curve,RearUppercut,Extend,0.096600,0.165451,1.450400,0.408837,4.860873
Curve,RearUppercut,Extend,0.097300,0.164533,1.453222,0.410478,4.844351
Curve,RearUppercut,Extend,0.098000,0.163617,1.456033,0.412113,4.827163
Curve,RearUppercut,Extend,0.098700,0.162705,1.458835,0.413741,4.809340
Curve,RearUppercut,Extend,0.099400,0.161796,1.461626,0.415364,4.790728
Curve,RearUppercut,Extend,0.100100,0.160891,1.464405,0.416980,4.771255
Curve,RearUppercut,Extend,0.100800,0.159990,1.467173,0.418589,4.751241
Curve,RearUppercut,Extend,0.101500,0.159093,1.469928,0.420191,4.730308
Curve,RearUppercut,Extend,0.102200,0.158200,1.472671,0.421786,4.708663
Curve,RearUppercut,Extend,0.102900,0.157311,1.475401,0.423373,4.686168
Curve,RearUppercut,Extend,0.103600,0.156427,1.478117,0.424952,4.663198
Curve,RearUppercut,Extend,0.104300,0.155547,1.480820,0.426523,4.639112
Curve,RearUppercut,Extend,0.105000,0.154672,1.483508,0.428086,4.614676
Curve,RearUppercut,Extend,0.105700,0.153802,1.486181,0.429640,4.589171
Curve,RearUppercut,Extend,0.106400,0.152936,1.488839,0.431186,4.563149
Curve,RearUppercut,Extend,0.107100,0.152076,1.491482,0.432722,4.536184
Curve,RearUppercut,Extend,0.107800,0.151221,1.494108,0.434249,4.508678
Curve,RearUppercut,Extend,0.108500,0.150371,1.496718,0.435766,4.480229
Curve,RearUppercut,Extend,0.109200,0.149527,1.499311,0.437274,4.451067
Curve,RearUppercut,Extend,0.109900,0.148688,1.501886,0.438771,4.421341
Curve,RearUppercut,Extend,0.110600,0.147856,1.504444,0.440258,4.390648
Curve,RearUppercut,Extend,0.111300,0.147029,1.506983,0.441735,4.359343
Curve,RearUppercut,Extend,0.112000,0.146208,1.509504,0.443200,4.327200
Curve,RearUppercut,Extend,0.112700,0.145394,1.512006,0.444654,4.294435
Curve,RearUppercut,Extend,0.113400,0.144586,1.514488,0.446097,4.260705
Curve,RearUppercut,Extend,0.114100,0.143784,1.516950,0.447529,4.226484
Curve,RearUppercut,Extend,0.114800,0.142989,1.519391,0.448948,4.191359
Curve,RearUppercut,Extend,0.115500,0.142201,1.521812,0.450356,4.155477
Curve,RearUppercut,Extend,0.116200,0.141420,1.524211,0.451751,4.118900
Curve,RearUppercut,Extend,0.116900,0.140646,1.526589,0.453133,4.081602
Curve,RearUppercut,Extend,0.117600,0.139879,1.528944,0.454502,4.043558
Curve,RearUppercut,Extend,0.118300,0.139119,1.531277,0.455859,4.004672
Curve,RearUppercut,Extend,0.119000,0.138367,1.533587,0.457202,3.965155
Curve,RearUppercut,Extend,0.119700,0.137623,1.535873,0.458531,3.924712
Curve,RearUppercut,Extend,0.120400,0.136886,1.538135,0.459846,3.883717
Curve,RearUppercut,Extend,0.121100,0.136158,1.540373,0.461147,3.841975
Curve,RearUppercut,Extend,0.121800,0.135437,1.542586,0.462434,3.799260
Curve,RearUppercut,Extend,0.122500,0.134725,1.544774,0.463706,3.756034
Curve,RearUppercut,Extend,0.123200,0.134021,1.546937,0.464963,3.711994
Curve,RearUppercut,Extend,0.123900,0.133325,1.549073,0.466205,3.667070
Curve,RearUppercut,Extend,0.124600,0.132638,1.551183,0.467432,3.621599
Curve,RearUppercut,Extend,0.125300,0.131960,1.553265,0.468643,3.575286
Curve,RearUppercut,Extend,0.126000,0.131291,1.555321,0.469838,3.528272
Curve,RearUppercut,Extend,0.126700,0.130631,1.557348,0.471016,3.480404
Curve,RearUppercut,Extend,0.127400,0.129980,1.559347,0.472179,3.432029
Curve,RearUppercut,Extend,0.128100,0.129339,1.561318,0.473324,3.382576
Curve,RearUppercut,Extend,0.128800,0.128706,1.563259,0.474453,3.332481
Curve,RearUppercut,Extend,0.129500,0.128084,1.565171,0.475564,3.281845
Curve,RearUppercut,Extend,0.130200,0.127471,1.567052,0.476658,3.230299
Curve,RearUppercut,Extend,0.130900,0.126869,1.568903,0.477735,3.177942
Curve,RearUppercut,Extend,0.131600,0.126276,1.570724,0.478793,3.124908
Curve,RearUppercut,Extend,0.132300,0.125694,1.572513,0.479833,3.071120
Curve,RearUppercut,Extend,0.133000,0.125121,1.574270,0.480855,3.016665
Curve,RearUppercut,Extend,0.133700,0.124560,1.575995,0.481858,2.961380
Curve,RearUppercut,Extend,0.134400,0.124009,1.577688,0.482842,2.905355
Curve,RearUppercut,Extend,0.135100,0.123468,1.579347,0.483806,2.848610
Curve,RearUppercut,Extend,0.135800,0.122939,1.580973,0.484752,2.791118
Curve,RearUppercut,Extend,0.136500,0.122421,1.582565,0.485677,2.732824
Curve,RearUppercut,Extend,0.137200,0.121914,1.584122,0.486583,2.673729
Curve,RearUppercut,Extend,0.137900,0.121418,1.585645,0.487468,2.614105
Curve,RearUppercut,Extend,0.138600,0.120934,1.587132,0.488333,2.553532
Curve,RearUppercut,Extend,0.139300,0.120461,1.588584,0.489177,2.492364
Curve,RearUppercut,Extend,0.140000,0.120000,1.590000,0.490000,2.430327
Curve,RearUppercut,Recover,0.001400,0.121493,1.588060,0.486866,2.840652
Curve,RearUppercut,Recover,0.002800,0.122970,1.586139,0.483763,2.812275
Curve,RearUppercut,Recover,0.004200,0.124433,1.584237,0.480691,2.783976
Curve,RearUppercut,Recover,0.005600,0.125881,1.582355,0.477650,2.755861
Curve,RearUppercut,Recover,0.007000,0.127314,1.580492,0.474641,2.727877
Curve,RearUppercut,Recover,0.008400,0.128733,1.578647,0.471661,2.700086
Curve,RearUppercut,Recover,0.009800,0.130137,1.576822,0.468713,2.672369
Curve,RearUppercut,Recover,0.011200,0.131526,1.575016,0.465795,2.644814
Curve,RearUppercut,Recover,0.012600,0.132902,1.573228,0.462907,2.617397
Curve,RearUppercut,Recover,0.014000,0.134263,1.571459,0.460049,2.590116
Curve,RearUppercut,Recover,0.015400,0.135609,1.569708,0.457221,2.563043
Curve,RearUppercut,Recover,0.016800,0.136942,1.567976,0.454423,2.536008
Curve,RearUppercut,Recover,0.018200,0.138260,1.566262,0.451654,2.509213
Curve,RearUppercut,Recover,0.019600,0.139564,1.564566,0.448915,2.482506
Curve,RearUppercut,Recover,0.021000,0.140855,1.562889,0.446205,2.455936
Curve,RearUppercut,Recover,0.022400,0.142131,1.561229,0.443525,2.429595
Curve,RearUppercut,Recover,0.023800,0.143394,1.559588,0.440873,2.403278
Curve,RearUppercut,Recover,0.025200,0.144643,1.557964,0.438250,2.377173
Curve,RearUppercut,Recover,0.026600,0.145878,1.556358,0.435656,2.351169
Curve,RearUppercut,Recover,0.028000,0.147100,1.554770,0.433090,2.325376
Curve,RearUppercut,Recover,0.029400,0.148308,1.553199,0.430553,2.299637
Curve,RearUppercut,Recover,0.030800,0.149503,1.551646,0.428044,2.274111
Curve,RearUppercut,Recover,0.032200,0.150685,1.550110,0.425562,2.248666
Curve,RearUppercut,Recover,0.033600,0.151853,1.548591,0.423109,2.223459
Curve,RearUppercut,Recover,0.035000,0.153008,1.547090,0.420684,2.198256
Curve,RearUppercut,Recover,0.036400,0.154150,1.545605,0.418286,2.173357
Curve,RearUppercut,Recover,0.037800,0.155279,1.544138,0.415915,2.148487
Curve,RearUppercut,Recover,0.039200,0.156394,1.542687,0.413572,2.123795
Curve,RearUppercut,Recover,0.040600,0.157497,1.541253,0.411256,2.099241
Curve,RearUppercut,Recover,0.042000,0.158588,1.539836,0.408966,2.074831
Curve,RearUppercut,Recover,0.043400,0.159665,1.538436,0.406704,2.050555
Curve,RearUppercut,Recover,0.044800,0.160730,1.537052,0.404468,2.026441
Curve,RearUppercut,Recover,0.046200,0.161782,1.535684,0.402258,2.002485
Curve,RearUppercut,Recover,0.047600,0.162821,1.534332,0.400075,1.978562
Curve,RearUppercut,Recover,0.049000,0.163848,1.532997,0.397918,1.954967
Curve,RearUppercut,Recover,0.050400,0.164863,1.531678,0.395787,1.931360
Curve,RearUppercut,Recover,0.051800,0.165866,1.530375,0.393682,1.907961
Curve,RearUppercut,Recover,0.053200,0.166856,1.529087,0.391603,1.884669
Curve,RearUppercut,Recover,0.054600,0.167834,1.527816,0.389549,1.861598
Curve,RearUppercut,Recover,0.056000,0.168800,1.526560,0.387520,1.838556
Curve,RearUppercut,Recover,0.057400,0.169754,1.525320,0.385517,1.815768
Curve,RearUppercut,Recover,0.058800,0.170696,1.524095,0.383538,1.793071
Curve,RearUppercut,Recover,0.060200,0.171626,1.522886,0.381585,1.770469
Curve,RearUppercut,Recover,0.061600,0.172545,1.521692,0.379656,1.748088
Curve,RearUppercut,Recover,0.063000,0.173452,1.520513,0.377752,1.725794
Curve,RearUppercut,Recover,0.064400,0.174347,1.519349,0.375872,1.703712
Curve,RearUppercut,Recover,0.065800,0.175230,1.518201,0.374016,1.681721
Curve,RearUppercut,Recover,0.067200,0.176102,1.517067,0.372185,1.659847
Curve,RearUppercut,Recover,0.068600,0.176963,1.515948,0.370378,1.638197
Curve,RearUppercut,Recover,0.070000,0.177813,1.514844,0.368594,1.616593
Curve,RearUppercut,Recover,0.071400,0.178651,1.513754,0.366834,1.595205
Curve,RearUppercut,Recover,0.072800,0.179478,1.512679,0.365097,1.573962
Curve,RearUppercut,Recover,0.074200,0.180293,1.511618,0.363384,1.552798
Curve,RearUppercut,Recover,0.075600,0.181098,1.510572,0.361694,1.531842
Curve,RearUppercut,Recover,0.077000,0.181892,1.509540,0.360026,1.510952
Curve,RearUppercut,Recover,0.078400,0.182675,1.508522,0.358382,1.490300
Curve,RearUppercut,Recover,0.079800,0.183447,1.507518,0.356760,1.469722
Curve,RearUppercut,Recover,0.081200,0.184209,1.506528,0.355161,1.449319
Curve,RearUppercut,Recover,0.082600,0.184960,1.505552,0.353585,1.429040
Curve,RearUppercut,Recover,0.084000,0.185700,1.504590,0.352030,1.408932
Curve,RearUppercut,Recover,0.085400,0.186430,1.503641,0.350498,1.388932
Curve,RearUppercut,Recover,0.086800,0.187149,1.502706,0.348987,1.369123
Curve,RearUppercut,Recover,0.088200,0.187858,1.501785,0.347498,1.349364
Curve,RearUppercut,Recover,0.089600,0.188557,1.500876,0.346031,1.329854
Curve,RearUppercut,Recover,0.091000,0.189245,1.499981,0.344585,1.310423
Curve,RearUppercut,Recover,0.092400,0.189924,1.499099,0.343160,1.291158
Curve,RearUppercut,Recover,0.093800,0.190592,1.498230,0.341757,1.272051
Curve,RearUppercut,Recover,0.095200,0.191250,1.497375,0.340374,1.253019
Curve,RearUppercut,Recover,0.096600,0.191899,1.496531,0.339012,1.234220
Curve,RearUppercut,Recover,0.098000,0.192538,1.495701,0.337671,1.215487
Curve,RearUppercut,Recover,0.099400,0.193166,1.494884,0.336351,1.196937
Curve,RearUppercut,Recover,0.100800,0.193786,1.494079,0.335050,1.178558
Curve,RearUppercut,Recover,0.102200,0.194395,1.493286,0.333770,1.160261
Curve,RearUppercut,Recover,0.103600,0.194995,1.492506,0.332510,1.142114
Curve,RearUppercut,Recover,0.105000,0.195586,1.491738,0.331270,1.124133
Curve,RearUppercut,Recover,0.106400,0.196167,1.490983,0.330049,1.106320
Curve,RearUppercut,Recover,0.107800,0.196739,1.490239,0.328848,1.088588
Curve,RearUppercut,Recover,0.109200,0.197302,1.489508,0.327666,1.071035
Curve,RearUppercut,Recover,0.110600,0.197856,1.488788,0.326504,1.053645
Curve,RearUppercut,Recover,0.112000,0.198400,1.488080,0.325360,1.036354
Curve,RearUppercut,Recover,0.113400,0.198936,1.487384,0.324235,1.019229
Curve,RearUppercut,Recover,0.114800,0.199462,1.486699,0.323130,1.002225
Curve,RearUppercut,Recover,0.116200,0.199980,1.486026,0.322042,0.985396
Curve,RearUppercut,Recover,0.117600,0.200489,1.485365,0.320974,0.968728
Curve,RearUppercut,Recover,0.119000,0.200989,1.484714,0.319923,0.952106
Curve,RearUppercut,Recover,0.120400,0.201481,1.484075,0.318891,0.935746
Curve,RearUppercut,Recover,0.121800,0.201964,1.483447,0.317876,0.919449
Curve,RearUppercut,Recover,0.123200,0.202438,1.482830,0.316879,0.903284
Curve,RearUppercut,Recover,0.124600,0.202905,1.482224,0.315900,0.887364
Curve,RearUppercut,Recover,0.126000,0.203363,1.481629,0.314939,0.871470
Curve,RearUppercut,Recover,0.127400,0.203812,1.481044,0.313995,0.855779
Curve,RearUppercut,Recover,0.128800,0.204254,1.480470,0.313067,0.840254
Curve,RearUppercut,Recover,0.130200,0.204687,1.479907,0.312157,0.824792
Curve,RearUppercut,Recover,0.131600,0.205112,1.479354,0.311264,0.809537
Curve,RearUppercut,Recover,0.133000,0.205530,1.478812,0.310388,0.794365
Curve,RearUppercut,Recover,0.134400,0.205939,1.478279,0.309528,0.779418
Curve,RearUppercut,Recover,0.135800,0.206341,1.477757,0.308684,0.764587
Curve,RearUppercut,Recover,0.137200,0.206735,1.477245,0.307857,0.749902
Curve,RearUppercut,Recover,0.138600,0.207121,1.476742,0.307045,0.735287
Curve,RearUppercut,Recover,0.140000,0.207500,1.476250,0.306250,0.720868
Curve,RearUppercut,Recover,0.141400,0.207871,1.475767,0.305470,0.706623
Curve,RearUppercut,Recover,0.142800,0.208235,1.475294,0.304706,0.692490
Curve,RearUppercut,Recover,0.144200,0.208592,1.474831,0.303958,0.678474
Curve,RearUppercut,Recover,0.145600,0.208941,1.474377,0.303224,0.664640
Curve,RearUppercut,Recover,0.147000,0.209283,1.473932,0.302506,0.650960
Curve,RearUppercut,Recover,0.148400,0.209618,1.473497,0.301803,0.637368
Curve,RearUppercut,Recover,0.149800,0.209946,1.473071,0.301114,0.623958
Curve,RearUppercut,Recover,0.151200,0.210266,1.472654,0.300441,0.610706
Curve,RearUppercut,Recover,0.152600,0.210580,1.472246,0.299781,0.597559
Curve,RearUppercut,Recover,0.154000,0.210888,1.471846,0.299136,0.584544
Curve,RearUppercut,Recover,0.155400,0.211188,1.471456,0.298505,0.571737
Curve,RearUppercut,Recover,0.156800,0.211482,1.471074,0.297889,0.559009
Curve,RearUppercut,Recover,0.158200,0.211769,1.470701,0.297286,0.546455
Curve,RearUppercut,Recover,0.159600,0.212049,1.470336,0.296697,0.534030
Curve,RearUppercut,Recover,0.161000,0.212323,1.469980,0.296121,0.521784
Curve,RearUppercut,Recover,0.162400,0.212591,1.469631,0.295559,0.509633
Curve,RearUppercut,Recover,0.163800,0.212853,1.469292,0.295009,0.497620
Curve,RearUppercut,Recover,0.165200,0.213108,1.468960,0.294473,0.485769
Curve,RearUppercut,Recover,0.166600,0.213357,1.468636,0.293950,0.474117
Curve,RearUppercut,Recover,0.168000,0.213600,1.468320,0.293440,0.462481
Curve,RearUppercut,Recover,0.169400,0.213837,1.468012,0.292942,0.451091
Curve,RearUppercut,Recover,0.170800,0.214068,1.467712,0.292457,0.439830
Curve,RearUppercut,Recover,0.172200,0.214293,1.467419,0.291984,0.428714
Curve,RearUppercut,Recover,0.173600,0.214513,1.467133,0.291523,0.417681
Curve,RearUppercut,Recover,0.175000,0.214727,1.466856,0.291074,0.406852
Curve,RearUppercut,Recover,0.176400,0.214935,1.466585,0.290637,0.396148
Curve,RearUppercut,Recover,0.177800,0.215137,1.466322,0.290212,0.385564
Curve,RearUppercut,Recover,0.179200,0.215334,1.466065,0.289798,0.375188
Curve,RearUppercut,Recover,0.180600,0.215526,1.465816,0.289395,0.364853
Curve,RearUppercut,Recover,0.182000,0.215713,1.465574,0.289004,0.354755
Curve,RearUppercut,Recover,0.183400,0.215894,1.465338,0.288623,0.344745
Curve,RearUppercut,Recover,0.184800,0.216070,1.465110,0.288254,0.334905
Curve,RearUppercut,Recover,0.186200,0.216241,1.464887,0.287895,0.325235
Curve,RearUppercut,Recover,0.187600,0.216406,1.464672,0.287547,0.315603
Curve,RearUppercut,Recover,0.189000,0.216567,1.464463,0.287209,0.306236
Curve,RearUppercut,Recover,0.190400,0.216723,1.464260,0.286881,0.296916
Curve,RearUppercut,Recover,0.191800,0.216874,1.464063,0.286564,0.287794
Curve,RearUppercut,Recover,0.193200,0.217021,1.463873,0.286256,0.278802
Curve,RearUppercut,Recover,0.194600,0.217163,1.463688,0.285958,0.269955
Curve,RearUppercut,Recover,0.196000,0.217300,1.463510,0.285670,0.261253
Curve,RearUppercut,Recover,0.197400,0.217433,1.463337,0.285391,0.252689
Curve,RearUppercut,Recover,0.198800,0.217561,1.463171,0.285122,0.244237
Curve,RearUppercut,Recover,0.200200,0.217685,1.463009,0.284861,0.235984
Curve,RearUppercut,Recover,0.201600,0.217805,1.462854,0.284610,0.227877
Curve,RearUppercut,Recover,0.203000,0.217920,1.462704,0.284367,0.219853
Curve,RearUppercut,Recover,0.204400,0.218032,1.462559,0.284133,0.211978
Curve,RearUppercut,Recover,0.205800,0.218139,1.462419,0.283908,0.204299
Curve,RearUppercut,Recover,0.207200,0.218242,1.462285,0.283691,0.196736
Curve,RearUppercut,Recover,0.208600,0.218342,1.462156,0.283482,0.189323
Curve,RearUppercut,Recover,0.210000,0.218438,1.462031,0.283281,0.182026
Curve,RearUppercut,Recover,0.211400,0.218529,1.461912,0.283088,0.174874
Curve,RearUppercut,Recover,0.212800,0.218618,1.461797,0.282903,0.167897
Curve,RearUppercut,Recover,0.214200,0.218702,1.461687,0.282725,0.161007
Curve,RearUppercut,Recover,0.215600,0.218783,1.461582,0.282555,0.154367
Curve,RearUppercut,Recover,0.217000,0.218861,1.461481,0.282392,0.147743
Curve,RearUppercut,Recover,0.218400,0.218935,1.461384,0.282236,0.141344
Curve,RearUppercut,Recover,0.219800,0.219006,1.461292,0.282087,0.135069
Curve,RearUppercut,Recover,0.221200,0.219074,1.461204,0.281945,0.128935
Curve,RearUppercut,Recover,0.222600,0.219139,1.461120,0.281809,0.122910
Curve,RearUppercut,Recover,0.224000,0.219200,1.461040,0.281680,0.117076
Curve,RearUppercut,Recover,0.225400,0.219259,1.460964,0.281557,0.111379
Curve,RearUppercut,Recover,0.226800,0.219314,1.460892,0.281440,0.105773
Curve,RearUppercut,Recover,0.228200,0.219367,1.460823,0.281330,0.100384
Curve,RearUppercut,Recover,0.229600,0.219417,1.460758,0.281225,0.095085
Curve,RearUppercut,Recover,0.231000,0.219464,1.460697,0.281126,0.089995
Curve,RearUppercut,Recover,0.232400,0.219509,1.460639,0.281032,0.084921
Curve,RearUppercut,Recover,0.233800,0.219551,1.460584,0.280943,0.080109
Curve,RearUppercut,Recover,0.235200,0.219590,1.460533,0.280860,0.075388
Curve,RearUppercut,Recover,0.236600,0.219628,1.460484,0.280782,0.070834
Curve,RearUppercut,Recover,0.238000,0.219663,1.460439,0.280709,0.066417
Curve,RearUppercut,Recover,0.239400,0.219695,1.460396,0.280640,0.062083
Curve,RearUppercut,Recover,0.240800,0.219726,1.460357,0.280576,0.058002
Curve,RearUppercut,Recover,0.242200,0.219754,1.460320,0.280517,0.053979
Curve,RearUppercut,Recover,0.243600,0.219780,1.460286,0.280461,0.050119
Curve,RearUppercut,Recover,0.245000,0.219805,1.460254,0.280410,0.046412
Curve,RearUppercut,Recover,0.246400,0.219827,1.460225,0.280363,0.042880
Curve,RearUppercut,Recover,0.247800,0.219848,1.460198,0.280319,0.039381
Curve,RearUppercut,Recover,0.249200,0.219867,1.460173,0.280280,0.036174
Curve,RearUppercut,Recover,0.250600,0.219884,1.460150,0.280243,0.032999
Curve,RearUppercut,Recover,0.252000,0.219900,1.460130,0.280210,0.029986
Curve,RearUppercut,Recover,0.253400,0.219914,1.460111,0.280180,0.027147
Curve,RearUppercut,Recover,0.254800,0.219927,1.460095,0.280153,0.024426
Curve,RearUppercut,Recover,0.256200,0.219939,1.460080,0.280129,0.021862
Curve,RearUppercut,Recover,0.257600,0.219949,1.460067,0.280108,0.019452
Curve,RearUppercut,Recover,0.259000,0.219958,1.460055,0.280089,0.017145
Curve,RearUppercut,Recover,0.260400,0.219966,1.460045,0.280072,0.015010
Curve,RearUppercut,Recover,0.261800,0.219973,1.460036,0.280058,0.013036
Curve,RearUppercut,Recover,0.263200,0.219978,1.460028,0.280045,0.011116
Curve,RearUppercut,Recover,0.264600,0.219983,1.460022,0.280035,0.009491
Curve,RearUppercut,Recover,0.266000,0.219988,1.460016,0.280026,0.007862
Curve,RearUppercut,Recover,0.267400,0.219991,1.460012,0.280019,0.006454
Curve,RearUppercut,Recover,0.268800,0.219994,1.460008,0.280013,0.005132
Curve,RearUppercut,Recover,0.270200,0.219996,1.460006,0.280009,0.004022
Curve,RearUppercut,Recover,0.271600,0.219997,1.460003,0.280006,0.003059
Curve,RearUppercut,Recover,0.273000,0.219998,1.460002,0.280003,0.002140
Curve,RearUppercut,Recover,0.274400,0.219999,1.460001,0.280002,0.001442
Curve,RearUppercut,Recover,0.275800,0.220000,1.460001,0.280001,0.000868
Curve,RearUppercut,Recover,0.277200,0.220000,1.460000,0.280000,0.000475
Curve,RearUppercut,Recover,0.278600,0.220000,1.460000,0.280000,0.000166
Curve,RearUppercut,Recover,0.280000,0.220000,1.460000,0.280000,0.000024
Fast,RearUppercut,Commit,0.000400,0.220003,1.459978,0.279997,0.057015
Fast,RearUppercut,Commit,0.000800,0.220012,1.459911,0.279988,0.170441
Fast,RearUppercut,Commit,0.001200,0.220027,1.459800,0.279973,0.282651
Fast,RearUppercut,Commit,0.001600,0.220047,1.459645,0.279953,0.393646
Fast,RearUppercut,Commit,0.002000,0.220074,1.459447,0.279926,0.503445
Fast,RearUppercut,Commit,0.002400,0.220106,1.459206,0.279894,0.612307
Fast,RearUppercut,Commit,0.002800,0.220144,1.458923,0.279856,0.719973
Fast,RearUppercut,Commit,0.003200,0.220187,1.458598,0.279813,0.826140
Fast,RearUppercut,Commit,0.003600,0.220236,1.458232,0.279764,0.931946
Fast,RearUppercut,Commit,0.004000,0.220290,1.457825,0.279710,1.035698
Fast,RearUppercut,Commit,0.004400,0.220350,1.457377,0.279650,1.139098
Fast,RearUppercut,Commit,0.004800,0.220415,1.456890,0.279585,1.240696
Fast,RearUppercut,Commit,0.005200,0.220485,1.456362,0.279515,1.341392
Fast,RearUppercut,Commit,0.005600,0.220561,1.455796,0.279439,1.441156
Fast,RearUppercut,Commit,0.006000,0.220641,1.455191,0.279359,1.539738
Fast,RearUppercut,Commit,0.006400,0.220727,1.454547,0.279273,1.636768
Fast,RearUppercut,Commit,0.006800,0.220818,1.453866,0.279182,1.733213
Fast,RearUppercut,Commit,0.007200,0.220914,1.453147,0.279086,1.828144
Fast,RearUppercut,Commit,0.007600,0.221014,1.452392,0.278986,1.921855
Fast,RearUppercut,Commit,0.008000,0.221120,1.451600,0.278880,2.014658
Fast,RearUppercut,Commit,0.008400,0.221230,1.450772,0.278770,2.106256
Fast,RearUppercut,Commit,0.008800,0.221346,1.449909,0.278655,2.196906
Fast,RearUppercut,Commit,0.009200,0.221465,1.449010,0.278535,2.286093
Fast,RearUppercut,Commit,0.009600,0.221590,1.448077,0.278410,2.374039
Fast,RearUppercut,Commit,0.010000,0.221719,1.447109,0.278281,2.461087
Fast,RearUppercut,Commit,0.010400,0.221852,1.446108,0.278148,2.547204
Fast,RearUppercut,Commit,0.010800,0.221990,1.445074,0.278010,2.631816
Fast,RearUppercut,Commit,0.011200,0.222133,1.444006,0.277868,2.715224
Fast,RearUppercut,Commit,0.011600,0.222279,1.442907,0.277721,2.797704
Fast,RearUppercut,Commit,0.012000,0.222430,1.441775,0.277570,2.879012
Fast,RearUppercut,Commit,0.012400,0.222585,1.440612,0.277415,2.959349
Fast,RearUppercut,Commit,0.012800,0.222744,1.439418,0.277256,3.038207
Fast,RearUppercut,Commit,0.013200,0.222908,1.438193,0.277092,3.115859
Fast,RearUppercut,Commit,0.013600,0.223075,1.436938,0.276925,3.192877
Fast,RearUppercut,Commit,0.014000,0.223246,1.435653,0.276754,3.268094
Fast,RearUppercut,Commit,0.014400,0.223421,1.434339,0.276579,3.342696
Fast,RearUppercut,Commit,0.014800,0.223601,1.432997,0.276400,3.416092
Fast,RearUppercut,Commit,0.015200,0.223783,1.431625,0.276217,3.487975
Fast,RearUppercut,Commit,0.015600,0.223970,1.430226,0.276030,3.559228
Fast,RearUppercut,Commit,0.016000,0.224160,1.428800,0.275840,3.628983
Fast,RearUppercut,Commit,0.016400,0.224354,1.427347,0.275646,3.697542
Fast,RearUppercut,Commit,0.016800,0.224551,1.425867,0.275449,3.765159
Fast,RearUppercut,Commit,0.017200,0.224752,1.424361,0.275248,3.831571
Fast,RearUppercut,Commit,0.017600,0.224956,1.422829,0.275044,3.896781
Fast,RearUppercut,Commit,0.018000,0.225164,1.421272,0.274836,3.960777
Fast,RearUppercut,Commit,0.018400,0.225375,1.419690,0.274625,4.023860
Fast,RearUppercut,Commit,0.018800,0.225589,1.418084,0.274411,4.085721
Fast,RearUppercut,Commit,0.019200,0.225806,1.416454,0.274194,4.146373
Fast,RearUppercut,Commit,0.019600,0.226027,1.414801,0.273974,4.205820
Fast,RearUppercut,Commit,0.020000,0.226250,1.413125,0.273750,4.264343
Fast,RearUppercut,Commit,0.020400,0.226477,1.411426,0.273524,4.321388
Fast,RearUppercut,Commit,0.020800,0.226706,1.409706,0.273294,4.377769
Fast,RearUppercut,Commit,0.021200,0.226938,1.407963,0.273062,4.432671
Fast,RearUppercut,Commit,0.021600,0.227173,1.406200,0.272827,4.486347
Fast,RearUppercut,Commit,0.022000,0.227411,1.404416,0.272589,4.538818
Fast,RearUppercut,Commit,0.022400,0.227652,1.402611,0.272348,4.590674
Fast,RearUppercut,Commit,0.022800,0.227895,1.400787,0.272105,4.641022
Fast,RearUppercut,Commit,0.023200,0.228141,1.398943,0.271859,4.690150
Fast,RearUppercut,Commit,0.023600,0.228389,1.397081,0.271611,4.738067
Fast,RearUppercut,Commit,0.024000,0.228640,1.395200,0.271360,4.785374
Fast,RearUppercut,Commit,0.024400,0.228893,1.393301,0.271107,4.830880
Fast,RearUppercut,Commit,0.024800,0.229149,1.391385,0.270851,4.875742
Fast,RearUppercut,Commit,0.025200,0.229407,1.389451,0.270594,4.919124
Fast,RearUppercut,Commit,0.025600,0.229667,1.387501,0.270333,4.961282
Fast,RearUppercut,Commit,0.026000,0.229929,1.385534,0.270071,5.002815
Fast,RearUppercut,Commit,0.026400,0.230193,1.383552,0.269807,5.042869
Fast,RearUppercut,Commit,0.026800,0.230459,1.381555,0.269541,5.081673
Fast,RearUppercut,Commit,0.027200,0.230728,1.379542,0.269272,5.119291
Fast,RearUppercut,Commit,0.027600,0.230998,1.377516,0.269002,5.156289
Fast,RearUppercut,Commit,0.028000,0.231270,1.375475,0.268730,5.191467
Fast,RearUppercut,Commit,0.028400,0.231544,1.373421,0.268456,5.226025
Fast,RearUppercut,Commit,0.028800,0.231820,1.371354,0.268181,5.259094
Fast,RearUppercut,Commit,0.029200,0.232097,1.369274,0.267903,5.291240
Fast,RearUppercut,Commit,0.029600,0.232376,1.367182,0.267624,5.321878
Fast,RearUppercut,Commit,0.030000,0.232656,1.365078,0.267344,5.351902
Fast,RearUppercut,Commit,0.030400,0.232938,1.362963,0.267062,5.380695
Fast,RearUppercut,Commit,0.030800,0.233222,1.360838,0.266778,5.407726
Fast,RearUppercut,Commit,0.031200,0.233507,1.358701,0.266494,5.434367
Fast,RearUppercut,Commit,0.031600,0.233793,1.356555,0.266207,5.459558
Fast,RearUppercut,Commit,0.032000,0.234080,1.354400,0.265920,5.483519
Fast,RearUppercut,Commit,0.032400,0.234369,1.352236,0.265631,5.506274
Fast,RearUppercut,Commit,0.032800,0.234658,1.350063,0.265342,5.528386
Fast,RearUppercut,Commit,0.033200,0.234949,1.347882,0.265051,5.548725
Fast,RearUppercut,Commit,0.033600,0.235241,1.345693,0.264759,5.568151
Fast,RearUppercut,Commit,0.034000,0.235534,1.343497,0.264466,5.586616
Fast,RearUppercut,Commit,0.034400,0.235827,1.341294,0.264173,5.603622
Fast,RearUppercut,Commit,0.034800,0.236122,1.339085,0.263878,5.619978
Fast,RearUppercut,Commit,0.035200,0.236417,1.336870,0.263583,5.634553
Fast,RearUppercut,Commit,0.035600,0.236713,1.334650,0.263287,5.648201
Fast,RearUppercut,Commit,0.036000,0.237010,1.332425,0.262990,5.660945
Fast,RearUppercut,Commit,0.036400,0.237307,1.330195,0.262693,5.672449
Fast,RearUppercut,Commit,0.036800,0.237605,1.327962,0.262395,5.682777
Fast,RearUppercut,Commit,0.037200,0.237903,1.325724,0.262097,5.691861
Fast,RearUppercut,Commit,0.037600,0.238202,1.323484,0.261798,5.700052
Fast,RearUppercut,Commit,0.038000,0.238501,1.321241,0.261499,5.706733
Fast,RearUppercut,Commit,0.038400,0.238801,1.318995,0.261199,5.712488
Fast,RearUppercut,Commit,0.038800,0.239100,1.316748,0.260900,5.717037
Fast,RearUppercut,Commit,0.039200,0.239400,1.314499,0.260600,5.720386
Fast,RearUppercut,Commit,0.039600,0.239700,1.312250,0.260300,5.722802
Fast,RearUppercut,Commit,0.040000,0.240000,1.310000,0.260000,5.724022
Fast,RearUppercut,Commit,0.040400,0.240300,1.307750,0.259700,5.723993
Fast,RearUppercut,Commit,0.040800,0.240600,1.305501,0.259400,5.722802
Fast,RearUppercut,Commit,0.041200,0.240900,1.303252,0.259100,5.720381
Fast,RearUppercut,Commit,0.041600,0.241199,1.301005,0.258801,5.717042
Fast,RearUppercut,Commit,0.042000,0.241499,1.298759,0.258501,5.712488
Fast,RearUppercut,Commit,0.042400,0.241798,1.296516,0.258202,5.706733
Fast,RearUppercut,Commit,0.042800,0.242097,1.294276,0.257903,5.700057
Fast,RearUppercut,Commit,0.043200,0.242395,1.292038,0.257605,5.691861
Fast,RearUppercut,Commit,0.043600,0.242693,1.289805,0.257307,5.682773
Fast,RearUppercut,Commit,0.044000,0.242990,1.287575,0.257010,5.672449
Fast,RearUppercut,Commit,0.044400,0.243287,1.285350,0.256713,5.660945
Fast,RearUppercut,Commit,0.044800,0.243583,1.283130,0.256417,5.648201
Fast,RearUppercut,Commit,0.045200,0.243878,1.280915,0.256122,5.634846
Fast,RearUppercut,Commit,0.045600,0.244173,1.278706,0.255828,5.619685
Fast,RearUppercut,Commit,0.046000,0.244466,1.276503,0.255534,5.603622
Fast,RearUppercut,Commit,0.046400,0.244759,1.274307,0.255241,5.586626
Fast,RearUppercut,Commit,0.046800,0.245051,1.272119,0.254949,5.568141
Fast,RearUppercut,Commit,0.047200,0.245342,1.269938,0.254658,5.548715
Fast,RearUppercut,Commit,0.047600,0.245631,1.267764,0.254369,5.528400
Fast,RearUppercut,Commit,0.048000,0.245920,1.265600,0.254080,5.506274
Fast,RearUppercut,Commit,0.048400,0.246207,1.263445,0.253793,5.483504
Fast,RearUppercut,Commit,0.048800,0.246494,1.261299,0.253507,5.459568
Fast,RearUppercut,Commit,0.049200,0.246778,1.259163,0.253222,5.434377
Fast,RearUppercut,Commit,0.049600,0.247062,1.257037,0.252938,5.407726
Fast,RearUppercut,Commit,0.050000,0.247344,1.254922,0.252656,5.380690
Fast,RearUppercut,Commit,0.050400,0.247624,1.252818,0.252376,5.351887
Fast,RearUppercut,Commit,0.050800,0.247903,1.250726,0.252097,5.321888
Fast,RearUppercut,Commit,0.051200,0.248181,1.248646,0.251820,5.291240
Fast,RearUppercut,Commit,0.051600,0.248456,1.246579,0.251544,5.259089
Fast,RearUppercut,Commit,0.052000,0.248730,1.244525,0.251270,5.226039
Fast,RearUppercut,Commit,0.052400,0.249002,1.242484,0.250998,5.191462
Fast,RearUppercut,Commit,0.052800,0.249272,1.240458,0.250728,5.156284
Fast,RearUppercut,Commit,0.053200,0.249541,1.238445,0.250459,5.119584
Fast,RearUppercut,Commit,0.053600,0.249807,1.236448,0.250193,5.081673
Fast,RearUppercut,Commit,0.054000,0.250071,1.234466,0.249929,5.042576
Fast,RearUppercut,Commit,0.054400,0.250333,1.232499,0.249667,5.002815
Fast,RearUppercut,Commit,0.054800,0.250594,1.230549,0.249407,4.961282
Fast,RearUppercut,Commit,0.055200,0.250851,1.228616,0.249149,4.919124
Fast,RearUppercut,Commit,0.055600,0.251107,1.226699,0.248893,4.875747
Fast,RearUppercut,Commit,0.056000,0.251360,1.224800,0.248640,4.830880
Fast,RearUppercut,Commit,0.056400,0.251611,1.222919,0.248389,4.785369
Fast,RearUppercut,Commit,0.056800,0.251859,1.221057,0.248141,4.738072
Fast,RearUppercut,Commit,0.057200,0.252105,1.219213,0.247895,4.690145
Fast,RearUppercut,Commit,0.057600,0.252348,1.217389,0.247652,4.641022
Fast,RearUppercut,Commit,0.058000,0.252589,1.215584,0.247411,4.590674
Fast,RearUppercut,Commit,0.058400,0.252827,1.213800,0.247173,4.538818
Fast,RearUppercut,Commit,0.058800,0.253062,1.212037,0.246938,4.486357
Fast,RearUppercut,Commit,0.059200,0.253294,1.210294,0.246706,4.432661
Fast,RearUppercut,Commit,0.059600,0.253524,1.208574,0.246477,4.377769
Fast,RearUppercut,Commit,0.060000,0.253750,1.206875,0.246250,4.321378
Fast,RearUppercut,Commit,0.060400,0.253974,1.205199,0.246027,4.264348
Fast,RearUppercut,Commit,0.060800,0.254194,1.203546,0.245806,4.205820
Fast,RearUppercut,Commit,0.061200,0.254411,1.201916,0.245589,4.146388
Fast,RearUppercut,Commit,0.061600,0.254625,1.200310,0.245375,4.085711
Fast,RearUppercut,Commit,0.062000,0.254836,1.198728,0.245164,4.023849
Fast,RearUppercut,Commit,0.062400,0.255044,1.197171,0.244956,3.960786
Fast,RearUppercut,Commit,0.062800,0.255248,1.195639,0.244752,3.897084
Fast,RearUppercut,Commit,0.063200,0.255449,1.194134,0.244551,3.831273
Fast,RearUppercut,Commit,0.063600,0.255646,1.192654,0.244354,3.765155
Fast,RearUppercut,Commit,0.064000,0.255840,1.191200,0.244160,3.697835
Fast,RearUppercut,Commit,0.064400,0.256030,1.189774,0.243970,3.628690
Fast,RearUppercut,Commit,0.064800,0.256217,1.188375,0.243783,3.559228
Fast,RearUppercut,Commit,0.065200,0.256400,1.187004,0.243601,3.487970
Fast,RearUppercut,Commit,0.065600,0.256579,1.185661,0.243422,3.416092
Fast,RearUppercut,Commit,0.066000,0.256754,1.184347,0.243246,3.342701
Fast,RearUppercut,Commit,0.066400,0.256925,1.183062,0.243075,3.268094
Fast,RearUppercut,Commit,0.066800,0.257092,1.181807,0.242908,3.192877
Fast,RearUppercut,Commit,0.067200,0.257256,1.180583,0.242744,3.115859
Fast,RearUppercut,Commit,0.067600,0.257415,1.179388,0.242585,3.038212
Fast,RearUppercut,Commit,0.068000,0.257570,1.178225,0.242430,2.959344
Fast,RearUppercut,Commit,0.068400,0.257721,1.177093,0.242279,2.879002
Fast,RearUppercut,Commit,0.068800,0.257868,1.175994,0.242133,2.797713
Fast,RearUppercut,Commit,0.069200,0.258010,1.174926,0.241990,2.715224
Fast,RearUppercut,Commit,0.069600,0.258148,1.173892,0.241852,2.631816
Fast,RearUppercut,Commit,0.070000,0.258281,1.172891,0.241719,2.547204
Fast,RearUppercut,Commit,0.070400,0.258410,1.171923,0.241590,2.461083
Fast,RearUppercut,Commit,0.070800,0.258535,1.170990,0.241465,2.374044
Fast,RearUppercut,Commit,0.071200,0.258655,1.170092,0.241346,2.286088
Fast,RearUppercut,Commit,0.071600,0.258770,1.169228,0.241230,2.196916
Fast,RearUppercut,Commit,0.072000,0.258880,1.168400,0.241120,2.106246
Fast,RearUppercut,Commit,0.072400,0.258986,1.167608,0.241014,2.014658
Fast,RearUppercut,Commit,0.072800,0.259086,1.166853,0.240914,1.921860
Fast,RearUppercut,Commit,0.073200,0.259182,1.166134,0.240818,1.828144
Fast,RearUppercut,Commit,0.073600,0.259273,1.165453,0.240727,1.733213
Fast,RearUppercut,Commit,0.074000,0.259359,1.164809,0.240641,1.636773
Fast,RearUppercut,Commit,0.074400,0.259439,1.164204,0.240561,1.539723
Fast,RearUppercut,Commit,0.074800,0.259515,1.163638,0.240485,1.441165
Fast,RearUppercut,Commit,0.075200,0.259585,1.163110,0.240415,1.341397
Fast,RearUppercut,Commit,0.075600,0.259650,1.162623,0.240350,1.240692
Fast,RearUppercut,Commit,0.076000,0.259710,1.162175,0.240290,1.139098
Fast,RearUppercut,Commit,0.076400,0.259764,1.161768,0.240236,1.035698
Fast,RearUppercut,Commit,0.076800,0.259813,1.161402,0.240187,0.931951
Fast,RearUppercut,Commit,0.077200,0.259856,1.161077,0.240144,0.826135
Fast,RearUppercut,Commit,0.077600,0.259894,1.160794,0.240106,0.719973
Fast,RearUppercut,Commit,0.078000,0.259926,1.160553,0.240074,0.612307
Fast,RearUppercut,Commit,0.078400,0.259953,1.160355,0.240047,0.503445
Fast,RearUppercut,Commit,0.078800,0.259973,1.160201,0.240027,0.393646
Fast,RearUppercut,Commit,0.079200,0.259988,1.160089,0.240012,0.282651
Fast,RearUppercut,Commit,0.079600,0.259997,1.160022,0.240003,0.170436
Fast,RearUppercut,Commit,0.080000,0.260000,1.160000,0.240000,0.057020
Fast,RearUppercut,Extend,0.000500,0.259992,1.160025,0.240015,0.060478
Fast,RearUppercut,Extend,0.001000,0.259967,1.160101,0.240058,0.181031
Fast,RearUppercut,Extend,0.001500,0.259927,1.160226,0.240131,0.300249
Fast,RearUppercut,Extend,0.002000,0.259870,1.160400,0.240232,0.418579
Fast,RearUppercut,Extend,0.002500,0.259797,1.160623,0.240362,0.535774
Fast,RearUppercut,Extend,0.003000,0.259709,1.160894,0.240520,0.652031
Fast,RearUppercut,Extend,0.003500,0.259605,1.161213,0.240705,0.767017
Fast,RearUppercut,Extend,0.004000,0.259486,1.161580,0.240918,0.881295
Fast,RearUppercut,Extend,0.004500,0.259351,1.161994,0.241159,0.994396
Fast,RearUppercut,Extend,0.005000,0.259201,1.162454,0.241427,1.106222
Fast,RearUppercut,Extend,0.005500,0.259036,1.162960,0.241721,1.217311
Fast,RearUppercut,Extend,0.006000,0.258856,1.163512,0.242042,1.327127
Fast,RearUppercut,Extend,0.006500,0.258662,1.164110,0.242390,1.436177
Fast,RearUppercut,Extend,0.007000,0.258453,1.164752,0.242763,1.543952
Fast,RearUppercut,Extend,0.007500,0.258229,1.165439,0.243162,1.650594
Fast,RearUppercut,Extend,0.008000,0.257991,1.166170,0.243587,1.756486
Fast,RearUppercut,Extend,0.008500,0.257739,1.166945,0.244037,1.861117
Fast,RearUppercut,Extend,0.009000,0.257473,1.167762,0.244513,1.964601
Fast,RearUppercut,Extend,0.009500,0.257193,1.168622,0.245013,2.067390
Fast,RearUppercut,Extend,0.010000,0.256899,1.169525,0.245538,2.168820
Fast,RearUppercut,Extend,0.010500,0.256592,1.170469,0.246087,2.269372
Fast,RearUppercut,Extend,0.011000,0.256271,1.171454,0.246660,2.368834
Fast,RearUppercut,Extend,0.011500,0.255936,1.172481,0.247256,2.467317
Fast,RearUppercut,Extend,0.012000,0.255589,1.173548,0.247877,2.564725
Fast,RearUppercut,Extend,0.012500,0.255229,1.174655,0.248521,2.660799
Fast,RearUppercut,Extend,0.013000,0.254855,1.175802,0.249187,2.756352
Fast,RearUppercut,Extend,0.013500,0.254469,1.176988,0.249877,2.850431
Fast,RearUppercut,Extend,0.014000,0.254070,1.178213,0.250589,2.943533
Fast,RearUppercut,Extend,0.014500,0.253659,1.179476,0.251323,3.035769
Fast,RearUppercut,Extend,0.015000,0.253235,1.180777,0.252080,3.126859
Fast,RearUppercut,Extend,0.015500,0.252800,1.182116,0.252858,3.216860
Fast,RearUppercut,Extend,0.016000,0.252352,1.183491,0.253658,3.305711
Fast,RearUppercut,Extend,0.016500,0.251892,1.184903,0.254479,3.393870
Fast,RearUppercut,Extend,0.017000,0.251420,1.186352,0.255321,3.480696
Fast,RearUppercut,Extend,0.017500,0.250937,1.187836,0.256183,3.566645
Fast,RearUppercut,Extend,0.018000,0.250443,1.189355,0.257067,3.651220
Fast,RearUppercut,Extend,0.018500,0.249937,1.190909,0.257970,3.735128
Fast,RearUppercut,Extend,0.019000,0.249419,1.192497,0.258894,3.817898
Fast,RearUppercut,Extend,0.019500,0.248891,1.194120,0.259837,3.899554
Fast,RearUppercut,Extend,0.020000,0.248352,1.195776,0.260800,3.980084
Fast,RearUppercut,Extend,0.020500,0.247802,1.197465,0.261782,4.059717
Fast,RearUppercut,Extend,0.021000,0.247241,1.199187,0.262783,4.138235
Fast,RearUppercut,Extend,0.021500,0.246670,1.200941,0.263803,4.215636
Fast,RearUppercut,Extend,0.022000,0.246089,1.202727,0.264841,4.292102
Fast,RearUppercut,Extend,0.022500,0.245497,1.204544,0.265898,4.367661
Fast,RearUppercut,Extend,0.023000,0.244896,1.206393,0.266972,4.441697
Fast,RearUppercut,Extend,0.023500,0.244284,1.208271,0.268065,4.515260
Fast,RearUppercut,Extend,0.024000,0.243662,1.210180,0.269174,4.587425
Fast,RearUppercut,Extend,0.024500,0.243031,1.212118,0.270301,4.658560
Fast,RearUppercut,Extend,0.025000,0.242391,1.214086,0.271445,4.728948
Fast,RearUppercut,Extend,0.025500,0.241741,1.216082,0.272606,4.797794
Fast,RearUppercut,Extend,0.026000,0.241082,1.218107,0.273783,4.865952
Fast,RearUppercut,Extend,0.026500,0.240413,1.220160,0.274976,4.932963
Fast,RearUppercut,Extend,0.027000,0.239736,1.222239,0.276186,4.998927
Fast,RearUppercut,Extend,0.027500,0.239050,1.224347,0.277411,5.063927
Fast,RearUppercut,Extend,0.028000,0.238355,1.226480,0.278651,5.127763
Fast,RearUppercut,Extend,0.028500,0.237652,1.228640,0.279907,5.190569
Fast,RearUppercut,Extend,0.029000,0.236941,1.230825,0.281178,5.252410
Fast,RearUppercut,Extend,0.029500,0.236221,1.233036,0.282463,5.313167
Fast,RearUppercut,Extend,0.030000,0.235493,1.235272,0.283763,5.372815
Fast,RearUppercut,Extend,0.030500,0.234757,1.237532,0.285076,5.431453
Fast,RearUppercut,Extend,0.031000,0.234014,1.239815,0.286404,5.489096
Fast,RearUppercut,Extend,0.031500,0.233262,1.242123,0.287746,5.545532
Fast,RearUppercut,Extend,0.032000,0.232504,1.244453,0.289101,5.601106
Fast,RearUppercut,Extend,0.032500,0.231737,1.246807,0.290469,5.655575
Fast,RearUppercut,Extend,0.033000,0.230964,1.249182,0.291850,5.709088
Fast,RearUppercut,Extend,0.033500,0.230184,1.251579,0.293244,5.761298
Fast,RearUppercut,Extend,0.034000,0.229396,1.253998,0.294650,5.812778
Fast,RearUppercut,Extend,0.034500,0.228602,1.256437,0.296068,5.863004
Fast,RearUppercut,Extend,0.035000,0.227801,1.258897,0.297498,5.912168
Fast,RearUppercut,Extend,0.035500,0.226993,1.261377,0.298940,5.960435
Fast,RearUppercut,Extend,0.036000,0.226180,1.263877,0.300394,6.007417
Fast,RearUppercut,Extend,0.036500,0.225360,1.266396,0.301858,6.053748
Fast,RearUppercut,Extend,0.037000,0.224533,1.268933,0.303333,6.098523
Fast,RearUppercut,Extend,0.037500,0.223701,1.271489,0.304819,6.142805
Fast,RearUppercut,Extend,0.038000,0.222863,1.274063,0.306316,6.185597
Fast,RearUppercut,Extend,0.038500,0.222020,1.276654,0.307822,6.227409
Fast,RearUppercut,Extend,0.039000,0.221170,1.279262,0.309339,6.268396
Fast,RearUppercut,Extend,0.039500,0.220316,1.281887,0.310865,6.308204
Fast,RearUppercut,Extend,0.040000,0.219456,1.284528,0.312400,6.346894
Fast,RearUppercut,Extend,0.040500,0.218591,1.287185,0.313945,6.384669
Fast,RearUppercut,Extend,0.041000,0.217721,1.289856,0.315498,6.421376
Fast,RearUppercut,Extend,0.041500,0.216847,1.292543,0.317060,6.457107
Fast,RearUppercut,Extend,0.042000,0.215967,1.295244,0.318630,6.491562
Fast,RearUppercut,Extend,0.042500,0.215083,1.297959,0.320209,6.525074
Fast,RearUppercut,Extend,0.043000,0.214195,1.300688,0.321795,6.557460
Fast,RearUppercut,Extend,0.043500,0.213302,1.303429,0.323389,6.589043
Fast,RearUppercut,Extend,0.044000,0.212405,1.306184,0.324990,6.619537
Fast,RearUppercut,Extend,0.044500,0.211505,1.308950,0.326599,6.648637
Fast,RearUppercut,Extend,0.045000,0.210600,1.311728,0.328214,6.677152
Fast,RearUppercut,Extend,0.045500,0.209692,1.314518,0.329836,6.704426
Fast,RearUppercut,Extend,0.046000,0.208780,1.317318,0.331464,6.730516
Fast,RearUppercut,Extend,0.046500,0.207865,1.320129,0.333098,6.755671
Fast,RearUppercut,Extend,0.047000,0.206946,1.322950,0.334739,6.779823
Fast,RearUppercut,Extend,0.047500,0.206025,1.325781,0.336384,6.802953
Fast,RearUppercut,Extend,0.048000,0.205100,1.328621,0.338035,6.824780
Fast,RearUppercut,Extend,0.048500,0.204173,1.331469,0.339691,6.845994
Fast,RearUppercut,Extend,0.049000,0.203243,1.334326,0.341352,6.865949
Fast,RearUppercut,Extend,0.049500,0.202310,1.337191,0.343018,6.884647
Fast,RearUppercut,Extend,0.050000,0.201375,1.340063,0.344688,6.902680
Fast,RearUppercut,Extend,0.050500,0.200438,1.342942,0.346361,6.919330
Fast,RearUppercut,Extend,0.051000,0.199498,1.345827,0.348039,6.935038
Fast,RearUppercut,Extend,0.051500,0.198557,1.348719,0.349720,6.949720
Fast,RearUppercut,Extend,0.052000,0.197613,1.351616,0.351405,6.963409
Fast,RearUppercut,Extend,0.052500,0.196668,1.354519,0.353092,6.976054
Fast,RearUppercut,Extend,0.053000,0.195722,1.357426,0.354783,6.987739
Fast,RearUppercut,Extend,0.053500,0.194774,1.360338,0.356476,6.998137
Fast,RearUppercut,Extend,0.054000,0.193824,1.363254,0.358171,7.007769
Fast,RearUppercut,Extend,0.054500,0.192874,1.366173,0.359868,7.015907
Fast,RearUppercut,Extend,0.055000,0.191922,1.369096,0.361567,7.023328
Fast,RearUppercut,Extend,0.055500,0.190970,1.372021,0.363268,7.029831
Fast,RearUppercut,Extend,0.056000,0.190017,1.374948,0.364970,7.035050
Fast,RearUppercut,Extend,0.056500,0.189063,1.377877,0.366673,7.039103
Fast,RearUppercut,Extend,0.057000,0.188109,1.380807,0.368376,7.042489
Fast,RearUppercut,Extend,0.057500,0.187155,1.383738,0.370080,7.044764
Fast,RearUppercut,Extend,0.058000,0.186201,1.386670,0.371785,7.045634
Fast,RearUppercut,Extend,0.058500,0.185246,1.389601,0.373489,7.045684
Fast,RearUppercut,Extend,0.059000,0.184292,1.392533,0.375193,7.044773
Fast,RearUppercut,Extend,0.059500,0.183338,1.395463,0.376897,7.042777
Fast,RearUppercut,Extend,0.060000,0.182384,1.398392,0.378600,7.039639
Fast,RearUppercut,Extend,0.060500,0.181431,1.401319,0.380302,7.035376
Fast,RearUppercut,Extend,0.061000,0.180479,1.404245,0.382003,7.030404
Fast,RearUppercut,Extend,0.061500,0.179527,1.407167,0.383702,7.023947
Fast,RearUppercut,Extend,0.062000,0.178576,1.410087,0.385399,7.016930
Fast,RearUppercut,Extend,0.062500,0.177627,1.413003,0.387095,7.008453
Fast,RearUppercut,Extend,0.063000,0.176679,1.415915,0.388788,6.999176
Fast,RearUppercut,Extend,0.063500,0.175732,1.418823,0.390479,6.988674
Fast,RearUppercut,Extend,0.064000,0.174787,1.421726,0.392166,6.977188
Fast,RearUppercut,Extend,0.064500,0.173843,1.424624,0.393851,6.964823
Fast,RearUppercut,Extend,0.065000,0.172902,1.427516,0.395533,6.951135
Fast,RearUppercut,Extend,0.065500,0.171962,1.430403,0.397211,6.936539
Fast,RearUppercut,Extend,0.066000,0.171024,1.433282,0.398885,6.921045
Fast,RearUppercut,Extend,0.066500,0.170089,1.436155,0.400555,6.904346
Fast,RearUppercut,Extend,0.067000,0.169156,1.439021,0.402221,6.886399
Fast,RearUppercut,Extend,0.067500,0.168226,1.441878,0.403883,6.867945
Fast,RearUppercut,Extend,0.068000,0.167298,1.444727,0.405539,6.847762
Fast,RearUppercut,Extend,0.068500,0.166373,1.447568,0.407191,6.827040
Fast,RearUppercut,Extend,0.069000,0.165451,1.450400,0.408837,6.805222
Fast,RearUppercut,Extend,0.069500,0.164533,1.453222,0.410478,6.782091
Fast,RearUppercut,Extend,0.070000,0.163617,1.456033,0.412113,6.758029
Fast,RearUppercut,Extend,0.070500,0.162705,1.458835,0.413741,6.733077
Fast,RearUppercut,Extend,0.071000,0.161796,1.461626,0.415364,6.707018
Fast,RearUppercut,Extend,0.071500,0.160891,1.464405,0.416980,6.679758
Fast,RearUppercut,Extend,0.072000,0.159990,1.467173,0.418589,6.651738
Fast,RearUppercut,Extend,0.072500,0.159093,1.469928,0.420191,6.622431
Fast,RearUppercut,Extend,0.073000,0.158200,1.472671,0.421786,6.592127
Fast,RearUppercut,Extend,0.073500,0.157311,1.475401,0.423373,6.560635
Fast,RearUppercut,Extend,0.074000,0.156427,1.478117,0.424952,6.528476
Fast,RearUppercut,Extend,0.074500,0.155547,1.480820,0.426523,6.494758
Fast,RearUppercut,Extend,0.075000,0.154672,1.483508,0.428086,6.460546
Fast,RearUppercut,Extend,0.075500,0.153802,1.486181,0.429640,6.424839
Fast,RearUppercut,Extend,0.076000,0.152936,1.488839,0.431186,6.388409
Fast,RearUppercut,Extend,0.076500,0.152076,1.491482,0.432722,6.350658
Fast,RearUppercut,Extend,0.077000,0.151221,1.494108,0.434249,6.312150
Fast,RearUppercut,Extend,0.077500,0.150371,1.496718,0.435766,6.272321
Fast,RearUppercut,Extend,0.078000,0.149527,1.499311,0.437274,6.231494
Fast,RearUppercut,Extend,0.078500,0.148688,1.501886,0.438771,6.189877
Fast,RearUppercut,Extend,0.079000,0.147856,1.504444,0.440258,6.146907
Fast,RearUppercut,Extend,0.079500,0.147029,1.506983,0.441735,6.103079
Fast,RearUppercut,Extend,0.080000,0.146208,1.509504,0.443200,6.058081
Fast,RearUppercut,Extend,0.080500,0.145394,1.512006,0.444654,6.012208
Fast,RearUppercut,Extend,0.081000,0.144586,1.514488,0.446097,5.964987
Fast,RearUppercut,Extend,0.081500,0.143784,1.516950,0.447529,5.917078
Fast,RearUppercut,Extend,0.082000,0.142989,1.519391,0.448948,5.867902
Fast,RearUppercut,Extend,0.082500,0.142201,1.521812,0.450356,5.817668
Fast,RearUppercut,Extend,0.083000,0.141420,1.524211,0.451751,5.766459
Fast,RearUppercut,Extend,0.083500,0.140646,1.526589,0.453133,5.714242
Fast,RearUppercut,Extend,0.084000,0.139879,1.528944,0.454502,5.660981
Fast,RearUppercut,Extend,0.084500,0.139119,1.531277,0.455859,5.606540
Fast,RearUppercut,Extend,0.085000,0.138367,1.533587,0.457202,5.551218
Fast,RearUppercut,Extend,0.085500,0.137623,1.535873,0.458531,5.494596
Fast,RearUppercut,Extend,0.086000,0.136886,1.538135,0.459846,5.437204
Fast,RearUppercut,Extend,0.086500,0.136158,1.540373,0.461147,5.378765
Fast,RearUppercut,Extend,0.087000,0.135437,1.542586,0.462434,5.318964
Fast,RearUppercut,Extend,0.087500,0.134725,1.544774,0.463706,5.258447
Fast,RearUppercut,Extend,0.088000,0.134021,1.546937,0.464963,5.196791
Fast,RearUppercut,Extend,0.088500,0.133325,1.549073,0.466205,5.133898
Fast,RearUppercut,Extend,0.089000,0.132638,1.551183,0.467432,5.070239
Fast,RearUppercut,Extend,0.089500,0.131960,1.553265,0.468643,5.005401
Fast,RearUppercut,Extend,0.090000,0.131291,1.555321,0.469838,4.939581
Fast,RearUppercut,Extend,0.090500,0.130631,1.557348,0.471016,4.872565
Fast,RearUppercut,Extend,0.091000,0.129980,1.559347,0.472179,4.804841
Fast,RearUppercut,Extend,0.091500,0.129339,1.561318,0.473324,4.735607
Fast,RearUppercut,Extend,0.092000,0.128706,1.563259,0.474453,4.665474
Fast,RearUppercut,Extend,0.092500,0.128084,1.565171,0.475564,4.594583
Fast,RearUppercut,Extend,0.093000,0.127471,1.567052,0.476658,4.522418
Fast,RearUppercut,Extend,0.093500,0.126869,1.568903,0.477735,4.449119
Fast,RearUppercut,Extend,0.094000,0.126276,1.570724,0.478793,4.374871
Fast,RearUppercut,Extend,0.094500,0.125694,1.572513,0.479833,4.299568
Fast,RearUppercut,Extend,0.095000,0.125121,1.574270,0.480855,4.223330
Fast,RearUppercut,Extend,0.095500,0.124560,1.575995,0.481858,4.145933
Fast,RearUppercut,Extend,0.096000,0.124009,1.577688,0.482842,4.067497
Fast,RearUppercut,Extend,0.096500,0.123468,1.579347,0.483806,3.988054
Fast,RearUppercut,Extend,0.097000,0.122939,1.580973,0.484752,3.907565
Fast,RearUppercut,Extend,0.097500,0.122421,1.582565,0.485677,3.825954
Fast,RearUppercut,Extend,0.098000,0.121914,1.584122,0.486583,3.743221
Fast,RearUppercut,Extend,0.098500,0.121418,1.585645,0.487468,3.659747
Fast,RearUppercut,Extend,0.099000,0.120934,1.587132,0.488333,3.574944
Fast,RearUppercut,Extend,0.099500,0.120461,1.588584,0.489177,3.489310
Fast,RearUppercut,Extend,0.100000,0.120000,1.590000,0.490000,3.402458
Fast,RearUppercut,Recover,0.001375,0.121493,1.588060,0.486866,2.892301
Fast,RearUppercut,Recover,0.002750,0.122970,1.586139,0.483763,2.863407
Fast,RearUppercut,Recover,0.004125,0.124433,1.584237,0.480691,2.834594
Fast,RearUppercut,Recover,0.005500,0.125881,1.582355,0.477650,2.805967
Fast,RearUppercut,Recover,0.006875,0.127314,1.580492,0.474641,2.777475
Fast,RearUppercut,Recover,0.008250,0.128733,1.578647,0.471661,2.749178
Fast,RearUppercut,Recover,0.009625,0.130137,1.576822,0.468713,2.720957
Fast,RearUppercut,Recover,0.011000,0.131526,1.575016,0.465795,2.692902
Fast,RearUppercut,Recover,0.012375,0.132902,1.573228,0.462907,2.664986
Fast,RearUppercut,Recover,0.013750,0.134263,1.571459,0.460049,2.637209
Fast,RearUppercut,Recover,0.015125,0.135609,1.569708,0.457221,2.609644
Fast,RearUppercut,Recover,0.016500,0.136942,1.567976,0.454423,2.582117
Fast,RearUppercut,Recover,0.017875,0.138260,1.566262,0.451654,2.554836
Fast,RearUppercut,Recover,0.019250,0.139564,1.564566,0.448915,2.527642
Fast,RearUppercut,Recover,0.020625,0.140855,1.562889,0.446205,2.500590
Fast,RearUppercut,Recover,0.022000,0.142131,1.561229,0.443525,2.473769
Fast,RearUppercut,Recover,0.023375,0.143394,1.559588,0.440873,2.446974
Fast,RearUppercut,Recover,0.024750,0.144643,1.557964,0.438250,2.420395
Fast,RearUppercut,Recover,0.026125,0.145878,1.556358,0.435656,2.393918
Fast,RearUppercut,Recover,0.027500,0.147100,1.554770,0.433090,2.367656
Fast,RearUppercut,Recover,0.028875,0.148308,1.553199,0.430553,2.341449
Fast,RearUppercut,Recover,0.030250,0.149503,1.551646,0.428044,2.315458
Fast,RearUppercut,Recover,0.031625,0.150685,1.550110,0.425562,2.289551
Fast,RearUppercut,Recover,0.033000,0.151853,1.548591,0.423109,2.263886
Fast,RearUppercut,Recover,0.034375,0.153008,1.547090,0.420684,2.238225
Fast,RearUppercut,Recover,0.035750,0.154150,1.545605,0.418286,2.212873
Fast,RearUppercut,Recover,0.037125,0.155279,1.544138,0.415915,2.187550
Fast,RearUppercut,Recover,0.038500,0.156394,1.542687,0.413572,2.162409
Fast,RearUppercut,Recover,0.039875,0.157497,1.541253,0.411256,2.137409
Fast,RearUppercut,Recover,0.041250,0.158588,1.539836,0.408966,2.112555
Fast,RearUppercut,Recover,0.042625,0.159665,1.538436,0.406704,2.087837
Fast,RearUppercut,Recover,0.044000,0.160730,1.537052,0.404468,2.063285
Fast,RearUppercut,Recover,0.045375,0.161782,1.535684,0.402258,2.038894
Fast,RearUppercut,Recover,0.046750,0.162821,1.534332,0.400075,2.014536
Fast,RearUppercut,Recover,0.048125,0.163848,1.532997,0.397918,1.990512
Fast,RearUppercut,Recover,0.049500,0.164863,1.531678,0.395787,1.966475
Fast,RearUppercut,Recover,0.050875,0.165866,1.530375,0.393682,1.942651
Fast,RearUppercut,Recover,0.052250,0.166856,1.529087,0.391603,1.918936
Fast,RearUppercut,Recover,0.053625,0.167834,1.527816,0.389549,1.895445
Fast,RearUppercut,Recover,0.055000,0.168800,1.526560,0.387520,1.871984
Fast,RearUppercut,Recover,0.056375,0.169754,1.525320,0.385517,1.848781
Fast,RearUppercut,Recover,0.057750,0.170696,1.524095,0.383538,1.825672
Fast,RearUppercut,Recover,0.059125,0.171626,1.522886,0.381585,1.802659
Fast,RearUppercut,Recover,0.060500,0.172545,1.521692,0.379656,1.779871
Fast,RearUppercut,Recover,0.061875,0.173452,1.520513,0.377752,1.757172
Fast,RearUppercut,Recover,0.063250,0.174347,1.519349,0.375872,1.734689
Fast,RearUppercut,Recover,0.064625,0.175230,1.518201,0.374016,1.712297
Fast,RearUppercut,Recover,0.066000,0.176102,1.517067,0.372185,1.690026
Fast,RearUppercut,Recover,0.067375,0.176963,1.515948,0.370378,1.667982
Fast,RearUppercut,Recover,0.068750,0.177813,1.514844,0.368594,1.645985
Fast,RearUppercut,Recover,0.070125,0.178651,1.513754,0.366834,1.624208
Fast,RearUppercut,Recover,0.071500,0.179478,1.512679,0.365097,1.602579
Fast,RearUppercut,Recover,0.072875,0.180293,1.511618,0.363384,1.581031
Fast,RearUppercut,Recover,0.074250,0.181098,1.510572,0.361694,1.559694
Fast,RearUppercut,Recover,0.075625,0.181892,1.509540,0.360026,1.538424
Fast,RearUppercut,Recover,0.077000,0.182675,1.508522,0.358382,1.517396
Fast,RearUppercut,Recover,0.078375,0.183447,1.507518,0.356760,1.496444
Fast,RearUppercut,Recover,0.079750,0.184209,1.506528,0.355161,1.475670
Fast,RearUppercut,Recover,0.081125,0.184960,1.505552,0.353585,1.455023
Fast,RearUppercut,Recover,0.082500,0.185700,1.504590,0.352030,1.434549
Fast,RearUppercut,Recover,0.083875,0.186430,1.503641,0.350498,1.414185
Fast,RearUppercut,Recover,0.085250,0.187149,1.502706,0.348987,1.394016
Fast,RearUppercut,Recover,0.086625,0.187858,1.501785,0.347498,1.373897
Fast,RearUppercut,Recover,0.088000,0.188557,1.500876,0.346031,1.354033
Fast,RearUppercut,Recover,0.089375,0.189245,1.499981,0.344585,1.334249
Fast,RearUppercut,Recover,0.090750,0.189924,1.499099,0.343160,1.314634
Fast,RearUppercut,Recover,0.092125,0.190592,1.498230,0.341757,1.295180
Fast,RearUppercut,Recover,0.093500,0.191250,1.497375,0.340374,1.275801
Fast,RearUppercut,Recover,0.094875,0.191899,1.496531,0.339012,1.256661
Fast,RearUppercut,Recover,0.096250,0.192538,1.495701,0.337671,1.237587
Fast,RearUppercut,Recover,0.097625,0.193166,1.494884,0.336351,1.218700
Fast,RearUppercut,Recover,0.099000,0.193786,1.494079,0.335050,1.199986
Fast,RearUppercut,Recover,0.100375,0.194395,1.493286,0.333770,1.181357
Fast,RearUppercut,Recover,0.101750,0.194995,1.492506,0.332510,1.162880
Fast,RearUppercut,Recover,0.103125,0.195586,1.491738,0.331270,1.144572
Fast,RearUppercut,Recover,0.104500,0.196167,1.490983,0.330049,1.126434
Fast,RearUppercut,Recover,0.105875,0.196739,1.490239,0.328848,1.108380
Fast,RearUppercut,Recover,0.107250,0.197302,1.489508,0.327666,1.090509
Fast,RearUppercut,Recover,0.108625,0.197856,1.488788,0.326504,1.072802
Fast,RearUppercut,Recover,0.110000,0.198400,1.488080,0.325360,1.055197
Fast,RearUppercut,Recover,0.111375,0.198936,1.487384,0.324235,1.037760
Fast,RearUppercut,Recover,0.112750,0.199462,1.486699,0.323130,1.020447
Fast,RearUppercut,Recover,0.114125,0.199980,1.486026,0.322042,1.003312
Fast,RearUppercut,Recover,0.115500,0.200489,1.485365,0.320974,0.986341
Fast,RearUppercut,Recover,0.116875,0.200989,1.484714,0.319923,0.969417
Fast,RearUppercut,Recover,0.118250,0.201481,1.484075,0.318891,0.952760
Fast,RearUppercut,Recover,0.119625,0.201964,1.483447,0.317876,0.936166
Fast,RearUppercut,Recover,0.121000,0.202438,1.482830,0.316879,0.919707
Fast,RearUppercut,Recover,0.122375,0.202905,1.482224,0.315900,0.903498
Fast,RearUppercut,Recover,0.123750,0.203363,1.481629,0.314939,0.887315
Fast,RearUppercut,Recover,0.125125,0.203812,1.481044,0.313995,0.871338
Fast,RearUppercut,Recover,0.126500,0.204254,1.480470,0.313067,0.855531
Fast,RearUppercut,Recover,0.127875,0.204687,1.479907,0.312157,0.839788
Fast,RearUppercut,Recover,0.129250,0.205112,1.479354,0.311264,0.824256
Fast,RearUppercut,Recover,0.130625,0.205530,1.478812,0.310388,0.808808
Fast,RearUppercut,Recover,0.132000,0.205939,1.478279,0.309528,0.793589
Fast,RearUppercut,Recover,0.133375,0.206341,1.477757,0.308684,0.778489
Fast,RearUppercut,Recover,0.134750,0.206735,1.477245,0.307857,0.763536
Fast,RearUppercut,Recover,0.136125,0.207121,1.476742,0.307045,0.748656
Fast,RearUppercut,Recover,0.137500,0.207500,1.476250,0.306250,0.733974
Fast,RearUppercut,Recover,0.138875,0.207871,1.475767,0.305470,0.719471
Fast,RearUppercut,Recover,0.140250,0.208235,1.475294,0.304706,0.705080
Fast,RearUppercut,Recover,0.141625,0.208592,1.474831,0.303958,0.690810
Fast,RearUppercut,Recover,0.143000,0.208941,1.474377,0.303224,0.676724
Fast,RearUppercut,Recover,0.144375,0.209283,1.473932,0.302506,0.662796
Fast,RearUppercut,Recover,0.145750,0.209618,1.473497,0.301803,0.648956
Fast,RearUppercut,Recover,0.147125,0.209946,1.473071,0.301114,0.635303
Fast,RearUppercut,Recover,0.148500,0.210266,1.472654,0.300441,0.621810
Fast,RearUppercut,Recover,0.149875,0.210580,1.472246,0.299781,0.608423
Fast,RearUppercut,Recover,0.151250,0.210888,1.471846,0.299136,0.595172
Fast,RearUppercut,Recover,0.152625,0.211188,1.471456,0.298505,0.582132
Fast,RearUppercut,Recover,0.154000,0.211482,1.471074,0.297889,0.569172
Fast,RearUppercut,Recover,0.155375,0.211769,1.470701,0.297286,0.556390
Fast,RearUppercut,Recover,0.156750,0.212049,1.470336,0.296697,0.543740
Fast,RearUppercut,Recover,0.158125,0.212323,1.469980,0.296121,0.531271
Fast,RearUppercut,Recover,0.159500,0.212591,1.469631,0.295559,0.518899
Fast,RearUppercut,Recover,0.160875,0.212853,1.469292,0.295009,0.506668
Fast,RearUppercut,Recover,0.162250,0.213108,1.468960,0.294473,0.494601
Fast,RearUppercut,Recover,0.163625,0.213357,1.468636,0.293950,0.482737
Fast,RearUppercut,Recover,0.165000,0.213600,1.468320,0.293440,0.470890
Fast,RearUppercut,Recover,0.166375,0.213837,1.468012,0.292942,0.459293
Fast,RearUppercut,Recover,0.167750,0.214068,1.467712,0.292457,0.447827
Fast,RearUppercut,Recover,0.169125,0.214293,1.467419,0.291984,0.436509
Fast,RearUppercut,Recover,0.170500,0.214513,1.467133,0.291523,0.425276
Fast,RearUppercut,Recover,0.171875,0.214727,1.466856,0.291074,0.414250
Fast,RearUppercut,Recover,0.173250,0.214935,1.466585,0.290637,0.403351
Fast,RearUppercut,Recover,0.174625,0.215137,1.466322,0.290212,0.392574
Fast,RearUppercut,Recover,0.176000,0.215334,1.466065,0.289798,0.382009
Fast,RearUppercut,Recover,0.177375,0.215526,1.465816,0.289395,0.371487
Fast,RearUppercut,Recover,0.178750,0.215713,1.465574,0.289004,0.361205
Fast,RearUppercut,Recover,0.180125,0.215894,1.465338,0.288623,0.351013
Fast,RearUppercut,Recover,0.181500,0.216070,1.465110,0.288254,0.340994
Fast,RearUppercut,Recover,0.182875,0.216241,1.464887,0.287895,0.331148
Fast,RearUppercut,Recover,0.184250,0.216406,1.464672,0.287547,0.321341
Fast,RearUppercut,Recover,0.185625,0.216567,1.464463,0.287209,0.311804
Fast,RearUppercut,Recover,0.187000,0.216723,1.464260,0.286881,0.302314
Fast,RearUppercut,Recover,0.188375,0.216874,1.464063,0.286564,0.293027
Fast,RearUppercut,Recover,0.189750,0.217021,1.463873,0.286256,0.283871
Fast,RearUppercut,Recover,0.191125,0.217163,1.463688,0.285958,0.274863
Fast,RearUppercut,Recover,0.192500,0.217300,1.463510,0.285670,0.266003
Fast,RearUppercut,Recover,0.193875,0.217433,1.463337,0.285391,0.257284
Fast,RearUppercut,Recover,0.195250,0.217561,1.463171,0.285122,0.248677
Fast,RearUppercut,Recover,0.196625,0.217685,1.463009,0.284861,0.240275
Fast,RearUppercut,Recover,0.198000,0.217805,1.462854,0.284610,0.232020
Fast,RearUppercut,Recover,0.199375,0.217920,1.462704,0.284367,0.223850
Fast,RearUppercut,Recover,0.200750,0.218032,1.462559,0.284133,0.215832
Fast,RearUppercut,Recover,0.202125,0.218139,1.462419,0.283908,0.208014
Fast,RearUppercut,Recover,0.203500,0.218242,1.462285,0.283691,0.200313
Fast,RearUppercut,Recover,0.204875,0.218342,1.462156,0.283482,0.192765
Fast,RearUppercut,Recover,0.206250,0.218438,1.462031,0.283281,0.185335
Fast,RearUppercut,Recover,0.207625,0.218529,1.461912,0.283088,0.178053
Fast,RearUppercut,Recover,0.209000,0.218618,1.461797,0.282903,0.170950
Fast,RearUppercut,Recover,0.210375,0.218702,1.461687,0.282725,0.163935
Fast,RearUppercut,Recover,0.211750,0.218783,1.461582,0.282555,0.157174
Fast,RearUppercut,Recover,0.213125,0.218861,1.461481,0.282392,0.150429
Fast,RearUppercut,Recover,0.214500,0.218935,1.461384,0.282236,0.143914
Fast,RearUppercut,Recover,0.215875,0.219006,1.461292,0.282087,0.137524
Fast,RearUppercut,Recover,0.217250,0.219074,1.461204,0.281945,0.131280
Fast,RearUppercut,Recover,0.218625,0.219139,1.461120,0.281809,0.125145
Fast,RearUppercut,Recover,0.220000,0.219200,1.461040,0.281680,0.119204
Fast,RearUppercut,Recover,0.221375,0.219259,1.460964,0.281557,0.113404
Fast,RearUppercut,Recover,0.222750,0.219314,1.460892,0.281440,0.107696
Fast,RearUppercut,Recover,0.224125,0.219367,1.460823,0.281330,0.102209
Fast,RearUppercut,Recover,0.225500,0.219417,1.460758,0.281225,0.096814
Fast,RearUppercut,Recover,0.226875,0.219464,1.460697,0.281126,0.091631
Fast,RearUppercut,Recover,0.228250,0.219509,1.460639,0.281032,0.086465
Fast,RearUppercut,Recover,0.229625,0.219551,1.460584,0.280943,0.081566
Fast,RearUppercut,Recover,0.231000,0.219590,1.460533,0.280860,0.076759
Fast,RearUppercut,Recover,0.232375,0.219628,1.460484,0.280782,0.072122
Fast,RearUppercut,Recover,0.233750,0.219663,1.460439,0.280709,0.067624
Fast,RearUppercut,Recover,0.235125,0.219695,1.460396,0.280640,0.063211
Fast,RearUppercut,Recover,0.236500,0.219726,1.460357,0.280576,0.059056
Fast,RearUppercut,Recover,0.237875,0.219754,1.460320,0.280517,0.054961
Fast,RearUppercut,Recover,0.239250,0.219780,1.460286,0.280461,0.051030
Fast,RearUppercut,Recover,0.240625,0.219805,1.460254,0.280410,0.047256
Fast,RearUppercut,Recover,0.242000,0.219827,1.460225,0.280363,0.043660
Fast,RearUppercut,Recover,0.243375,0.219848,1.460198,0.280319,0.040097
Fast,RearUppercut,Recover,0.244750,0.219867,1.460173,0.280280,0.036831
Fast,RearUppercut,Recover,0.246125,0.219884,1.460150,0.280243,0.033599
Fast,RearUppercut,Recover,0.247500,0.219900,1.460130,0.280210,0.030531
Fast,RearUppercut,Recover,0.248875,0.219914,1.460111,0.280180,0.027641
Fast,RearUppercut,Recover,0.250250,0.219927,1.460095,0.280153,0.024870
Fast,RearUppercut,Recover,0.251625,0.219939,1.460080,0.280129,0.022259
Fast,RearUppercut,Recover,0.253000,0.219949,1.460067,0.280108,0.019805
Fast,RearUppercut,Recover,0.254375,0.219958,1.460055,0.280089,0.017457
Fast,RearUppercut,Recover,0.255750,0.219966,1.460045,0.280072,0.015283
Fast,RearUppercut,Recover,0.257125,0.219973,1.460036,0.280058,0.013273
Fast,RearUppercut,Recover,0.258500,0.219978,1.460028,0.280045,0.011318
Fast,RearUppercut,Recover,0.259875,0.219983,1.460022,0.280035,0.009664
Fast,RearUppercut,Recover,0.261250,0.219988,1.460016,0.280026,0.008005
Fast,RearUppercut,Recover,0.262625,0.219991,1.460012,0.280019,0.006571
Fast,RearUppercut,Recover,0.264000,0.219994,1.460008,0.280013,0.005226
Fast,RearUppercut,Recover,0.265375,0.219996,1.460006,0.280009,0.004096
Fast,RearUppercut,Recover,0.266750,0.219997,1.460003,0.280006,0.003114
Fast,RearUppercut,Recover,0.268125,0.219998,1.460002,0.280003,0.002179
Fast,RearUppercut,Recover,0.269500,0.219999,1.460001,0.280002,0.001468
Fast,RearUppercut,Recover,0.270875,0.220000,1.460001,0.280001,0.000884
Fast,RearUppercut,Recover,0.272250,0.220000,1.460000,0.280000,0.000483
Fast,RearUppercut,Recover,0.273625,0.220000,1.460000,0.280000,0.000169
Fast,RearUppercut,Recover,0.275000,0.220000,1.460000,0.280000,0.000024
Legacy,LeadOverhand,Commit,0.000450,-0.220006,1.490013,0.279996,0.034208
Legacy,LeadOverhand,Commit,0.000900,-0.220024,1.490054,0.279982,0.102162
Legacy,LeadOverhand,Commit,0.001350,-0.220053,1.490120,0.279960,0.169389
Legacy,LeadOverhand,Commit,0.001800,-0.220095,1.490213,0.279929,0.236082
Legacy,LeadOverhand,Commit,0.002250,-0.220148,1.490332,0.279889,0.301842
Legacy,LeadOverhand,Commit,0.002700,-0.220212,1.490476,0.279841,0.367010
Legacy,LeadOverhand,Commit,0.003150,-0.220287,1.490646,0.279785,0.431786
Legacy,LeadOverhand,Commit,0.003600,-0.220374,1.490841,0.279720,0.495244
Legacy,LeadOverhand,Commit,0.004050,-0.220471,1.491061,0.279646,0.558759
Legacy,LeadOverhand,Commit,0.004500,-0.220580,1.491305,0.279565,0.620949
Legacy,LeadOverhand,Commit,0.004950,-0.220699,1.491574,0.279476,0.682792
Legacy,LeadOverhand,Commit,0.005400,-0.220829,1.491866,0.279378,0.743978
Legacy,LeadOverhand,Commit,0.005850,-0.220970,1.492183,0.279273,0.804290
Legacy,LeadOverhand,Commit,0.006300,-0.221121,1.492522,0.279159,0.863972
Legacy,LeadOverhand,Commit,0.006750,-0.221283,1.492886,0.279038,0.923093
Legacy,LeadOverhand,Commit,0.007200,-0.221454,1.493272,0.278909,0.981520
Legacy,LeadOverhand,Commit,0.007650,-0.221636,1.493680,0.278773,1.039130
Legacy,LeadOverhand,Commit,0.008100,-0.221827,1.494112,0.278630,1.095866
Legacy,LeadOverhand,Commit,0.008550,-0.222029,1.494565,0.278478,1.152447
Legacy,LeadOverhand,Commit,0.009000,-0.222240,1.495040,0.278320,1.207908
Legacy,LeadOverhand,Commit,0.009450,-0.222461,1.495537,0.278154,1.262810
Legacy,LeadOverhand,Commit,0.009900,-0.222691,1.496055,0.277982,1.317031
Legacy,LeadOverhand,Commit,0.010350,-0.222931,1.496594,0.277802,1.370408
Legacy,LeadOverhand,Commit,0.010800,-0.223180,1.497154,0.277615,1.423419
Legacy,LeadOverhand,Commit,0.011250,-0.223438,1.497734,0.277422,1.475793
Legacy,LeadOverhand,Commit,0.011700,-0.223705,1.498335,0.277222,1.527028
Legacy,LeadOverhand,Commit,0.012150,-0.223980,1.498956,0.277015,1.577723
Legacy,LeadOverhand,Commit,0.012600,-0.224265,1.499596,0.276801,1.627942
Legacy,LeadOverhand,Commit,0.013050,-0.224558,1.500256,0.276581,1.677602
Legacy,LeadOverhand,Commit,0.013500,-0.224860,1.500935,0.276355,1.725917
Legacy,LeadOverhand,Commit,0.013950,-0.225170,1.501633,0.276122,1.774296
Legacy,LeadOverhand,Commit,0.014400,-0.225489,1.502349,0.275884,1.821576
Legacy,LeadOverhand,Commit,0.014850,-0.225815,1.503084,0.275639,1.868044
Legacy,LeadOverhand,Commit,0.015300,-0.226150,1.503837,0.275388,1.914295
Legacy,LeadOverhand,Commit,0.015750,-0.226493,1.504608,0.275131,1.959496
Legacy,LeadOverhand,Commit,0.016200,-0.226843,1.505396,0.274868,2.004055
Legacy,LeadOverhand,Commit,0.016650,-0.227201,1.506202,0.274599,2.047996
Legacy,LeadOverhand,Commit,0.017100,-0.227567,1.507025,0.274325,2.091300
Legacy,LeadOverhand,Commit,0.017550,-0.227940,1.507864,0.274045,2.133761
Legacy,LeadOverhand,Commit,0.018000,-0.228320,1.508720,0.273760,2.175850
Legacy,LeadOverhand,Commit,0.018450,-0.228708,1.509592,0.273469,2.216793
Legacy,LeadOverhand,Commit,0.018900,-0.229102,1.510480,0.273173,2.257363
Legacy,LeadOverhand,Commit,0.019350,-0.229504,1.511384,0.272872,2.297084
Legacy,LeadOverhand,Commit,0.019800,-0.229912,1.512303,0.272566,2.336471
Legacy,LeadOverhand,Commit,0.020250,-0.230328,1.513237,0.272254,2.374687
Legacy,LeadOverhand,Commit,0.020700,-0.230749,1.514186,0.271938,2.412542
Legacy,LeadOverhand,Commit,0.021150,-0.231178,1.515149,0.271617,2.449517
Legacy,LeadOverhand,Commit,0.021600,-0.231612,1.516127,0.271291,2.485919
Legacy,LeadOverhand,Commit,0.022050,-0.232053,1.517119,0.270960,2.521620
Legacy,LeadOverhand,Commit,0.022500,-0.232500,1.518125,0.270625,2.556741
Legacy,LeadOverhand,Commit,0.022950,-0.232953,1.519144,0.270285,2.590796
Legacy,LeadOverhand,Commit,0.023400,-0.233412,1.520177,0.269941,2.624656
Legacy,LeadOverhand,Commit,0.023850,-0.233877,1.521222,0.269593,2.657456
Legacy,LeadOverhand,Commit,0.024300,-0.234347,1.522280,0.269240,2.689806
Legacy,LeadOverhand,Commit,0.024750,-0.234823,1.523351,0.268883,2.721345
Legacy,LeadOverhand,Commit,0.025200,-0.235304,1.524433,0.268522,2.752279
Legacy,LeadOverhand,Commit,0.025650,-0.235790,1.525528,0.268157,2.782525
Legacy,LeadOverhand,Commit,0.026100,-0.236282,1.526634,0.267789,2.811973
Legacy,LeadOverhand,Commit,0.026550,-0.236778,1.527751,0.267416,2.840759
Legacy,LeadOverhand,Commit,0.027000,-0.237280,1.528880,0.267040,2.868914
Legacy,LeadOverhand,Commit,0.027450,-0.237786,1.530019,0.266660,2.896497
Legacy,LeadOverhand,Commit,0.027900,-0.238297,1.531169,0.266277,2.923173
Legacy,LeadOverhand,Commit,0.028350,-0.238813,1.532329,0.265890,2.949231
Legacy,LeadOverhand,Commit,0.028800,-0.239333,1.533500,0.265500,2.974691
Legacy,LeadOverhand,Commit,0.029250,-0.239858,1.534679,0.265107,2.999251
Legacy,LeadOverhand,Commit,0.029700,-0.240386,1.535869,0.264710,3.023483
Legacy,LeadOverhand,Commit,0.030150,-0.240919,1.537067,0.264311,3.046543
Legacy,LeadOverhand,Commit,0.030600,-0.241455,1.538275,0.263909,3.069514
Legacy,LeadOverhand,Commit,0.031050,-0.241996,1.539491,0.263503,3.091127
Legacy,LeadOverhand,Commit,0.031500,-0.242540,1.540715,0.263095,3.112586
Legacy,LeadOverhand,Commit,0.031950,-0.243088,1.541947,0.262684,3.133183
Legacy,LeadOverhand,Commit,0.032400,-0.243639,1.543188,0.262271,3.153176
Legacy,LeadOverhand,Commit,0.032850,-0.244194,1.544436,0.261855,3.172268
Legacy,LeadOverhand,Commit,0.033300,-0.244752,1.545691,0.261436,3.190774
Legacy,LeadOverhand,Commit,0.033750,-0.245313,1.546953,0.261016,3.208908
Legacy,LeadOverhand,Commit,0.034200,-0.245877,1.548222,0.260593,3.225671
Legacy,LeadOverhand,Commit,0.034650,-0.246443,1.549497,0.260168,3.242293
Legacy,LeadOverhand,Commit,0.035100,-0.247013,1.550779,0.259740,3.258284
Legacy,LeadOverhand,Commit,0.035550,-0.247585,1.552067,0.259311,3.273214
Legacy,LeadOverhand,Commit,0.036000,-0.248160,1.553360,0.258880,3.287488
Legacy,LeadOverhand,Commit,0.036450,-0.248737,1.554659,0.258447,3.301369
Legacy,LeadOverhand,Commit,0.036900,-0.249317,1.555962,0.258013,3.314396
Legacy,LeadOverhand,Commit,0.037350,-0.249898,1.557271,0.257576,3.326817
Legacy,LeadOverhand,Commit,0.037800,-0.250482,1.558584,0.257139,3.338382
Legacy,LeadOverhand,Commit,0.038250,-0.251068,1.559902,0.256699,3.349517
Legacy,LeadOverhand,Commit,0.038700,-0.251655,1.561224,0.256259,3.359591
Legacy,LeadOverhand,Commit,0.039150,-0.252244,1.562549,0.255817,3.369252
Legacy,LeadOverhand,Commit,0.039600,-0.252835,1.563878,0.255374,3.378335
Legacy,LeadOverhand,Commit,0.040050,-0.253427,1.565210,0.254930,3.386498
Legacy,LeadOverhand,Commit,0.040500,-0.254020,1.566545,0.254485,3.393870
Legacy,LeadOverhand,Commit,0.040950,-0.254615,1.567883,0.254039,3.401055
Legacy,LeadOverhand,Commit,0.041400,-0.255210,1.569223,0.253592,3.406883
Legacy,LeadOverhand,Commit,0.041850,-0.255807,1.570565,0.253145,3.412569
Legacy,LeadOverhand,Commit,0.042300,-0.256404,1.571910,0.252697,3.417419
Legacy,LeadOverhand,Commit,0.042750,-0.257003,1.573256,0.252248,3.421402
Legacy,LeadOverhand,Commit,0.043200,-0.257601,1.574603,0.251799,3.425004
Legacy,LeadOverhand,Commit,0.043650,-0.258201,1.575951,0.251350,3.427500
Legacy,LeadOverhand,Commit,0.044100,-0.258800,1.577300,0.250900,3.429854
Legacy,LeadOverhand,Commit,0.044550,-0.259400,1.578650,0.250450,3.431037
Legacy,LeadOverhand,Commit,0.045000,-0.260000,1.580000,0.250000,3.431706
Legacy,LeadOverhand,Commit,0.045450,-0.260600,1.581350,0.249550,3.431732
Legacy,LeadOverhand,Commit,0.045900,-0.261200,1.582700,0.249100,3.431037
Legacy,LeadOverhand,Commit,0.046350,-0.261800,1.584049,0.248650,3.429835
Legacy,LeadOverhand,Commit,0.046800,-0.262399,1.585397,0.248201,3.427519
Legacy,LeadOverhand,Commit,0.047250,-0.262998,1.586744,0.247752,3.424984
Legacy,LeadOverhand,Commit,0.047700,-0.263596,1.588090,0.247303,3.421395
Legacy,LeadOverhand,Commit,0.048150,-0.264193,1.589435,0.246855,3.417445
Legacy,LeadOverhand,Commit,0.048600,-0.264790,1.590777,0.246408,3.412589
Legacy,LeadOverhand,Commit,0.049050,-0.265385,1.592117,0.245961,3.406883
Legacy,LeadOverhand,Commit,0.049500,-0.265980,1.593455,0.245515,3.401036
Legacy,LeadOverhand,Commit,0.049950,-0.266573,1.594790,0.245070,3.393860
Legacy,LeadOverhand,Commit,0.050400,-0.267166,1.596122,0.244626,3.386508
Legacy,LeadOverhand,Commit,0.050850,-0.267756,1.597451,0.244183,3.378326
Legacy,LeadOverhand,Commit,0.051300,-0.268345,1.598777,0.243741,3.369262
Legacy,LeadOverhand,Commit,0.051750,-0.268933,1.600098,0.243301,3.359617
Legacy,LeadOverhand,Commit,0.052200,-0.269518,1.601416,0.242861,3.349501
Legacy,LeadOverhand,Commit,0.052650,-0.270102,1.602729,0.242424,3.338376
Legacy,LeadOverhand,Commit,0.053100,-0.270683,1.604038,0.241988,3.326791
Legacy,LeadOverhand,Commit,0.053550,-0.271263,1.605341,0.241553,3.314418
Legacy,LeadOverhand,Commit,0.054000,-0.271840,1.606640,0.241120,3.301369
Legacy,LeadOverhand,Commit,0.054450,-0.272415,1.607933,0.240689,3.287511
Legacy,LeadOverhand,Commit,0.054900,-0.272987,1.609221,0.240260,3.273169
Legacy,LeadOverhand,Commit,0.055350,-0.273557,1.610503,0.239833,3.258310
Legacy,LeadOverhand,Commit,0.055800,-0.274124,1.611778,0.239407,3.242277
Legacy,LeadOverhand,Commit,0.056250,-0.274688,1.613047,0.238984,3.225671
Legacy,LeadOverhand,Commit,0.056700,-0.275249,1.614309,0.238564,3.208905
Legacy,LeadOverhand,Commit,0.057150,-0.275806,1.615564,0.238145,3.190768
Legacy,LeadOverhand,Commit,0.057600,-0.276361,1.616812,0.237729,3.172290
Legacy,LeadOverhand,Commit,0.058050,-0.276912,1.618053,0.237316,3.153163
Legacy,LeadOverhand,Commit,0.058500,-0.277460,1.619285,0.236905,3.133206
Legacy,LeadOverhand,Commit,0.058950,-0.278004,1.620510,0.236497,3.112590
Legacy,LeadOverhand,Commit,0.059400,-0.278545,1.621725,0.236092,3.091102
Legacy,LeadOverhand,Commit,0.059850,-0.279081,1.622933,0.235689,3.069530
Legacy,LeadOverhand,Commit,0.060300,-0.279614,1.624131,0.235290,3.046794
Legacy,LeadOverhand,Commit,0.060750,-0.280143,1.625321,0.234893,3.023228
Legacy,LeadOverhand,Commit,0.061200,-0.280667,1.626500,0.234500,2.999251
Legacy,LeadOverhand,Commit,0.061650,-0.281187,1.627671,0.234110,2.974679
Legacy,LeadOverhand,Commit,0.062100,-0.281703,1.628831,0.233723,2.949257
Legacy,LeadOverhand,Commit,0.062550,-0.282214,1.629981,0.233340,2.923160
Legacy,LeadOverhand,Commit,0.063000,-0.282720,1.631120,0.232960,2.896484
Legacy,LeadOverhand,Commit,0.063450,-0.283222,1.632249,0.232584,2.868940
Legacy,LeadOverhand,Commit,0.063900,-0.283718,1.633366,0.232211,2.840759
Legacy,LeadOverhand,Commit,0.064350,-0.284210,1.634472,0.231843,2.811960
Legacy,LeadOverhand,Commit,0.064800,-0.284696,1.635567,0.231478,2.782547
Legacy,LeadOverhand,Commit,0.065250,-0.285178,1.636649,0.231117,2.752234
Legacy,LeadOverhand,Commit,0.065700,-0.285653,1.637720,0.230760,2.721367
Legacy,LeadOverhand,Commit,0.066150,-0.286124,1.638778,0.230407,2.689825
Legacy,LeadOverhand,Commit,0.066600,-0.286588,1.639823,0.230059,2.657424
Legacy,LeadOverhand,Commit,0.067050,-0.287047,1.640856,0.229715,2.624650
Legacy,LeadOverhand,Commit,0.067500,-0.287500,1.641875,0.229375,2.590808
Legacy,LeadOverhand,Commit,0.067950,-0.287947,1.642881,0.229040,2.556751
Legacy,LeadOverhand,Commit,0.068400,-0.288388,1.643873,0.228709,2.521626
Legacy,LeadOverhand,Commit,0.068850,-0.288823,1.644851,0.228383,2.485909
Legacy,LeadOverhand,Commit,0.069300,-0.289251,1.645814,0.228062,2.449517
Legacy,LeadOverhand,Commit,0.069750,-0.289673,1.646763,0.227746,2.412555
Legacy,LeadOverhand,Commit,0.070200,-0.290088,1.647697,0.227434,2.374674
Legacy,LeadOverhand,Commit,0.070650,-0.290496,1.648616,0.227128,2.336429
Legacy,LeadOverhand,Commit,0.071100,-0.290898,1.649520,0.226827,2.297104
Legacy,LeadOverhand,Commit,0.071550,-0.291292,1.650408,0.226531,2.257395
Legacy,LeadOverhand,Commit,0.072000,-0.291680,1.651280,0.226240,2.216806
Legacy,LeadOverhand,Commit,0.072450,-0.292060,1.652136,0.225955,2.175840
Legacy,LeadOverhand,Commit,0.072900,-0.292433,1.652975,0.225675,2.133735
Legacy,LeadOverhand,Commit,0.073350,-0.292799,1.653798,0.225401,2.091300
Legacy,LeadOverhand,Commit,0.073800,-0.293157,1.654604,0.225132,2.048009
Legacy,LeadOverhand,Commit,0.074250,-0.293508,1.655392,0.224869,2.004068
Legacy,LeadOverhand,Commit,0.074700,-0.293850,1.656163,0.224612,1.959484
Legacy,LeadOverhand,Commit,0.075150,-0.294185,1.656916,0.224361,1.914295
Legacy,LeadOverhand,Commit,0.075600,-0.294511,1.657651,0.224117,1.868044
Legacy,LeadOverhand,Commit,0.076050,-0.294830,1.658367,0.223878,1.821589
Legacy,LeadOverhand,Commit,0.076500,-0.295140,1.659065,0.223645,1.774271
Legacy,LeadOverhand,Commit,0.076950,-0.295442,1.659744,0.223419,1.725907
Legacy,LeadOverhand,Commit,0.077400,-0.295735,1.660404,0.223199,1.677624
Legacy,LeadOverhand,Commit,0.077850,-0.296020,1.661044,0.222985,1.627952
Legacy,LeadOverhand,Commit,0.078300,-0.296296,1.661665,0.222778,1.577691
Legacy,LeadOverhand,Commit,0.078750,-0.296563,1.662266,0.222578,1.527073
Legacy,LeadOverhand,Commit,0.079200,-0.296821,1.662846,0.222385,1.475761
Legacy,LeadOverhand,Commit,0.079650,-0.297069,1.663406,0.222198,1.423406
Legacy,LeadOverhand,Commit,0.080100,-0.297309,1.663945,0.222018,1.370443
Legacy,LeadOverhand,Commit,0.080550,-0.297539,1.664463,0.221846,1.317027
Legacy,LeadOverhand,Commit,0.081000,-0.297760,1.664960,0.221680,1.262781
Legacy,LeadOverhand,Commit,0.081450,-0.297971,1.665435,0.221522,1.207940
Legacy,LeadOverhand,Commit,0.081900,-0.298173,1.665889,0.221371,1.152447
Legacy,LeadOverhand,Commit,0.082350,-0.298364,1.666320,0.221227,1.095876
Legacy,LeadOverhand,Commit,0.082800,-0.298546,1.666728,0.221091,1.039108
Legacy,LeadOverhand,Commit,0.083250,-0.298718,1.667114,0.220962,0.981520
Legacy,LeadOverhand,Commit,0.083700,-0.298879,1.667478,0.220841,0.923068
Legacy,LeadOverhand,Commit,0.084150,-0.299030,1.667817,0.220728,0.864001
Legacy,LeadOverhand,Commit,0.084600,-0.299171,1.668134,0.220622,0.804300
Legacy,LeadOverhand,Commit,0.085050,-0.299301,1.668427,0.220525,0.743978
Legacy,LeadOverhand,Commit,0.085500,-0.299420,1.668695,0.220435,0.682753
Legacy,LeadOverhand,Commit,0.085950,-0.299529,1.668939,0.220354,0.620984
Legacy,LeadOverhand,Commit,0.086400,-0.299626,1.669159,0.220280,0.558762
Legacy,LeadOverhand,Commit,0.086850,-0.299713,1.669354,0.220215,0.495231
Legacy,LeadOverhand,Commit,0.087300,-0.299788,1.669524,0.220159,0.431786
Legacy,LeadOverhand,Commit,0.087750,-0.299853,1.669668,0.220111,0.367023
Legacy,LeadOverhand,Commit,0.088200,-0.299905,1.669787,0.220071,0.301852
Legacy,LeadOverhand,Commit,0.088650,-0.299947,1.669880,0.220040,0.236037
Legacy,LeadOverhand,Commit,0.089100,-0.299976,1.669946,0.220018,0.169411
Legacy,LeadOverhand,Commit,0.089550,-0.299994,1.669987,0.220005,0.102127
Legacy,LeadOverhand,Commit,0.090000,-0.300000,1.670000,0.220000,0.034244
Legacy,LeadOverhand,Extend,0.000700,-0.299985,1.670023,0.220028,0.056322
Legacy,LeadOverhand,Extend,0.001400,-0.299940,1.670092,0.220113,0.168354
Legacy,LeadOverhand,Extend,0.002100,-0.299866,1.670205,0.220254,0.279262
Legacy,LeadOverhand,Extend,0.002800,-0.299763,1.670364,0.220450,0.388916
Legacy,LeadOverhand,Extend,0.003500,-0.299631,1.670566,0.220701,0.497498
Legacy,LeadOverhand,Extend,0.004200,-0.299471,1.670812,0.221006,0.604987
Legacy,LeadOverhand,Extend,0.004900,-0.299282,1.671102,0.221364,0.711289
Legacy,LeadOverhand,Extend,0.005600,-0.299066,1.671434,0.221775,0.816452
Legacy,LeadOverhand,Extend,0.006300,-0.298821,1.671809,0.222239,0.920506
Legacy,LeadOverhand,Extend,0.007000,-0.298550,1.672226,0.222755,1.023472
Legacy,LeadOverhand,Extend,0.007700,-0.298252,1.672683,0.223322,1.125101
Legacy,LeadOverhand,Extend,0.008400,-0.297926,1.673182,0.223940,1.225705
Legacy,LeadOverhand,Extend,0.009100,-0.297575,1.673722,0.224608,1.325284
Legacy,LeadOverhand,Extend,0.009800,-0.297197,1.674301,0.225325,1.423331
Legacy,LeadOverhand,Extend,0.010500,-0.296794,1.674919,0.226092,1.520433
Legacy,LeadOverhand,Extend,0.011200,-0.296365,1.675576,0.226907,1.616415
Legacy,LeadOverhand,Extend,0.011900,-0.295911,1.676272,0.227770,1.711122
Legacy,LeadOverhand,Extend,0.012600,-0.295432,1.677005,0.228680,1.804429
Legacy,LeadOverhand,Extend,0.013300,-0.294928,1.677775,0.229637,1.896727
Legacy,LeadOverhand,Extend,0.014000,-0.294400,1.678582,0.230640,1.987755
Legacy,LeadOverhand,Extend,0.014700,-0.293848,1.679425,0.231689,2.077462
Legacy,LeadOverhand,Extend,0.015400,-0.293272,1.680303,0.232782,2.165916
Legacy,LeadOverhand,Extend,0.016100,-0.292673,1.681216,0.233921,2.253033
Legacy,LeadOverhand,Extend,0.016800,-0.292051,1.682162,0.235103,2.338684
Legacy,LeadOverhand,Extend,0.017500,-0.291406,1.683142,0.236328,2.423342
Legacy,LeadOverhand,Extend,0.018200,-0.290739,1.684154,0.237596,2.506422
Legacy,LeadOverhand,Extend,0.018900,-0.290049,1.685198,0.238907,2.588002
Legacy,LeadOverhand,Extend,0.019600,-0.289338,1.686273,0.240259,2.668399
Legacy,LeadOverhand,Extend,0.020300,-0.288605,1.687377,0.241652,2.747168
Legacy,LeadOverhand,Extend,0.021000,-0.287850,1.688511,0.243085,2.824735
Legacy,LeadOverhand,Extend,0.021700,-0.287075,1.689673,0.244558,2.900566
Legacy,LeadOverhand,Extend,0.022400,-0.286278,1.690862,0.246071,2.974827
Legacy,LeadOverhand,Extend,0.023100,-0.285462,1.692078,0.247623,3.047807
Legacy,LeadOverhand,Extend,0.023800,-0.284625,1.693319,0.249212,3.118850
Legacy,LeadOverhand,Extend,0.024500,-0.283769,1.694584,0.250839,3.188666
Legacy,LeadOverhand,Extend,0.025200,-0.282893,1.695872,0.252504,3.256680
Legacy,LeadOverhand,Extend,0.025900,-0.281998,1.697182,0.254205,3.322993
Legacy,LeadOverhand,Extend,0.026600,-0.281084,1.698514,0.255941,3.387640
Legacy,LeadOverhand,Extend,0.027300,-0.280151,1.699864,0.257713,3.450691
Legacy,LeadOverhand,Extend,0.028000,-0.279200,1.701233,0.259520,3.511771
Legacy,LeadOverhand,Extend,0.028700,-0.278231,1.702619,0.261361,3.571331
Legacy,LeadOverhand,Extend,0.029400,-0.277244,1.704021,0.263236,3.628965
Legacy,LeadOverhand,Extend,0.030100,-0.276240,1.705438,0.265143,3.684812
Legacy,LeadOverhand,Extend,0.030800,-0.275219,1.706867,0.267084,3.738846
Legacy,LeadOverhand,Extend,0.031500,-0.274181,1.708308,0.269056,3.791048
Legacy,LeadOverhand,Extend,0.032200,-0.273127,1.709758,0.271059,3.841372
Legacy,LeadOverhand,Extend,0.032900,-0.272056,1.711217,0.273093,3.889642
Legacy,LeadOverhand,Extend,0.033600,-0.270970,1.712684,0.275158,3.936260
Legacy,LeadOverhand,Extend,0.034300,-0.269867,1.714155,0.277252,3.980812
Legacy,LeadOverhand,Extend,0.035000,-0.268750,1.715630,0.279375,4.023606
Legacy,LeadOverhand,Extend,0.035700,-0.267618,1.717107,0.281527,4.064342
Legacy,LeadOverhand,Extend,0.036400,-0.266470,1.718585,0.283706,4.103141
Legacy,LeadOverhand,Extend,0.037100,-0.265309,1.720061,0.285913,4.139915
Legacy,LeadOverhand,Extend,0.037800,-0.264133,1.721534,0.288147,4.175111
Legacy,LeadOverhand,Extend,0.038500,-0.262944,1.723002,0.290407,4.208113
Legacy,LeadOverhand,Extend,0.039200,-0.261741,1.724463,0.292693,4.239269
Legacy,LeadOverhand,Extend,0.039900,-0.260525,1.725916,0.295003,4.268681
Legacy,LeadOverhand,Extend,0.040600,-0.259296,1.727358,0.297338,4.296000
Legacy,LeadOverhand,Extend,0.041300,-0.258054,1.728787,0.299698,4.321630
Legacy,LeadOverhand,Extend,0.042000,-0.256800,1.730203,0.302080,4.345479
Legacy,LeadOverhand,Extend,0.042700,-0.255534,1.731603,0.304485,4.367506
Legacy,LeadOverhand,Extend,0.043400,-0.254256,1.732984,0.306913,4.387793
Legacy,LeadOverhand,Extend,0.044100,-0.252967,1.734346,0.309362,4.406345
Legacy,LeadOverhand,Extend,0.044800,-0.251667,1.735685,0.311832,4.423444
Legacy,LeadOverhand,Extend,0.045500,-0.250356,1.737001,0.314323,4.438880
Legacy,LeadOverhand,Extend,0.046200,-0.249035,1.738292,0.316834,4.452687
Legacy,LeadOverhand,Extend,0.046900,-0.247703,1.739555,0.319364,4.465192
Legacy,LeadOverhand,Extend,0.047600,-0.246362,1.740788,0.321913,4.476187
Legacy,LeadOverhand,Extend,0.048300,-0.245011,1.741990,0.324480,4.485884
Legacy,LeadOverhand,Extend,0.049000,-0.243650,1.743158,0.327065,4.494513
Legacy,LeadOverhand,Extend,0.049700,-0.242281,1.744292,0.329667,4.501751
Legacy,LeadOverhand,Extend,0.050400,-0.240902,1.745389,0.332286,4.508214
Legacy,LeadOverhand,Extend,0.051100,-0.239516,1.746446,0.334920,4.513347
Legacy,LeadOverhand,Extend,0.051800,-0.238121,1.747464,0.337570,4.517917
Legacy,LeadOverhand,Extend,0.052500,-0.236719,1.748439,0.340234,4.521584
Legacy,LeadOverhand,Extend,0.053200,-0.235309,1.749370,0.342913,4.524597
Legacy,LeadOverhand,Extend,0.053900,-0.233892,1.750255,0.345606,4.527053
Legacy,LeadOverhand,Extend,0.054600,-0.232468,1.751093,0.348312,4.529088
Legacy,LeadOverhand,Extend,0.055300,-0.231037,1.751882,0.351030,4.530702
Legacy,LeadOverhand,Extend,0.056000,-0.229600,1.752621,0.353760,4.532125
Legacy,LeadOverhand,Extend,0.056700,-0.228157,1.753308,0.356502,4.533360
Legacy,LeadOverhand,Extend,0.057400,-0.226708,1.753941,0.359254,4.534681
Legacy,LeadOverhand,Extend,0.058100,-0.225254,1.754520,0.362017,4.535968
Legacy,LeadOverhand,Extend,0.058800,-0.223795,1.755043,0.364789,4.537509
Legacy,LeadOverhand,Extend,0.059500,-0.222331,1.755509,0.367571,4.539328
Legacy,LeadOverhand,Extend,0.060200,-0.220863,1.755916,0.370361,4.541501
Legacy,LeadOverhand,Extend,0.060900,-0.219390,1.756263,0.373159,4.544218
Legacy,LeadOverhand,Extend,0.061600,-0.217914,1.756550,0.375964,4.547537
Legacy,LeadOverhand,Extend,0.062300,-0.216434,1.756776,0.378777,4.551443
Legacy,LeadOverhand,Extend,0.063000,-0.214950,1.756939,0.381595,4.556109
Legacy,LeadOverhand,Extend,0.063700,-0.213464,1.757039,0.384419,4.561575
Legacy,LeadOverhand,Extend,0.064400,-0.211974,1.757075,0.387249,4.567890
Legacy,LeadOverhand,Extend,0.065100,-0.210483,1.757046,0.390083,4.575205
Legacy,LeadOverhand,Extend,0.065800,-0.208989,1.756952,0.392921,4.583385
Legacy,LeadOverhand,Extend,0.066500,-0.207494,1.756792,0.395762,4.592607
Legacy,LeadOverhand,Extend,0.067200,-0.205997,1.756567,0.398606,4.602851
Legacy,LeadOverhand,Extend,0.067900,-0.204499,1.756275,0.401453,4.614130
Legacy,LeadOverhand,Extend,0.068600,-0.203000,1.755917,0.404301,4.626398
Legacy,LeadOverhand,Extend,0.069300,-0.201500,1.755492,0.407150,4.639700
Legacy,LeadOverhand,Extend,0.070000,-0.200000,1.755000,0.410000,4.654118
Legacy,LeadOverhand,Extend,0.070700,-0.198500,1.754442,0.412850,4.669340
Legacy,LeadOverhand,Extend,0.071400,-0.197000,1.753817,0.415699,4.685590
Legacy,LeadOverhand,Extend,0.072100,-0.195501,1.753126,0.418548,4.702804
Legacy,LeadOverhand,Extend,0.072800,-0.194003,1.752369,0.421394,4.720716
Legacy,LeadOverhand,Extend,0.073500,-0.192506,1.751547,0.424238,4.739388
Legacy,LeadOverhand,Extend,0.074200,-0.191011,1.750659,0.427080,4.758934
Legacy,LeadOverhand,Extend,0.074900,-0.189517,1.749708,0.429918,4.778917
Legacy,LeadOverhand,Extend,0.075600,-0.188026,1.748692,0.432751,4.799493
Legacy,LeadOverhand,Extend,0.076300,-0.186536,1.747614,0.435581,4.820386
Legacy,LeadOverhand,Extend,0.077000,-0.185050,1.746474,0.438405,4.841536
Legacy,LeadOverhand,Extend,0.077700,-0.183567,1.745273,0.441224,4.863070
Legacy,LeadOverhand,Extend,0.078400,-0.182086,1.744011,0.444036,4.884780
Legacy,LeadOverhand,Extend,0.079100,-0.180610,1.742690,0.446841,4.906103
Legacy,LeadOverhand,Extend,0.079800,-0.179137,1.741312,0.449639,4.927628
Legacy,LeadOverhand,Extend,0.080500,-0.177669,1.739877,0.452429,4.948721
Legacy,LeadOverhand,Extend,0.081200,-0.176205,1.738386,0.455211,4.969554
Legacy,LeadOverhand,Extend,0.081900,-0.174746,1.736842,0.457983,4.989731
Legacy,LeadOverhand,Extend,0.082600,-0.173292,1.735245,0.460746,5.009418
Legacy,LeadOverhand,Extend,0.083300,-0.171843,1.733598,0.463498,5.028252
Legacy,LeadOverhand,Extend,0.084000,-0.170400,1.731901,0.466240,5.046458
Legacy,LeadOverhand,Extend,0.084700,-0.168963,1.730156,0.468970,5.063288
Legacy,LeadOverhand,Extend,0.085400,-0.167532,1.728366,0.471688,5.079419
Legacy,LeadOverhand,Extend,0.086100,-0.166108,1.726531,0.474394,5.094131
Legacy,LeadOverhand,Extend,0.086800,-0.164691,1.724653,0.477087,5.107654
Legacy,LeadOverhand,Extend,0.087500,-0.163281,1.722736,0.479766,5.119473
Legacy,LeadOverhand,Extend,0.088200,-0.161879,1.720779,0.482430,5.130224
Legacy,LeadOverhand,Extend,0.088900,-0.160484,1.718785,0.485080,5.139136
Legacy,LeadOverhand,Extend,0.089600,-0.159098,1.716757,0.487715,5.146246
Legacy,LeadOverhand,Extend,0.090300,-0.157720,1.714695,0.490333,5.151783
Legacy,LeadOverhand,Extend,0.091000,-0.156350,1.712603,0.492935,5.155223
Legacy,LeadOverhand,Extend,0.091700,-0.154990,1.710482,0.495520,5.156908
Legacy,LeadOverhand,Extend,0.092400,-0.153638,1.708335,0.498087,5.156426
Legacy,LeadOverhand,Extend,0.093100,-0.152297,1.706162,0.500636,5.154010
Legacy,LeadOverhand,Extend,0.093800,-0.150965,1.703967,0.503166,5.149236
Legacy,LeadOverhand,Extend,0.094500,-0.149644,1.701752,0.505677,5.142397
Legacy,LeadOverhand,Extend,0.095200,-0.148333,1.699518,0.508168,5.133337
Legacy,LeadOverhand,Extend,0.095900,-0.147033,1.697268,0.510638,5.121899
Legacy,LeadOverhand,Extend,0.096600,-0.145744,1.695005,0.513087,5.108139
Legacy,LeadOverhand,Extend,0.097300,-0.144466,1.692729,0.515515,5.092037
Legacy,LeadOverhand,Extend,0.098000,-0.143200,1.690443,0.517920,5.073335
Legacy,LeadOverhand,Extend,0.098700,-0.141946,1.688150,0.520303,5.052533
Legacy,LeadOverhand,Extend,0.099400,-0.140704,1.685851,0.522662,5.028936
Legacy,LeadOverhand,Extend,0.100100,-0.139475,1.683548,0.524997,5.003123
Legacy,LeadOverhand,Extend,0.100800,-0.138259,1.681244,0.527308,4.974576
Legacy,LeadOverhand,Extend,0.101500,-0.137056,1.678941,0.529593,4.943765
Legacy,LeadOverhand,Extend,0.102200,-0.135867,1.676640,0.531853,4.910498
Legacy,LeadOverhand,Extend,0.102900,-0.134691,1.674345,0.534087,4.874374
Legacy,LeadOverhand,Extend,0.103600,-0.133530,1.672055,0.536294,4.836092
Legacy,LeadOverhand,Extend,0.104300,-0.132383,1.669775,0.538473,4.795251
Legacy,LeadOverhand,Extend,0.105000,-0.131250,1.667505,0.540625,4.752053
Legacy,LeadOverhand,Extend,0.105700,-0.130133,1.665248,0.542748,4.705870
Legacy,LeadOverhand,Extend,0.106400,-0.129030,1.663005,0.544842,4.657811
Legacy,LeadOverhand,Extend,0.107100,-0.127944,1.660778,0.546907,4.607192
Legacy,LeadOverhand,Extend,0.107800,-0.126873,1.658569,0.548941,4.554174
Legacy,LeadOverhand,Extend,0.108500,-0.125819,1.656381,0.550944,4.498748
Legacy,LeadOverhand,Extend,0.109200,-0.124781,1.654213,0.552917,4.440838
Legacy,LeadOverhand,Extend,0.109900,-0.123760,1.652069,0.554857,4.380853
Legacy,LeadOverhand,Extend,0.110600,-0.122756,1.649950,0.556764,4.318356
Legacy,LeadOverhand,Extend,0.111300,-0.121769,1.647858,0.558639,4.253852
Legacy,LeadOverhand,Extend,0.112000,-0.120800,1.645793,0.560480,4.187065
Legacy,LeadOverhand,Extend,0.112700,-0.119849,1.643759,0.562287,4.117816
Legacy,LeadOverhand,Extend,0.113400,-0.118916,1.641755,0.564059,4.046663
Legacy,LeadOverhand,Extend,0.114100,-0.118002,1.639784,0.565796,3.973506
Legacy,LeadOverhand,Extend,0.114800,-0.117107,1.637847,0.567496,3.897993
Legacy,LeadOverhand,Extend,0.115500,-0.116231,1.635946,0.569161,3.820740
Legacy,LeadOverhand,Extend,0.116200,-0.115375,1.634081,0.570788,3.741079
Legacy,LeadOverhand,Extend,0.116900,-0.114538,1.632255,0.572378,3.659758
Legacy,LeadOverhand,Extend,0.117600,-0.113722,1.630467,0.573929,3.576507
Legacy,LeadOverhand,Extend,0.118300,-0.112925,1.628721,0.575442,3.491379
Legacy,LeadOverhand,Extend,0.119000,-0.112150,1.627016,0.576915,3.404223
Legacy,LeadOverhand,Extend,0.119700,-0.111396,1.625354,0.578349,3.315351
Legacy,LeadOverhand,Extend,0.120400,-0.110662,1.623736,0.579742,3.224784
Legacy,LeadOverhand,Extend,0.121100,-0.109951,1.622163,0.581093,3.132296
Legacy,LeadOverhand,Extend,0.121800,-0.109261,1.620637,0.582404,3.038060
Legacy,LeadOverhand,Extend,0.122500,-0.108594,1.619157,0.583672,2.942574
Legacy,LeadOverhand,Extend,0.123200,-0.107949,1.617726,0.584897,2.844802
Legacy,LeadOverhand,Extend,0.123900,-0.107327,1.616344,0.586079,2.745914
Legacy,LeadOverhand,Extend,0.124600,-0.106728,1.615012,0.587218,2.645141
Legacy,LeadOverhand,Extend,0.125300,-0.106152,1.613731,0.588311,2.542971
Legacy,LeadOverhand,Extend,0.126000,-0.105600,1.612502,0.589360,2.439025
Legacy,LeadOverhand,Extend,0.126700,-0.105072,1.611326,0.590363,2.333872
Legacy,LeadOverhand,Extend,0.127400,-0.104568,1.610203,0.591320,2.227129
Legacy,LeadOverhand,Extend,0.128100,-0.104089,1.609134,0.592230,2.118854
Legacy,LeadOverhand,Extend,0.128800,-0.103635,1.608121,0.593093,2.009074
Legacy,LeadOverhand,Extend,0.129500,-0.103206,1.607163,0.593908,1.897884
Legacy,LeadOverhand,Extend,0.130200,-0.102803,1.606262,0.594675,1.785402
Legacy,LeadOverhand,Extend,0.130900,-0.102425,1.605419,0.595392,1.671486
Legacy,LeadOverhand,Extend,0.131600,-0.102074,1.604634,0.596060,1.556018
Legacy,LeadOverhand,Extend,0.132300,-0.101749,1.603907,0.596678,1.439296
Legacy,LeadOverhand,Extend,0.133000,-0.101450,1.603240,0.597245,1.321102
Legacy,LeadOverhand,Extend,0.133700,-0.101179,1.602634,0.597761,1.201800
Legacy,LeadOverhand,Extend,0.134400,-0.100934,1.602088,0.598225,1.080870
Legacy,LeadOverhand,Extend,0.135100,-0.100718,1.601604,0.598636,0.958649
Legacy,LeadOverhand,Extend,0.135800,-0.100529,1.601183,0.598995,0.835290
Legacy,LeadOverhand,Extend,0.136500,-0.100369,1.600824,0.599299,0.710210
Legacy,LeadOverhand,Extend,0.137200,-0.100237,1.600529,0.599550,0.584382
Legacy,LeadOverhand,Extend,0.137900,-0.100134,1.600299,0.599746,0.456698
Legacy,LeadOverhand,Extend,0.138600,-0.100060,1.600133,0.599887,0.327793
Legacy,LeadOverhand,Extend,0.139300,-0.100015,1.600033,0.599972,0.197653
Legacy,LeadOverhand,Extend,0.140000,-0.100000,1.600000,0.600000,0.066183
Legacy,LeadOverhand,Recover,0.001400,-0.100009,1.599992,0.599976,0.019158
Legacy,LeadOverhand,Recover,0.002800,-0.100036,1.599967,0.599905,0.057269
Legacy,LeadOverhand,Recover,0.004200,-0.100080,1.599926,0.599786,0.094969
Legacy,LeadOverhand,Recover,0.005600,-0.100142,1.599870,0.599621,0.132233
Legacy,LeadOverhand,Recover,0.007000,-0.100221,1.599797,0.599410,0.169205
Legacy,LeadOverhand,Recover,0.008400,-0.100318,1.599709,0.599153,0.205757
Legacy,LeadOverhand,Recover,0.009800,-0.100431,1.599605,0.598851,0.241876
Legacy,LeadOverhand,Recover,0.011200,-0.100561,1.599486,0.598505,0.277669
Legacy,LeadOverhand,Recover,0.012600,-0.100707,1.599352,0.598114,0.313038
Legacy,LeadOverhand,Recover,0.014000,-0.100870,1.599203,0.597680,0.348072
Legacy,LeadOverhand,Recover,0.015400,-0.101049,1.599038,0.597203,0.382701
Legacy,LeadOverhand,Recover,0.016800,-0.101244,1.598860,0.596682,0.416908
Legacy,LeadOverhand,Recover,0.018200,-0.101455,1.598666,0.596120,0.450780
Legacy,LeadOverhand,Recover,0.019600,-0.101682,1.598459,0.595516,0.484209
Legacy,LeadOverhand,Recover,0.021000,-0.101924,1.598237,0.594870,0.517329
Legacy,LeadOverhand,Recover,0.022400,-0.102181,1.598001,0.594184,0.550039
Legacy,LeadOverhand,Recover,0.023800,-0.102454,1.597751,0.593457,0.582318
Legacy,LeadOverhand,Recover,0.025200,-0.102741,1.597487,0.592691,0.614231
Legacy,LeadOverhand,Recover,0.026600,-0.103043,1.597210,0.591885,0.645817
Legacy,LeadOverhand,Recover,0.028000,-0.103360,1.596920,0.591040,0.676960
Legacy,LeadOverhand,Recover,0.029400,-0.103691,1.596617,0.590157,0.707704
Legacy,LeadOverhand,Recover,0.030800,-0.104037,1.596300,0.589236,0.738147
Legacy,LeadOverhand,Recover,0.032200,-0.104396,1.595970,0.588277,0.768101
Legacy,LeadOverhand,Recover,0.033600,-0.104769,1.595628,0.587282,0.797773
Legacy,LeadOverhand,Recover,0.035000,-0.105156,1.595273,0.586250,0.826968
Legacy,LeadOverhand,Recover,0.036400,-0.105557,1.594906,0.585182,0.855820
Legacy,LeadOverhand,Recover,0.037800,-0.105971,1.594527,0.584079,0.884308
Legacy,LeadOverhand,Recover,0.039200,-0.106397,1.594136,0.582940,0.912375
Legacy,LeadOverhand,Recover,0.040600,-0.106837,1.593732,0.581767,0.940069
Legacy,LeadOverhand,Recover,0.042000,-0.107290,1.593318,0.580560,0.967383
Legacy,LeadOverhand,Recover,0.043400,-0.107755,1.592891,0.579319,0.994326
Legacy,LeadOverhand,Recover,0.044800,-0.108233,1.592453,0.578046,1.020832
Legacy,LeadOverhand,Recover,0.046200,-0.108723,1.592004,0.576739,1.047034
Legacy,LeadOverhand,Recover,0.047600,-0.109225,1.591544,0.575400,1.072757
Legacy,LeadOverhand,Recover,0.049000,-0.109739,1.591073,0.574030,1.098184
Legacy,LeadOverhand,Recover,0.050400,-0.110264,1.590591,0.572629,1.123179
Legacy,LeadOverhand,Recover,0.051800,-0.110801,1.590099,0.571196,1.147797
Legacy,LeadOverhand,Recover,0.053200,-0.111350,1.589596,0.569734,1.172009
Legacy,LeadOverhand,Recover,0.054600,-0.111909,1.589083,0.568242,1.195887
Legacy,LeadOverhand,Recover,0.056000,-0.112480,1.588560,0.566720,1.219362
Legacy,LeadOverhand,Recover,0.057400,-0.113061,1.588027,0.565170,1.242413
Legacy,LeadOverhand,Recover,0.058800,-0.113653,1.587484,0.563591,1.265110
Legacy,LeadOverhand,Recover,0.060200,-0.114256,1.586932,0.561985,1.287434
Legacy,LeadOverhand,Recover,0.061600,-0.114869,1.586371,0.560351,1.309379
Legacy,LeadOverhand,Recover,0.063000,-0.115491,1.585800,0.558690,1.330888
Legacy,LeadOverhand,Recover,0.064400,-0.116124,1.585220,0.557003,1.352051
Legacy,LeadOverhand,Recover,0.065800,-0.116766,1.584631,0.555290,1.372834
Legacy,LeadOverhand,Recover,0.067200,-0.117418,1.584033,0.553551,1.393218
Legacy,LeadOverhand,Recover,0.068600,-0.118080,1.583427,0.551788,1.413237
Legacy,LeadOverhand,Recover,0.070000,-0.118750,1.582813,0.550000,1.432806
Legacy,LeadOverhand,Recover,0.071400,-0.119430,1.582190,0.548188,1.452074
Legacy,LeadOverhand,Recover,0.072800,-0.120118,1.581559,0.546353,1.470905
Legacy,LeadOverhand,Recover,0.074200,-0.120815,1.580920,0.544494,1.489375
Legacy,LeadOverhand,Recover,0.075600,-0.121520,1.580273,0.542613,1.507474
Legacy,LeadOverhand,Recover,0.077000,-0.122234,1.579619,0.540710,1.525162
Legacy,LeadOverhand,Recover,0.078400,-0.122956,1.578957,0.538785,1.542489
Legacy,LeadOverhand,Recover,0.079800,-0.123685,1.578289,0.536840,1.559361
Legacy,LeadOverhand,Recover,0.081200,-0.124423,1.577613,0.534873,1.575918
Legacy,LeadOverhand,Recover,0.082600,-0.125168,1.576930,0.532886,1.592125
Legacy,LeadOverhand,Recover,0.084000,-0.125920,1.576240,0.530880,1.607835
Legacy,LeadOverhand,Recover,0.085400,-0.126680,1.575544,0.528855,1.623271
Legacy,LeadOverhand,Recover,0.086800,-0.127446,1.574841,0.526810,1.638232
Legacy,LeadOverhand,Recover,0.088200,-0.128220,1.574132,0.524748,1.652872
Legacy,LeadOverhand,Recover,0.089600,-0.129000,1.573417,0.522668,1.667127
Legacy,LeadOverhand,Recover,0.091000,-0.129786,1.572696,0.520570,1.680919
Legacy,LeadOverhand,Recover,0.092400,-0.130579,1.571969,0.518456,1.694441
Legacy,LeadOverhand,Recover,0.093800,-0.131378,1.571237,0.516325,1.707485
Legacy,LeadOverhand,Recover,0.095200,-0.132183,1.570499,0.514179,1.720173
Legacy,LeadOverhand,Recover,0.096600,-0.132994,1.569756,0.512017,1.732510
Legacy,LeadOverhand,Recover,0.098000,-0.133810,1.569008,0.509840,1.744415
Legacy,LeadOverhand,Recover,0.099400,-0.134632,1.568254,0.507649,1.755955
Legacy,LeadOverhand,Recover,0.100800,-0.135459,1.567496,0.505444,1.767115
Legacy,LeadOverhand,Recover,0.102200,-0.136291,1.566734,0.503225,1.777885
Legacy,LeadOverhand,Recover,0.103600,-0.137127,1.565967,0.500994,1.788283
Legacy,LeadOverhand,Recover,0.105000,-0.137969,1.565195,0.498750,1.798258
Legacy,LeadOverhand,Recover,0.106400,-0.138815,1.564420,0.496494,1.807885
Legacy,LeadOverhand,Recover,0.107800,-0.139665,1.563640,0.494227,1.817139
Legacy,LeadOverhand,Recover,0.109200,-0.140519,1.562857,0.491948,1.825971
Legacy,LeadOverhand,Recover,0.110600,-0.141378,1.562070,0.489659,1.834428
Legacy,LeadOverhand,Recover,0.112000,-0.142240,1.561280,0.487360,1.842505
Legacy,LeadOverhand,Recover,0.113400,-0.143106,1.560486,0.485051,1.850199
Legacy,LeadOverhand,Recover,0.114800,-0.143975,1.559690,0.482734,1.857524
Legacy,LeadOverhand,Recover,0.116200,-0.144847,1.558890,0.480407,1.864454
Legacy,LeadOverhand,Recover,0.117600,-0.145723,1.558087,0.478072,1.870963
Legacy,LeadOverhand,Recover,0.119000,-0.146601,1.557282,0.475730,1.877141
Legacy,LeadOverhand,Recover,0.120400,-0.147482,1.556475,0.473381,1.882883
Legacy,LeadOverhand,Recover,0.121800,-0.148366,1.555665,0.471024,1.888290
Legacy,LeadOverhand,Recover,0.123200,-0.149252,1.554852,0.468662,1.893291
Legacy,LeadOverhand,Recover,0.124600,-0.150140,1.554038,0.466294,1.897902
Legacy,LeadOverhand,Recover,0.126000,-0.151030,1.553223,0.463920,1.902128
Legacy,LeadOverhand,Recover,0.127400,-0.151922,1.552405,0.461542,1.905994
Legacy,LeadOverhand,Recover,0.128800,-0.152815,1.551586,0.459159,1.909434
Legacy,LeadOverhand,Recover,0.130200,-0.153710,1.550766,0.456773,1.912525
Legacy,LeadOverhand,Recover,0.131600,-0.154607,1.549944,0.454383,1.915198
Legacy,LeadOverhand,Recover,0.133000,-0.155504,1.549122,0.451990,1.917538
Legacy,LeadOverhand,Recover,0.134400,-0.156402,1.548298,0.449595,1.919440
Legacy,LeadOverhand,Recover,0.135800,-0.157301,1.547474,0.447198,1.920997
Legacy,LeadOverhand,Recover,0.137200,-0.158200,1.546650,0.444799,1.922137
Legacy,LeadOverhand,Recover,0.138600,-0.159100,1.545825,0.442400,1.922911
Legacy,LeadOverhand,Recover,0.140000,-0.160000,1.545000,0.440000,1.923283
Legacy,LeadOverhand,Recover,0.141400,-0.160900,1.544175,0.437600,1.923309
Legacy,LeadOverhand,Recover,0.142800,-0.161800,1.543350,0.435201,1.922911
Legacy,LeadOverhand,Recover,0.144200,-0.162699,1.542526,0.432802,1.922102
Legacy,LeadOverhand,Recover,0.145600,-0.163598,1.541702,0.430405,1.920993
Legacy,LeadOverhand,Recover,0.147000,-0.164496,1.540878,0.428010,1.919440
Legacy,LeadOverhand,Recover,0.148400,-0.165394,1.540056,0.425617,1.917519
Legacy,LeadOverhand,Recover,0.149800,-0.166290,1.539234,0.423227,1.915259
Legacy,LeadOverhand,Recover,0.151200,-0.167185,1.538414,0.420841,1.912506
Legacy,LeadOverhand,Recover,0.152600,-0.168078,1.537595,0.418458,1.909453
Legacy,LeadOverhand,Recover,0.154000,-0.168970,1.536777,0.416080,1.905975
Legacy,LeadOverhand,Recover,0.155400,-0.169860,1.535962,0.413707,1.902124
Legacy,LeadOverhand,Recover,0.156800,-0.170748,1.535148,0.411338,1.897905
Legacy,LeadOverhand,Recover,0.158200,-0.171634,1.534335,0.408976,1.893310
Legacy,LeadOverhand,Recover,0.159600,-0.172518,1.533525,0.406620,1.888249
Legacy,LeadOverhand,Recover,0.161000,-0.173399,1.532718,0.404270,1.882886
Legacy,LeadOverhand,Recover,0.162400,-0.174277,1.531913,0.401928,1.877156
Legacy,LeadOverhand,Recover,0.163800,-0.175153,1.531110,0.399593,1.870959
Legacy,LeadOverhand,Recover,0.165200,-0.176025,1.530310,0.397267,1.864457
Legacy,LeadOverhand,Recover,0.166600,-0.176894,1.529514,0.394949,1.857527
Legacy,LeadOverhand,Recover,0.168000,-0.177760,1.528720,0.392640,1.850195
Legacy,LeadOverhand,Recover,0.169400,-0.178622,1.527930,0.390341,1.842528
Legacy,LeadOverhand,Recover,0.170800,-0.179481,1.527143,0.388052,1.834391
Legacy,LeadOverhand,Recover,0.172200,-0.180335,1.526360,0.385773,1.826009
Legacy,LeadOverhand,Recover,0.173600,-0.181185,1.525580,0.383506,1.817116
Legacy,LeadOverhand,Recover,0.175000,-0.182031,1.524805,0.381250,1.807881
Legacy,LeadOverhand,Recover,0.176400,-0.182873,1.524033,0.379006,1.798277
Legacy,LeadOverhand,Recover,0.177800,-0.183710,1.523266,0.376775,1.788290
Legacy,LeadOverhand,Recover,0.179200,-0.184541,1.522504,0.374556,1.777859
Legacy,LeadOverhand,Recover,0.180600,-0.185368,1.521746,0.372351,1.767123
Legacy,LeadOverhand,Recover,0.182000,-0.186190,1.520993,0.370160,1.755948
Legacy,LeadOverhand,Recover,0.183400,-0.187006,1.520244,0.367983,1.744438
Legacy,LeadOverhand,Recover,0.184800,-0.187817,1.519501,0.365822,1.732495
Legacy,LeadOverhand,Recover,0.186200,-0.188622,1.518763,0.363675,1.720188
Legacy,LeadOverhand,Recover,0.187600,-0.189421,1.518031,0.361544,1.707489
Legacy,LeadOverhand,Recover,0.189000,-0.190214,1.517304,0.359430,1.694422
Legacy,LeadOverhand,Recover,0.190400,-0.191000,1.516583,0.357333,1.680938
Legacy,LeadOverhand,Recover,0.191800,-0.191780,1.515868,0.355252,1.667085
Legacy,LeadOverhand,Recover,0.193200,-0.192554,1.515159,0.353190,1.652875
Legacy,LeadOverhand,Recover,0.194600,-0.193320,1.514456,0.351146,1.638252
Legacy,LeadOverhand,Recover,0.196000,-0.194080,1.513760,0.349120,1.623252
Legacy,LeadOverhand,Recover,0.197400,-0.194832,1.513070,0.347114,1.607850
Legacy,LeadOverhand,Recover,0.198800,-0.195577,1.512387,0.345127,1.592106
Legacy,LeadOverhand,Recover,0.200200,-0.196315,1.511711,0.343161,1.575918
Legacy,LeadOverhand,Recover,0.201600,-0.197045,1.511043,0.341215,1.559406
Legacy,LeadOverhand,Recover,0.203000,-0.197766,1.510381,0.339290,1.542448
Legacy,LeadOverhand,Recover,0.204400,-0.198480,1.509727,0.337387,1.525181
Legacy,LeadOverhand,Recover,0.205800,-0.199185,1.509080,0.335506,1.507447
Legacy,LeadOverhand,Recover,0.207200,-0.199882,1.508441,0.333647,1.489379
Legacy,LeadOverhand,Recover,0.208600,-0.200571,1.507810,0.331812,1.470920
Legacy,LeadOverhand,Recover,0.210000,-0.201250,1.507187,0.330000,1.452065
Legacy,LeadOverhand,Recover,0.211400,-0.201921,1.506573,0.328212,1.432844
Legacy,LeadOverhand,Recover,0.212800,-0.202582,1.505967,0.326449,1.413204
Legacy,LeadOverhand,Recover,0.214200,-0.203234,1.505369,0.324710,1.393244
Legacy,LeadOverhand,Recover,0.215600,-0.203876,1.504780,0.322997,1.372815
Legacy,LeadOverhand,Recover,0.217000,-0.204509,1.504200,0.321310,1.352051
Legacy,LeadOverhand,Recover,0.218400,-0.205132,1.503629,0.319649,1.330914
Legacy,LeadOverhand,Recover,0.219800,-0.205744,1.503068,0.318015,1.309360
Legacy,LeadOverhand,Recover,0.221200,-0.206347,1.502516,0.316409,1.287412
Legacy,LeadOverhand,Recover,0.222600,-0.206939,1.501973,0.314830,1.265125
Legacy,LeadOverhand,Recover,0.224000,-0.207520,1.501440,0.313280,1.242432
Legacy,LeadOverhand,Recover,0.225400,-0.208091,1.500917,0.311759,1.219343
Legacy,LeadOverhand,Recover,0.226800,-0.208650,1.500404,0.310266,1.195872
Legacy,LeadOverhand,Recover,0.228200,-0.209199,1.499901,0.308804,1.172028
Legacy,LeadOverhand,Recover,0.229600,-0.209736,1.499409,0.307372,1.147797
Legacy,LeadOverhand,Recover,0.231000,-0.210261,1.498927,0.305970,1.123164
Legacy,LeadOverhand,Recover,0.232400,-0.210775,1.498456,0.304600,1.098180
Legacy,LeadOverhand,Recover,0.233800,-0.211277,1.497996,0.303261,1.072791
Legacy,LeadOverhand,Recover,0.235200,-0.211767,1.497547,0.301955,1.046999
Legacy,LeadOverhand,Recover,0.236600,-0.212245,1.497109,0.300681,1.020851
Legacy,LeadOverhand,Recover,0.238000,-0.212710,1.496683,0.299440,0.994322
Legacy,LeadOverhand,Recover,0.239400,-0.213163,1.496268,0.298233,0.967368
Legacy,LeadOverhand,Recover,0.240800,-0.213603,1.495864,0.297060,0.940107
Legacy,LeadOverhand,Recover,0.242200,-0.214030,1.495473,0.295921,0.912352
Legacy,LeadOverhand,Recover,0.243600,-0.214443,1.495094,0.294818,0.884293
Legacy,LeadOverhand,Recover,0.245000,-0.214844,1.494727,0.293750,0.855858
Legacy,LeadOverhand,Recover,0.246400,-0.215231,1.494372,0.292718,0.826949
Legacy,LeadOverhand,Recover,0.247800,-0.215604,1.494030,0.291723,0.797751
Legacy,LeadOverhand,Recover,0.249200,-0.215964,1.493700,0.290764,0.768146
Legacy,LeadOverhand,Recover,0.250600,-0.216309,1.493384,0.289843,0.738117
Legacy,LeadOverhand,Recover,0.252000,-0.216640,1.493080,0.288960,0.707711
Legacy,LeadOverhand,Recover,0.253400,-0.216957,1.492790,0.288115,0.676979
Legacy,LeadOverhand,Recover,0.254800,-0.217259,1.492513,0.287309,0.645798
Legacy,LeadOverhand,Recover,0.256200,-0.217546,1.492249,0.286543,0.614250
Legacy,LeadOverhand,Recover,0.257600,-0.217819,1.491999,0.285816,0.582299
Legacy,LeadOverhand,Recover,0.259000,-0.218076,1.491763,0.285130,0.550032
Legacy,LeadOverhand,Recover,0.260400,-0.218318,1.491542,0.284484,0.517352
Legacy,LeadOverhand,Recover,0.261800,-0.218545,1.491334,0.283880,0.484212
Legacy,LeadOverhand,Recover,0.263200,-0.218756,1.491140,0.283318,0.450773
Legacy,LeadOverhand,Recover,0.264600,-0.218951,1.490962,0.282798,0.416911
Legacy,LeadOverhand,Recover,0.266000,-0.219130,1.490798,0.282320,0.382686
Legacy,LeadOverhand,Recover,0.267400,-0.219293,1.490648,0.281886,0.348050
Legacy,LeadOverhand,Recover,0.268800,-0.219439,1.490514,0.281495,0.313076
Legacy,LeadOverhand,Recover,0.270200,-0.219569,1.490395,0.281149,0.277646
Legacy,LeadOverhand,Recover,0.271600,-0.219683,1.490291,0.280847,0.241905
Legacy,LeadOverhand,Recover,0.273000,-0.219779,1.490203,0.280590,0.205747
Legacy,LeadOverhand,Recover,0.274400,-0.219858,1.490130,0.280379,0.169174
Legacy,LeadOverhand,Recover,0.275800,-0.219920,1.490074,0.280214,0.132274
Legacy,LeadOverhand,Recover,0.277200,-0.219964,1.490033,0.280095,0.094939
Legacy,LeadOverhand,Recover,0.278600,-0.219991,1.490008,0.280024,0.057253
Legacy,LeadOverhand,Recover,0.280000,-0.220000,1.490000,0.280000,0.019177
Curve,LeadOverhand,Commit,0.000450,-0.220006,1.490013,0.279996,0.034208
Curve,LeadOverhand,Commit,0.000900,-0.220024,1.490054,0.279982,0.102162
Curve,LeadOverhand,Commit,0.001350,-0.220053,1.490120,0.279960,0.169389
Curve,LeadOverhand,Commit,0.001800,-0.220095,1.490213,0.279929,0.236082
Curve,LeadOverhand,Commit,0.002250,-0.220148,1.490332,0.279889,0.301842
Curve,LeadOverhand,Commit,0.002700,-0.220212,1.490476,0.279841,0.367010
Curve,LeadOverhand,Commit,0.003150,-0.220287,1.490646,0.279785,0.431786
Curve,LeadOverhand,Commit,0.003600,-0.220374,1.490841,0.279720,0.495244
Curve,LeadOverhand,Commit,0.004050,-0.220471,1.491061,0.279646,0.558759
Curve,LeadOverhand,Commit,0.004500,-0.220580,1.491305,0.279565,0.620949
Curve,LeadOverhand,Commit,0.004950,-0.220699,1.491574,0.279476,0.682792
Curve,LeadOverhand,Commit,0.005400,-0.220829,1.491866,0.279378,0.743978
Curve,LeadOverhand,Commit,0.005850,-0.220970,1.492183,0.279273,0.804290
Curve,LeadOverhand,Commit,0.006300,-0.221121,1.492522,0.279159,0.863972
Curve,LeadOverhand,Commit,0.006750,-0.221283,1.492886,0.279038,0.923093
Curve,LeadOverhand,Commit,0.007200,-0.221454,1.493272,0.278909,0.981520
Curve,LeadOverhand,Commit,0.007650,-0.221636,1.493680,0.278773,1.039130
Curve,LeadOverhand,Commit,0.008100,-0.221827,1.494112,0.278630,1.095866
Curve,LeadOverhand,Commit,0.008550,-0.222029,1.494565,0.278478,1.152447
Curve,LeadOverhand,Commit,0.009000,-0.222240,1.495040,0.278320,1.207908
Curve,LeadOverhand,Commit,0.009450,-0.222461,1.495537,0.278154,1.262810
Curve,LeadOverhand,Commit,0.009900,-0.222691,1.496055,0.277982,1.317031
Curve,LeadOverhand,Commit,0.010350,-0.222931,1.496594,0.277802,1.370408
Curve,LeadOverhand,Commit,0.010800,-0.223180,1.497154,0.277615,1.423419
Curve,LeadOverhand,Commit,0.011250,-0.223438,1.497734,0.277422,1.475793
Curve,LeadOverhand,Commit,0.011700,-0.223705,1.498335,0.277222,1.527028
Curve,LeadOverhand,Commit,0.012150,-0.223980,1.498956,0.277015,1.577723
Curve,LeadOverhand,Commit,0.012600,-0.224265,1.499596,0.276801,1.627942
Curve,LeadOverhand,Commit,0.013050,-0.224558,1.500256,0.276581,1.677602
Curve,LeadOverhand,Commit,0.013500,-0.224860,1.500935,0.276355,1.725917
Curve,LeadOverhand,Commit,0.013950,-0.225170,1.501633,0.276122,1.774296
Curve,LeadOverhand,Commit,0.014400,-0.225489,1.502349,0.275884,1.821576
Curve,LeadOverhand,Commit,0.014850,-0.225815,1.503084,0.275639,1.868044
Curve,LeadOverhand,Commit,0.015300,-0.226150,1.503837,0.275388,1.914295
Curve,LeadOverhand,Commit,0.015750,-0.226493,1.504608,0.275131,1.959496
Curve,LeadOverhand,Commit,0.016200,-0.226843,1.505396,0.274868,2.004055
Curve,LeadOverhand,Commit,0.016650,-0.227201,1.506202,0.274599,2.047996
Curve,LeadOverhand,Commit,0.017100,-0.227567,1.507025,0.274325,2.091300
Curve,LeadOverhand,Commit,0.017550,-0.227940,1.507864,0.274045,2.133761
Curve,LeadOverhand,Commit,0.018000,-0.228320,1.508720,0.273760,2.175850
Curve,LeadOverhand,Commit,0.018450,-0.228708,1.509592,0.273469,2.216793
Curve,LeadOverhand,Commit,0.018900,-0.229102,1.510480,0.273173,2.257363
Curve,LeadOverhand,Commit,0.019350,-0.229504,1.511384,0.272872,2.297084
Curve,LeadOverhand,Commit,0.019800,-0.229912,1.512303,0.272566,2.336471
Curve,LeadOverhand,Commit,0.020250,-0.230328,1.513237,0.272254,2.374687
Curve,LeadOverhand,Commit,0.020700,-0.230749,1.514186,0.271938,2.412542
Curve,LeadOverhand,Commit,0.021150,-0.231178,1.515149,0.271617,2.449517
Curve,LeadOverhand,Commit,0.021600,-0.231612,1.516127,0.271291,2.485919
Curve,LeadOverhand,Commit,0.022050,-0.232053,1.517119,0.270960,2.521620
Curve,LeadOverhand,Commit,0.022500,-0.232500,1.518125,0.270625,2.556741
Curve,LeadOverhand,Commit,0.022950,-0.232953,1.519144,0.270285,2.590796
Curve,LeadOverhand,Commit,0.023400,-0.233412,1.520177,0.269941,2.624656
Curve,LeadOverhand,Commit,0.023850,-0.233877,1.521222,0.269593,2.657456
Curve,LeadOverhand,Commit,0.024300,-0.234347,1.522280,0.269240,2.689806
Curve,LeadOverhand,Commit,0.024750,-0.234823,1.523351,0.268883,2.721345
Curve,LeadOverhand,Commit,0.025200,-0.235304,1.524433,0.268522,2.752279
Curve,LeadOverhand,Commit,0.025650,-0.235790,1.525528,0.268157,2.782525
Curve,LeadOverhand,Commit,0.026100,-0.236282,1.526634,0.267789,2.811973
Curve,LeadOverhand,Commit,0.026550,-0.236778,1.527751,0.267416,2.840759
Curve,LeadOverhand,Commit,0.027000,-0.237280,1.528880,0.267040,2.868914
Curve,LeadOverhand,Commit,0.027450,-0.237786,1.530019,0.266660,2.896497
Curve,LeadOverhand,Commit,0.027900,-0.238297,1.531169,0.266277,2.923173
Curve,LeadOverhand,Commit,0.028350,-0.238813,1.532329,0.265890,2.949231
Curve,LeadOverhand,Commit,0.028800,-0.239333,1.533500,0.265500,2.974691
Curve,LeadOverhand,Commit,0.029250,-0.239858,1.534679,0.265107,2.999251
Curve,LeadOverhand,Commit,0.029700,-0.240386,1.535869,0.264710,3.023483
Curve,LeadOverhand,Commit,0.030150,-0.240919,1.537067,0.264311,3.046543
Curve,LeadOverhand,Commit,0.030600,-0.241455,1.538275,0.263909,3.069514
Curve,LeadOverhand,Commit,0.031050,-0.241996,1.539491,0.263503,3.091127
Curve,LeadOverhand,Commit,0.031500,-0.242540,1.540715,0.263095,3.112586
Curve,LeadOverhand,Commit,0.031950,-0.243088,1.541947,0.262684,3.133183
Curve,LeadOverhand,Commit,0.032400,-0.243639,1.543188,0.262271,3.153176
Curve,LeadOverhand,Commit,0.032850,-0.244194,1.544436,0.261855,3.172268
Curve,LeadOverhand,Commit,0.033300,-0.244752,1.545691,0.261436,3.190774
Curve,LeadOverhand,Commit,0.033750,-0.245313,1.546953,0.261016,3.208908
Curve,LeadOverhand,Commit,0.034200,-0.245877,1.548222,0.260593,3.225671
Curve,LeadOverhand,Commit,0.034650,-0.246443,1.549497,0.260168,3.242293
Curve,LeadOverhand,Commit,0.035100,-0.247013,1.550779,0.259740,3.258284
Curve,LeadOverhand,Commit,0.035550,-0.247585,1.552067,0.259311,3.273214
Curve,LeadOverhand,Commit,0.036000,-0.248160,1.553360,0.258880,3.287488
Curve,LeadOverhand,Commit,0.036450,-0.248737,1.554659,0.258447,3.301369
Curve,LeadOverhand,Commit,0.036900,-0.249317,1.555962,0.258013,3.314396
Curve,LeadOverhand,Commit,0.037350,-0.249898,1.557271,0.257576,3.326817
Curve,LeadOverhand,Commit,0.037800,-0.250482,1.558584,0.257139,3.338382
Curve,LeadOverhand,Commit,0.038250,-0.251068,1.559902,0.256699,3.349517
Curve,LeadOverhand,Commit,0.038700,-0.251655,1.561224,0.256259,3.359591
Curve,LeadOverhand,Commit,0.039150,-0.252244,1.562549,0.255817,3.369252
Curve,LeadOverhand,Commit,0.039600,-0.252835,1.563878,0.255374,3.378335
Curve,LeadOverhand,Commit,0.040050,-0.253427,1.565210,0.254930,3.386498
Curve,LeadOverhand,Commit,0.040500,-0.254020,1.566545,0.254485,3.393870
Curve,LeadOverhand,Commit,0.040950,-0.254615,1.567883,0.254039,3.401055
Curve,LeadOverhand,Commit,0.041400,-0.255210,1.569223,0.253592,3.406883
Curve,LeadOverhand,Commit,0.041850,-0.255807,1.570565,0.253145,3.412569
Curve,LeadOverhand,Commit,0.042300,-0.256404,1.571910,0.252697,3.417419
Curve,LeadOverhand,Commit,0.042750,-0.257003,1.573256,0.252248,3.421402
Curve,LeadOverhand,Commit,0.043200,-0.257601,1.574603,0.251799,3.425004
Curve,LeadOverhand,Commit,0.043650,-0.258201,1.575951,0.251350,3.427500
Curve,LeadOverhand,Commit,0.044100,-0.258800,1.577300,0.250900,3.429854
Curve,LeadOverhand,Commit,0.044550,-0.259400,1.578650,0.250450,3.431037
Curve,LeadOverhand,Commit,0.045000,-0.260000,1.580000,0.250000,3.431706
Curve,LeadOverhand,Commit,0.045450,-0.260600,1.581350,0.249550,3.431732
Curve,LeadOverhand,Commit,0.045900,-0.261200,1.582700,0.249100,3.431037
Curve,LeadOverhand,Commit,0.046350,-0.261800,1.584049,0.248650,3.429835
Curve,LeadOverhand,Commit,0.046800,-0.262399,1.585397,0.248201,3.427519
Curve,LeadOverhand,Commit,0.047250,-0.262998,1.586744,0.247752,3.424984
Curve,LeadOverhand,Commit,0.047700,-0.263596,1.588090,0.247303,3.421395
Curve,LeadOverhand,Commit,0.048150,-0.264193,1.589435,0.246855,3.417445
Curve,LeadOverhand,Commit,0.048600,-0.264790,1.590777,0.246408,3.412589
Curve,LeadOverhand,Commit,0.049050,-0.265385,1.592117,0.245961,3.406883
Curve,LeadOverhand,Commit,0.049500,-0.265980,1.593455,0.245515,3.401036
Curve,LeadOverhand,Commit,0.049950,-0.266573,1.594790,0.245070,3.393860
Curve,LeadOverhand,Commit,0.050400,-0.267166,1.596122,0.244626,3.386508
Curve,LeadOverhand,Commit,0.050850,-0.267756,1.597451,0.244183,3.378326
Curve,LeadOverhand,Commit,0.051300,-0.268345,1.598777,0.243741,3.369262
Curve,LeadOverhand,Commit,0.051750,-0.268933,1.600098,0.243301,3.359617
Curve,LeadOverhand,Commit,0.052200,-0.269518,1.601416,0.242861,3.349501
Curve,LeadOverhand,Commit,0.052650,-0.270102,1.602729,0.242424,3.338376
Curve,LeadOverhand,Commit,0.053100,-0.270683,1.604038,0.241988,3.326791
Curve,LeadOverhand,Commit,0.053550,-0.271263,1.605341,0.241553,3.314418
Curve,LeadOverhand,Commit,0.054000,-0.271840,1.606640,0.241120,3.301369
Curve,LeadOverhand,Commit,0.054450,-0.272415,1.607933,0.240689,3.287511
Curve,LeadOverhand,Commit,0.054900,-0.272987,1.609221,0.240260,3.273169
Curve,LeadOverhand,Commit,0.055350,-0.273557,1.610503,0.239833,3.258310
Curve,LeadOverhand,Commit,0.055800,-0.274124,1.611778,0.239407,3.242277
Curve,LeadOverhand,Commit,0.056250,-0.274688,1.613047,0.238984,3.225671
Curve,LeadOverhand,Commit,0.056700,-0.275249,1.614309,0.238564,3.208905
Curve,LeadOverhand,Commit,0.057150,-0.275806,1.615564,0.238145,3.190768
Curve,LeadOverhand,Commit,0.057600,-0.276361,1.616812,0.237729,3.172290
Curve,LeadOverhand,Commit,0.058050,-0.276912,1.618053,0.237316,3.153163
Curve,LeadOverhand,Commit,0.058500,-0.277460,1.619285,0.236905,3.133206
Curve,LeadOverhand,Commit,0.058950,-0.278004,1.620510,0.236497,3.112590
Curve,LeadOverhand,Commit,0.059400,-0.278545,1.621725,0.236092,3.091102
Curve,LeadOverhand,Commit,0.059850,-0.279081,1.622933,0.235689,3.069530
Curve,LeadOverhand,Commit,0.060300,-0.279614,1.624131,0.235290,3.046794
Curve,LeadOverhand,Commit,0.060750,-0.280143,1.625321,0.234893,3.023228
Curve,LeadOverhand,Commit,0.061200,-0.280667,1.626500,0.234500,2.999251
Curve,LeadOverhand,Commit,0.061650,-0.281187,1.627671,0.234110,2.974679
Curve,LeadOverhand,Commit,0.062100,-0.281703,1.628831,0.233723,2.949257
Curve,LeadOverhand,Commit,0.062550,-0.282214,1.629981,0.233340,2.923160
Curve,LeadOverhand,Commit,0.063000,-0.282720,1.631120,0.232960,2.896484
Curve,LeadOverhand,Commit,0.063450,-0.283222,1.632249,0.232584,2.868940
Curve,LeadOverhand,Commit,0.063900,-0.283718,1.633366,0.232211,2.840759
Curve,LeadOverhand,Commit,0.064350,-0.284210,1.634472,0.231843,2.811960
Curve,LeadOverhand,Commit,0.064800,-0.284696,1.635567,0.231478,2.782547
Curve,LeadOverhand,Commit,0.065250,-0.285178,1.636649,0.231117,2.752234
Curve,LeadOverhand,Commit,0.065700,-0.285653,1.637720,0.230760,2.721367
Curve,LeadOverhand,Commit,0.066150,-0.286124,1.638778,0.230407,2.689825
Curve,LeadOverhand,Commit,0.066600,-0.286588,1.639823,0.230059,2.657424
Curve,LeadOverhand,Commit,0.067050,-0.287047,1.640856,0.229715,2.624650
Curve,LeadOverhand,Commit,0.067500,-0.287500,1.641875,0.229375,2.590808
Curve,LeadOverhand,Commit,0.067950,-0.287947,1.642881,0.229040,2.556751
Curve,LeadOverhand,Commit,0.068400,-0.288388,1.643873,0.228709,2.521626
Curve,LeadOverhand,Commit,0.068850,-0.288823,1.644851,0.228383,2.485909
Curve,LeadOverhand,Commit,0.069300,-0.289251,1.645814,0.228062,2.449517
Curve,LeadOverhand,Commit,0.069750,-0.289673,1.646763,0.227746,2.412555
Curve,LeadOverhand,Commit,0.070200,-0.290088,1.647697,0.227434,2.374674
Curve,LeadOverhand,Commit,0.070650,-0.290496,1.648616,0.227128,2.336429
Curve,LeadOverhand,Commit,0.071100,-0.290898,1.649520,0.226827,2.297104
Curve,LeadOverhand,Commit,0.071550,-0.291292,1.650408,0.226531,2.257395
Curve,LeadOverhand,Commit,0.072000,-0.291680,1.651280,0.226240,2.216806
Curve,LeadOverhand,Commit,0.072450,-0.292060,1.652136,0.225955,2.175840
Curve,LeadOverhand,Commit,0.072900,-0.292433,1.652975,0.225675,2.133735
Curve,LeadOverhand,Commit,0.073350,-0.292799,1.653798,0.225401,2.091300
Curve,LeadOverhand,Commit,0.073800,-0.293157,1.654604,0.225132,2.048009
Curve,LeadOverhand,Commit,0.074250,-0.293508,1.655392,0.224869,2.004068
Curve,LeadOverhand,Commit,0.074700,-0.293850,1.656163,0.224612,1.959484
Curve,LeadOverhand,Commit,0.075150,-0.294185,1.656916,0.224361,1.914295
Curve,LeadOverhand,Commit,0.075600,-0.294511,1.657651,0.224117,1.868044
Curve,LeadOverhand,Commit,0.076050,-0.294830,1.658367,0.223878,1.821589
Curve,LeadOverhand,Commit,0.076500,-0.295140,1.659065,0.223645,1.774271
Curve,LeadOverhand,Commit,0.076950,-0.295442,1.659744,0.223419,1.725907
Curve,LeadOverhand,Commit,0.077400,-0.295735,1.660404,0.223199,1.677624
Curve,LeadOverhand,Commit,0.077850,-0.296020,1.661044,0.222985,1.627952
Curve,LeadOverhand,Commit,0.078300,-0.296296,1.661665,0.222778,1.577691
Curve,LeadOverhand,Commit,0.078750,-0.296563,1.662266,0.222578,1.527073
Curve,LeadOverhand,Commit,0.079200,-0.296821,1.662846,0.222385,1.475761
Curve,LeadOverhand,Commit,0.079650,-0.297069,1.663406,0.222198,1.423406
Curve,LeadOverhand,Commit,0.080100,-0.297309,1.663945,0.222018,1.370443
Curve,LeadOverhand,Commit,0.080550,-0.297539,1.664463,0.221846,1.317027
Curve,LeadOverhand,Commit,0.081000,-0.297760,1.664960,0.221680,1.262781
Curve,LeadOverhand,Commit,0.081450,-0.297971,1.665435,0.221522,1.207940
Curve,LeadOverhand,Commit,0.081900,-0.298173,1.665889,0.221371,1.152447
Curve,LeadOverhand,Commit,0.082350,-0.298364,1.666320,0.221227,1.095876
Curve,LeadOverhand,Commit,0.082800,-0.298546,1.666728,0.221091,1.039108
Curve,LeadOverhand,Commit,0.083250,-0.298718,1.667114,0.220962,0.981520
Curve,LeadOverhand,Commit,0.083700,-0.298879,1.667478,0.220841,0.923068
Curve,LeadOverhand,Commit,0.084150,-0.299030,1.667817,0.220728,0.864001
Curve,LeadOverhand,Commit,0.084600,-0.299171,1.668134,0.220622,0.804300
Curve,LeadOverhand,Commit,0.085050,-0.299301,1.668427,0.220525,0.743978
Curve,LeadOverhand,Commit,0.085500,-0.299420,1.668695,0.220435,0.682753
Curve,LeadOverhand,Commit,0.085950,-0.299529,1.668939,0.220354,0.620984
Curve,LeadOverhand,Commit,0.086400,-0.299626,1.669159,0.220280,0.558762
Curve,LeadOverhand,Commit,0.086850,-0.299713,1.669354,0.220215,0.495231
Curve,LeadOverhand,Commit,0.087300,-0.299788,1.669524,0.220159,0.431786
Curve,LeadOverhand,Commit,0.087750,-0.299853,1.669668,0.220111,0.367023
Curve,LeadOverhand,Commit,0.088200,-0.299905,1.669787,0.220071,0.301852
Curve,LeadOverhand,Commit,0.088650,-0.299947,1.669880,0.220040,0.236037
Curve,LeadOverhand,Commit,0.089100,-0.299976,1.669946,0.220018,0.169411
Curve,LeadOverhand,Commit,0.089550,-0.299994,1.669987,0.220005,0.102127
Curve,LeadOverhand,Commit,0.090000,-0.300000,1.670000,0.220000,0.034244
Curve,LeadOverhand,Extend,0.000700,-0.299988,1.670018,0.220022,0.044189
Curve,LeadOverhand,Extend,0.001400,-0.299953,1.670072,0.220089,0.132029
Curve,LeadOverhand,Extend,0.002100,-0.299895,1.670161,0.220199,0.219091
Curve,LeadOverhand,Extend,0.002800,-0.299814,1.670285,0.220353,0.305413
Curve,LeadOverhand,Extend,0.003500,-0.299711,1.670444,0.220550,0.390941
Curve,LeadOverhand,Extend,0.004200,-0.299584,1.670638,0.220790,0.475693
Curve,LeadOverhand,Extend,0.004900,-0.299436,1.670866,0.221072,0.559918
Curve,LeadOverhand,Extend,0.005600,-0.299265,1.671128,0.221396,0.642938
Curve,LeadOverhand,Extend,0.006300,-0.299073,1.671423,0.221762,0.725577
Curve,LeadOverhand,Extend,0.007000,-0.298859,1.671752,0.222168,0.807163
Curve,LeadOverhand,Extend,0.007700,-0.298623,1.672113,0.222616,0.888232
Curve,LeadOverhand,Extend,0.008400,-0.298366,1.672507,0.223104,0.968217
Curve,LeadOverhand,Extend,0.009100,-0.298088,1.672934,0.223632,1.047852
Curve,LeadOverhand,Extend,0.009800,-0.297790,1.673392,0.224200,1.126250
Curve,LeadOverhand,Extend,0.010500,-0.297470,1.673882,0.224807,1.204154
Curve,LeadOverhand,Extend,0.011200,-0.297130,1.674403,0.225453,1.281181
Curve,LeadOverhand,Extend,0.011900,-0.296770,1.674955,0.226137,1.357384
Curve,LeadOverhand,Extend,0.012600,-0.296390,1.675538,0.226859,1.432763
Curve,LeadOverhand,Extend,0.013300,-0.295990,1.676151,0.227620,1.507465
Curve,LeadOverhand,Extend,0.014000,-0.295570,1.676793,0.228417,1.581091
Curve,LeadOverhand,Extend,0.014700,-0.295131,1.677465,0.229251,1.654161
Curve,LeadOverhand,Extend,0.015400,-0.294672,1.678166,0.230123,1.726301
Curve,LeadOverhand,Extend,0.016100,-0.294195,1.678895,0.231030,1.797442
Curve,LeadOverhand,Extend,0.016800,-0.293699,1.679653,0.231973,1.867951
Curve,LeadOverhand,Extend,0.017500,-0.293184,1.680438,0.232951,1.937342
Curve,LeadOverhand,Extend,0.018200,-0.292650,1.681251,0.233965,2.006021
Curve,LeadOverhand,Extend,0.018900,-0.292099,1.682090,0.235013,2.073744
Curve,LeadOverhand,Extend,0.019600,-0.291529,1.682956,0.236095,2.140711
Curve,LeadOverhand,Extend,0.020300,-0.290941,1.683847,0.237211,2.206394
Curve,LeadOverhand,Extend,0.021000,-0.290336,1.684764,0.238361,2.271499
Curve,LeadOverhand,Extend,0.021700,-0.289714,1.685705,0.239544,2.335388
Curve,LeadOverhand,Extend,0.022400,-0.289074,1.686670,0.240760,2.398487
Curve,LeadOverhand,Extend,0.023100,-0.288417,1.687659,0.242008,2.460503
Curve,LeadOverhand,Extend,0.023800,-0.287744,1.688671,0.243287,2.521502
Curve,LeadOverhand,Extend,0.024500,-0.287053,1.689705,0.244599,2.581532
Curve,LeadOverhand,Extend,0.025200,-0.286347,1.690761,0.245941,2.640615
Curve,LeadOverhand,Extend,0.025900,-0.285624,1.691837,0.247315,2.698389
Curve,LeadOverhand,Extend,0.026600,-0.284885,1.692934,0.248719,2.755331
Curve,LeadOverhand,Extend,0.027300,-0.284130,1.694051,0.250153,2.810987
Curve,LeadOverhand,Extend,0.028000,-0.283360,1.695186,0.251616,2.865668
Curve,LeadOverhand,Extend,0.028700,-0.282574,1.696339,0.253109,2.919164
Curve,LeadOverhand,Extend,0.029400,-0.281774,1.697510,0.254630,2.971704
Curve,LeadOverhand,Extend,0.030100,-0.280958,1.698696,0.256181,3.022667
Curve,LeadOverhand,Extend,0.030800,-0.280127,1.699899,0.257759,3.072808
Curve,LeadOverhand,Extend,0.031500,-0.279282,1.701116,0.259365,3.121650
Curve,LeadOverhand,Extend,0.032200,-0.278422,1.702347,0.260998,3.169358
Curve,LeadOverhand,Extend,0.032900,-0.277548,1.703591,0.262658,3.215621
Curve,LeadOverhand,Extend,0.033600,-0.276661,1.704846,0.264345,3.260806
Curve,LeadOverhand,Extend,0.034300,-0.275759,1.706113,0.266058,3.304763
Curve,LeadOverhand,Extend,0.035000,-0.274844,1.707389,0.267797,3.347356
Curve,LeadOverhand,Extend,0.035700,-0.273915,1.708675,0.269561,3.388733
Curve,LeadOverhand,Extend,0.036400,-0.272974,1.709968,0.271350,3.428719
Curve,LeadOverhand,Extend,0.037100,-0.272019,1.711268,0.273164,3.467565
Curve,LeadOverhand,Extend,0.037800,-0.271051,1.712574,0.275002,3.504977
Curve,LeadOverhand,Extend,0.038500,-0.270071,1.713884,0.276864,3.540948
Curve,LeadOverhand,Extend,0.039200,-0.269079,1.715198,0.278750,3.575992
Curve,LeadOverhand,Extend,0.039900,-0.268075,1.716513,0.280658,3.609220
Curve,LeadOverhand,Extend,0.040600,-0.267058,1.717830,0.282590,3.641517
Curve,LeadOverhand,Extend,0.041300,-0.266030,1.719147,0.284543,3.672201
Curve,LeadOverhand,Extend,0.042000,-0.264990,1.720462,0.286519,3.701718
Curve,LeadOverhand,Extend,0.042700,-0.263939,1.721775,0.288516,3.729867
Curve,LeadOverhand,Extend,0.043400,-0.262877,1.723084,0.290535,3.756689
Curve,LeadOverhand,Extend,0.044100,-0.261803,1.724388,0.292574,3.782102
Curve,LeadOverhand,Extend,0.044800,-0.260719,1.725685,0.294633,3.806261
Curve,LeadOverhand,Extend,0.045500,-0.259625,1.726974,0.296713,3.829286
Curve,LeadOverhand,Extend,0.046200,-0.258520,1.728254,0.298812,3.850823
Curve,LeadOverhand,Extend,0.046900,-0.257405,1.729524,0.300931,3.871126
Curve,LeadOverhand,Extend,0.047600,-0.256280,1.730781,0.303068,3.890317
Curve,LeadOverhand,Extend,0.048300,-0.255145,1.732026,0.305224,3.908163
Curve,LeadOverhand,Extend,0.049000,-0.254001,1.733256,0.307398,3.924881
Curve,LeadOverhand,Extend,0.049700,-0.252848,1.734470,0.309589,3.940363
Curve,LeadOverhand,Extend,0.050400,-0.251685,1.735667,0.311798,3.954922
Curve,LeadOverhand,Extend,0.051100,-0.250514,1.736845,0.314024,3.968044
Curve,LeadOverhand,Extend,0.051800,-0.249333,1.738003,0.316267,3.980331
Curve,LeadOverhand,Extend,0.052500,-0.248145,1.739140,0.318525,3.991611
Curve,LeadOverhand,Extend,0.053200,-0.246948,1.740254,0.320800,4.001694
Curve,LeadOverhand,Extend,0.053900,-0.245742,1.741344,0.323090,4.011051
Curve,LeadOverhand,Extend,0.054600,-0.244529,1.742408,0.325395,4.019567
Curve,LeadOverhand,Extend,0.055300,-0.243308,1.743445,0.327714,4.027092
Curve,LeadOverhand,Extend,0.056000,-0.242080,1.744454,0.330048,4.033912
Curve,LeadOverhand,Extend,0.056700,-0.240844,1.745434,0.332396,4.039973
Curve,LeadOverhand,Extend,0.057400,-0.239602,1.746382,0.334757,4.045431
Curve,LeadOverhand,Extend,0.058100,-0.238352,1.747298,0.337131,4.050287
Curve,LeadOverhand,Extend,0.058800,-0.237096,1.748181,0.339518,4.054501
Curve,LeadOverhand,Extend,0.059500,-0.235833,1.749029,0.341917,4.058456
Curve,LeadOverhand,Extend,0.060200,-0.234564,1.749841,0.344329,4.061789
Curve,LeadOverhand,Extend,0.060900,-0.233289,1.750616,0.346751,4.064852
Curve,LeadOverhand,Extend,0.061600,-0.232008,1.751353,0.349185,4.067764
Curve,LeadOverhand,Extend,0.062300,-0.230721,1.752049,0.351630,4.070324
Curve,LeadOverhand,Extend,0.063000,-0.229429,1.752705,0.354085,4.072809
Curve,LeadOverhand,Extend,0.063700,-0.228131,1.753320,0.356551,4.075306
Curve,LeadOverhand,Extend,0.064400,-0.226829,1.753891,0.359025,4.077760
Curve,LeadOverhand,Extend,0.065100,-0.225521,1.754418,0.361510,4.080401
Curve,LeadOverhand,Extend,0.065800,-0.224209,1.754901,0.364003,4.083117
Curve,LeadOverhand,Extend,0.066500,-0.222893,1.755337,0.366504,4.086041
Curve,LeadOverhand,Extend,0.067200,-0.221572,1.755727,0.369014,4.089374
Curve,LeadOverhand,Extend,0.067900,-0.220247,1.756069,0.371531,4.092989
Curve,LeadOverhand,Extend,0.068600,-0.218918,1.756362,0.374055,4.097044
Curve,LeadOverhand,Extend,0.069300,-0.217586,1.756606,0.376587,4.101660
Curve,LeadOverhand,Extend,0.070000,-0.216250,1.756799,0.379125,4.106700
Curve,LeadOverhand,Extend,0.070700,-0.214911,1.756942,0.381669,4.112361
Curve,LeadOverhand,Extend,0.071400,-0.213569,1.757034,0.384219,4.118866
Curve,LeadOverhand,Extend,0.072100,-0.212224,1.757073,0.386775,4.125798
Curve,LeadOverhand,Extend,0.072800,-0.210876,1.757060,0.389335,4.133545
Curve,LeadOverhand,Extend,0.073500,-0.209526,1.756993,0.391900,4.142143
Curve,LeadOverhand,Extend,0.074200,-0.208174,1.756873,0.394470,4.151385
Curve,LeadOverhand,Extend,0.074900,-0.206820,1.756699,0.397043,4.161617
Curve,LeadOverhand,Extend,0.075600,-0.205463,1.756471,0.399620,4.172503
Curve,LeadOverhand,Extend,0.076300,-0.204106,1.756187,0.402200,4.184382
Curve,LeadOverhand,Extend,0.077000,-0.202746,1.755850,0.404782,4.196947
Curve,LeadOverhand,Extend,0.077700,-0.201386,1.755457,0.407367,4.210498
Curve,LeadOverhand,Extend,0.078400,-0.200024,1.755009,0.409954,4.224819
Curve,LeadOverhand,Extend,0.079100,-0.198662,1.754505,0.412542,4.239902
Curve,LeadOverhand,Extend,0.079800,-0.197299,1.753947,0.415132,4.255872
Curve,LeadOverhand,Extend,0.080500,-0.195936,1.753333,0.417722,4.272624
Curve,LeadOverhand,Extend,0.081200,-0.194572,1.752664,0.420313,4.289988
Curve,LeadOverhand,Extend,0.081900,-0.193209,1.751941,0.422904,4.308227
Curve,LeadOverhand,Extend,0.082600,-0.191845,1.751163,0.425494,4.327083
Curve,LeadOverhand,Extend,0.083300,-0.190482,1.750330,0.428084,4.346382
Curve,LeadOverhand,Extend,0.084000,-0.189120,1.749444,0.430672,4.366433
Curve,LeadOverhand,Extend,0.084700,-0.187758,1.748504,0.433259,4.386968
Curve,LeadOverhand,Extend,0.085400,-0.186398,1.747511,0.435844,4.407829
Curve,LeadOverhand,Extend,0.086100,-0.185039,1.746465,0.438427,4.429031
Curve,LeadOverhand,Extend,0.086800,-0.183681,1.745367,0.441007,4.450723
Curve,LeadOverhand,Extend,0.087500,-0.182324,1.744218,0.443584,4.472457
Curve,LeadOverhand,Extend,0.088200,-0.180970,1.743018,0.446158,4.494460
Curve,LeadOverhand,Extend,0.088900,-0.179617,1.741768,0.448727,4.516539
Curve,LeadOverhand,Extend,0.089600,-0.178267,1.740469,0.451293,4.538540
Curve,LeadOverhand,Extend,0.090300,-0.176919,1.739121,0.453854,4.560668
Curve,LeadOverhand,Extend,0.091000,-0.175574,1.737726,0.456410,4.582316
Curve,LeadOverhand,Extend,0.091700,-0.174231,1.736284,0.458961,4.604023
Curve,LeadOverhand,Extend,0.092400,-0.172892,1.734797,0.461505,4.625295
Curve,LeadOverhand,Extend,0.093100,-0.171556,1.733265,0.464044,4.646110
Curve,LeadOverhand,Extend,0.093800,-0.170223,1.731689,0.466576,4.666589
Curve,LeadOverhand,Extend,0.094500,-0.168894,1.730071,0.469102,4.686429
Curve,LeadOverhand,Extend,0.095200,-0.167569,1.728412,0.471620,4.705583
Curve,LeadOverhand,Extend,0.095900,-0.166247,1.726712,0.474130,4.724225
Curve,LeadOverhand,Extend,0.096600,-0.164930,1.724974,0.476632,4.741797
Curve,LeadOverhand,Extend,0.097300,-0.163618,1.723198,0.479126,4.758643
Curve,LeadOverhand,Extend,0.098000,-0.162310,1.721385,0.481611,4.774718
Curve,LeadOverhand,Extend,0.098700,-0.161007,1.719538,0.484087,4.789540
Curve,LeadOverhand,Extend,0.099400,-0.159709,1.717657,0.486553,4.803457
Curve,LeadOverhand,Extend,0.100100,-0.158416,1.715743,0.489009,4.816140
Curve,LeadOverhand,Extend,0.100800,-0.157129,1.713799,0.491455,4.827756
Curve,LeadOverhand,Extend,0.101500,-0.155847,1.711825,0.493890,4.838050
Curve,LeadOverhand,Extend,0.102200,-0.154572,1.709822,0.496314,4.847054
Curve,LeadOverhand,Extend,0.102900,-0.153302,1.707793,0.498726,4.854709
Curve,LeadOverhand,Extend,0.103600,-0.152039,1.705739,0.501127,4.860789
Curve,LeadOverhand,Extend,0.104300,-0.150782,1.703662,0.503515,4.865739
Curve,LeadOverhand,Extend,0.105000,-0.149531,1.701562,0.505891,4.868702
Curve,LeadOverhand,Extend,0.105700,-0.148288,1.699441,0.508253,4.870654
Curve,LeadOverhand,Extend,0.106400,-0.147052,1.697301,0.510602,4.870811
Curve,LeadOverhand,Extend,0.107100,-0.145823,1.695144,0.512937,4.869260
Curve,LeadOverhand,Extend,0.107800,-0.144601,1.692971,0.515258,4.866123
Curve,LeadOverhand,Extend,0.108500,-0.143387,1.690783,0.517565,4.861318
Curve,LeadOverhand,Extend,0.109200,-0.142181,1.688582,0.519856,4.854959
Curve,LeadOverhand,Extend,0.109900,-0.140983,1.686369,0.522132,4.846672
Curve,LeadOverhand,Extend,0.110600,-0.139794,1.684147,0.524392,4.836753
Curve,LeadOverhand,Extend,0.111300,-0.138612,1.681916,0.526636,4.824853
Curve,LeadOverhand,Extend,0.112000,-0.137440,1.679678,0.528864,4.811607
Curve,LeadOverhand,Extend,0.112700,-0.136277,1.677435,0.531075,4.796218
Curve,LeadOverhand,Extend,0.113400,-0.135122,1.675189,0.533268,4.779090
Curve,LeadOverhand,Extend,0.114100,-0.133977,1.672940,0.535444,4.760262
Curve,LeadOverhand,Extend,0.114800,-0.132841,1.670690,0.537601,4.739482
Curve,LeadOverhand,Extend,0.115500,-0.131716,1.668440,0.539741,4.717144
Curve,LeadOverhand,Extend,0.116200,-0.130600,1.666193,0.541861,4.692772
Curve,LeadOverhand,Extend,0.116900,-0.129494,1.663949,0.543962,4.666943
Curve,LeadOverhand,Extend,0.117600,-0.128398,1.661711,0.546044,4.638869
Curve,LeadOverhand,Extend,0.118300,-0.127313,1.659479,0.548105,4.609332
Curve,LeadOverhand,Extend,0.119000,-0.126239,1.657254,0.550146,4.577929
Curve,LeadOverhand,Extend,0.119700,-0.125175,1.655039,0.552167,4.544796
Curve,LeadOverhand,Extend,0.120400,-0.124123,1.652834,0.554166,4.509700
Curve,LeadOverhand,Extend,0.121100,-0.123082,1.650641,0.556144,4.473186
Curve,LeadOverhand,Extend,0.121800,-0.122053,1.648461,0.558100,4.434946
Curve,LeadOverhand,Extend,0.122500,-0.121035,1.646295,0.560033,4.394670
Curve,LeadOverhand,Extend,0.123200,-0.120030,1.644145,0.561944,4.353065
Curve,LeadOverhand,Extend,0.123900,-0.119036,1.642012,0.563832,4.309689
Curve,LeadOverhand,Extend,0.124600,-0.118055,1.639897,0.565696,4.264831
Curve,LeadOverhand,Extend,0.125300,-0.117086,1.637801,0.567537,4.218076
Curve,LeadOverhand,Extend,0.126000,-0.116130,1.635726,0.569353,4.170059
Curve,LeadOverhand,Extend,0.126700,-0.115187,1.633672,0.571145,4.120269
Curve,LeadOverhand,Extend,0.127400,-0.114257,1.631640,0.572911,4.068994
Curve,LeadOverhand,Extend,0.128100,-0.113341,1.629632,0.574653,4.016156
Curve,LeadOverhand,Extend,0.128800,-0.112438,1.627649,0.576368,3.962057
Curve,LeadOverhand,Extend,0.129500,-0.111549,1.625692,0.578058,3.906054
Curve,LeadOverhand,Extend,0.130200,-0.110673,1.623760,0.579721,3.849288
Curve,LeadOverhand,Extend,0.130900,-0.109812,1.621857,0.581357,3.790626
Curve,LeadOverhand,Extend,0.131600,-0.108966,1.619982,0.582965,3.730741
Curve,LeadOverhand,Extend,0.132300,-0.108134,1.618137,0.584546,3.669564
Curve,LeadOverhand,Extend,0.133000,-0.107316,1.616321,0.586099,3.606922
Curve,LeadOverhand,Extend,0.133700,-0.106514,1.614537,0.587624,3.543241
Curve,LeadOverhand,Extend,0.134400,-0.105727,1.612785,0.589119,3.478000
Curve,LeadOverhand,Extend,0.135100,-0.104955,1.611065,0.590586,3.411855
Curve,LeadOverhand,Extend,0.135800,-0.104199,1.609378,0.592022,3.344176
Curve,LeadOverhand,Extend,0.136500,-0.103458,1.607726,0.593429,3.275688
Curve,LeadOverhand,Extend,0.137200,-0.102734,1.606109,0.594806,3.205652
Curve,LeadOverhand,Extend,0.137900,-0.102026,1.604527,0.596151,3.134835
Curve,LeadOverhand,Extend,0.138600,-0.101334,1.602981,0.597466,3.062643
Curve,LeadOverhand,Extend,0.139300,-0.100659,1.601472,0.598749,2.989590
Curve,LeadOverhand,Extend,0.140000,-0.100000,1.600000,0.600000,2.915275
Curve,LeadOverhand,Recover,0.001400,-0.101791,1.598358,0.595224,3.827524
Curve,LeadOverhand,Recover,0.002800,-0.103564,1.596733,0.590496,3.789233
Curve,LeadOverhand,Recover,0.004200,-0.105319,1.595124,0.585815,3.751142
Curve,LeadOverhand,Recover,0.005600,-0.107057,1.593531,0.581182,3.713262
Curve,LeadOverhand,Recover,0.007000,-0.108777,1.591955,0.576595,3.675569
Curve,LeadOverhand,Recover,0.008400,-0.110479,1.590394,0.572055,3.638056
Curve,LeadOverhand,Recover,0.009800,-0.112164,1.588850,0.567562,3.600766
Curve,LeadOverhand,Recover,0.011200,-0.113832,1.587321,0.563116,3.563633
Curve,LeadOverhand,Recover,0.012600,-0.115482,1.585808,0.558715,3.526670
Curve,LeadOverhand,Recover,0.014000,-0.117115,1.584311,0.554360,3.489966
Curve,LeadOverhand,Recover,0.015400,-0.118731,1.582830,0.550051,3.453416
Curve,LeadOverhand,Recover,0.016800,-0.120330,1.581364,0.545787,3.417058
Curve,LeadOverhand,Recover,0.018200,-0.121912,1.579914,0.541568,3.380903
Curve,LeadOverhand,Recover,0.019600,-0.123477,1.578479,0.537394,3.344944
Curve,LeadOverhand,Recover,0.021000,-0.125026,1.577060,0.533265,3.309199
Curve,LeadOverhand,Recover,0.022400,-0.126557,1.575656,0.529180,3.273574
Curve,LeadOverhand,Recover,0.023800,-0.128073,1.574267,0.525140,3.238190
Curve,LeadOverhand,Recover,0.025200,-0.129572,1.572893,0.521143,3.203017
Curve,LeadOverhand,Recover,0.026600,-0.131054,1.571534,0.517190,3.167963
Curve,LeadOverhand,Recover,0.028000,-0.132520,1.570190,0.513280,3.133166
Curve,LeadOverhand,Recover,0.029400,-0.133970,1.568861,0.509414,3.098575
Curve,LeadOverhand,Recover,0.030800,-0.135404,1.567547,0.505590,3.064147
Curve,LeadOverhand,Recover,0.032200,-0.136822,1.566247,0.501809,3.029868
Curve,LeadOverhand,Recover,0.033600,-0.138223,1.564962,0.498071,2.995883
Curve,LeadOverhand,Recover,0.035000,-0.139609,1.563691,0.494375,2.961976
Curve,LeadOverhand,Recover,0.036400,-0.140980,1.562435,0.490721,2.928337
Curve,LeadOverhand,Recover,0.037800,-0.142334,1.561194,0.487109,2.894893
Curve,LeadOverhand,Recover,0.039200,-0.143673,1.559966,0.483538,2.861608
Curve,LeadOverhand,Recover,0.040600,-0.144997,1.558753,0.480009,2.828517
Curve,LeadOverhand,Recover,0.042000,-0.146305,1.557554,0.476520,2.795634
Curve,LeadOverhand,Recover,0.043400,-0.147598,1.556369,0.473072,2.762931
Curve,LeadOverhand,Recover,0.044800,-0.148876,1.555197,0.469665,2.730420
Curve,LeadOverhand,Recover,0.046200,-0.150138,1.554040,0.466299,2.698141
Curve,LeadOverhand,Recover,0.047600,-0.151386,1.552897,0.462972,2.665957
Curve,LeadOverhand,Recover,0.049000,-0.152618,1.551767,0.459685,2.634070
Curve,LeadOverhand,Recover,0.050400,-0.153836,1.550650,0.456438,2.602353
Curve,LeadOverhand,Recover,0.051800,-0.155039,1.549548,0.453230,2.570796
Curve,LeadOverhand,Recover,0.053200,-0.156227,1.548459,0.450061,2.539409
Curve,LeadOverhand,Recover,0.054600,-0.157401,1.547383,0.446931,2.508293
Curve,LeadOverhand,Recover,0.056000,-0.158560,1.546320,0.443840,2.477343
Curve,LeadOverhand,Recover,0.057400,-0.159705,1.545271,0.440787,2.446550
Curve,LeadOverhand,Recover,0.058800,-0.160835,1.544234,0.437773,2.415922
Curve,LeadOverhand,Recover,0.060200,-0.161952,1.543211,0.434796,2.385559
Curve,LeadOverhand,Recover,0.061600,-0.163054,1.542201,0.431857,2.355416
Curve,LeadOverhand,Recover,0.063000,-0.164142,1.541203,0.428955,2.325349
Curve,LeadOverhand,Recover,0.064400,-0.165216,1.540219,0.426091,2.295568
Curve,LeadOverhand,Recover,0.065800,-0.166276,1.539247,0.423263,2.265941
Curve,LeadOverhand,Recover,0.067200,-0.167323,1.538287,0.420472,2.236490
Curve,LeadOverhand,Recover,0.068600,-0.168356,1.537341,0.417718,2.207266
Curve,LeadOverhand,Recover,0.070000,-0.169375,1.536406,0.415000,2.178236
Curve,LeadOverhand,Recover,0.071400,-0.170381,1.535484,0.412318,2.149399
Curve,LeadOverhand,Recover,0.072800,-0.171373,1.534575,0.409672,2.120719
Curve,LeadOverhand,Recover,0.074200,-0.172352,1.533677,0.407061,2.092239
Curve,LeadOverhand,Recover,0.075600,-0.173318,1.532792,0.404485,2.064022
Curve,LeadOverhand,Recover,0.077000,-0.174271,1.531919,0.401945,2.035892
Curve,LeadOverhand,Recover,0.078400,-0.175210,1.531057,0.399439,2.008021
Curve,LeadOverhand,Recover,0.079800,-0.176137,1.530208,0.396968,1.980296
Curve,LeadOverhand,Recover,0.081200,-0.177051,1.529370,0.394532,1.952846
Curve,LeadOverhand,Recover,0.082600,-0.177952,1.528544,0.392129,1.925483
Curve,LeadOverhand,Recover,0.084000,-0.178840,1.527730,0.389760,1.898387
Curve,LeadOverhand,Recover,0.085400,-0.179716,1.526927,0.387425,1.871470
Curve,LeadOverhand,Recover,0.086800,-0.180579,1.526136,0.385123,1.844717
Curve,LeadOverhand,Recover,0.088200,-0.181430,1.525356,0.382854,1.818158
Curve,LeadOverhand,Recover,0.089600,-0.182268,1.524588,0.380618,1.791855
Curve,LeadOverhand,Recover,0.091000,-0.183094,1.523830,0.378415,1.765653
Curve,LeadOverhand,Recover,0.092400,-0.183908,1.523084,0.376244,1.739730
Curve,LeadOverhand,Recover,0.093800,-0.184710,1.522349,0.374106,1.713927
Curve,LeadOverhand,Recover,0.095200,-0.185501,1.521625,0.371999,1.688360
Curve,LeadOverhand,Recover,0.096600,-0.186279,1.520911,0.369924,1.662964
Curve,LeadOverhand,Recover,0.098000,-0.187045,1.520209,0.367880,1.637766
Curve,LeadOverhand,Recover,0.099400,-0.187800,1.519517,0.365868,1.612780
Curve,LeadOverhand,Recover,0.100800,-0.188543,1.518836,0.363886,1.587928
Curve,LeadOverhand,Recover,0.102200,-0.189274,1.518165,0.361935,1.563366
Curve,LeadOverhand,Recover,0.103600,-0.189994,1.517505,0.360015,1.538898
Curve,LeadOverhand,Recover,0.105000,-0.190703,1.516855,0.358125,1.514652
Curve,LeadOverhand,Recover,0.106400,-0.191401,1.516216,0.356265,1.490673
Curve,LeadOverhand,Recover,0.107800,-0.192087,1.515587,0.354435,1.466743
Curve,LeadOverhand,Recover,0.109200,-0.192762,1.514968,0.352634,1.443124
Curve,LeadOverhand,Recover,0.110600,-0.193427,1.514359,0.350862,1.419683
Curve,LeadOverhand,Recover,0.112000,-0.194080,1.513760,0.349120,1.396388
Curve,LeadOverhand,Recover,0.113400,-0.194723,1.513171,0.347406,1.373289
Curve,LeadOverhand,Recover,0.114800,-0.195355,1.512592,0.345721,1.350445
Curve,LeadOverhand,Recover,0.116200,-0.195976,1.512022,0.344065,1.327722
Curve,LeadOverhand,Recover,0.117600,-0.196587,1.511462,0.342436,1.305224
Curve,LeadOverhand,Recover,0.119000,-0.197187,1.510912,0.340835,1.282896
Curve,LeadOverhand,Recover,0.120400,-0.197777,1.510371,0.339262,1.260804
Curve,LeadOverhand,Recover,0.121800,-0.198357,1.509840,0.337716,1.238867
Curve,LeadOverhand,Recover,0.123200,-0.198926,1.509318,0.336197,1.217121
Curve,LeadOverhand,Recover,0.124600,-0.199486,1.508805,0.334705,1.195609
Curve,LeadOverhand,Recover,0.126000,-0.200035,1.508301,0.333240,1.174232
Curve,LeadOverhand,Recover,0.127400,-0.200575,1.507807,0.331801,1.153088
Curve,LeadOverhand,Recover,0.128800,-0.201104,1.507321,0.330389,1.132120
Curve,LeadOverhand,Recover,0.130200,-0.201624,1.506844,0.329002,1.111330
Curve,LeadOverhand,Recover,0.131600,-0.202135,1.506377,0.327641,1.090765
Curve,LeadOverhand,Recover,0.133000,-0.202636,1.505917,0.326305,1.070400
Curve,LeadOverhand,Recover,0.134400,-0.203127,1.505467,0.324995,1.050166
Curve,LeadOverhand,Recover,0.135800,-0.203609,1.505025,0.323709,1.030195
Curve,LeadOverhand,Recover,0.137200,-0.204082,1.504592,0.322448,1.010382
Curve,LeadOverhand,Recover,0.138600,-0.204546,1.504167,0.321212,0.990739
Curve,LeadOverhand,Recover,0.140000,-0.205000,1.503750,0.320000,0.971343
Curve,LeadOverhand,Recover,0.141400,-0.205446,1.503342,0.318812,0.952053
Curve,LeadOverhand,Recover,0.142800,-0.205882,1.502941,0.317648,0.933078
Curve,LeadOverhand,Recover,0.144200,-0.206310,1.502549,0.316507,0.914195
Curve,LeadOverhand,Recover,0.145600,-0.206729,1.502165,0.315390,0.895558
Curve,LeadOverhand,Recover,0.147000,-0.207139,1.501789,0.314295,0.877051
Curve,LeadOverhand,Recover,0.148400,-0.207541,1.501420,0.313223,0.858847
Curve,LeadOverhand,Recover,0.149800,-0.207935,1.501060,0.312174,0.840723
Curve,LeadOverhand,Recover,0.151200,-0.208320,1.500707,0.311148,0.822862
Curve,LeadOverhand,Recover,0.152600,-0.208696,1.500362,0.310143,0.805136
Curve,LeadOverhand,Recover,0.154000,-0.209065,1.500024,0.309160,0.787647
Curve,LeadOverhand,Recover,0.155400,-0.209426,1.499693,0.308199,0.770353
Curve,LeadOverhand,Recover,0.156800,-0.209778,1.499370,0.307259,0.753210
Curve,LeadOverhand,Recover,0.158200,-0.210123,1.499054,0.306340,0.736271
Curve,LeadOverhand,Recover,0.159600,-0.210459,1.498746,0.305442,0.719560
Curve,LeadOverhand,Recover,0.161000,-0.210788,1.498444,0.304565,0.703019
Curve,LeadOverhand,Recover,0.162400,-0.211109,1.498150,0.303708,0.686658
Curve,LeadOverhand,Recover,0.163800,-0.211423,1.497862,0.302872,0.670537
Curve,LeadOverhand,Recover,0.165200,-0.211730,1.497581,0.302055,0.654530
Curve,LeadOverhand,Recover,0.166600,-0.212028,1.497307,0.301258,0.638797
Curve,LeadOverhand,Recover,0.168000,-0.212320,1.497040,0.300480,0.623188
Curve,LeadOverhand,Recover,0.169400,-0.212604,1.496779,0.299722,0.607812
Curve,LeadOverhand,Recover,0.170800,-0.212882,1.496525,0.298982,0.592636
Curve,LeadOverhand,Recover,0.172200,-0.213152,1.496277,0.298261,0.577617
Curve,LeadOverhand,Recover,0.173600,-0.213415,1.496036,0.297559,0.562806
Curve,LeadOverhand,Recover,0.175000,-0.213672,1.495801,0.296875,0.548193
Curve,LeadOverhand,Recover,0.176400,-0.213922,1.495572,0.296209,0.533751
Curve,LeadOverhand,Recover,0.177800,-0.214165,1.495349,0.295561,0.519514
Curve,LeadOverhand,Recover,0.179200,-0.214401,1.495132,0.294930,0.505499
Curve,LeadOverhand,Recover,0.180600,-0.214631,1.494921,0.294316,0.491639
Curve,LeadOverhand,Recover,0.182000,-0.214855,1.494716,0.293720,0.477986
Curve,LeadOverhand,Recover,0.183400,-0.215072,1.494517,0.293140,0.464546
Curve,LeadOverhand,Recover,0.184800,-0.215284,1.494323,0.292577,0.451216
Curve,LeadOverhand,Recover,0.186200,-0.215489,1.494135,0.292031,0.438198
Curve,LeadOverhand,Recover,0.187600,-0.215688,1.493953,0.291500,0.425267
Curve,LeadOverhand,Recover,0.189000,-0.215881,1.493776,0.290985,0.412621
Curve,LeadOverhand,Recover,0.190400,-0.216068,1.493605,0.290486,0.400062
Curve,LeadOverhand,Recover,0.191800,-0.216249,1.493438,0.290002,0.387788
Curve,LeadOverhand,Recover,0.193200,-0.216425,1.493277,0.289533,0.375665
Curve,LeadOverhand,Recover,0.194600,-0.216595,1.493121,0.289079,0.363730
Curve,LeadOverhand,Recover,0.196000,-0.216760,1.492970,0.288640,0.352028
Curve,LeadOverhand,Recover,0.197400,-0.216919,1.492824,0.288215,0.340461
Curve,LeadOverhand,Recover,0.198800,-0.217073,1.492683,0.287805,0.329106
Curve,LeadOverhand,Recover,0.200200,-0.217222,1.492546,0.287408,0.317964
Curve,LeadOverhand,Recover,0.201600,-0.217366,1.492415,0.287025,0.307003
Curve,LeadOverhand,Recover,0.203000,-0.217504,1.492288,0.286655,0.296233
Curve,LeadOverhand,Recover,0.204400,-0.217638,1.492165,0.286299,0.285656
Curve,LeadOverhand,Recover,0.205800,-0.217767,1.492047,0.285955,0.275244
Curve,LeadOverhand,Recover,0.207200,-0.217891,1.491933,0.285624,0.265091
Curve,LeadOverhand,Recover,0.208600,-0.218010,1.491824,0.285306,0.255078
Curve,LeadOverhand,Recover,0.210000,-0.218125,1.491719,0.285000,0.245248
Curve,LeadOverhand,Recover,0.211400,-0.218235,1.491618,0.284706,0.235640
Curve,LeadOverhand,Recover,0.212800,-0.218341,1.491521,0.284424,0.226225
Curve,LeadOverhand,Recover,0.214200,-0.218443,1.491428,0.284153,0.216990
Curve,LeadOverhand,Recover,0.215600,-0.218540,1.491338,0.283893,0.207946
Curve,LeadOverhand,Recover,0.217000,-0.218633,1.491253,0.283645,0.199083
Curve,LeadOverhand,Recover,0.218400,-0.218722,1.491171,0.283407,0.190465
Curve,LeadOverhand,Recover,0.219800,-0.218807,1.491093,0.283180,0.181967
Curve,LeadOverhand,Recover,0.221200,-0.218889,1.491019,0.282964,0.173705
Curve,LeadOverhand,Recover,0.222600,-0.218966,1.490948,0.282757,0.165639
Curve,LeadOverhand,Recover,0.224000,-0.219040,1.490880,0.282560,0.157736
Curve,LeadOverhand,Recover,0.225400,-0.219110,1.490816,0.282373,0.150064
Curve,LeadOverhand,Recover,0.226800,-0.219177,1.490754,0.282195,0.142559
Curve,LeadOverhand,Recover,0.228200,-0.219240,1.490696,0.282026,0.135257
Curve,LeadOverhand,Recover,0.229600,-0.219300,1.490641,0.281866,0.128116
Curve,LeadOverhand,Recover,0.231000,-0.219357,1.490589,0.281715,0.121208
Curve,LeadOverhand,Recover,0.232400,-0.219410,1.490540,0.281572,0.114477
Curve,LeadOverhand,Recover,0.233800,-0.219461,1.490494,0.281438,0.107920
Curve,LeadOverhand,Recover,0.235200,-0.219509,1.490451,0.281311,0.101561
Curve,LeadOverhand,Recover,0.236600,-0.219553,1.490410,0.281192,0.095458
Curve,LeadOverhand,Recover,0.238000,-0.219595,1.490371,0.281080,0.089468
Curve,LeadOverhand,Recover,0.239400,-0.219634,1.490335,0.280976,0.083704
Curve,LeadOverhand,Recover,0.240800,-0.219671,1.490302,0.280878,0.078101
Curve,LeadOverhand,Recover,0.242200,-0.219705,1.490271,0.280787,0.072757
Curve,LeadOverhand,Recover,0.243600,-0.219736,1.490242,0.280703,0.067538
Curve,LeadOverhand,Recover,0.245000,-0.219766,1.490215,0.280625,0.062529
Curve,LeadOverhand,Recover,0.246400,-0.219793,1.490190,0.280553,0.057724
Curve,LeadOverhand,Recover,0.247800,-0.219818,1.490167,0.280487,0.053143
Curve,LeadOverhand,Recover,0.249200,-0.219840,1.490146,0.280426,0.048695
Curve,LeadOverhand,Recover,0.250600,-0.219861,1.490127,0.280370,0.044446
Curve,LeadOverhand,Recover,0.252000,-0.219880,1.490110,0.280320,0.040423
Curve,LeadOverhand,Recover,0.253400,-0.219897,1.490094,0.280274,0.036580
Curve,LeadOverhand,Recover,0.254800,-0.219913,1.490080,0.280233,0.032899
Curve,LeadOverhand,Recover,0.256200,-0.219926,1.490068,0.280197,0.029473
Curve,LeadOverhand,Recover,0.257600,-0.219939,1.490056,0.280164,0.026198
Curve,LeadOverhand,Recover,0.259000,-0.219949,1.490046,0.280135,0.023114
Curve,LeadOverhand,Recover,0.260400,-0.219959,1.490038,0.280110,0.020208
Curve,LeadOverhand,Recover,0.261800,-0.219967,1.490030,0.280088,0.017575
Curve,LeadOverhand,Recover,0.263200,-0.219974,1.490024,0.280069,0.015019
Curve,LeadOverhand,Recover,0.264600,-0.219980,1.490018,0.280053,0.012710
Curve,LeadOverhand,Recover,0.266000,-0.219985,1.490014,0.280040,0.010627
Curve,LeadOverhand,Recover,0.267400,-0.219989,1.490010,0.280029,0.008667
Curve,LeadOverhand,Recover,0.268800,-0.219992,1.490007,0.280021,0.006968
Curve,LeadOverhand,Recover,0.270200,-0.219995,1.490005,0.280014,0.005411
Curve,LeadOverhand,Recover,0.271600,-0.219997,1.490003,0.280009,0.004072
Curve,LeadOverhand,Recover,0.273000,-0.219998,1.490002,0.280005,0.002926
Curve,LeadOverhand,Recover,0.274400,-0.219999,1.490001,0.280003,0.001955
Curve,LeadOverhand,Recover,0.275800,-0.220000,1.490000,0.280001,0.001188
Curve,LeadOverhand,Recover,0.277200,-0.220000,1.490000,0.280000,0.000594
Curve,LeadOverhand,Recover,0.278600,-0.220000,1.490000,0.280000,0.000241
Curve,LeadOverhand,Recover,0.280000,-0.220000,1.490000,0.280000,0.000024
Fast,LeadOverhand,Commit,0.000450,-0.220006,1.490013,0.279996,0.034208
Fast,LeadOverhand,Commit,0.000900,-0.220024,1.490054,0.279982,0.102162
Fast,LeadOverhand,Commit,0.001350,-0.220053,1.490120,0.279960,0.169389
Fast,LeadOverhand,Commit,0.001800,-0.220095,1.490213,0.279929,0.236082
Fast,LeadOverhand,Commit,0.002250,-0.220148,1.490332,0.279889,0.301842
Fast,LeadOverhand,Commit,0.002700,-0.220212,1.490476,0.279841,0.367010
Fast,LeadOverhand,Commit,0.003150,-0.220287,1.490646,0.279785,0.431786
Fast,LeadOverhand,Commit,0.003600,-0.220374,1.490841,0.279720,0.495244
Fast,LeadOverhand,Commit,0.004050,-0.220471,1.491061,0.279646,0.558759
Fast,LeadOverhand,Commit,0.004500,-0.220580,1.491305,0.279565,0.620949
Fast,LeadOverhand,Commit,0.004950,-0.220699,1.491574,0.279476,0.682792
Fast,LeadOverhand,Commit,0.005400,-0.220829,1.491866,0.279378,0.743978
Fast,LeadOverhand,Commit,0.005850,-0.220970,1.492183,0.279273,0.804290
Fast,LeadOverhand,Commit,0.006300,-0.221121,1.492522,0.279159,0.863972
Fast,LeadOverhand,Commit,0.006750,-0.221283,1.492886,0.279038,0.923093
Fast,LeadOverhand,Commit,0.007200,-0.221454,1.493272,0.278909,0.981520
Fast,LeadOverhand,Commit,0.007650,-0.221636,1.493680,0.278773,1.039130
Fast,LeadOverhand,Commit,0.008100,-0.221827,1.494112,0.278630,1.095866
Fast,LeadOverhand,Commit,0.008550,-0.222029,1.494565,0.278478,1.152447
Fast,LeadOverhand,Commit,0.009000,-0.222240,1.495040,0.278320,1.207908
Fast,LeadOverhand,Commit,0.009450,-0.222461,1.495537,0.278154,1.262810
Fast,LeadOverhand,Commit,0.009900,-0.222691,1.496055,0.277982,1.317031
Fast,LeadOverhand,Commit,0.010350,-0.222931,1.496594,0.277802,1.370408
Fast,LeadOverhand,Commit,0.010800,-0.223180,1.497154,0.277615,1.423419
Fast,LeadOverhand,Commit,0.011250,-0.223438,1.497734,0.277422,1.475793
Fast,LeadOverhand,Commit,0.011700,-0.223705,1.498335,0.277222,1.527028
Fast,LeadOverhand,Commit,0.012150,-0.223980,1.498956,0.277015,1.577723
Fast,LeadOverhand,Commit,0.012600,-0.224265,1.499596,0.276801,1.627942
Fast,LeadOverhand,Commit,0.013050,-0.224558,1.500256,0.276581,1.677602
Fast,LeadOverhand,Commit,0.013500,-0.224860,1.500935,0.276355,1.725917
Fast,LeadOverhand,Commit,0.013950,-0.225170,1.501633,0.276122,1.774296
Fast,LeadOverhand,Commit,0.014400,-0.225489,1.502349,0.275884,1.821576
Fast,LeadOverhand,Commit,0.014850,-0.225815,1.503084,0.275639,1.868044
Fast,LeadOverhand,Commit,0.015300,-0.226150,1.503837,0.275388,1.914295
Fast,LeadOverhand,Commit,0.015750,-0.226493,1.504608,0.275131,1.959496
Fast,LeadOverhand,Commit,0.016200,-0.226843,1.505396,0.274868,2.004055
Fast,LeadOverhand,Commit,0.016650,-0.227201,1.506202,0.274599,2.047996
Fast,LeadOverhand,Commit,0.017100,-0.227567,1.507025,0.274325,2.091300
Fast,LeadOverhand,Commit,0.017550,-0.227940,1.507864,0.274045,2.133761
Fast,LeadOverhand,Commit,0.018000,-0.228320,1.508720,0.273760,2.175850
Fast,LeadOverhand,Commit,0.018450,-0.228708,1.509592,0.273469,2.216793
Fast,LeadOverhand,Commit,0.018900,-0.229102,1.510480,0.273173,2.257363
Fast,LeadOverhand,Commit,0.019350,-0.229504,1.511384,0.272872,2.297084
Fast,LeadOverhand,Commit,0.019800,-0.229912,1.512303,0.272566,2.336471
Fast,LeadOverhand,Commit,0.020250,-0.230328,1.513237,0.272254,2.374687
Fast,LeadOverhand,Commit,0.020700,-0.230749,1.514186,0.271938,2.412542
Fast,LeadOverhand,Commit,0.021150,-0.231178,1.515149,0.271617,2.449517
Fast,LeadOverhand,Commit,0.021600,-0.231612,1.516127,0.271291,2.485919
Fast,LeadOverhand,Commit,0.022050,-0.232053,1.517119,0.270960,2.521620
Fast,LeadOverhand,Commit,0.022500,-0.232500,1.518125,0.270625,2.556741
Fast,LeadOverhand,Commit,0.022950,-0.232953,1.519144,0.270285,2.590796
Fast,LeadOverhand,Commit,0.023400,-0.233412,1.520177,0.269941,2.624656
Fast,LeadOverhand,Commit,0.023850,-0.233877,1.521222,0.269593,2.657456
Fast,LeadOverhand,Commit,0.024300,-0.234347,1.522280,0.269240,2.689806
Fast,LeadOverhand,Commit,0.024750,-0.234823,1.523351,0.268883,2.721345
Fast,LeadOverhand,Commit,0.025200,-0.235304,1.524433,0.268522,2.752279
Fast,LeadOverhand,Commit,0.025650,-0.235790,1.525528,0.268157,2.782525
Fast,LeadOverhand,Commit,0.026100,-0.236282,1.526634,0.267789,2.811973
Fast,LeadOverhand,Commit,0.026550,-0.236778,1.527751,0.267416,2.840759
Fast,LeadOverhand,Commit,0.027000,-0.237280,1.528880,0.267040,2.868914
Fast,LeadOverhand,Commit,0.027450,-0.237786,1.530019,0.266660,2.896497
Fast,LeadOverhand,Commit,0.027900,-0.238297,1.531169,0.266277,2.923173
Fast,LeadOverhand,Commit,0.028350,-0.238813,1.532329,0.265890,2.949231
Fast,LeadOverhand,Commit,0.028800,-0.239333,1.533500,0.265500,2.974691
Fast,LeadOverhand,Commit,0.029250,-0.239858,1.534679,0.265107,2.999251
Fast,LeadOverhand,Commit,0.029700,-0.240386,1.535869,0.264710,3.023483
Fast,LeadOverhand,Commit,0.030150,-0.240919,1.537067,0.264311,3.046543
Fast,LeadOverhand,Commit,0.030600,-0.241455,1.538275,0.263909,3.069514
Fast,LeadOverhand,Commit,0.031050,-0.241996,1.539491,0.263503,3.091127
Fast,LeadOverhand,Commit,0.031500,-0.242540,1.540715,0.263095,3.112586
Fast,LeadOverhand,Commit,0.031950,-0.243088,1.541947,0.262684,3.133183
Fast,LeadOverhand,Commit,0.032400,-0.243639,1.543188,0.262271,3.153176
Fast,LeadOverhand,Commit,0.032850,-0.244194,1.544436,0.261855,3.172268
Fast,LeadOverhand,Commit,0.033300,-0.244752,1.545691,0.261436,3.190774
Fast,LeadOverhand,Commit,0.033750,-0.245313,1.546953,0.261016,3.208908
Fast,LeadOverhand,Commit,0.034200,-0.245877,1.548222,0.260593,3.225671
Fast,LeadOverhand,Commit,0.034650,-0.246443,1.549497,0.260168,3.242293
Fast,LeadOverhand,Commit,0.035100,-0.247013,1.550779,0.259740,3.258284
Fast,LeadOverhand,Commit,0.035550,-0.247585,1.552067,0.259311,3.273214
Fast,LeadOverhand,Commit,0.036000,-0.248160,1.553360,0.258880,3.287488
Fast,LeadOverhand,Commit,0.036450,-0.248737,1.554659,0.258447,3.301369
Fast,LeadOverhand,Commit,0.036900,-0.249317,1.555962,0.258013,3.314396
Fast,LeadOverhand,Commit,0.037350,-0.249898,1.557271,0.257576,3.326817
Fast,LeadOverhand,Commit,0.037800,-0.250482,1.558584,0.257139,3.338382
Fast,LeadOverhand,Commit,0.038250,-0.251068,1.559902,0.256699,3.349517
Fast,LeadOverhand,Commit,0.038700,-0.251655,1.561224,0.256259,3.359591
Fast,LeadOverhand,Commit,0.039150,-0.252244,1.562549,0.255817,3.369252
Fast,LeadOverhand,Commit,0.039600,-0.252835,1.563878,0.255374,3.378335
Fast,LeadOverhand,Commit,0.040050,-0.253427,1.565210,0.254930,3.386498
Fast,LeadOverhand,Commit,0.040500,-0.254020,1.566545,0.254485,3.393870
Fast,LeadOverhand,Commit,0.040950,-0.254615,1.567883,0.254039,3.401055
Fast,LeadOverhand,Commit,0.041400,-0.255210,1.569223,0.253592,3.406883
Fast,LeadOverhand,Commit,0.041850,-0.255807,1.570565,0.253145,3.412569
Fast,LeadOverhand,Commit,0.042300,-0.256404,1.571910,0.252697,3.417419
Fast,LeadOverhand,Commit,0.042750,-0.257003,1.573256,0.252248,3.421402
Fast,LeadOverhand,Commit,0.043200,-0.257601,1.574603,0.251799,3.425004
Fast,LeadOverhand,Commit,0.043650,-0.258201,1.575951,0.251350,3.427500
Fast,LeadOverhand,Commit,0.044100,-0.258800,1.577300,0.250900,3.429854
Fast,LeadOverhand,Commit,0.044550,-0.259400,1.578650,0.250450,3.431037
Fast,LeadOverhand,Commit,0.045000,-0.260000,1.580000,0.250000,3.431706
Fast,LeadOverhand,Commit,0.045450,-0.260600,1.581350,0.249550,3.431732
Fast,LeadOverhand,Commit,0.045900,-0.261200,1.582700,0.249100,3.431037
Fast,LeadOverhand,Commit,0.046350,-0.261800,1.584049,0.248650,3.429835
Fast,LeadOverhand,Commit,0.046800,-0.262399,1.585397,0.248201,3.427519
Fast,LeadOverhand,Commit,0.047250,-0.262998,1.586744,0.247752,3.424984
Fast,LeadOverhand,Commit,0.047700,-0.263596,1.588090,0.247303,3.421395
Fast,LeadOverhand,Commit,0.048150,-0.264193,1.589435,0.246855,3.417445
Fast,LeadOverhand,Commit,0.048600,-0.264790,1.590777,0.246408,3.412589
Fast,LeadOverhand,Commit,0.049050,-0.265385,1.592117,0.245961,3.406883
Fast,LeadOverhand,Commit,0.049500,-0.265980,1.593455,0.245515,3.401036
Fast,LeadOverhand,Commit,0.049950,-0.266573,1.594790,0.245070,3.393860
Fast,LeadOverhand,Commit,0.050400,-0.267166,1.596122,0.244626,3.386508
Fast,LeadOverhand,Commit,0.050850,-0.267756,1.597451,0.244183,3.378326
Fast,LeadOverhand,Commit,0.051300,-0.268345,1.598777,0.243741,3.369262
Fast,LeadOverhand,Commit,0.051750,-0.268933,1.600098,0.243301,3.359617
Fast,LeadOverhand,Commit,0.052200,-0.269518,1.601416,0.242861,3.349501
Fast,LeadOverhand,Commit,0.052650,-0.270102,1.602729,0.242424,3.338376
Fast,LeadOverhand,Commit,0.053100,-0.270683,1.604038,0.241988,3.326791
Fast,LeadOverhand,Commit,0.053550,-0.271263,1.605341,0.241553,3.314418
Fast,LeadOverhand,Commit,0.054000,-0.271840,1.606640,0.241120,3.301369
Fast,LeadOverhand,Commit,0.054450,-0.272415,1.607933,0.240689,3.287511
Fast,LeadOverhand,Commit,0.054900,-0.272987,1.609221,0.240260,3.273169
Fast,LeadOverhand,Commit,0.055350,-0.273557,1.610503,0.239833,3.258310
Fast,LeadOverhand,Commit,0.055800,-0.274124,1.611778,0.239407,3.242277
Fast,LeadOverhand,Commit,0.056250,-0.274688,1.613047,0.238984,3.225671
Fast,LeadOverhand,Commit,0.056700,-0.275249,1.614309,0.238564,3.208905
Fast,LeadOverhand,Commit,0.057150,-0.275806,1.615564,0.238145,3.190768
Fast,LeadOverhand,Commit,0.057600,-0.276361,1.616812,0.237729,3.172290
Fast,LeadOverhand,Commit,0.058050,-0.276912,1.618053,0.237316,3.153163
Fast,LeadOverhand,Commit,0.058500,-0.277460,1.619285,0.236905,3.133206
Fast,LeadOverhand,Commit,0.058950,-0.278004,1.620510,0.236497,3.112590
Fast,LeadOverhand,Commit,0.059400,-0.278545,1.621725,0.236092,3.091102
Fast,LeadOverhand,Commit,0.059850,-0.279081,1.622933,0.235689,3.069530
Fast,LeadOverhand,Commit,0.060300,-0.279614,1.624131,0.235290,3.046794
Fast,LeadOverhand,Commit,0.060750,-0.280143,1.625321,0.234893,3.023228
Fast,LeadOverhand,Commit,0.061200,-0.280667,1.626500,0.234500,2.999251
Fast,LeadOverhand,Commit,0.061650,-0.281187,1.627671,0.234110,2.974679
Fast,LeadOverhand,Commit,0.062100,-0.281703,1.628831,0.233723,2.949257
Fast,LeadOverhand,Commit,0.062550,-0.282214,1.629981,0.233340,2.923160
Fast,LeadOverhand,Commit,0.063000,-0.282720,1.631120,0.232960,2.896484
Fast,LeadOverhand,Commit,0.063450,-0.283222,1.632249,0.232584,2.868940
Fast,LeadOverhand,Commit,0.063900,-0.283718,1.633366,0.232211,2.840759
Fast,LeadOverhand,Commit,0.064350,-0.284210,1.634472,0.231843,2.811960
Fast,LeadOverhand,Commit,0.064800,-0.284696,1.635567,0.231478,2.782547
Fast,LeadOverhand,Commit,0.065250,-0.285178,1.636649,0.231117,2.752234
Fast,LeadOverhand,Commit,0.065700,-0.285653,1.637720,0.230760,2.721367
Fast,LeadOverhand,Commit,0.066150,-0.286124,1.638778,0.230407,2.689825
Fast,LeadOverhand,Commit,0.066600,-0.286588,1.639823,0.230059,2.657424
Fast,LeadOverhand,Commit,0.067050,-0.287047,1.640856,0.229715,2.624650
Fast,LeadOverhand,Commit,0.067500,-0.287500,1.641875,0.229375,2.590808
Fast,LeadOverhand,Commit,0.067950,-0.287947,1.642881,0.229040,2.556751
Fast,LeadOverhand,Commit,0.068400,-0.288388,1.643873,0.228709,2.521626
Fast,LeadOverhand,Commit,0.068850,-0.288823,1.644851,0.228383,2.485909
Fast,LeadOverhand,Commit,0.069300,-0.289251,1.645814,0.228062,2.449517
Fast,LeadOverhand,Commit,0.069750,-0.289673,1.646763,0.227746,2.412555
Fast,LeadOverhand,Commit,0.070200,-0.290088,1.647697,0.227434,2.374674
Fast,LeadOverhand,Commit,0.070650,-0.290496,1.648616,0.227128,2.336429
Fast,LeadOverhand,Commit,0.071100,-0.290898,1.649520,0.226827,2.297104
Fast,LeadOverhand,Commit,0.071550,-0.291292,1.650408,0.226531,2.257395
Fast,LeadOverhand,Commit,0.072000,-0.291680,1.651280,0.226240,2.216806
Fast,LeadOverhand,Commit,0.072450,-0.292060,1.652136,0.225955,2.175840
Fast,LeadOverhand,Commit,0.072900,-0.292433,1.652975,0.225675,2.133735
Fast,LeadOverhand,Commit,0.073350,-0.292799,1.653798,0.225401,2.091300
Fast,LeadOverhand,Commit,0.073800,-0.293157,1.654604,0.225132,2.048009
Fast,LeadOverhand,Commit,0.074250,-0.293508,1.655392,0.224869,2.004068
Fast,LeadOverhand,Commit,0.074700,-0.293850,1.656163,0.224612,1.959484
Fast,LeadOverhand,Commit,0.075150,-0.294185,1.656916,0.224361,1.914295
Fast,LeadOverhand,Commit,0.075600,-0.294511,1.657651,0.224117,1.868044
Fast,LeadOverhand,Commit,0.076050,-0.294830,1.658367,0.223878,1.821589
Fast,LeadOverhand,Commit,0.076500,-0.295140,1.659065,0.223645,1.774271
Fast,LeadOverhand,Commit,0.076950,-0.295442,1.659744,0.223419,1.725907
Fast,LeadOverhand,Commit,0.077400,-0.295735,1.660404,0.223199,1.677624
Fast,LeadOverhand,Commit,0.077850,-0.296020,1.661044,0.222985,1.627952
Fast,LeadOverhand,Commit,0.078300,-0.296296,1.661665,0.222778,1.577691
Fast,LeadOverhand,Commit,0.078750,-0.296563,1.662266,0.222578,1.527073
Fast,LeadOverhand,Commit,0.079200,-0.296821,1.662846,0.222385,1.475761
Fast,LeadOverhand,Commit,0.079650,-0.297069,1.663406,0.222198,1.423406
Fast,LeadOverhand,Commit,0.080100,-0.297309,1.663945,0.222018,1.370443
Fast,LeadOverhand,Commit,0.080550,-0.297539,1.664463,0.221846,1.317027
Fast,LeadOverhand,Commit,0.081000,-0.297760,1.664960,0.221680,1.262781
Fast,LeadOverhand,Commit,0.081450,-0.297971,1.665435,0.221522,1.207940
Fast,LeadOverhand,Commit,0.081900,-0.298173,1.665889,0.221371,1.152447
Fast,LeadOverhand,Commit,0.082350,-0.298364,1.666320,0.221227,1.095876
Fast,LeadOverhand,Commit,0.082800,-0.298546,1.666728,0.221091,1.039108
Fast,LeadOverhand,Commit,0.083250,-0.298718,1.667114,0.220962,0.981520
Fast,LeadOverhand,Commit,0.083700,-0.298879,1.667478,0.220841,0.923068
Fast,LeadOverhand,Commit,0.084150,-0.299030,1.667817,0.220728,0.864001
Fast,LeadOverhand,Commit,0.084600,-0.299171,1.668134,0.220622,0.804300
Fast,LeadOverhand,Commit,0.085050,-0.299301,1.668427,0.220525,0.743978
Fast,LeadOverhand,Commit,0.085500,-0.299420,1.668695,0.220435,0.682753
Fast,LeadOverhand,Commit,0.085950,-0.299529,1.668939,0.220354,0.620984
Fast,LeadOverhand,Commit,0.086400,-0.299626,1.669159,0.220280,0.558762
Fast,LeadOverhand,Commit,0.086850,-0.299713,1.669354,0.220215,0.495231
Fast,LeadOverhand,Commit,0.087300,-0.299788,1.669524,0.220159,0.431786
Fast,LeadOverhand,Commit,0.087750,-0.299853,1.669668,0.220111,0.367023
Fast,LeadOverhand,Commit,0.088200,-0.299905,1.669787,0.220071,0.301852
Fast,LeadOverhand,Commit,0.088650,-0.299947,1.669880,0.220040,0.236037
Fast,LeadOverhand,Commit,0.089100,-0.299976,1.669946,0.220018,0.169411
Fast,LeadOverhand,Commit,0.089550,-0.299994,1.669987,0.220005,0.102127
Fast,LeadOverhand,Commit,0.090000,-0.300000,1.670000,0.220000,0.034244
Fast,LeadOverhand,Extend,0.000525,-0.299988,1.670018,0.220022,0.058919
Fast,LeadOverhand,Extend,0.001050,-0.299953,1.670072,0.220089,0.176039
Fast,LeadOverhand,Extend,0.001575,-0.299895,1.670161,0.220199,0.292121
Fast,LeadOverhand,Extend,0.002100,-0.299814,1.670285,0.220353,0.407217
Fast,LeadOverhand,Extend,0.002625,-0.299711,1.670444,0.220550,0.521255
Fast,LeadOverhand,Extend,0.003150,-0.299584,1.670638,0.220790,0.634257
Fast,LeadOverhand,Extend,0.003675,-0.299436,1.670866,0.221072,0.746557
Fast,LeadOverhand,Extend,0.004200,-0.299265,1.671128,0.221396,0.857250
Fast,LeadOverhand,Extend,0.004725,-0.299073,1.671423,0.221762,0.967436
Fast,LeadOverhand,Extend,0.005250,-0.298859,1.671752,0.222168,1.076218
Fast,LeadOverhand,Extend,0.005775,-0.298623,1.672113,0.222616,1.184309
Fast,LeadOverhand,Extend,0.006300,-0.298366,1.672507,0.223104,1.290955
Fast,LeadOverhand,Extend,0.006825,-0.298088,1.672934,0.223632,1.397136
Fast,LeadOverhand,Extend,0.007350,-0.297790,1.673392,0.224200,1.501667
Fast,LeadOverhand,Extend,0.007875,-0.297470,1.673882,0.224807,1.605539
Fast,LeadOverhand,Extend,0.008400,-0.297130,1.674403,0.225453,1.708241
Fast,LeadOverhand,Extend,0.008925,-0.296770,1.674955,0.226137,1.809846
Fast,LeadOverhand,Extend,0.009450,-0.296390,1.675538,0.226859,1.910351
Fast,LeadOverhand,Extend,0.009975,-0.295990,1.676151,0.227620,2.009953
Fast,LeadOverhand,Extend,0.010500,-0.295570,1.676793,0.228417,2.108122
Fast,LeadOverhand,Extend,0.011025,-0.295131,1.677465,0.229251,2.205548
Fast,LeadOverhand,Extend,0.011550,-0.294672,1.678166,0.230123,2.301735
Fast,LeadOverhand,Extend,0.012075,-0.294195,1.678895,0.231030,2.396589
Fast,LeadOverhand,Extend,0.012600,-0.293699,1.679653,0.231973,2.490602
Fast,LeadOverhand,Extend,0.013125,-0.293184,1.680438,0.232951,2.583122
Fast,LeadOverhand,Extend,0.013650,-0.292650,1.681251,0.233965,2.674695
Fast,LeadOverhand,Extend,0.014175,-0.292099,1.682090,0.235013,2.764992
Fast,LeadOverhand,Extend,0.014700,-0.291529,1.682956,0.236095,2.854281
Fast,LeadOverhand,Extend,0.015225,-0.290941,1.683847,0.237211,2.941859
Fast,LeadOverhand,Extend,0.015750,-0.290336,1.684764,0.238361,3.028665
Fast,LeadOverhand,Extend,0.016275,-0.289714,1.685705,0.239544,3.113851
Fast,LeadOverhand,Extend,0.016800,-0.289074,1.686670,0.240760,3.197983
Fast,LeadOverhand,Extend,0.017325,-0.288417,1.687659,0.242008,3.280671
Fast,LeadOverhand,Extend,0.017850,-0.287744,1.688671,0.243287,3.362003
Fast,LeadOverhand,Extend,0.018375,-0.287053,1.689705,0.244599,3.442043
Fast,LeadOverhand,Extend,0.018900,-0.286347,1.690761,0.245941,3.520820
Fast,LeadOverhand,Extend,0.019425,-0.285624,1.691837,0.247315,3.597852
Fast,LeadOverhand,Extend,0.019950,-0.284885,1.692934,0.248719,3.673774
Fast,LeadOverhand,Extend,0.020475,-0.284130,1.694051,0.250153,3.747983
Fast,LeadOverhand,Extend,0.021000,-0.283360,1.695186,0.251616,3.820890
Fast,LeadOverhand,Extend,0.021525,-0.282574,1.696339,0.253109,3.892218
Fast,LeadOverhand,Extend,0.022050,-0.281774,1.697510,0.254630,3.962272
Fast,LeadOverhand,Extend,0.022575,-0.280958,1.698696,0.256181,4.030223
Fast,LeadOverhand,Extend,0.023100,-0.280127,1.699899,0.257759,4.097077
Fast,LeadOverhand,Extend,0.023625,-0.279282,1.701116,0.259365,4.162199
Fast,LeadOverhand,Extend,0.024150,-0.278422,1.702347,0.260998,4.225811
Fast,LeadOverhand,Extend,0.024675,-0.277548,1.703591,0.262658,4.287494
Fast,LeadOverhand,Extend,0.025200,-0.276661,1.704846,0.264345,4.347741
Fast,LeadOverhand,Extend,0.025725,-0.275759,1.706113,0.266058,4.406351
Fast,LeadOverhand,Extend,0.026250,-0.274844,1.707389,0.267797,4.463142
Fast,LeadOverhand,Extend,0.026775,-0.273915,1.708675,0.269561,4.518311
Fast,LeadOverhand,Extend,0.027300,-0.272974,1.709968,0.271350,4.571625
Fast,LeadOverhand,Extend,0.027825,-0.272019,1.711268,0.273164,4.623420
Fast,LeadOverhand,Extend,0.028350,-0.271051,1.712574,0.275002,4.673303
Fast,LeadOverhand,Extend,0.028875,-0.270071,1.713884,0.276864,4.721264
Fast,LeadOverhand,Extend,0.029400,-0.269079,1.715198,0.278750,4.767990
Fast,LeadOverhand,Extend,0.029925,-0.268075,1.716513,0.280658,4.812294
Fast,LeadOverhand,Extend,0.030450,-0.267058,1.717830,0.282590,4.855356
Fast,LeadOverhand,Extend,0.030975,-0.266030,1.719147,0.284543,4.896268
Fast,LeadOverhand,Extend,0.031500,-0.264990,1.720462,0.286519,4.935624
Fast,LeadOverhand,Extend,0.032025,-0.263939,1.721775,0.288516,4.973157
Fast,LeadOverhand,Extend,0.032550,-0.262877,1.723084,0.290535,5.008919
Fast,LeadOverhand,Extend,0.033075,-0.261803,1.724388,0.292574,5.042803
Fast,LeadOverhand,Extend,0.033600,-0.260719,1.725685,0.294633,5.075015
Fast,LeadOverhand,Extend,0.034125,-0.259625,1.726974,0.296713,5.105714
Fast,LeadOverhand,Extend,0.034650,-0.258520,1.728254,0.298812,5.134430
Fast,LeadOverhand,Extend,0.035175,-0.257405,1.729524,0.300931,5.161501
Fast,LeadOverhand,Extend,0.035700,-0.256280,1.730781,0.303068,5.187089
Fast,LeadOverhand,Extend,0.036225,-0.255145,1.732026,0.305224,5.210884
Fast,LeadOverhand,Extend,0.036750,-0.254001,1.733256,0.307398,5.233174
Fast,LeadOverhand,Extend,0.037275,-0.252848,1.734470,0.309589,5.253818
Fast,LeadOverhand,Extend,0.037800,-0.251685,1.735667,0.311798,5.273230
Fast,LeadOverhand,Extend,0.038325,-0.250514,1.736845,0.314024,5.290726
Fast,LeadOverhand,Extend,0.038850,-0.249333,1.738003,0.316267,5.307108
Fast,LeadOverhand,Extend,0.039375,-0.248145,1.739140,0.318525,5.322148
Fast,LeadOverhand,Extend,0.039900,-0.246948,1.740254,0.320800,5.335591
Fast,LeadOverhand,Extend,0.040425,-0.245742,1.741344,0.323090,5.348068
Fast,LeadOverhand,Extend,0.040950,-0.244529,1.742408,0.325395,5.359424
Fast,LeadOverhand,Extend,0.041475,-0.243308,1.743445,0.327714,5.369456
Fast,LeadOverhand,Extend,0.042000,-0.242080,1.744454,0.330048,5.378550
Fast,LeadOverhand,Extend,0.042525,-0.240844,1.745434,0.332396,5.386631
Fast,LeadOverhand,Extend,0.043050,-0.239602,1.746382,0.334757,5.393908
Fast,LeadOverhand,Extend,0.043575,-0.238352,1.747298,0.337131,5.400383
Fast,LeadOverhand,Extend,0.044100,-0.237096,1.748181,0.339518,5.406001
Fast,LeadOverhand,Extend,0.044625,-0.235833,1.749029,0.341917,5.411275
Fast,LeadOverhand,Extend,0.045150,-0.234564,1.749841,0.344329,5.415719
Fast,LeadOverhand,Extend,0.045675,-0.233289,1.750616,0.346751,5.419803
Fast,LeadOverhand,Extend,0.046200,-0.232008,1.751353,0.349185,5.423686
Fast,LeadOverhand,Extend,0.046725,-0.230721,1.752049,0.351630,5.427099
Fast,LeadOverhand,Extend,0.047250,-0.229429,1.752705,0.354085,5.430412
Fast,LeadOverhand,Extend,0.047775,-0.228131,1.753320,0.356551,5.433742
Fast,LeadOverhand,Extend,0.048300,-0.226829,1.753891,0.359025,5.437014
Fast,LeadOverhand,Extend,0.048825,-0.225521,1.754418,0.361510,5.440535
Fast,LeadOverhand,Extend,0.049350,-0.224209,1.754901,0.364003,5.444156
Fast,LeadOverhand,Extend,0.049875,-0.222893,1.755337,0.366504,5.448054
Fast,LeadOverhand,Extend,0.050400,-0.221572,1.755727,0.369014,5.452498
Fast,LeadOverhand,Extend,0.050925,-0.220247,1.756069,0.371531,5.457318
Fast,LeadOverhand,Extend,0.051450,-0.218918,1.756362,0.374055,5.462726
Fast,LeadOverhand,Extend,0.051975,-0.217586,1.756606,0.376587,5.468880
Fast,LeadOverhand,Extend,0.052500,-0.216250,1.756799,0.379125,5.475600
Fast,LeadOverhand,Extend,0.053025,-0.214911,1.756942,0.381669,5.483149
Fast,LeadOverhand,Extend,0.053550,-0.213569,1.757034,0.384219,5.491822
Fast,LeadOverhand,Extend,0.054075,-0.212224,1.757073,0.386775,5.501064
Fast,LeadOverhand,Extend,0.054600,-0.210876,1.757060,0.389335,5.511394
Fast,LeadOverhand,Extend,0.055125,-0.209526,1.756993,0.391900,5.522857
Fast,LeadOverhand,Extend,0.055650,-0.208174,1.756873,0.394470,5.535181
Fast,LeadOverhand,Extend,0.056175,-0.206820,1.756699,0.397043,5.548823
Fast,LeadOverhand,Extend,0.056700,-0.205463,1.756471,0.399620,5.563338
Fast,LeadOverhand,Extend,0.057225,-0.204106,1.756187,0.402200,5.579176
Fast,LeadOverhand,Extend,0.057750,-0.202746,1.755850,0.404782,5.595929
Fast,LeadOverhand,Extend,0.058275,-0.201386,1.755457,0.407367,5.613998
Fast,LeadOverhand,Extend,0.058800,-0.200024,1.755009,0.409954,5.633092
Fast,LeadOverhand,Extend,0.059325,-0.198662,1.754505,0.412542,5.653203
Fast,LeadOverhand,Extend,0.059850,-0.197299,1.753947,0.415132,5.674497
Fast,LeadOverhand,Extend,0.060375,-0.195936,1.753333,0.417722,5.696832
Fast,LeadOverhand,Extend,0.060900,-0.194572,1.752664,0.420313,5.719984
Fast,LeadOverhand,Extend,0.061425,-0.193209,1.751941,0.422904,5.744302
Fast,LeadOverhand,Extend,0.061950,-0.191845,1.751163,0.425494,5.769444
Fast,LeadOverhand,Extend,0.062475,-0.190482,1.750330,0.428084,5.795177
Fast,LeadOverhand,Extend,0.063000,-0.189120,1.749444,0.430672,5.821911
Fast,LeadOverhand,Extend,0.063525,-0.187758,1.748504,0.433259,5.849291
Fast,LeadOverhand,Extend,0.064050,-0.186398,1.747511,0.435844,5.877106
Fast,LeadOverhand,Extend,0.064575,-0.185039,1.746465,0.438427,5.905375
Fast,LeadOverhand,Extend,0.065100,-0.183681,1.745367,0.441007,5.934298
Fast,LeadOverhand,Extend,0.065625,-0.182324,1.744218,0.443584,5.963276
Fast,LeadOverhand,Extend,0.066150,-0.180970,1.743018,0.446158,5.992613
Fast,LeadOverhand,Extend,0.066675,-0.179617,1.741768,0.448727,6.022052
Fast,LeadOverhand,Extend,0.067200,-0.178267,1.740469,0.451293,6.051387
Fast,LeadOverhand,Extend,0.067725,-0.176919,1.739121,0.453854,6.080891
Fast,LeadOverhand,Extend,0.068250,-0.175574,1.737726,0.456410,6.109755
Fast,LeadOverhand,Extend,0.068775,-0.174231,1.736284,0.458961,6.138697
Fast,LeadOverhand,Extend,0.069300,-0.172892,1.734797,0.461505,6.167060
Fast,LeadOverhand,Extend,0.069825,-0.171556,1.733265,0.464044,6.194814
Fast,LeadOverhand,Extend,0.070350,-0.170223,1.731689,0.466576,6.222119
Fast,LeadOverhand,Extend,0.070875,-0.168894,1.730071,0.469102,6.248572
Fast,LeadOverhand,Extend,0.071400,-0.167569,1.728412,0.471620,6.274111
Fast,LeadOverhand,Extend,0.071925,-0.166247,1.726712,0.474130,6.298967
Fast,LeadOverhand,Extend,0.072450,-0.164930,1.724974,0.476632,6.322397
Fast,LeadOverhand,Extend,0.072975,-0.163618,1.723198,0.479126,6.344858
Fast,LeadOverhand,Extend,0.073500,-0.162310,1.721385,0.481611,6.366291
Fast,LeadOverhand,Extend,0.074025,-0.161007,1.719538,0.484087,6.386054
Fast,LeadOverhand,Extend,0.074550,-0.159709,1.717657,0.486553,6.404609
Fast,LeadOverhand,Extend,0.075075,-0.158416,1.715743,0.489009,6.421520
Fast,LeadOverhand,Extend,0.075600,-0.157129,1.713799,0.491455,6.437008
Fast,LeadOverhand,Extend,0.076125,-0.155847,1.711825,0.493890,6.450733
Fast,LeadOverhand,Extend,0.076650,-0.154572,1.709822,0.496314,6.462739
Fast,LeadOverhand,Extend,0.077175,-0.153302,1.707793,0.498726,6.472945
Fast,LeadOverhand,Extend,0.077700,-0.152039,1.705739,0.501127,6.481052
Fast,LeadOverhand,Extend,0.078225,-0.150782,1.703662,0.503515,6.487653
Fast,LeadOverhand,Extend,0.078750,-0.149531,1.701562,0.505891,6.491603
Fast,LeadOverhand,Extend,0.079275,-0.148288,1.699441,0.508253,6.494205
Fast,LeadOverhand,Extend,0.079800,-0.147052,1.697301,0.510602,6.494414
Fast,LeadOverhand,Extend,0.080325,-0.145823,1.695144,0.512937,6.492347
Fast,LeadOverhand,Extend,0.080850,-0.144601,1.692971,0.515258,6.488164
Fast,LeadOverhand,Extend,0.081375,-0.143387,1.690783,0.517565,6.481757
Fast,LeadOverhand,Extend,0.081900,-0.142181,1.688582,0.519856,6.473279
Fast,LeadOverhand,Extend,0.082425,-0.140983,1.686369,0.522132,6.462229
Fast,LeadOverhand,Extend,0.082950,-0.139794,1.684147,0.524392,6.449005
Fast,LeadOverhand,Extend,0.083475,-0.138612,1.681916,0.526636,6.433138
Fast,LeadOverhand,Extend,0.084000,-0.137440,1.679678,0.528864,6.415476
Fast,LeadOverhand,Extend,0.084525,-0.136277,1.677435,0.531075,6.394958
Fast,LeadOverhand,Extend,0.085050,-0.135122,1.675189,0.533268,6.372120
Fast,LeadOverhand,Extend,0.085575,-0.133977,1.672940,0.535444,6.347016
Fast,LeadOverhand,Extend,0.086100,-0.132841,1.670690,0.537601,6.319310
Fast,LeadOverhand,Extend,0.086625,-0.131716,1.668440,0.539741,6.289526
Fast,LeadOverhand,Extend,0.087150,-0.130600,1.666193,0.541861,6.257030
Fast,LeadOverhand,Extend,0.087675,-0.129494,1.663949,0.543962,6.222591
Fast,LeadOverhand,Extend,0.088200,-0.128398,1.661711,0.546044,6.185159
Fast,LeadOverhand,Extend,0.088725,-0.127313,1.659479,0.548105,6.145776
Fast,LeadOverhand,Extend,0.089250,-0.126239,1.657254,0.550146,6.103906
Fast,LeadOverhand,Extend,0.089775,-0.125175,1.655039,0.552167,6.059729
Fast,LeadOverhand,Extend,0.090300,-0.124123,1.652834,0.554166,6.012934
Fast,LeadOverhand,Extend,0.090825,-0.123082,1.650641,0.556144,5.964249
Fast,LeadOverhand,Extend,0.091350,-0.122053,1.648461,0.558100,5.913261
Fast,LeadOverhand,Extend,0.091875,-0.121035,1.646295,0.560033,5.859560
Fast,LeadOverhand,Extend,0.092400,-0.120030,1.644145,0.561944,5.804087
Fast,LeadOverhand,Extend,0.092925,-0.119036,1.642012,0.563832,5.746253
Fast,LeadOverhand,Extend,0.093450,-0.118055,1.639897,0.565696,5.686441
Fast,LeadOverhand,Extend,0.093975,-0.117086,1.637801,0.567537,5.624102
Fast,LeadOverhand,Extend,0.094500,-0.116130,1.635726,0.569353,5.560079
Fast,LeadOverhand,Extend,0.095025,-0.115187,1.633672,0.571145,5.493692
Fast,LeadOverhand,Extend,0.095550,-0.114257,1.631640,0.572911,5.425326
Fast,LeadOverhand,Extend,0.096075,-0.113341,1.629632,0.574653,5.354874
Fast,LeadOverhand,Extend,0.096600,-0.112438,1.627649,0.576368,5.282743
Fast,LeadOverhand,Extend,0.097125,-0.111549,1.625692,0.578058,5.208073
Fast,LeadOverhand,Extend,0.097650,-0.110673,1.623760,0.579721,5.132385
Fast,LeadOverhand,Extend,0.098175,-0.109812,1.621857,0.581357,5.054169
Fast,LeadOverhand,Extend,0.098700,-0.108966,1.619982,0.582965,4.974322
Fast,LeadOverhand,Extend,0.099225,-0.108134,1.618137,0.584546,4.892753
Fast,LeadOverhand,Extend,0.099750,-0.107316,1.616321,0.586099,4.809230
Fast,LeadOverhand,Extend,0.100275,-0.106514,1.614537,0.587624,4.724321
Fast,LeadOverhand,Extend,0.100800,-0.105727,1.612785,0.589119,4.637333
Fast,LeadOverhand,Extend,0.101325,-0.104955,1.611065,0.590586,4.549139
Fast,LeadOverhand,Extend,0.101850,-0.104199,1.609378,0.592022,4.458902
Fast,LeadOverhand,Extend,0.102375,-0.103458,1.607726,0.593429,4.367585
Fast,LeadOverhand,Extend,0.102900,-0.102734,1.606109,0.594806,4.274203
Fast,LeadOverhand,Extend,0.103425,-0.102026,1.604527,0.596151,4.179780
Fast,LeadOverhand,Extend,0.103950,-0.101334,1.602981,0.597466,4.083524
Fast,LeadOverhand,Extend,0.104475,-0.100659,1.601472,0.598749,3.986120
Fast,LeadOverhand,Extend,0.105000,-0.100000,1.600000,0.600000,3.887033
Fast,LeadOverhand,Recover,0.001500,-0.101791,1.598358,0.595224,3.572356
Fast,LeadOverhand,Recover,0.003000,-0.103564,1.596733,0.590496,3.536618
Fast,LeadOverhand,Recover,0.004500,-0.105319,1.595124,0.585815,3.501066
Fast,LeadOverhand,Recover,0.006000,-0.107057,1.593531,0.581182,3.465711
Fast,LeadOverhand,Recover,0.007500,-0.108777,1.591955,0.576595,3.430531
Fast,LeadOverhand,Recover,0.009000,-0.110479,1.590394,0.572055,3.395519
Fast,LeadOverhand,Recover,0.010500,-0.112164,1.588850,0.567562,3.360715
Fast,LeadOverhand,Recover,0.012000,-0.113832,1.587321,0.563116,3.326057
Fast,LeadOverhand,Recover,0.013500,-0.115482,1.585808,0.558715,3.291559
Fast,LeadOverhand,Recover,0.015000,-0.117115,1.584311,0.554360,3.257302
Fast,LeadOverhand,Recover,0.016500,-0.118731,1.582830,0.550051,3.223188
Fast,LeadOverhand,Recover,0.018000,-0.120330,1.581364,0.545787,3.189254
Fast,LeadOverhand,Recover,0.019500,-0.121912,1.579914,0.541568,3.155509
Fast,LeadOverhand,Recover,0.021000,-0.123477,1.578479,0.537394,3.121948
Fast,LeadOverhand,Recover,0.022500,-0.125026,1.577060,0.533265,3.088586
Fast,LeadOverhand,Recover,0.024000,-0.126557,1.575656,0.529180,3.055336
Fast,LeadOverhand,Recover,0.025500,-0.128073,1.574267,0.525140,3.022310
Fast,LeadOverhand,Recover,0.027000,-0.129572,1.572893,0.521143,2.989482
Fast,LeadOverhand,Recover,0.028500,-0.131054,1.571534,0.517190,2.956766
Fast,LeadOverhand,Recover,0.030000,-0.132520,1.570190,0.513280,2.924288
Fast,LeadOverhand,Recover,0.031500,-0.133970,1.568861,0.509414,2.892003
Fast,LeadOverhand,Recover,0.033000,-0.135404,1.567547,0.505590,2.859870
Fast,LeadOverhand,Recover,0.034500,-0.136822,1.566247,0.501809,2.827876
Fast,LeadOverhand,Recover,0.036000,-0.138223,1.564962,0.498071,2.796157
Fast,LeadOverhand,Recover,0.037500,-0.139609,1.563691,0.494375,2.764511
Fast,LeadOverhand,Recover,0.039000,-0.140980,1.562435,0.490721,2.733115
Fast,LeadOverhand,Recover,0.040500,-0.142334,1.561194,0.487109,2.701900
Fast,LeadOverhand,Recover,0.042000,-0.143673,1.559966,0.483538,2.670834
Fast,LeadOverhand,Recover,0.043500,-0.144997,1.558753,0.480009,2.639949
Fast,LeadOverhand,Recover,0.045000,-0.146305,1.557554,0.476520,2.609258
Fast,LeadOverhand,Recover,0.046500,-0.147598,1.556369,0.473072,2.578735
Fast,LeadOverhand,Recover,0.048000,-0.148876,1.555197,0.469665,2.548392
Fast,LeadOverhand,Recover,0.049500,-0.150138,1.554040,0.466299,2.518265
Fast,LeadOverhand,Recover,0.051000,-0.151386,1.552897,0.462972,2.488227
Fast,LeadOverhand,Recover,0.052500,-0.152618,1.551767,0.459685,2.458466
Fast,LeadOverhand,Recover,0.054000,-0.153836,1.550650,0.456438,2.428862
Fast,LeadOverhand,Recover,0.055500,-0.155039,1.549548,0.453230,2.399410
Fast,LeadOverhand,Recover,0.057000,-0.156227,1.548459,0.450061,2.370116
Fast,LeadOverhand,Recover,0.058500,-0.157401,1.547383,0.446931,2.341073
Fast,LeadOverhand,Recover,0.060000,-0.158560,1.546320,0.443840,2.312186
Fast,LeadOverhand,Recover,0.061500,-0.159705,1.545271,0.440787,2.283447
Fast,LeadOverhand,Recover,0.063000,-0.160835,1.544234,0.437773,2.254861
Fast,LeadOverhand,Recover,0.064500,-0.161952,1.543211,0.434796,2.226521
Fast,LeadOverhand,Recover,0.066000,-0.163054,1.542201,0.431857,2.198388
Fast,LeadOverhand,Recover,0.067500,-0.164142,1.541203,0.428955,2.170326
Fast,LeadOverhand,Recover,0.069000,-0.165216,1.540219,0.426091,2.142530
Fast,LeadOverhand,Recover,0.070500,-0.166276,1.539247,0.423263,2.114878
Fast,LeadOverhand,Recover,0.072000,-0.167323,1.538287,0.420472,2.087391
Fast,LeadOverhand,Recover,0.073500,-0.168356,1.537341,0.417718,2.060114
Fast,LeadOverhand,Recover,0.075000,-0.169375,1.536406,0.415000,2.033020
Fast,LeadOverhand,Recover,0.076500,-0.170381,1.535484,0.412318,2.006106
Fast,LeadOverhand,Recover,0.078000,-0.171373,1.534575,0.409672,1.979338
Fast,LeadOverhand,Recover,0.079500,-0.172352,1.533677,0.407061,1.952757
Fast,LeadOverhand,Recover,0.081000,-0.173318,1.532792,0.404485,1.926421
Fast,LeadOverhand,Recover,0.082500,-0.174271,1.531919,0.401945,1.900166
Fast,LeadOverhand,Recover,0.084000,-0.175210,1.531057,0.399439,1.874153
Fast,LeadOverhand,Recover,0.085500,-0.176137,1.530208,0.396968,1.848276
Fast,LeadOverhand,Recover,0.087000,-0.177051,1.529370,0.394532,1.822656
Fast,LeadOverhand,Recover,0.088500,-0.177952,1.528544,0.392129,1.797117
Fast,LeadOverhand,Recover,0.090000,-0.178840,1.527730,0.389760,1.771827
Fast,LeadOverhand,Recover,0.091500,-0.179716,1.526927,0.387425,1.746706
Fast,LeadOverhand,Recover,0.093000,-0.180579,1.526136,0.385123,1.721735
Fast,LeadOverhand,Recover,0.094500,-0.181430,1.525356,0.382854,1.696947
Fast,LeadOverhand,Recover,0.096000,-0.182268,1.524588,0.380618,1.672397
Fast,LeadOverhand,Recover,0.097500,-0.183094,1.523830,0.378415,1.647943
Fast,LeadOverhand,Recover,0.099000,-0.183908,1.523084,0.376244,1.623748
Fast,LeadOverhand,Recover,0.100500,-0.184710,1.522349,0.374106,1.599665
Fast,LeadOverhand,Recover,0.102000,-0.185501,1.521625,0.371999,1.575803
Fast,LeadOverhand,Recover,0.103500,-0.186279,1.520911,0.369924,1.552100
Fast,LeadOverhand,Recover,0.105000,-0.187045,1.520209,0.367880,1.528582
Fast,LeadOverhand,Recover,0.106500,-0.187800,1.519517,0.365868,1.505261
Fast,LeadOverhand,Recover,0.108000,-0.188543,1.518836,0.363886,1.482066
Fast,LeadOverhand,Recover,0.109500,-0.189274,1.518165,0.361935,1.459141
Fast,LeadOverhand,Recover,0.111000,-0.189994,1.517505,0.360015,1.436305
Fast,LeadOverhand,Recover,0.112500,-0.190703,1.516855,0.358125,1.413675
Fast,LeadOverhand,Recover,0.114000,-0.191401,1.516216,0.356265,1.391294
Fast,LeadOverhand,Recover,0.115500,-0.192087,1.515587,0.354435,1.368960
Fast,LeadOverhand,Recover,0.117000,-0.192762,1.514968,0.352634,1.346916
Fast,LeadOverhand,Recover,0.118500,-0.193427,1.514359,0.350862,1.325037
Fast,LeadOverhand,Recover,0.120000,-0.194080,1.513760,0.349120,1.303295
Fast,LeadOverhand,Recover,0.121500,-0.194723,1.513171,0.347406,1.281736
Fast,LeadOverhand,Recover,0.123000,-0.195355,1.512592,0.345721,1.260415
Fast,LeadOverhand,Recover,0.124500,-0.195976,1.512022,0.344065,1.239207
Fast,LeadOverhand,Recover,0.126000,-0.196587,1.511462,0.342436,1.218209
Fast,LeadOverhand,Recover,0.127500,-0.197187,1.510912,0.340835,1.197370
Fast,LeadOverhand,Recover,0.129000,-0.197777,1.510371,0.339262,1.176750
Fast,LeadOverhand,Recover,0.130500,-0.198357,1.509840,0.337716,1.156276
Fast,LeadOverhand,Recover,0.132000,-0.198926,1.509318,0.336197,1.135980
Fast,LeadOverhand,Recover,0.133500,-0.199486,1.508805,0.334705,1.115901
Fast,LeadOverhand,Recover,0.135000,-0.200035,1.508301,0.333240,1.095950
Fast,LeadOverhand,Recover,0.136500,-0.200575,1.507807,0.331801,1.076216
Fast,LeadOverhand,Recover,0.138000,-0.201104,1.507321,0.330389,1.056646
Fast,LeadOverhand,Recover,0.139500,-0.201624,1.506844,0.329002,1.037241
Fast,LeadOverhand,Recover,0.141000,-0.202135,1.506377,0.327641,1.018048
Fast,LeadOverhand,Recover,0.142500,-0.202636,1.505917,0.326305,0.999040
Fast,LeadOverhand,Recover,0.144000,-0.203127,1.505467,0.324995,0.980155
Fast,LeadOverhand,Recover,0.145500,-0.203609,1.505025,0.323709,0.961515
Fast,LeadOverhand,Recover,0.147000,-0.204082,1.504592,0.322448,0.943023
Fast,LeadOverhand,Recover,0.148500,-0.204546,1.504167,0.321212,0.924689
Fast,LeadOverhand,Recover,0.150000,-0.205000,1.503750,0.320000,0.906587
Fast,LeadOverhand,Recover,0.151500,-0.205446,1.503342,0.318812,0.888583
Fast,LeadOverhand,Recover,0.153000,-0.205882,1.502941,0.317648,0.870873
Fast,LeadOverhand,Recover,0.154500,-0.206310,1.502549,0.316507,0.853249
Fast,LeadOverhand,Recover,0.156000,-0.206729,1.502165,0.315390,0.835855
Fast,LeadOverhand,Recover,0.157500,-0.207139,1.501789,0.314295,0.818581
Fast,LeadOverhand,Recover,0.159000,-0.207541,1.501420,0.313223,0.801591
Fast,LeadOverhand,Recover,0.160500,-0.207935,1.501060,0.312174,0.784675
Fast,LeadOverhand,Recover,0.162000,-0.208320,1.500707,0.311148,0.768004
Fast,LeadOverhand,Recover,0.163500,-0.208696,1.500362,0.310143,0.751460
Fast,LeadOverhand,Recover,0.165000,-0.209065,1.500024,0.309160,0.735137
Fast,LeadOverhand,Recover,0.166500,-0.209426,1.499693,0.308199,0.718996
Fast,LeadOverhand,Recover,0.168000,-0.209778,1.499370,0.307259,0.702996
Fast,LeadOverhand,Recover,0.169500,-0.210123,1.499054,0.306340,0.687186
Fast,LeadOverhand,Recover,0.171000,-0.210459,1.498746,0.305442,0.671589
Fast,LeadOverhand,Recover,0.172500,-0.210788,1.498444,0.304565,0.656151
Fast,LeadOverhand,Recover,0.174000,-0.211109,1.498150,0.303708,0.640880
Fast,LeadOverhand,Recover,0.175500,-0.211423,1.497862,0.302872,0.625835
Fast,LeadOverhand,Recover,0.177000,-0.211730,1.497581,0.302055,0.610894
Fast,LeadOverhand,Recover,0.178500,-0.212028,1.497307,0.301258,0.596211
Fast,LeadOverhand,Recover,0.180000,-0.212320,1.497040,0.300480,0.581642
Fast,LeadOverhand,Recover,0.181500,-0.212604,1.496779,0.299722,0.567291
Fast,LeadOverhand,Recover,0.183000,-0.212882,1.496525,0.298982,0.553127
Fast,LeadOverhand,Recover,0.184500,-0.213152,1.496277,0.298261,0.539109
Fast,LeadOverhand,Recover,0.186000,-0.213415,1.496036,0.297559,0.525286
Fast,LeadOverhand,Recover,0.187500,-0.213672,1.495801,0.296875,0.511647
Fast,LeadOverhand,Recover,0.189000,-0.213922,1.495572,0.296209,0.498167
Fast,LeadOverhand,Recover,0.190500,-0.214165,1.495349,0.295561,0.484879
Fast,LeadOverhand,Recover,0.192000,-0.214401,1.495132,0.294930,0.471799
Fast,LeadOverhand,Recover,0.193500,-0.214631,1.494921,0.294316,0.458863
Fast,LeadOverhand,Recover,0.195000,-0.214855,1.494716,0.293720,0.446120
Fast,LeadOverhand,Recover,0.196500,-0.215072,1.494517,0.293140,0.433577
Fast,LeadOverhand,Recover,0.198000,-0.215284,1.494323,0.292577,0.421135
Fast,LeadOverhand,Recover,0.199500,-0.215489,1.494135,0.292031,0.408985
Fast,LeadOverhand,Recover,0.201000,-0.215688,1.493953,0.291500,0.396916
Fast,LeadOverhand,Recover,0.202500,-0.215881,1.493776,0.290985,0.385113
Fast,LeadOverhand,Recover,0.204000,-0.216068,1.493605,0.290486,0.373391
Fast,LeadOverhand,Recover,0.205500,-0.216249,1.493438,0.290002,0.361936
Fast,LeadOverhand,Recover,0.207000,-0.216425,1.493277,0.289533,0.350621
Fast,LeadOverhand,Recover,0.208500,-0.216595,1.493121,0.289079,0.339481
Fast,LeadOverhand,Recover,0.210000,-0.216760,1.492970,0.288640,0.328560
Fast,LeadOverhand,Recover,0.211500,-0.216919,1.492824,0.288215,0.317764
Fast,LeadOverhand,Recover,0.213000,-0.217073,1.492683,0.287805,0.307165
Fast,LeadOverhand,Recover,0.214500,-0.217222,1.492546,0.287408,0.296766
Fast,LeadOverhand,Recover,0.216000,-0.217366,1.492415,0.287025,0.286536
Fast,LeadOverhand,Recover,0.217500,-0.217504,1.492288,0.286655,0.276484
Fast,LeadOverhand,Recover,0.219000,-0.217638,1.492165,0.286299,0.266612
Fast,LeadOverhand,Recover,0.220500,-0.217767,1.492047,0.285955,0.256894
Fast,LeadOverhand,Recover,0.222000,-0.217891,1.491933,0.285624,0.247418
Fast,LeadOverhand,Recover,0.223500,-0.218010,1.491824,0.285306,0.238072
Fast,LeadOverhand,Recover,0.225000,-0.218125,1.491719,0.285000,0.228898
Fast,LeadOverhand,Recover,0.226500,-0.218235,1.491618,0.284706,0.219931
Fast,LeadOverhand,Recover,0.228000,-0.218341,1.491521,0.284424,0.211143
Fast,LeadOverhand,Recover,0.229500,-0.218443,1.491428,0.284153,0.202524
Fast,LeadOverhand,Recover,0.231000,-0.218540,1.491338,0.283893,0.194083
Fast,LeadOverhand,Recover,0.232500,-0.218633,1.491253,0.283645,0.185811
Fast,LeadOverhand,Recover,0.234000,-0.218722,1.491171,0.283407,0.177767
Fast,LeadOverhand,Recover,0.235500,-0.218807,1.491093,0.283180,0.169836
Fast,LeadOverhand,Recover,0.237000,-0.218889,1.491019,0.282964,0.162125
Fast,LeadOverhand,Recover,0.238500,-0.218966,1.490948,0.282757,0.154597
Fast,LeadOverhand,Recover,0.240000,-0.219040,1.490880,0.282560,0.147220
Fast,LeadOverhand,Recover,0.241500,-0.219110,1.490816,0.282373,0.140060
Fast,LeadOverhand,Recover,0.243000,-0.219177,1.490754,0.282195,0.133055
Fast,LeadOverhand,Recover,0.244500,-0.219240,1.490696,0.282026,0.126240
Fast,LeadOverhand,Recover,0.246000,-0.219300,1.490641,0.281866,0.119575
Fast,LeadOverhand,Recover,0.247500,-0.219357,1.490589,0.281715,0.113128
Fast,LeadOverhand,Recover,0.249000,-0.219410,1.490540,0.281572,0.106846
Fast,LeadOverhand,Recover,0.250500,-0.219461,1.490494,0.281438,0.100725
Fast,LeadOverhand,Recover,0.252000,-0.219509,1.490451,0.281311,0.094790
Fast,LeadOverhand,Recover,0.253500,-0.219553,1.490410,0.281192,0.089094
Fast,LeadOverhand,Recover,0.255000,-0.219595,1.490371,0.281080,0.083503
Fast,LeadOverhand,Recover,0.256500,-0.219634,1.490335,0.280976,0.078123
Fast,LeadOverhand,Recover,0.258000,-0.219671,1.490302,0.280878,0.072894
Fast,LeadOverhand,Recover,0.259500,-0.219705,1.490271,0.280787,0.067907
Fast,LeadOverhand,Recover,0.261000,-0.219736,1.490242,0.280703,0.063036
Fast,LeadOverhand,Recover,0.262500,-0.219766,1.490215,0.280625,0.058361
Fast,LeadOverhand,Recover,0.264000,-0.219793,1.490190,0.280553,0.053876
Fast,LeadOverhand,Recover,0.265500,-0.219818,1.490167,0.280487,0.049601
Fast,LeadOverhand,Recover,0.267000,-0.219840,1.490146,0.280426,0.045449
Fast,LeadOverhand,Recover,0.268500,-0.219861,1.490127,0.280370,0.041483
Fast,LeadOverhand,Recover,0.270000,-0.219880,1.490110,0.280320,0.037728
Fast,LeadOverhand,Recover,0.271500,-0.219897,1.490094,0.280274,0.034141
Fast,LeadOverhand,Recover,0.273000,-0.219913,1.490080,0.280233,0.030705
Fast,LeadOverhand,Recover,0.274500,-0.219926,1.490068,0.280197,0.027508
Fast,LeadOverhand,Recover,0.276000,-0.219939,1.490056,0.280164,0.024451
Fast,LeadOverhand,Recover,0.277500,-0.219949,1.490046,0.280135,0.021573
Fast,LeadOverhand,Recover,0.279000,-0.219959,1.490038,0.280110,0.018861
Fast,LeadOverhand,Recover,0.280500,-0.219967,1.490030,0.280088,0.016404
Fast,LeadOverhand,Recover,0.282000,-0.219974,1.490024,0.280069,0.014017
Fast,LeadOverhand,Recover,0.283500,-0.219980,1.490018,0.280053,0.011863
Fast,LeadOverhand,Recover,0.285000,-0.219985,1.490014,0.280040,0.009918
Fast,LeadOverhand,Recover,0.286500,-0.219989,1.490010,0.280029,0.008089
Fast,LeadOverhand,Recover,0.288000,-0.219992,1.490007,0.280021,0.006503
Fast,LeadOverhand,Recover,0.289500,-0.219995,1.490005,0.280014,0.005050
Fast,LeadOverhand,Recover,0.291000,-0.219997,1.490003,0.280009,0.003801
Fast,LeadOverhand,Recover,0.292500,-0.219998,1.490002,0.280005,0.002731
Fast,LeadOverhand,Recover,0.294000,-0.219999,1.490001,0.280003,0.001825
Fast,LeadOverhand,Recover,0.295500,-0.220000,1.490000,0.280001,0.001109
Fast,LeadOverhand,Recover,0.297000,-0.220000,1.490000,0.280000,0.000555
Fast,LeadOverhand,Recover,0.298500,-0.220000,1.490000,0.280000,0.000225
Fast,LeadOverhand,Recover,0.300000,-0.220000,1.490000,0.280000,0.000022
Legacy,RearOverhand,Commit,0.000450,0.220006,1.460014,0.279996,0.034221
Legacy,RearOverhand,Commit,0.000900,0.220024,1.460054,0.279982,0.102149
Legacy,RearOverhand,Commit,0.001350,0.220054,1.460120,0.279960,0.169402
Legacy,RearOverhand,Commit,0.001800,0.220095,1.460213,0.279929,0.236069
Legacy,RearOverhand,Commit,0.002250,0.220148,1.460332,0.279889,0.301842
Legacy,RearOverhand,Commit,0.002700,0.220212,1.460476,0.279841,0.367010
Legacy,RearOverhand,Commit,0.003150,0.220287,1.460646,0.279785,0.431786
Legacy,RearOverhand,Commit,0.003600,0.220374,1.460841,0.279720,0.495244
Legacy,RearOverhand,Commit,0.004050,0.220471,1.461061,0.279646,0.558746
Legacy,RearOverhand,Commit,0.004500,0.220580,1.461305,0.279565,0.620975
Legacy,RearOverhand,Commit,0.004950,0.220699,1.461574,0.279476,0.682766
Legacy,RearOverhand,Commit,0.005400,0.220830,1.461866,0.279378,0.744004
Legacy,RearOverhand,Commit,0.005850,0.220970,1.462183,0.279273,0.804252
Legacy,RearOverhand,Commit,0.006300,0.221121,1.462523,0.279159,0.864010
Legacy,RearOverhand,Commit,0.006750,0.221283,1.462886,0.279038,0.923068
Legacy,RearOverhand,Commit,0.007200,0.221454,1.463272,0.278909,0.981533
Legacy,RearOverhand,Commit,0.007650,0.221636,1.463681,0.278773,1.039130
Legacy,RearOverhand,Commit,0.008100,0.221827,1.464112,0.278630,1.095853
Legacy,RearOverhand,Commit,0.008550,0.222029,1.464565,0.278478,1.152434
Legacy,RearOverhand,Commit,0.009000,0.222240,1.465040,0.278320,1.207934
Legacy,RearOverhand,Commit,0.009450,0.222461,1.465537,0.278154,1.262810
Legacy,RearOverhand,Commit,0.009900,0.222691,1.466055,0.277982,1.317031
Legacy,RearOverhand,Commit,0.010350,0.222931,1.466594,0.277802,1.370408
Legacy,RearOverhand,Commit,0.010800,0.223180,1.467154,0.277615,1.423419
Legacy,RearOverhand,Commit,0.011250,0.223438,1.467734,0.277422,1.475793
Legacy,RearOverhand,Commit,0.011700,0.223705,1.468335,0.277222,1.527028
Legacy,RearOverhand,Commit,0.012150,0.223980,1.468956,0.277015,1.577723
Legacy,RearOverhand,Commit,0.012600,0.224265,1.469596,0.276801,1.627942
Legacy,RearOverhand,Commit,0.013050,0.224558,1.470256,0.276581,1.677615
Legacy,RearOverhand,Commit,0.013500,0.224860,1.470935,0.276355,1.725904
Legacy,RearOverhand,Commit,0.013950,0.225170,1.471633,0.276122,1.774296
Legacy,RearOverhand,Commit,0.014400,0.225489,1.472350,0.275884,1.821589
Legacy,RearOverhand,Commit,0.014850,0.225815,1.473084,0.275639,1.868032
Legacy,RearOverhand,Commit,0.015300,0.226150,1.473837,0.275388,1.914276
Legacy,RearOverhand,Commit,0.015750,0.226493,1.474608,0.275131,1.959503
Legacy,RearOverhand,Commit,0.016200,0.226843,1.475397,0.274868,2.004068
Legacy,RearOverhand,Commit,0.016650,0.227201,1.476202,0.274599,2.048015
Legacy,RearOverhand,Commit,0.017100,0.227567,1.477025,0.274325,2.091281
Legacy,RearOverhand,Commit,0.017550,0.227940,1.477864,0.274045,2.133761
Legacy,RearOverhand,Commit,0.018000,0.228320,1.478720,0.273760,2.175837
Legacy,RearOverhand,Commit,0.018450,0.228708,1.479592,0.273469,2.216806
Legacy,RearOverhand,Commit,0.018900,0.229102,1.480480,0.273173,2.257363
Legacy,RearOverhand,Commit,0.019350,0.229504,1.481384,0.272872,2.297104
Legacy,RearOverhand,Commit,0.019800,0.229912,1.482303,0.272566,2.336464
Legacy,RearOverhand,Commit,0.020250,0.230328,1.483237,0.272254,2.374674
Legacy,RearOverhand,Commit,0.020700,0.230749,1.484186,0.271938,2.412542
Legacy,RearOverhand,Commit,0.021150,0.231178,1.485150,0.271617,2.449517
Legacy,RearOverhand,Commit,0.021600,0.231612,1.486127,0.271291,2.485906
Legacy,RearOverhand,Commit,0.022050,0.232053,1.487119,0.270960,2.521633
Legacy,RearOverhand,Commit,0.022500,0.232500,1.488125,0.270625,2.556761
Legacy,RearOverhand,Commit,0.022950,0.232953,1.489144,0.270285,2.590776
Legacy,RearOverhand,Commit,0.023400,0.233412,1.490177,0.269941,2.624676
Legacy,RearOverhand,Commit,0.023850,0.233877,1.491222,0.269593,2.657418
Legacy,RearOverhand,Commit,0.024300,0.234347,1.492280,0.269240,2.689825
Legacy,RearOverhand,Commit,0.024750,0.234823,1.493351,0.268883,2.721345
Legacy,RearOverhand,Commit,0.025200,0.235304,1.494433,0.268522,2.752279
Legacy,RearOverhand,Commit,0.025650,0.235790,1.495528,0.268157,2.782505
Legacy,RearOverhand,Commit,0.026100,0.236282,1.496634,0.267789,2.811979
Legacy,RearOverhand,Commit,0.026550,0.236778,1.497751,0.267416,2.840784
Legacy,RearOverhand,Commit,0.027000,0.237280,1.498880,0.267040,2.868901
Legacy,RearOverhand,Commit,0.027450,0.237786,1.500019,0.266660,2.896497
Legacy,RearOverhand,Commit,0.027900,0.238297,1.501169,0.266277,2.923173
Legacy,RearOverhand,Commit,0.028350,0.238813,1.502329,0.265890,2.949231
Legacy,RearOverhand,Commit,0.028800,0.239333,1.503500,0.265500,2.974691
Legacy,RearOverhand,Commit,0.029250,0.239858,1.504679,0.265107,2.999251
Legacy,RearOverhand,Commit,0.029700,0.240386,1.505869,0.264710,3.023483
Legacy,RearOverhand,Commit,0.030150,0.240919,1.507067,0.264311,3.046530
Legacy,RearOverhand,Commit,0.030600,0.241455,1.508275,0.263909,3.069540
Legacy,RearOverhand,Commit,0.031050,0.241996,1.509491,0.263503,3.091115
Legacy,RearOverhand,Commit,0.031500,0.242540,1.510715,0.263095,3.112586
Legacy,RearOverhand,Commit,0.031950,0.243088,1.511948,0.262684,3.133183
Legacy,RearOverhand,Commit,0.032400,0.243639,1.513188,0.262271,3.153176
Legacy,RearOverhand,Commit,0.032850,0.244194,1.514436,0.261855,3.172268
Legacy,RearOverhand,Commit,0.033300,0.244752,1.515691,0.261436,3.190794
Legacy,RearOverhand,Commit,0.033750,0.245313,1.516953,0.261016,3.208888
Legacy,RearOverhand,Commit,0.034200,0.245877,1.518222,0.260593,3.225671
Legacy,RearOverhand,Commit,0.034650,0.246443,1.519498,0.260168,3.242293
Legacy,RearOverhand,Commit,0.035100,0.247013,1.520779,0.259740,3.258284
Legacy,RearOverhand,Commit,0.035550,0.247585,1.522067,0.259311,3.273214
Legacy,RearOverhand,Commit,0.036000,0.248160,1.523360,0.258880,3.287488
Legacy,RearOverhand,Commit,0.036450,0.248737,1.524659,0.258447,3.301369
Legacy,RearOverhand,Commit,0.036900,0.249317,1.525962,0.258013,3.314396
Legacy,RearOverhand,Commit,0.037350,0.249898,1.527271,0.257576,3.326817
Legacy,RearOverhand,Commit,0.037800,0.250482,1.528584,0.257139,3.338382
Legacy,RearOverhand,Commit,0.038250,0.251068,1.529902,0.256699,3.349517
Legacy,RearOverhand,Commit,0.038700,0.251655,1.531224,0.256259,3.359591
Legacy,RearOverhand,Commit,0.039150,0.252244,1.532549,0.255817,3.369252
Legacy,RearOverhand,Commit,0.039600,0.252835,1.533878,0.255374,3.378335
Legacy,RearOverhand,Commit,0.040050,0.253427,1.535210,0.254930,3.386498
Legacy,RearOverhand,Commit,0.040500,0.254020,1.536545,0.254485,3.393870
Legacy,RearOverhand,Commit,0.040950,0.254615,1.537883,0.254039,3.401055
Legacy,RearOverhand,Commit,0.041400,0.255210,1.539223,0.253592,3.406883
Legacy,RearOverhand,Commit,0.041850,0.255807,1.540565,0.253145,3.412569
Legacy,RearOverhand,Commit,0.042300,0.256404,1.541910,0.252697,3.417419
Legacy,RearOverhand,Commit,0.042750,0.257003,1.543256,0.252248,3.421402
Legacy,RearOverhand,Commit,0.043200,0.257601,1.544603,0.251799,3.425004
Legacy,RearOverhand,Commit,0.043650,0.258201,1.545951,0.251350,3.427500
Legacy,RearOverhand,Commit,0.044100,0.258800,1.547300,0.250900,3.429835
Legacy,RearOverhand,Commit,0.044550,0.259400,1.548650,0.250450,3.431057
Legacy,RearOverhand,Commit,0.045000,0.260000,1.550000,0.250000,3.431706
Legacy,RearOverhand,Commit,0.045450,0.260600,1.551350,0.249550,3.431732
Legacy,RearOverhand,Commit,0.045900,0.261200,1.552700,0.249100,3.431057
Legacy,RearOverhand,Commit,0.046350,0.261800,1.554049,0.248650,3.429835
Legacy,RearOverhand,Commit,0.046800,0.262399,1.555397,0.248201,3.427500
Legacy,RearOverhand,Commit,0.047250,0.262998,1.556744,0.247752,3.424984
Legacy,RearOverhand,Commit,0.047700,0.263596,1.558090,0.247303,3.421395
Legacy,RearOverhand,Commit,0.048150,0.264193,1.559435,0.246855,3.417445
Legacy,RearOverhand,Commit,0.048600,0.264790,1.560777,0.246408,3.412589
Legacy,RearOverhand,Commit,0.049050,0.265385,1.562117,0.245961,3.406883
Legacy,RearOverhand,Commit,0.049500,0.265980,1.563455,0.245515,3.401036
Legacy,RearOverhand,Commit,0.049950,0.266573,1.564790,0.245070,3.393860
Legacy,RearOverhand,Commit,0.050400,0.267166,1.566122,0.244626,3.386508
Legacy,RearOverhand,Commit,0.050850,0.267756,1.567451,0.244183,3.378326
Legacy,RearOverhand,Commit,0.051300,0.268345,1.568777,0.243741,3.369262
Legacy,RearOverhand,Commit,0.051750,0.268933,1.570098,0.243301,3.359617
Legacy,RearOverhand,Commit,0.052200,0.269518,1.571416,0.242861,3.349501
Legacy,RearOverhand,Commit,0.052650,0.270102,1.572729,0.242424,3.338376
Legacy,RearOverhand,Commit,0.053100,0.270683,1.574038,0.241988,3.326791
Legacy,RearOverhand,Commit,0.053550,0.271263,1.575341,0.241553,3.314418
Legacy,RearOverhand,Commit,0.054000,0.271840,1.576640,0.241120,3.301369
Legacy,RearOverhand,Commit,0.054450,0.272415,1.577933,0.240689,3.287511
Legacy,RearOverhand,Commit,0.054900,0.272987,1.579221,0.240260,3.273169
Legacy,RearOverhand,Commit,0.055350,0.273557,1.580503,0.239833,3.258310
Legacy,RearOverhand,Commit,0.055800,0.274124,1.581778,0.239407,3.242277
Legacy,RearOverhand,Commit,0.056250,0.274688,1.583047,0.238984,3.225671
Legacy,RearOverhand,Commit,0.056700,0.275249,1.584309,0.238564,3.208905
Legacy,RearOverhand,Commit,0.057150,0.275806,1.585564,0.238145,3.190768
Legacy,RearOverhand,Commit,0.057600,0.276361,1.586812,0.237729,3.172290
Legacy,RearOverhand,Commit,0.058050,0.276912,1.588053,0.237316,3.153163
Legacy,RearOverhand,Commit,0.058500,0.277460,1.589285,0.236905,3.133206
Legacy,RearOverhand,Commit,0.058950,0.278004,1.590510,0.236497,3.112590
Legacy,RearOverhand,Commit,0.059400,0.278545,1.591725,0.236092,3.091102
Legacy,RearOverhand,Commit,0.059850,0.279081,1.592933,0.235689,3.069530
Legacy,RearOverhand,Commit,0.060300,0.279614,1.594131,0.235290,3.046794
Legacy,RearOverhand,Commit,0.060750,0.280143,1.595321,0.234893,3.023228
Legacy,RearOverhand,Commit,0.061200,0.280667,1.596501,0.234500,2.999251
Legacy,RearOverhand,Commit,0.061650,0.281187,1.597671,0.234110,2.974679
Legacy,RearOverhand,Commit,0.062100,0.281703,1.598831,0.233723,2.949257
Legacy,RearOverhand,Commit,0.062550,0.282214,1.599981,0.233340,2.923160
Legacy,RearOverhand,Commit,0.063000,0.282720,1.601120,0.232960,2.896484
Legacy,RearOverhand,Commit,0.063450,0.283222,1.602249,0.232584,2.868940
Legacy,RearOverhand,Commit,0.063900,0.283718,1.603366,0.232211,2.840759
Legacy,RearOverhand,Commit,0.064350,0.284210,1.604472,0.231843,2.811960
Legacy,RearOverhand,Commit,0.064800,0.284696,1.605567,0.231478,2.782547
Legacy,RearOverhand,Commit,0.065250,0.285178,1.606650,0.231117,2.752234
Legacy,RearOverhand,Commit,0.065700,0.285653,1.607720,0.230760,2.721367
Legacy,RearOverhand,Commit,0.066150,0.286124,1.608778,0.230407,2.689825
Legacy,RearOverhand,Commit,0.066600,0.286588,1.609823,0.230059,2.657424
Legacy,RearOverhand,Commit,0.067050,0.287047,1.610856,0.229715,2.624670
Legacy,RearOverhand,Commit,0.067500,0.287500,1.611875,0.229375,2.590789
Legacy,RearOverhand,Commit,0.067950,0.287947,1.612881,0.229040,2.556751
Legacy,RearOverhand,Commit,0.068400,0.288388,1.613873,0.228709,2.521626
Legacy,RearOverhand,Commit,0.068850,0.288823,1.614851,0.228383,2.485909
Legacy,RearOverhand,Commit,0.069300,0.289251,1.615814,0.228062,2.449517
Legacy,RearOverhand,Commit,0.069750,0.289673,1.616763,0.227746,2.412555
Legacy,RearOverhand,Commit,0.070200,0.290088,1.617697,0.227434,2.374674
Legacy,RearOverhand,Commit,0.070650,0.290496,1.618616,0.227128,2.336429
Legacy,RearOverhand,Commit,0.071100,0.290898,1.619520,0.226827,2.297104
Legacy,RearOverhand,Commit,0.071550,0.291292,1.620408,0.226531,2.257395
Legacy,RearOverhand,Commit,0.072000,0.291680,1.621280,0.226240,2.216806
Legacy,RearOverhand,Commit,0.072450,0.292060,1.622136,0.225955,2.175840
Legacy,RearOverhand,Commit,0.072900,0.292433,1.622975,0.225675,2.133735
Legacy,RearOverhand,Commit,0.073350,0.292799,1.623798,0.225401,2.091300
Legacy,RearOverhand,Commit,0.073800,0.293157,1.624604,0.225132,2.048009
Legacy,RearOverhand,Commit,0.074250,0.293508,1.625392,0.224869,2.004068
Legacy,RearOverhand,Commit,0.074700,0.293850,1.626163,0.224612,1.959484
Legacy,RearOverhand,Commit,0.075150,0.294185,1.626916,0.224361,1.914295
Legacy,RearOverhand,Commit,0.075600,0.294511,1.627651,0.224117,1.868044
Legacy,RearOverhand,Commit,0.076050,0.294830,1.628367,0.223878,1.821589
Legacy,RearOverhand,Commit,0.076500,0.295140,1.629065,0.223645,1.774271
Legacy,RearOverhand,Commit,0.076950,0.295442,1.629744,0.223419,1.725907
Legacy,RearOverhand,Commit,0.077400,0.295735,1.630404,0.223199,1.677624
Legacy,RearOverhand,Commit,0.077850,0.296020,1.631044,0.222985,1.627952
Legacy,RearOverhand,Commit,0.078300,0.296296,1.631665,0.222778,1.577691
Legacy,RearOverhand,Commit,0.078750,0.296563,1.632266,0.222578,1.527073
Legacy,RearOverhand,Commit,0.079200,0.296821,1.632846,0.222385,1.475761
Legacy,RearOverhand,Commit,0.079650,0.297069,1.633406,0.222198,1.423406
Legacy,RearOverhand,Commit,0.080100,0.297309,1.633945,0.222018,1.370443
Legacy,RearOverhand,Commit,0.080550,0.297539,1.634463,0.221846,1.317027
Legacy,RearOverhand,Commit,0.081000,0.297760,1.634960,0.221680,1.262791
Legacy,RearOverhand,Commit,0.081450,0.297971,1.635435,0.221522,1.207931
Legacy,RearOverhand,Commit,0.081900,0.298173,1.635889,0.221371,1.152447
Legacy,RearOverhand,Commit,0.082350,0.298364,1.636320,0.221227,1.095876
Legacy,RearOverhand,Commit,0.082800,0.298546,1.636728,0.221091,1.039108
Legacy,RearOverhand,Commit,0.083250,0.298718,1.637115,0.220962,0.981520
Legacy,RearOverhand,Commit,0.083700,0.298879,1.637478,0.220841,0.923068
Legacy,RearOverhand,Commit,0.084150,0.299030,1.637818,0.220728,0.864001
Legacy,RearOverhand,Commit,0.084600,0.299171,1.638134,0.220622,0.804310
Legacy,RearOverhand,Commit,0.085050,0.299301,1.638427,0.220525,0.743969
Legacy,RearOverhand,Commit,0.085500,0.299420,1.638695,0.220435,0.682753
Legacy,RearOverhand,Commit,0.085950,0.299529,1.638939,0.220354,0.620984
Legacy,RearOverhand,Commit,0.086400,0.299626,1.639159,0.220280,0.558762
Legacy,RearOverhand,Commit,0.086850,0.299713,1.639354,0.220215,0.495231
Legacy,RearOverhand,Commit,0.087300,0.299788,1.639524,0.220159,0.431786
Legacy,RearOverhand,Commit,0.087750,0.299853,1.639668,0.220111,0.367023
Legacy,RearOverhand,Commit,0.088200,0.299905,1.639787,0.220071,0.301861
Legacy,RearOverhand,Commit,0.088650,0.299947,1.639880,0.220040,0.236027
Legacy,RearOverhand,Commit,0.089100,0.299976,1.639946,0.220018,0.169411
Legacy,RearOverhand,Commit,0.089550,0.299994,1.639987,0.220005,0.102127
Legacy,RearOverhand,Commit,0.090000,0.300000,1.640000,0.220000,0.034244
Legacy,RearOverhand,Extend,0.000700,0.299985,1.640025,0.220028,0.058260
Legacy,RearOverhand,Extend,0.001400,0.299940,1.640100,0.220113,0.174074
Legacy,RearOverhand,Extend,0.002100,0.299866,1.640225,0.220254,0.288764
Legacy,RearOverhand,Extend,0.002800,0.299763,1.640399,0.220450,0.402193
Legacy,RearOverhand,Extend,0.003500,0.299631,1.640621,0.220701,0.514453
Legacy,RearOverhand,Extend,0.004200,0.299471,1.640892,0.221006,0.625619
Legacy,RearOverhand,Extend,0.004900,0.299282,1.641210,0.221364,0.735600
Legacy,RearOverhand,Extend,0.005600,0.299066,1.641574,0.221775,0.844126
Legacy,RearOverhand,Extend,0.006300,0.298821,1.641986,0.222239,0.951963
Legacy,RearOverhand,Extend,0.007000,0.298550,1.642443,0.222755,1.058299
Legacy,RearOverhand,Extend,0.007700,0.298252,1.642946,0.223322,1.163496
Legacy,RearOverhand,Extend,0.008400,0.297926,1.643493,0.223940,1.267463
Legacy,RearOverhand,Extend,0.009100,0.297575,1.644085,0.224608,1.370396
Legacy,RearOverhand,Extend,0.009800,0.297197,1.644721,0.225325,1.471933
Legacy,RearOverhand,Extend,0.010500,0.296794,1.645400,0.226092,1.572272
Legacy,RearOverhand,Extend,0.011200,0.296365,1.646122,0.226907,1.671425
Legacy,RearOverhand,Extend,0.011900,0.295911,1.646885,0.227770,1.769349
Legacy,RearOverhand,Extend,0.012600,0.295432,1.647690,0.228680,1.865908
Legacy,RearOverhand,Extend,0.013300,0.294928,1.648536,0.229637,1.961343
Legacy,RearOverhand,Extend,0.014000,0.294400,1.649422,0.230640,2.055503
Legacy,RearOverhand,Extend,0.014700,0.293848,1.650348,0.231689,2.148119
Legacy,RearOverhand,Extend,0.015400,0.293272,1.651312,0.232782,2.239582
Legacy,RearOverhand,Extend,0.016100,0.292673,1.652315,0.233921,2.329695
Legacy,RearOverhand,Extend,0.016800,0.292051,1.653355,0.235103,2.418220
Legacy,RearOverhand,Extend,0.017500,0.291406,1.654431,0.236328,2.505652
Legacy,RearOverhand,Extend,0.018200,0.290739,1.655543,0.237596,2.591587
Legacy,RearOverhand,Extend,0.018900,0.290049,1.656690,0.238907,2.675891
Legacy,RearOverhand,Extend,0.019600,0.289338,1.657872,0.240259,2.758909
Legacy,RearOverhand,Extend,0.020300,0.288605,1.659086,0.241652,2.840373
Legacy,RearOverhand,Extend,0.021000,0.287850,1.660334,0.243085,2.920521
Legacy,RearOverhand,Extend,0.021700,0.287075,1.661612,0.244558,2.998689
Legacy,RearOverhand,Extend,0.022400,0.286278,1.662921,0.246071,3.075469
Legacy,RearOverhand,Extend,0.023100,0.285462,1.664259,0.247623,3.150747
Legacy,RearOverhand,Extend,0.023800,0.284625,1.665625,0.249212,3.224140
Legacy,RearOverhand,Extend,0.024500,0.283769,1.667019,0.250839,3.296091
Legacy,RearOverhand,Extend,0.025200,0.282893,1.668438,0.252504,3.366401
Legacy,RearOverhand,Extend,0.025900,0.281998,1.669883,0.254205,3.434660
Legacy,RearOverhand,Extend,0.026600,0.281084,1.671351,0.255941,3.501325
Legacy,RearOverhand,Extend,0.027300,0.280151,1.672842,0.257713,3.566348
Legacy,RearOverhand,Extend,0.028000,0.279200,1.674353,0.259520,3.629144
Legacy,RearOverhand,Extend,0.028700,0.278231,1.675885,0.261361,3.690585
Legacy,RearOverhand,Extend,0.029400,0.277244,1.677435,0.263236,3.749742
Legacy,RearOverhand,Extend,0.030100,0.276240,1.679002,0.265143,3.807253
Legacy,RearOverhand,Extend,0.030800,0.275219,1.680584,0.267084,3.862700
Legacy,RearOverhand,Extend,0.031500,0.274181,1.682180,0.269056,3.916157
Legacy,RearOverhand,Extend,0.032200,0.273127,1.683789,0.271059,3.967864
Legacy,RearOverhand,Extend,0.032900,0.272056,1.685409,0.273093,4.017343
Legacy,RearOverhand,Extend,0.033600,0.270970,1.687038,0.275158,4.064915
Legacy,RearOverhand,Extend,0.034300,0.269867,1.688675,0.277252,4.110434
Legacy,RearOverhand,Extend,0.035000,0.268750,1.690318,0.279375,4.153932
Legacy,RearOverhand,Extend,0.035700,0.267618,1.691965,0.281527,4.195478
Legacy,RearOverhand,Extend,0.036400,0.266470,1.693614,0.283706,4.234894
Legacy,RearOverhand,Extend,0.037100,0.265309,1.695265,0.285913,4.272097
Legacy,RearOverhand,Extend,0.037800,0.264133,1.696914,0.288147,4.307487
Legacy,RearOverhand,Extend,0.038500,0.262944,1.698560,0.290407,4.340849
Legacy,RearOverhand,Extend,0.039200,0.261741,1.700202,0.292693,4.371985
Legacy,RearOverhand,Extend,0.039900,0.260525,1.701837,0.295003,4.401156
Legacy,RearOverhand,Extend,0.040600,0.259296,1.703463,0.297338,4.428375
Legacy,RearOverhand,Extend,0.041300,0.258054,1.705079,0.299698,4.453529
Legacy,RearOverhand,Extend,0.042000,0.256800,1.706683,0.302080,4.476865
Legacy,RearOverhand,Extend,0.042700,0.255534,1.708272,0.304485,4.498164
Legacy,RearOverhand,Extend,0.043400,0.254256,1.709846,0.306913,4.517590
Legacy,RearOverhand,Extend,0.044100,0.252967,1.711401,0.309362,4.535018
Legacy,RearOverhand,Extend,0.044800,0.251667,1.712935,0.311832,4.550966
Legacy,RearOverhand,Extend,0.045500,0.250356,1.714448,0.314323,4.564918
Legacy,RearOverhand,Extend,0.046200,0.249035,1.715937,0.316834,4.577219
Legacy,RearOverhand,Extend,0.046900,0.247703,1.717399,0.319364,4.587838
Legacy,RearOverhand,Extend,0.047600,0.246362,1.718834,0.321913,4.597040
Legacy,RearOverhand,Extend,0.048300,0.245011,1.720238,0.324480,4.604433
Legacy,RearOverhand,Extend,0.049000,0.243650,1.721611,0.327065,4.610698
Legacy,RearOverhand,Extend,0.049700,0.242281,1.722950,0.329667,4.615524
Legacy,RearOverhand,Extend,0.050400,0.240902,1.724253,0.332286,4.619043
Legacy,RearOverhand,Extend,0.051100,0.239516,1.725519,0.334920,4.621400
Legacy,RearOverhand,Extend,0.051800,0.238121,1.726745,0.337570,4.622659
Legacy,RearOverhand,Extend,0.052500,0.236719,1.727931,0.340234,4.623029
Legacy,RearOverhand,Extend,0.053200,0.235309,1.729073,0.342913,4.622433
Legacy,RearOverhand,Extend,0.053900,0.233892,1.730171,0.345606,4.621094
Legacy,RearOverhand,Extend,0.054600,0.232468,1.731223,0.348312,4.619179
Legacy,RearOverhand,Extend,0.055300,0.231037,1.732227,0.351030,4.616552
Legacy,RearOverhand,Extend,0.056000,0.229600,1.733181,0.353760,4.613511
Legacy,RearOverhand,Extend,0.056700,0.228157,1.734084,0.356502,4.610234
Legacy,RearOverhand,Extend,0.057400,0.226708,1.734935,0.359254,4.606657
Legacy,RearOverhand,Extend,0.058100,0.225254,1.735732,0.362017,4.602955
Legacy,RearOverhand,Extend,0.058800,0.223795,1.736474,0.364789,4.599330
Legacy,RearOverhand,Extend,0.059500,0.222331,1.737159,0.367571,4.595808
Legacy,RearOverhand,Extend,0.060200,0.220863,1.737786,0.370361,4.592421
Legacy,RearOverhand,Extend,0.060900,0.219390,1.738355,0.373159,4.589435
Legacy,RearOverhand,Extend,0.061600,0.217914,1.738863,0.375964,4.586908
Legacy,RearOverhand,Extend,0.062300,0.216434,1.739311,0.378777,4.584803
Legacy,RearOverhand,Extend,0.063000,0.214950,1.739696,0.381595,4.583359
Legacy,RearOverhand,Extend,0.063700,0.213464,1.740019,0.384419,4.582612
Legacy,RearOverhand,Extend,0.064400,0.211974,1.740278,0.387249,4.582582
Legacy,RearOverhand,Extend,0.065100,0.210483,1.740474,0.390083,4.583507
Legacy,RearOverhand,Extend,0.065800,0.208989,1.740604,0.392921,4.585186
Legacy,RearOverhand,Extend,0.066500,0.207494,1.740668,0.395762,4.587887
Legacy,RearOverhand,Extend,0.067200,0.205997,1.740667,0.398606,4.591560
Legacy,RearOverhand,Extend,0.067900,0.204499,1.740600,0.401453,4.596271
Legacy,RearOverhand,Extend,0.068600,0.203000,1.740467,0.404301,4.601923
Legacy,RearOverhand,Extend,0.069300,0.201500,1.740267,0.407150,4.608675
Legacy,RearOverhand,Extend,0.070000,0.200000,1.740000,0.410000,4.616542
Legacy,RearOverhand,Extend,0.070700,0.198500,1.739667,0.412850,4.625333
Legacy,RearOverhand,Extend,0.071400,0.197000,1.739267,0.415699,4.635125
Legacy,RearOverhand,Extend,0.072100,0.195501,1.738801,0.418548,4.645981
Legacy,RearOverhand,Extend,0.072800,0.194003,1.738269,0.421394,4.657685
Legacy,RearOverhand,Extend,0.073500,0.192506,1.737671,0.424238,4.670249
Legacy,RearOverhand,Extend,0.074200,0.191011,1.737008,0.427080,4.683756
Legacy,RearOverhand,Extend,0.074900,0.189517,1.736280,0.429918,4.697924
Legacy,RearOverhand,Extend,0.075600,0.188026,1.735489,0.432751,4.712689
Legacy,RearOverhand,Extend,0.076300,0.186536,1.734634,0.435581,4.728129
Legacy,RearOverhand,Extend,0.077000,0.185050,1.733716,0.438405,4.743834
Legacy,RearOverhand,Extend,0.077700,0.183567,1.732738,0.441224,4.760215
Legacy,RearOverhand,Extend,0.078400,0.182086,1.731698,0.444036,4.776875
Legacy,RearOverhand,Extend,0.079100,0.180610,1.730599,0.446841,4.793349
Legacy,RearOverhand,Extend,0.079800,0.179137,1.729441,0.449639,4.810217
Legacy,RearOverhand,Extend,0.080500,0.177669,1.728226,0.452429,4.826855
Legacy,RearOverhand,Extend,0.081200,0.176205,1.726956,0.455211,4.843399
Legacy,RearOverhand,Extend,0.081900,0.174746,1.725630,0.457983,4.859593
Legacy,RearOverhand,Extend,0.082600,0.173292,1.724252,0.460746,4.875483
Legacy,RearOverhand,Extend,0.083300,0.171843,1.722822,0.463498,4.890641
Legacy,RearOverhand,Extend,0.084000,0.170400,1.721341,0.466240,4.905389
Legacy,RearOverhand,Extend,0.084700,0.168963,1.719812,0.468970,4.919122
Legacy,RearOverhand,Extend,0.085400,0.167532,1.718236,0.471688,4.932069
Legacy,RearOverhand,Extend,0.086100,0.166108,1.716615,0.474394,4.944029
Legacy,RearOverhand,Extend,0.086800,0.164691,1.714950,0.477087,4.954953
Legacy,RearOverhand,Extend,0.087500,0.163281,1.713243,0.479766,4.964357
Legacy,RearOverhand,Extend,0.088200,0.161879,1.711497,0.482430,4.972830
Legacy,RearOverhand,Extend,0.088900,0.160484,1.709713,0.485080,4.979720
Legacy,RearOverhand,Extend,0.089600,0.159098,1.707892,0.487715,4.984974
Legacy,RearOverhand,Extend,0.090300,0.157720,1.706037,0.490333,4.988966
Legacy,RearOverhand,Extend,0.091000,0.156350,1.704151,0.492935,4.990747
Legacy,RearOverhand,Extend,0.091700,0.154990,1.702234,0.495520,4.991278
Legacy,RearOverhand,Extend,0.092400,0.153638,1.700289,0.498087,4.989595
Legacy,RearOverhand,Extend,0.093100,0.152297,1.698318,0.500636,4.986109
Legacy,RearOverhand,Extend,0.093800,0.150965,1.696323,0.503166,4.980680
Legacy,RearOverhand,Extend,0.094500,0.149644,1.694306,0.505677,4.973122
Legacy,RearOverhand,Extend,0.095200,0.148333,1.692268,0.508168,4.963645
Legacy,RearOverhand,Extend,0.095900,0.147033,1.690214,0.510638,4.951822
Legacy,RearOverhand,Extend,0.096600,0.145744,1.688143,0.513087,4.937882
Legacy,RearOverhand,Extend,0.097300,0.144466,1.686059,0.515515,4.921699
Legacy,RearOverhand,Extend,0.098000,0.143200,1.683963,0.517920,4.903137
Legacy,RearOverhand,Extend,0.098700,0.141946,1.681858,0.520303,4.882558
Legacy,RearOverhand,Extend,0.099400,0.140704,1.679745,0.522662,4.859394
Legacy,RearOverhand,Extend,0.100100,0.139475,1.677627,0.524997,4.833992
Legacy,RearOverhand,Extend,0.100800,0.138259,1.675505,0.527308,4.806281
Legacy,RearOverhand,Extend,0.101500,0.137056,1.673383,0.529593,4.776033
Legacy,RearOverhand,Extend,0.102200,0.135867,1.671260,0.531853,4.743540
Legacy,RearOverhand,Extend,0.102900,0.134691,1.669141,0.534087,4.708705
Legacy,RearOverhand,Extend,0.103600,0.133530,1.667026,0.536294,4.671332
Legacy,RearOverhand,Extend,0.104300,0.132383,1.664918,0.538473,4.631698
Legacy,RearOverhand,Extend,0.105000,0.131250,1.662818,0.540625,4.589821
Legacy,RearOverhand,Extend,0.105700,0.130133,1.660728,0.542748,4.545313
Legacy,RearOverhand,Extend,0.106400,0.129030,1.658650,0.544842,4.498590
Legacy,RearOverhand,Extend,0.107100,0.127944,1.656587,0.546907,4.449645
Legacy,RearOverhand,Extend,0.107800,0.126873,1.654539,0.548941,4.398241
Legacy,RearOverhand,Extend,0.108500,0.125819,1.652508,0.550944,4.344706
Legacy,RearOverhand,Extend,0.109200,0.124781,1.650496,0.552917,4.288858
Legacy,RearOverhand,Extend,0.109900,0.123760,1.648505,0.554857,4.230745
Legacy,RearOverhand,Extend,0.110600,0.122756,1.646537,0.556764,4.170290
Legacy,RearOverhand,Extend,0.111300,0.121769,1.644592,0.558639,4.108082
Legacy,RearOverhand,Extend,0.112000,0.120800,1.642673,0.560480,4.043406
Legacy,RearOverhand,Extend,0.112700,0.119849,1.640781,0.562287,3.976671
Legacy,RearOverhand,Extend,0.113400,0.118916,1.638918,0.564059,3.907808
Legacy,RearOverhand,Extend,0.114100,0.118002,1.637084,0.565796,3.837215
Legacy,RearOverhand,Extend,0.114800,0.117107,1.635281,0.567496,3.764251
Legacy,RearOverhand,Extend,0.115500,0.116231,1.633511,0.569161,3.689557
Legacy,RearOverhand,Extend,0.116200,0.115375,1.631775,0.570788,3.612841
Legacy,RearOverhand,Extend,0.116900,0.114538,1.630074,0.572378,3.534141
Legacy,RearOverhand,Extend,0.117600,0.113722,1.628409,0.573929,3.453828
Legacy,RearOverhand,Extend,0.118300,0.112925,1.626782,0.575442,3.371540
Legacy,RearOverhand,Extend,0.119000,0.112150,1.625193,0.576915,3.287482
Legacy,RearOverhand,Extend,0.119700,0.111396,1.623645,0.578349,3.201489
Legacy,RearOverhand,Extend,0.120400,0.110662,1.622137,0.579742,3.114054
Legacy,RearOverhand,Extend,0.121100,0.109951,1.620671,0.581093,3.024833
Legacy,RearOverhand,Extend,0.121800,0.109261,1.619248,0.582404,2.933764
Legacy,RearOverhand,Extend,0.122500,0.108594,1.617868,0.583672,2.841568
Legacy,RearOverhand,Extend,0.123200,0.107949,1.616534,0.584897,2.747226
Legacy,RearOverhand,Extend,0.123900,0.107327,1.615245,0.586079,2.651653
Legacy,RearOverhand,Extend,0.124600,0.106728,1.614003,0.587218,2.554332
Legacy,RearOverhand,Extend,0.125300,0.106152,1.612808,0.588311,2.455735
Legacy,RearOverhand,Extend,0.126000,0.105600,1.611662,0.589360,2.355375
Legacy,RearOverhand,Extend,0.126700,0.105072,1.610565,0.590363,2.253689
Legacy,RearOverhand,Extend,0.127400,0.104568,1.609518,0.591320,2.150662
Legacy,RearOverhand,Extend,0.128100,0.104089,1.608521,0.592230,2.046109
Legacy,RearOverhand,Extend,0.128800,0.103635,1.607576,0.593093,1.940175
Legacy,RearOverhand,Extend,0.129500,0.103206,1.606682,0.593908,1.832833
Legacy,RearOverhand,Extend,0.130200,0.102803,1.605842,0.594675,1.724086
Legacy,RearOverhand,Extend,0.130900,0.102425,1.605055,0.595392,1.614023
Legacy,RearOverhand,Extend,0.131600,0.102074,1.604323,0.596060,1.502659
Legacy,RearOverhand,Extend,0.132300,0.101749,1.603645,0.596678,1.389911
Legacy,RearOverhand,Extend,0.133000,0.101450,1.603023,0.597245,1.275708
Legacy,RearOverhand,Extend,0.133700,0.101179,1.602457,0.597761,1.160620
Legacy,RearOverhand,Extend,0.134400,0.100934,1.601948,0.598225,1.043678
Legacy,RearOverhand,Extend,0.135100,0.100718,1.601497,0.598636,0.925923
Legacy,RearOverhand,Extend,0.135800,0.100529,1.601103,0.598995,0.806551
Legacy,RearOverhand,Extend,0.136500,0.100369,1.600769,0.599299,0.685821
Legacy,RearOverhand,Extend,0.137200,0.100237,1.600494,0.599550,0.564332
Legacy,RearOverhand,Extend,0.137900,0.100134,1.600279,0.599746,0.440999
Legacy,RearOverhand,Extend,0.138600,0.100060,1.600124,0.599887,0.316563
Legacy,RearOverhand,Extend,0.139300,0.100015,1.600031,0.599972,0.190890
Legacy,RearOverhand,Extend,0.140000,0.100000,1.600000,0.600000,0.063891
Legacy,RearOverhand,Recover,0.001400,0.100009,1.599990,0.599976,0.019715
Legacy,RearOverhand,Recover,0.002800,0.100036,1.599958,0.599905,0.058905
Legacy,RearOverhand,Recover,0.004200,0.100080,1.599906,0.599786,0.097689
Legacy,RearOverhand,Recover,0.005600,0.100142,1.599834,0.599621,0.136039
Legacy,RearOverhand,Recover,0.007000,0.100221,1.599742,0.599410,0.174046
Legacy,RearOverhand,Recover,0.008400,0.100318,1.599630,0.599153,0.211634
Legacy,RearOverhand,Recover,0.009800,0.100431,1.599498,0.598851,0.248831
Legacy,RearOverhand,Recover,0.011200,0.100561,1.599346,0.598505,0.285649
Legacy,RearOverhand,Recover,0.012600,0.100707,1.599175,0.598114,0.321982
Legacy,RearOverhand,Recover,0.014000,0.100870,1.598985,0.597680,0.358066
Legacy,RearOverhand,Recover,0.015400,0.101049,1.598776,0.597203,0.393691
Legacy,RearOverhand,Recover,0.016800,0.101244,1.598549,0.596682,0.428860
Legacy,RearOverhand,Recover,0.018200,0.101455,1.598302,0.596120,0.463730
Legacy,RearOverhand,Recover,0.019600,0.101682,1.598038,0.595516,0.498089
Legacy,RearOverhand,Recover,0.021000,0.101924,1.597756,0.594870,0.532149
Legacy,RearOverhand,Recover,0.022400,0.102181,1.597455,0.594184,0.565822
Legacy,RearOverhand,Recover,0.023800,0.102454,1.597137,0.593457,0.599035
Legacy,RearOverhand,Recover,0.025200,0.102741,1.596802,0.592691,0.631855
Legacy,RearOverhand,Recover,0.026600,0.103043,1.596450,0.591885,0.664317
Legacy,RearOverhand,Recover,0.028000,0.103360,1.596080,0.591040,0.696367
Legacy,RearOverhand,Recover,0.029400,0.103691,1.595694,0.590157,0.728015
Legacy,RearOverhand,Recover,0.030800,0.104037,1.595291,0.589236,0.759301
Legacy,RearOverhand,Recover,0.032200,0.104396,1.594871,0.588278,0.790108
Legacy,RearOverhand,Recover,0.033600,0.104769,1.594436,0.587282,0.820698
Legacy,RearOverhand,Recover,0.035000,0.105156,1.593984,0.586250,0.850698
Legacy,RearOverhand,Recover,0.036400,0.105557,1.593517,0.585182,0.880343
Legacy,RearOverhand,Recover,0.037800,0.105971,1.593034,0.584079,0.909679
Legacy,RearOverhand,Recover,0.039200,0.106397,1.592536,0.582940,0.938558
Legacy,RearOverhand,Recover,0.040600,0.106837,1.592023,0.581767,0.967018
Legacy,RearOverhand,Recover,0.042000,0.107290,1.591495,0.580560,0.995120
Legacy,RearOverhand,Recover,0.043400,0.107755,1.590952,0.579319,1.022853
Legacy,RearOverhand,Recover,0.044800,0.108233,1.590395,0.578046,1.050117
Legacy,RearOverhand,Recover,0.046200,0.108723,1.589823,0.576739,1.077045
Legacy,RearOverhand,Recover,0.047600,0.109225,1.589238,0.575400,1.103534
Legacy,RearOverhand,Recover,0.049000,0.109739,1.588638,0.574030,1.129663
Legacy,RearOverhand,Recover,0.050400,0.110264,1.588025,0.572629,1.155416
Legacy,RearOverhand,Recover,0.051800,0.110801,1.587398,0.571196,1.180705
Legacy,RearOverhand,Recover,0.053200,0.111350,1.586758,0.569734,1.205651
Legacy,RearOverhand,Recover,0.054600,0.111909,1.586106,0.568242,1.230169
Legacy,RearOverhand,Recover,0.056000,0.112480,1.585440,0.566720,1.254319
Legacy,RearOverhand,Recover,0.057400,0.113061,1.584762,0.565170,1.278069
Legacy,RearOverhand,Recover,0.058800,0.113653,1.584071,0.563591,1.301378
Legacy,RearOverhand,Recover,0.060200,0.114256,1.583368,0.561985,1.324350
Legacy,RearOverhand,Recover,0.061600,0.114869,1.582654,0.560351,1.346933
Legacy,RearOverhand,Recover,0.063000,0.115491,1.581927,0.558690,1.369060
Legacy,RearOverhand,Recover,0.064400,0.116124,1.581189,0.557003,1.390836
Legacy,RearOverhand,Recover,0.065800,0.116766,1.580439,0.555290,1.412204
Legacy,RearOverhand,Recover,0.067200,0.117418,1.579679,0.553551,1.433170
Legacy,RearOverhand,Recover,0.068600,0.118080,1.578907,0.551788,1.453771
Legacy,RearOverhand,Recover,0.070000,0.118750,1.578125,0.550000,1.473931
Legacy,RearOverhand,Recover,0.071400,0.119430,1.577332,0.548188,1.493723
Legacy,RearOverhand,Recover,0.072800,0.120118,1.576529,0.546353,1.513080
Legacy,RearOverhand,Recover,0.074200,0.120815,1.575716,0.544494,1.532074
Legacy,RearOverhand,Recover,0.075600,0.121520,1.574893,0.542613,1.550730
Legacy,RearOverhand,Recover,0.077000,0.122234,1.574061,0.540710,1.568884
Legacy,RearOverhand,Recover,0.078400,0.122956,1.573219,0.538785,1.586738
Legacy,RearOverhand,Recover,0.079800,0.123685,1.572367,0.536840,1.604078
Legacy,RearOverhand,Recover,0.081200,0.124423,1.571507,0.534873,1.621130
Legacy,RearOverhand,Recover,0.082600,0.125168,1.570638,0.532886,1.637777
Legacy,RearOverhand,Recover,0.084000,0.125920,1.569760,0.530880,1.653986
Legacy,RearOverhand,Recover,0.085400,0.126680,1.568874,0.528855,1.669798
Legacy,RearOverhand,Recover,0.086800,0.127446,1.567979,0.526810,1.685233
Legacy,RearOverhand,Recover,0.088200,0.128220,1.567077,0.524748,1.700275
Legacy,RearOverhand,Recover,0.089600,0.129000,1.566167,0.522668,1.714912
Legacy,RearOverhand,Recover,0.091000,0.129786,1.565249,0.520570,1.729143
Legacy,RearOverhand,Recover,0.092400,0.130579,1.564324,0.518456,1.743047
Legacy,RearOverhand,Recover,0.093800,0.131378,1.563392,0.516325,1.756440
Legacy,RearOverhand,Recover,0.095200,0.132183,1.562453,0.514179,1.769536
Legacy,RearOverhand,Recover,0.096600,0.132994,1.561507,0.512017,1.782196
Legacy,RearOverhand,Recover,0.098000,0.133810,1.560555,0.509840,1.794454
Legacy,RearOverhand,Recover,0.099400,0.134632,1.559596,0.507649,1.806311
Legacy,RearOverhand,Recover,0.100800,0.135459,1.558632,0.505444,1.817798
Legacy,RearOverhand,Recover,0.102200,0.136291,1.557661,0.503225,1.828854
Legacy,RearOverhand,Recover,0.103600,0.137127,1.556685,0.500994,1.839604
Legacy,RearOverhand,Recover,0.105000,0.137969,1.555703,0.498750,1.849816
Legacy,RearOverhand,Recover,0.106400,0.138815,1.554716,0.496494,1.859732
Legacy,RearOverhand,Recover,0.107800,0.139665,1.553724,0.494227,1.869279
Legacy,RearOverhand,Recover,0.109200,0.140519,1.552727,0.491948,1.878319
Legacy,RearOverhand,Recover,0.110600,0.141378,1.551726,0.489659,1.887064
Legacy,RearOverhand,Recover,0.112000,0.142240,1.550720,0.487360,1.895349
Legacy,RearOverhand,Recover,0.113400,0.143106,1.549710,0.485051,1.903273
Legacy,RearOverhand,Recover,0.114800,0.143975,1.548696,0.482734,1.910774
Legacy,RearOverhand,Recover,0.116200,0.144847,1.547678,0.480407,1.917910
Legacy,RearOverhand,Recover,0.117600,0.145723,1.546657,0.478072,1.924623
Legacy,RearOverhand,Recover,0.119000,0.146601,1.545632,0.475730,1.931007
Legacy,RearOverhand,Recover,0.120400,0.147482,1.544604,0.473381,1.936895
Legacy,RearOverhand,Recover,0.121800,0.148366,1.543573,0.471024,1.942445
Legacy,RearOverhand,Recover,0.123200,0.149252,1.542540,0.468662,1.947567
Legacy,RearOverhand,Recover,0.124600,0.150140,1.541503,0.466294,1.952353
Legacy,RearOverhand,Recover,0.126000,0.151030,1.540465,0.463920,1.956694
Legacy,RearOverhand,Recover,0.127400,0.151922,1.539425,0.461542,1.960646
Legacy,RearOverhand,Recover,0.128800,0.152815,1.538382,0.459159,1.964209
Legacy,RearOverhand,Recover,0.130200,0.153710,1.537338,0.456773,1.967380
Legacy,RearOverhand,Recover,0.131600,0.154607,1.536292,0.454383,1.970119
Legacy,RearOverhand,Recover,0.133000,0.155504,1.535246,0.451990,1.972539
Legacy,RearOverhand,Recover,0.134400,0.156402,1.534198,0.449595,1.974476
Legacy,RearOverhand,Recover,0.135800,0.157301,1.533149,0.447198,1.976088
Legacy,RearOverhand,Recover,0.137200,0.158200,1.532100,0.444799,1.977288
Legacy,RearOverhand,Recover,0.138600,0.159100,1.531050,0.442400,1.978062
Legacy,RearOverhand,Recover,0.140000,0.160000,1.530000,0.440000,1.978463
Legacy,RearOverhand,Recover,0.141400,0.160900,1.528950,0.437600,1.978434
Legacy,RearOverhand,Recover,0.142800,0.161800,1.527900,0.435201,1.978058
Legacy,RearOverhand,Recover,0.144200,0.162699,1.526851,0.432802,1.977252
Legacy,RearOverhand,Recover,0.145600,0.163598,1.525802,0.430405,1.976088
Legacy,RearOverhand,Recover,0.147000,0.164496,1.524754,0.428010,1.974472
Legacy,RearOverhand,Recover,0.148400,0.165394,1.523708,0.425617,1.972524
Legacy,RearOverhand,Recover,0.149800,0.166290,1.522662,0.423227,1.970182
Legacy,RearOverhand,Recover,0.151200,0.167185,1.521618,0.420841,1.967387
Legacy,RearOverhand,Recover,0.152600,0.168078,1.520576,0.418458,1.964199
Legacy,RearOverhand,Recover,0.154000,0.168970,1.519535,0.416080,1.960627
Legacy,RearOverhand,Recover,0.155400,0.169860,1.518497,0.413707,1.956691
Legacy,RearOverhand,Recover,0.156800,0.170748,1.517460,0.411338,1.952356
Legacy,RearOverhand,Recover,0.158200,0.171634,1.516427,0.408976,1.947588
Legacy,RearOverhand,Recover,0.159600,0.172518,1.515396,0.406620,1.942401
Legacy,RearOverhand,Recover,0.161000,0.173399,1.514368,0.404270,1.936899
Legacy,RearOverhand,Recover,0.162400,0.174277,1.513343,0.401928,1.931025
Legacy,RearOverhand,Recover,0.163800,0.175153,1.512322,0.399593,1.924619
Legacy,RearOverhand,Recover,0.165200,0.176025,1.511304,0.397267,1.917910
Legacy,RearOverhand,Recover,0.166600,0.176894,1.510290,0.394949,1.910778
Legacy,RearOverhand,Recover,0.168000,0.177760,1.509280,0.392640,1.903306
Legacy,RearOverhand,Recover,0.169400,0.178622,1.508274,0.390341,1.895335
Legacy,RearOverhand,Recover,0.170800,0.179481,1.507273,0.388052,1.887027
Legacy,RearOverhand,Recover,0.172200,0.180335,1.506276,0.385773,1.878356
Legacy,RearOverhand,Recover,0.173600,0.181185,1.505284,0.383506,1.869254
Legacy,RearOverhand,Recover,0.175000,0.182031,1.504297,0.381250,1.859735
Legacy,RearOverhand,Recover,0.176400,0.182873,1.503315,0.379006,1.849834
Legacy,RearOverhand,Recover,0.177800,0.183710,1.502339,0.376775,1.839611
Legacy,RearOverhand,Recover,0.179200,0.184541,1.501368,0.374556,1.828828
Legacy,RearOverhand,Recover,0.180600,0.185368,1.500404,0.372351,1.817798
Legacy,RearOverhand,Recover,0.182000,0.186190,1.499445,0.370160,1.806311
Legacy,RearOverhand,Recover,0.183400,0.187006,1.498493,0.367983,1.794472
Legacy,RearOverhand,Recover,0.184800,0.187817,1.497547,0.365822,1.782181
Legacy,RearOverhand,Recover,0.186200,0.188622,1.496608,0.363675,1.769555
Legacy,RearOverhand,Recover,0.187600,0.189421,1.495676,0.361544,1.756440
Legacy,RearOverhand,Recover,0.189000,0.190214,1.494751,0.359430,1.743028
Legacy,RearOverhand,Recover,0.190400,0.191000,1.493833,0.357333,1.729165
Legacy,RearOverhand,Recover,0.191800,0.191780,1.492923,0.355252,1.714868
Legacy,RearOverhand,Recover,0.193200,0.192554,1.492021,0.353190,1.700275
Legacy,RearOverhand,Recover,0.194600,0.193320,1.491126,0.351146,1.685255
Legacy,RearOverhand,Recover,0.196000,0.194080,1.490240,0.349120,1.669776
Legacy,RearOverhand,Recover,0.197400,0.194832,1.489362,0.347114,1.654004
Legacy,RearOverhand,Recover,0.198800,0.195577,1.488493,0.345127,1.637763
Legacy,RearOverhand,Recover,0.200200,0.196315,1.487633,0.343161,1.621127
Legacy,RearOverhand,Recover,0.201600,0.197045,1.486781,0.341215,1.604119
Legacy,RearOverhand,Recover,0.203000,0.197766,1.485939,0.339290,1.586698
Legacy,RearOverhand,Recover,0.204400,0.198480,1.485107,0.337387,1.568903
Legacy,RearOverhand,Recover,0.205800,0.199185,1.484284,0.335506,1.550715
Legacy,RearOverhand,Recover,0.207200,0.199882,1.483471,0.333647,1.532070
Legacy,RearOverhand,Recover,0.208600,0.200571,1.482668,0.331812,1.513095
Legacy,RearOverhand,Recover,0.210000,0.201250,1.481875,0.330000,1.493712
Legacy,RearOverhand,Recover,0.211400,0.201921,1.481093,0.328212,1.473968
Legacy,RearOverhand,Recover,0.212800,0.202582,1.480321,0.326449,1.453746
Legacy,RearOverhand,Recover,0.214200,0.203234,1.479561,0.324710,1.433195
Legacy,RearOverhand,Recover,0.215600,0.203876,1.478811,0.322997,1.412178
Legacy,RearOverhand,Recover,0.217000,0.204509,1.478073,0.321310,1.390839
Legacy,RearOverhand,Recover,0.218400,0.205132,1.477347,0.319649,1.369049
Legacy,RearOverhand,Recover,0.219800,0.205744,1.476632,0.318015,1.346947
Legacy,RearOverhand,Recover,0.221200,0.206347,1.475929,0.316409,1.324332
Legacy,RearOverhand,Recover,0.222600,0.206939,1.475238,0.314830,1.301389
Legacy,RearOverhand,Recover,0.224000,0.207520,1.474560,0.313280,1.278094
Legacy,RearOverhand,Recover,0.225400,0.208091,1.473894,0.311759,1.254297
Legacy,RearOverhand,Recover,0.226800,0.208650,1.473242,0.310266,1.230154
Legacy,RearOverhand,Recover,0.228200,0.209199,1.472602,0.308804,1.205673
Legacy,RearOverhand,Recover,0.229600,0.209736,1.471975,0.307372,1.180705
Legacy,RearOverhand,Recover,0.231000,0.210261,1.471362,0.305970,1.155397
Legacy,RearOverhand,Recover,0.232400,0.210775,1.470762,0.304600,1.129663
Legacy,RearOverhand,Recover,0.233800,0.211277,1.470177,0.303261,1.103560
Legacy,RearOverhand,Recover,0.235200,0.211767,1.469605,0.301955,1.077015
Legacy,RearOverhand,Recover,0.236600,0.212245,1.469048,0.300681,1.050135
Legacy,RearOverhand,Recover,0.238000,0.212710,1.468505,0.299440,1.022850
Legacy,RearOverhand,Recover,0.239400,0.213163,1.467977,0.298233,0.995105
Legacy,RearOverhand,Recover,0.240800,0.213603,1.467464,0.297060,0.967054
Legacy,RearOverhand,Recover,0.242200,0.214030,1.466966,0.295921,0.938536
Legacy,RearOverhand,Recover,0.243600,0.214443,1.466483,0.294818,0.909664
Legacy,RearOverhand,Recover,0.245000,0.214844,1.466016,0.293750,0.880376
Legacy,RearOverhand,Recover,0.246400,0.215231,1.465564,0.292718,0.850683
Legacy,RearOverhand,Recover,0.247800,0.215604,1.465129,0.291723,0.820639
Legacy,RearOverhand,Recover,0.249200,0.215963,1.464709,0.290764,0.790148
Legacy,RearOverhand,Recover,0.250600,0.216309,1.464306,0.289843,0.759313
Legacy,RearOverhand,Recover,0.252000,0.216640,1.463920,0.288960,0.728018
Legacy,RearOverhand,Recover,0.253400,0.216957,1.463550,0.288115,0.696382
Legacy,RearOverhand,Recover,0.254800,0.217259,1.463198,0.287309,0.664302
Legacy,RearOverhand,Recover,0.256200,0.217546,1.462863,0.286543,0.631877
Legacy,RearOverhand,Recover,0.257600,0.217819,1.462545,0.285816,0.599020
Legacy,RearOverhand,Recover,0.259000,0.218076,1.462244,0.285130,0.565811
Legacy,RearOverhand,Recover,0.260400,0.218318,1.461962,0.284484,0.532171
Legacy,RearOverhand,Recover,0.261800,0.218545,1.461698,0.283880,0.498093
Legacy,RearOverhand,Recover,0.263200,0.218756,1.461452,0.283318,0.463726
Legacy,RearOverhand,Recover,0.264600,0.218951,1.461224,0.282798,0.428860
Legacy,RearOverhand,Recover,0.266000,0.219130,1.461015,0.282320,0.393676
Legacy,RearOverhand,Recover,0.267400,0.219293,1.460825,0.281886,0.358041
Legacy,RearOverhand,Recover,0.268800,0.219439,1.460654,0.281495,0.322022
Legacy,RearOverhand,Recover,0.270200,0.219569,1.460503,0.281149,0.285627
Legacy,RearOverhand,Recover,0.271600,0.219683,1.460370,0.280847,0.248860
Legacy,RearOverhand,Recover,0.273000,0.219779,1.460258,0.280590,0.211627
Legacy,RearOverhand,Recover,0.274400,0.219858,1.460166,0.280379,0.174050
Legacy,RearOverhand,Recover,0.275800,0.219920,1.460094,0.280214,0.136036
Legacy,RearOverhand,Recover,0.277200,0.219964,1.460042,0.280095,0.097670
Legacy,RearOverhand,Recover,0.278600,0.219991,1.460011,0.280024,0.058886
Legacy,RearOverhand,Recover,0.280000,0.220000,1.460000,0.280000,0.019733
Curve,RearOverhand,Commit,0.000450,0.220006,1.460014,0.279996,0.034221
Curve,RearOverhand,Commit,0.000900,0.220024,1.460054,0.279982,0.102149
Curve,RearOverhand,Commit,0.001350,0.220054,1.460120,0.279960,0.169402
Curve,RearOverhand,Commit,0.001800,0.220095,1.460213,0.279929,0.236069
Curve,RearOverhand,Commit,0.002250,0.220148,1.460332,0.279889,0.301842
Curve,RearOverhand,Commit,0.002700,0.220212,1.460476,0.279841,0.367010
Curve,RearOverhand,Commit,0.003150,0.220287,1.460646,0.279785,0.431786
Curve,RearOverhand,Commit,0.003600,0.220374,1.460841,0.279720,0.495244
Curve,RearOverhand,Commit,0.004050,0.220471,1.461061,0.279646,0.558746
Curve,RearOverhand,Commit,0.004500,0.220580,1.461305,0.279565,0.620975
Curve,RearOverhand,Commit,0.004950,0.220699,1.461574,0.279476,0.682766
Curve,RearOverhand,Commit,0.005400,0.220830,1.461866,0.279378,0.744004
Curve,RearOverhand,Commit,0.005850,0.220970,1.462183,0.279273,0.804252
Curve,RearOverhand,Commit,0.006300,0.221121,1.462523,0.279159,0.864010
Curve,RearOverhand,Commit,0.006750,0.221283,1.462886,0.279038,0.923068
Curve,RearOverhand,Commit,0.007200,0.221454,1.463272,0.278909,0.981533
Curve,RearOverhand,Commit,0.007650,0.221636,1.463681,0.278773,1.039130
Curve,RearOverhand,Commit,0.008100,0.221827,1.464112,0.278630,1.095853
Curve,RearOverhand,Commit,0.008550,0.222029,1.464565,0.278478,1.152434
Curve,RearOverhand,Commit,0.009000,0.222240,1.465040,0.278320,1.207934
Curve,RearOverhand,Commit,0.009450,0.222461,1.465537,0.278154,1.262810
Curve,RearOverhand,Commit,0.009900,0.222691,1.466055,0.277982,1.317031
Curve,RearOverhand,Commit,0.010350,0.222931,1.466594,0.277802,1.370408
Curve,RearOverhand,Commit,0.010800,0.223180,1.467154,0.277615,1.423419
Curve,RearOverhand,Commit,0.011250,0.223438,1.467734,0.277422,1.475793
Curve,RearOverhand,Commit,0.011700,0.223705,1.468335,0.277222,1.527028
Curve,RearOverhand,Commit,0.012150,0.223980,1.468956,0.277015,1.577723
Curve,RearOverhand,Commit,0.012600,0.224265,1.469596,0.276801,1.627942
Curve,RearOverhand,Commit,0.013050,0.224558,1.470256,0.276581,1.677615
Curve,RearOverhand,Commit,0.013500,0.224860,1.470935,0.276355,1.725904
Curve,RearOverhand,Commit,0.013950,0.225170,1.471633,0.276122,1.774296
Curve,RearOverhand,Commit,0.014400,0.225489,1.472350,0.275884,1.821589
Curve,RearOverhand,Commit,0.014850,0.225815,1.473084,0.275639,1.868032
Curve,RearOverhand,Commit,0.015300,0.226150,1.473837,0.275388,1.914276
Curve,RearOverhand,Commit,0.015750,0.226493,1.474608,0.275131,1.959503
Curve,RearOverhand,Commit,0.016200,0.226843,1.475397,0.274868,2.004068
Curve,RearOverhand,Commit,0.016650,0.227201,1.476202,0.274599,2.048015
Curve,RearOverhand,Commit,0.017100,0.227567,1.477025,0.274325,2.091281
Curve,RearOverhand,Commit,0.017550,0.227940,1.477864,0.274045,2.133761
Curve,RearOverhand,Commit,0.018000,0.228320,1.478720,0.273760,2.175837
Curve,RearOverhand,Commit,0.018450,0.228708,1.479592,0.273469,2.216806
Curve,RearOverhand,Commit,0.018900,0.229102,1.480480,0.273173,2.257363
Curve,RearOverhand,Commit,0.019350,0.229504,1.481384,0.272872,2.297104
Curve,RearOverhand,Commit,0.019800,0.229912,1.482303,0.272566,2.336464
Curve,RearOverhand,Commit,0.020250,0.230328,1.483237,0.272254,2.374674
Curve,RearOverhand,Commit,0.020700,0.230749,1.484186,0.271938,2.412542
Curve,RearOverhand,Commit,0.021150,0.231178,1.485150,0.271617,2.449517
Curve,RearOverhand,Commit,0.021600,0.231612,1.486127,0.271291,2.485906
Curve,RearOverhand,Commit,0.022050,0.232053,1.487119,0.270960,2.521633
Curve,RearOverhand,Commit,0.022500,0.232500,1.488125,0.270625,2.556761
Curve,RearOverhand,Commit,0.022950,0.232953,1.489144,0.270285,2.590776
Curve,RearOverhand,Commit,0.023400,0.233412,1.490177,0.269941,2.624676
Curve,RearOverhand,Commit,0.023850,0.233877,1.491222,0.269593,2.657418
Curve,RearOverhand,Commit,0.024300,0.234347,1.492280,0.269240,2.689825
Curve,RearOverhand,Commit,0.024750,0.234823,1.493351,0.268883,2.721345
Curve,RearOverhand,Commit,0.025200,0.235304,1.494433,0.268522,2.752279
Curve,RearOverhand,Commit,0.025650,0.235790,1.495528,0.268157,2.782505
Curve,RearOverhand,Commit,0.026100,0.236282,1.496634,0.267789,2.811979
Curve,RearOverhand,Commit,0.026550,0.236778,1.497751,0.267416,2.840784
Curve,RearOverhand,Commit,0.027000,0.237280,1.498880,0.267040,2.868901
Curve,RearOverhand,Commit,0.027450,0.237786,1.500019,0.266660,2.896497
Curve,RearOverhand,Commit,0.027900,0.238297,1.501169,0.266277,2.923173
Curve,RearOverhand,Commit,0.028350,0.238813,1.502329,0.265890,2.949231
Curve,RearOverhand,Commit,0.028800,0.239333,1.503500,0.265500,2.974691
Curve,RearOverhand,Commit,0.029250,0.239858,1.504679,0.265107,2.999251
Curve,RearOverhand,Commit,0.029700,0.240386,1.505869,0.264710,3.023483
Curve,RearOverhand,Commit,0.030150,0.240919,1.507067,0.264311,3.046530
Curve,RearOverhand,Commit,0.030600,0.241455,1.508275,0.263909,3.069540
Curve,RearOverhand,Commit,0.031050,0.241996,1.509491,0.263503,3.091115
Curve,RearOverhand,Commit,0.031500,0.242540,1.510715,0.263095,3.112586
Curve,RearOverhand,Commit,0.031950,0.243088,1.511948,0.262684,3.133183
Curve,RearOverhand,Commit,0.032400,0.243639,1.513188,0.262271,3.153176
Curve,RearOverhand,Commit,0.032850,0.244194,1.514436,0.261855,3.172268
Curve,RearOverhand,Commit,0.033300,0.244752,1.515691,0.261436,3.190794
Curve,RearOverhand,Commit,0.033750,0.245313,1.516953,0.261016,3.208888
Curve,RearOverhand,Commit,0.034200,0.245877,1.518222,0.260593,3.225671
Curve,RearOverhand,Commit,0.034650,0.246443,1.519498,0.260168,3.242293
Curve,RearOverhand,Commit,0.035100,0.247013,1.520779,0.259740,3.258284
Curve,RearOverhand,Commit,0.035550,0.247585,1.522067,0.259311,3.273214
Curve,RearOverhand,Commit,0.036000,0.248160,1.523360,0.258880,3.287488
Curve,RearOverhand,Commit,0.036450,0.248737,1.524659,0.258447,3.301369
Curve,RearOverhand,Commit,0.036900,0.249317,1.525962,0.258013,3.314396
Curve,RearOverhand,Commit,0.037350,0.249898,1.527271,0.257576,3.326817
Curve,RearOverhand,Commit,0.037800,0.250482,1.528584,0.257139,3.338382
Curve,RearOverhand,Commit,0.038250,0.251068,1.529902,0.256699,3.349517
Curve,RearOverhand,Commit,0.038700,0.251655,1.531224,0.256259,3.359591
Curve,RearOverhand,Commit,0.039150,0.252244,1.532549,0.255817,3.369252
Curve,RearOverhand,Commit,0.039600,0.252835,1.533878,0.255374,3.378335
Curve,RearOverhand,Commit,0.040050,0.253427,1.535210,0.254930,3.386498
Curve,RearOverhand,Commit,0.040500,0.254020,1.536545,0.254485,3.393870
Curve,RearOverhand,Commit,0.040950,0.254615,1.537883,0.254039,3.401055
Curve,RearOverhand,Commit,0.041400,0.255210,1.539223,0.253592,3.406883
Curve,RearOverhand,Commit,0.041850,0.255807,1.540565,0.253145,3.412569
Curve,RearOverhand,Commit,0.042300,0.256404,1.541910,0.252697,3.417419
Curve,RearOverhand,Commit,0.042750,0.257003,1.543256,0.252248,3.421402
Curve,RearOverhand,Commit,0.043200,0.257601,1.544603,0.251799,3.425004
Curve,RearOverhand,Commit,0.043650,0.258201,1.545951,0.251350,3.427500
Curve,RearOverhand,Commit,0.044100,0.258800,1.547300,0.250900,3.429835
Curve,RearOverhand,Commit,0.044550,0.259400,1.548650,0.250450,3.431057
Curve,RearOverhand,Commit,0.045000,0.260000,1.550000,0.250000,3.431706
Curve,RearOverhand,Commit,0.045450,0.260600,1.551350,0.249550,3.431732
Curve,RearOverhand,Commit,0.045900,0.261200,1.552700,0.249100,3.431057
Curve,RearOverhand,Commit,0.046350,0.261800,1.554049,0.248650,3.429835
Curve,RearOverhand,Commit,0.046800,0.262399,1.555397,0.248201,3.427500
Curve,RearOverhand,Commit,0.047250,0.262998,1.556744,0.247752,3.424984
Curve,RearOverhand,Commit,0.047700,0.263596,1.558090,0.247303,3.421395
Curve,RearOverhand,Commit,0.048150,0.264193,1.559435,0.246855,3.417445
Curve,RearOverhand,Commit,0.048600,0.264790,1.560777,0.246408,3.412589
Curve,RearOverhand,Commit,0.049050,0.265385,1.562117,0.245961,3.406883
Curve,RearOverhand,Commit,0.049500,0.265980,1.563455,0.245515,3.401036
Curve,RearOverhand,Commit,0.049950,0.266573,1.564790,0.245070,3.393860
Curve,RearOverhand,Commit,0.050400,0.267166,1.566122,0.244626,3.386508
Curve,RearOverhand,Commit,0.050850,0.267756,1.567451,0.244183,3.378326
Curve,RearOverhand,Commit,0.051300,0.268345,1.568777,0.243741,3.369262
Curve,RearOverhand,Commit,0.051750,0.268933,1.570098,0.243301,3.359617
Curve,RearOverhand,Commit,0.052200,0.269518,1.571416,0.242861,3.349501
Curve,RearOverhand,Commit,0.052650,0.270102,1.572729,0.242424,3.338376
Curve,RearOverhand,Commit,0.053100,0.270683,1.574038,0.241988,3.326791
Curve,RearOverhand,Commit,0.053550,0.271263,1.575341,0.241553,3.314418
Curve,RearOverhand,Commit,0.054000,0.271840,1.576640,0.241120,3.301369
Curve,RearOverhand,Commit,0.054450,0.272415,1.577933,0.240689,3.287511
Curve,RearOverhand,Commit,0.054900,0.272987,1.579221,0.240260,3.273169
Curve,RearOverhand,Commit,0.055350,0.273557,1.580503,0.239833,3.258310
Curve,RearOverhand,Commit,0.055800,0.274124,1.581778,0.239407,3.242277
Curve,RearOverhand,Commit,0.056250,0.274688,1.583047,0.238984,3.225671
Curve,RearOverhand,Commit,0.056700,0.275249,1.584309,0.238564,3.208905
Curve,RearOverhand,Commit,0.057150,0.275806,1.585564,0.238145,3.190768
Curve,RearOverhand,Commit,0.057600,0.276361,1.586812,0.237729,3.172290
Curve,RearOverhand,Commit,0.058050,0.276912,1.588053,0.237316,3.153163
Curve,RearOverhand,Commit,0.058500,0.277460,1.589285,0.236905,3.133206
Curve,RearOverhand,Commit,0.058950,0.278004,1.590510,0.236497,3.112590
Curve,RearOverhand,Commit,0.059400,0.278545,1.591725,0.236092,3.091102
Curve,RearOverhand,Commit,0.059850,0.279081,1.592933,0.235689,3.069530
Curve,RearOverhand,Commit,0.060300,0.279614,1.594131,0.235290,3.046794
Curve,RearOverhand,Commit,0.060750,0.280143,1.595321,0.234893,3.023228
Curve,RearOverhand,Commit,0.061200,0.280667,1.596501,0.234500,2.999251
Curve,RearOverhand,Commit,0.061650,0.281187,1.597671,0.234110,2.974679
Curve,RearOverhand,Commit,0.062100,0.281703,1.598831,0.233723,2.949257
Curve,RearOverhand,Commit,0.062550,0.282214,1.599981,0.233340,2.923160
Curve,RearOverhand,Commit,0.063000,0.282720,1.601120,0.232960,2.896484
Curve,RearOverhand,Commit,0.063450,0.283222,1.602249,0.232584,2.868940
Curve,RearOverhand,Commit,0.063900,0.283718,1.603366,0.232211,2.840759
Curve,RearOverhand,Commit,0.064350,0.284210,1.604472,0.231843,2.811960
Curve,RearOverhand,Commit,0.064800,0.284696,1.605567,0.231478,2.782547
Curve,RearOverhand,Commit,0.065250,0.285178,1.606650,0.231117,2.752234
Curve,RearOverhand,Commit,0.065700,0.285653,1.607720,0.230760,2.721367
Curve,RearOverhand,Commit,0.066150,0.286124,1.608778,0.230407,2.689825
Curve,RearOverhand,Commit,0.066600,0.286588,1.609823,0.230059,2.657424
Curve,RearOverhand,Commit,0.067050,0.287047,1.610856,0.229715,2.624670
Curve,RearOverhand,Commit,0.067500,0.287500,1.611875,0.229375,2.590789
Curve,RearOverhand,Commit,0.067950,0.287947,1.612881,0.229040,2.556751
Curve,RearOverhand,Commit,0.068400,0.288388,1.613873,0.228709,2.521626
Curve,RearOverhand,Commit,0.068850,0.288823,1.614851,0.228383,2.485909
Curve,RearOverhand,Commit,0.069300,0.289251,1.615814,0.228062,2.449517
Curve,RearOverhand,Commit,0.069750,0.289673,1.616763,0.227746,2.412555
Curve,RearOverhand,Commit,0.070200,0.290088,1.617697,0.227434,2.374674
Curve,RearOverhand,Commit,0.070650,0.290496,1.618616,0.227128,2.336429
Curve,RearOverhand,Commit,0.071100,0.290898,1.619520,0.226827,2.297104
Curve,RearOverhand,Commit,0.071550,0.291292,1.620408,0.226531,2.257395
Curve,RearOverhand,Commit,0.072000,0.291680,1.621280,0.226240,2.216806
Curve,RearOverhand,Commit,0.072450,0.292060,1.622136,0.225955,2.175840
Curve,RearOverhand,Commit,0.072900,0.292433,1.622975,0.225675,2.133735
Curve,RearOverhand,Commit,0.073350,0.292799,1.623798,0.225401,2.091300
Curve,RearOverhand,Commit,0.073800,0.293157,1.624604,0.225132,2.048009
Curve,RearOverhand,Commit,0.074250,0.293508,1.625392,0.224869,2.004068
Curve,RearOverhand,Commit,0.074700,0.293850,1.626163,0.224612,1.959484
Curve,RearOverhand,Commit,0.075150,0.294185,1.626916,0.224361,1.914295
Curve,RearOverhand,Commit,0.075600,0.294511,1.627651,0.224117,1.868044
Curve,RearOverhand,Commit,0.076050,0.294830,1.628367,0.223878,1.821589
Curve,RearOverhand,Commit,0.076500,0.295140,1.629065,0.223645,1.774271
Curve,RearOverhand,Commit,0.076950,0.295442,1.629744,0.223419,1.725907
Curve,RearOverhand,Commit,0.077400,0.295735,1.630404,0.223199,1.677624
Curve,RearOverhand,Commit,0.077850,0.296020,1.631044,0.222985,1.627952
Curve,RearOverhand,Commit,0.078300,0.296296,1.631665,0.222778,1.577691
Curve,RearOverhand,Commit,0.078750,0.296563,1.632266,0.222578,1.527073
Curve,RearOverhand,Commit,0.079200,0.296821,1.632846,0.222385,1.475761
Curve,RearOverhand,Commit,0.079650,0.297069,1.633406,0.222198,1.423406
Curve,RearOverhand,Commit,0.080100,0.297309,1.633945,0.222018,1.370443
Curve,RearOverhand,Commit,0.080550,0.297539,1.634463,0.221846,1.317027
Curve,RearOverhand,Commit,0.081000,0.297760,1.634960,0.221680,1.262791
Curve,RearOverhand,Commit,0.081450,0.297971,1.635435,0.221522,1.207931
Curve,RearOverhand,Commit,0.081900,0.298173,1.635889,0.221371,1.152447
Curve,RearOverhand,Commit,0.082350,0.298364,1.636320,0.221227,1.095876
Curve,RearOverhand,Commit,0.082800,0.298546,1.636728,0.221091,1.039108
Curve,RearOverhand,Commit,0.083250,0.298718,1.637115,0.220962,0.981520
Curve,RearOverhand,Commit,0.083700,0.298879,1.637478,0.220841,0.923068
Curve,RearOverhand,Commit,0.084150,0.299030,1.637818,0.220728,0.864001
Curve,RearOverhand,Commit,0.084600,0.299171,1.638134,0.220622,0.804310
Curve,RearOverhand,Commit,0.085050,0.299301,1.638427,0.220525,0.743969
Curve,RearOverhand,Commit,0.085500,0.299420,1.638695,0.220435,0.682753
Curve,RearOverhand,Commit,0.085950,0.299529,1.638939,0.220354,0.620984
Curve,RearOverhand,Commit,0.086400,0.299626,1.639159,0.220280,0.558762
Curve,RearOverhand,Commit,0.086850,0.299713,1.639354,0.220215,0.495231
Curve,RearOverhand,Commit,0.087300,0.299788,1.639524,0.220159,0.431786
Curve,RearOverhand,Commit,0.087750,0.299853,1.639668,0.220111,0.367023
Curve,RearOverhand,Commit,0.088200,0.299905,1.639787,0.220071,0.301861
Curve,RearOverhand,Commit,0.088650,0.299947,1.639880,0.220040,0.236027
Curve,RearOverhand,Commit,0.089100,0.299976,1.639946,0.220018,0.169411
Curve,RearOverhand,Commit,0.089550,0.299994,1.639987,0.220005,0.102127
Curve,RearOverhand,Commit,0.090000,0.300000,1.640000,0.220000,0.034244
Curve,RearOverhand,Extend,0.000700,0.299988,1.640020,0.220022,0.045618
Curve,RearOverhand,Extend,0.001400,0.299953,1.640079,0.220089,0.136629
Curve,RearOverhand,Extend,0.002100,0.299895,1.640177,0.220199,0.226545
Curve,RearOverhand,Extend,0.002800,0.299814,1.640313,0.220353,0.315831
Curve,RearOverhand,Extend,0.003500,0.299711,1.640488,0.220550,0.404218
Curve,RearOverhand,Extend,0.004200,0.299584,1.640701,0.220790,0.492035
Curve,RearOverhand,Extend,0.004900,0.299436,1.640951,0.221072,0.578817
Curve,RearOverhand,Extend,0.005600,0.299265,1.641238,0.221396,0.664893
Curve,RearOverhand,Extend,0.006300,0.299073,1.641562,0.221762,0.750386
Curve,RearOverhand,Extend,0.007000,0.298859,1.641923,0.222168,0.834663
Curve,RearOverhand,Extend,0.007700,0.298623,1.642320,0.222616,0.918446
Curve,RearOverhand,Extend,0.008400,0.298366,1.642752,0.223104,1.001299
Curve,RearOverhand,Extend,0.009100,0.298088,1.643221,0.223632,1.083492
Curve,RearOverhand,Extend,0.009800,0.297790,1.643724,0.224200,1.164740
Curve,RearOverhand,Extend,0.010500,0.297470,1.644262,0.224807,1.245194
Curve,RearOverhand,Extend,0.011200,0.297130,1.644834,0.225453,1.324763
Curve,RearOverhand,Extend,0.011900,0.296770,1.645440,0.226137,1.403612
Curve,RearOverhand,Extend,0.012600,0.296390,1.646079,0.226859,1.481635
Curve,RearOverhand,Extend,0.013300,0.295990,1.646752,0.227620,1.558790
Curve,RearOverhand,Extend,0.014000,0.295570,1.647458,0.228417,1.635014
Curve,RearOverhand,Extend,0.014700,0.295131,1.648196,0.229251,1.710430
Curve,RearOverhand,Extend,0.015400,0.294672,1.648965,0.230123,1.785095
Curve,RearOverhand,Extend,0.016100,0.294195,1.649766,0.231030,1.858650
Curve,RearOverhand,Extend,0.016800,0.293699,1.650598,0.231973,1.931472
Curve,RearOverhand,Extend,0.017500,0.293184,1.651461,0.232951,2.003260
Curve,RearOverhand,Extend,0.018200,0.292650,1.652353,0.233965,2.074238
Curve,RearOverhand,Extend,0.018900,0.292099,1.653275,0.235013,2.144346
Curve,RearOverhand,Extend,0.019600,0.291529,1.654227,0.236095,2.213392
Curve,RearOverhand,Extend,0.020300,0.290941,1.655206,0.237211,2.281331
Curve,RearOverhand,Extend,0.021000,0.290336,1.656213,0.238361,2.348700
Curve,RearOverhand,Extend,0.021700,0.289714,1.657248,0.239544,2.414618
Curve,RearOverhand,Extend,0.022400,0.289074,1.658309,0.240760,2.479849
Curve,RearOverhand,Extend,0.023100,0.288417,1.659396,0.242008,2.543871
Curve,RearOverhand,Extend,0.023800,0.287744,1.660509,0.243287,2.606967
Curve,RearOverhand,Extend,0.024500,0.287053,1.661647,0.244599,2.668974
Curve,RearOverhand,Extend,0.025200,0.286347,1.662809,0.245941,2.729820
Curve,RearOverhand,Extend,0.025900,0.285624,1.663994,0.247315,2.789728
Curve,RearOverhand,Extend,0.026600,0.284885,1.665201,0.248719,2.848285
Curve,RearOverhand,Extend,0.027300,0.284130,1.666431,0.250153,2.905833
Curve,RearOverhand,Extend,0.028000,0.283360,1.667682,0.251616,2.962183
Curve,RearOverhand,Extend,0.028700,0.282574,1.668953,0.253109,3.017422
Curve,RearOverhand,Extend,0.029400,0.281774,1.670244,0.254630,3.071484
Curve,RearOverhand,Extend,0.030100,0.280958,1.671553,0.256181,3.124119
Curve,RearOverhand,Extend,0.030800,0.280127,1.672880,0.257759,3.175827
Curve,RearOverhand,Extend,0.031500,0.279282,1.674224,0.259365,3.225886
Curve,RearOverhand,Extend,0.032200,0.278422,1.675584,0.260998,3.275186
Curve,RearOverhand,Extend,0.032900,0.277548,1.676958,0.262658,3.322796
Curve,RearOverhand,Extend,0.033600,0.276661,1.678347,0.264345,3.369195
Curve,RearOverhand,Extend,0.034300,0.275759,1.679749,0.266058,3.414326
Curve,RearOverhand,Extend,0.035000,0.274844,1.681163,0.267797,3.458149
Curve,RearOverhand,Extend,0.035700,0.273915,1.682588,0.269561,3.500515
Curve,RearOverhand,Extend,0.036400,0.272974,1.684022,0.271350,3.541534
Curve,RearOverhand,Extend,0.037100,0.272019,1.685465,0.273164,3.581281
Curve,RearOverhand,Extend,0.037800,0.271051,1.686916,0.275002,3.619560
Curve,RearOverhand,Extend,0.038500,0.270071,1.688373,0.276864,3.656347
Curve,RearOverhand,Extend,0.039200,0.269079,1.689836,0.278750,3.691975
Curve,RearOverhand,Extend,0.039900,0.268075,1.691302,0.280658,3.725951
Curve,RearOverhand,Extend,0.040600,0.267058,1.692772,0.282590,3.758588
Curve,RearOverhand,Extend,0.041300,0.266030,1.694243,0.284543,3.789805
Curve,RearOverhand,Extend,0.042000,0.264990,1.695714,0.286519,3.819710
Curve,RearOverhand,Extend,0.042700,0.263939,1.697184,0.288516,3.847987
Curve,RearOverhand,Extend,0.043400,0.262877,1.698653,0.290535,3.875047
Curve,RearOverhand,Extend,0.044100,0.261803,1.700117,0.292574,3.900529
Curve,RearOverhand,Extend,0.044800,0.260719,1.701577,0.294633,3.924585
Curve,RearOverhand,Extend,0.045500,0.259625,1.703030,0.296713,3.947443
Curve,RearOverhand,Extend,0.046200,0.258520,1.704476,0.298812,3.968705
Curve,RearOverhand,Extend,0.046900,0.257405,1.705913,0.300931,3.988657
Curve,RearOverhand,Extend,0.047600,0.256280,1.707339,0.303068,4.007297
Curve,RearOverhand,Extend,0.048300,0.255145,1.708754,0.305224,4.024625
Curve,RearOverhand,Extend,0.049000,0.254001,1.710156,0.307398,4.040667
Curve,RearOverhand,Extend,0.049700,0.252848,1.711543,0.309589,4.055209
Curve,RearOverhand,Extend,0.050400,0.251685,1.712914,0.311798,4.068819
Curve,RearOverhand,Extend,0.051100,0.250514,1.714268,0.314024,4.080885
Curve,RearOverhand,Extend,0.051800,0.249333,1.715603,0.316267,4.091918
Curve,RearOverhand,Extend,0.052500,0.248145,1.716919,0.318525,4.101870
Curve,RearOverhand,Extend,0.053200,0.246948,1.718212,0.320800,4.110410
Curve,RearOverhand,Extend,0.053900,0.245742,1.719482,0.323090,4.118203
Curve,RearOverhand,Extend,0.054600,0.244529,1.720729,0.325395,4.124878
Curve,RearOverhand,Extend,0.055300,0.243308,1.721949,0.327714,4.130580
Curve,RearOverhand,Extend,0.056000,0.242080,1.723142,0.330048,4.135167
Curve,RearOverhand,Extend,0.056700,0.240844,1.724307,0.332396,4.139218
Curve,RearOverhand,Extend,0.057400,0.239602,1.725442,0.334757,4.142190
Curve,RearOverhand,Extend,0.058100,0.238352,1.726546,0.337131,4.144594
Curve,RearOverhand,Extend,0.058800,0.237096,1.727617,0.339518,4.146182
Curve,RearOverhand,Extend,0.059500,0.235833,1.728654,0.341917,4.147235
Curve,RearOverhand,Extend,0.060200,0.234564,1.729657,0.344329,4.147627
Curve,RearOverhand,Extend,0.060900,0.233289,1.730623,0.346751,4.147621
Curve,RearOverhand,Extend,0.061600,0.232008,1.731552,0.349185,4.147290
Curve,RearOverhand,Extend,0.062300,0.230721,1.732441,0.351630,4.146342
Curve,RearOverhand,Extend,0.063000,0.229429,1.733291,0.354085,4.145330
Curve,RearOverhand,Extend,0.063700,0.228131,1.734100,0.356551,4.144087
Curve,RearOverhand,Extend,0.064400,0.226829,1.734867,0.359025,4.142667
Curve,RearOverhand,Extend,0.065100,0.225521,1.735590,0.361510,4.141241
Curve,RearOverhand,Extend,0.065800,0.224209,1.736269,0.364003,4.139898
Curve,RearOverhand,Extend,0.066500,0.222893,1.736903,0.366504,4.138467
Curve,RearOverhand,Extend,0.067200,0.221572,1.737491,0.369014,4.137406
Curve,RearOverhand,Extend,0.067900,0.220247,1.738032,0.371531,4.136479
Curve,RearOverhand,Extend,0.068600,0.218918,1.738524,0.374055,4.135870
Curve,RearOverhand,Extend,0.069300,0.217586,1.738968,0.376587,4.135722
Curve,RearOverhand,Extend,0.070000,0.216250,1.739362,0.379125,4.135865
Curve,RearOverhand,Extend,0.070700,0.214911,1.739706,0.381669,4.136538
Curve,RearOverhand,Extend,0.071400,0.213569,1.739998,0.384219,4.137981
Curve,RearOverhand,Extend,0.072100,0.212224,1.740240,0.386775,4.139763
Curve,RearOverhand,Extend,0.072800,0.210876,1.740428,0.389335,4.142294
Curve,RearOverhand,Extend,0.073500,0.209526,1.740564,0.391900,4.145608
Curve,RearOverhand,Extend,0.074200,0.208174,1.740647,0.394470,4.149525
Curve,RearOverhand,Extend,0.074900,0.206820,1.740676,0.397043,4.154391
Curve,RearOverhand,Extend,0.075600,0.205463,1.740651,0.399620,4.159879
Curve,RearOverhand,Extend,0.076300,0.204106,1.740572,0.402200,4.166320
Curve,RearOverhand,Extend,0.077000,0.202746,1.740438,0.404782,4.173496
Curve,RearOverhand,Extend,0.077700,0.201386,1.740249,0.407367,4.181615
Curve,RearOverhand,Extend,0.078400,0.200024,1.740005,0.409954,4.190561
Curve,RearOverhand,Extend,0.079100,0.198662,1.739706,0.412542,4.200248
Curve,RearOverhand,Extend,0.079800,0.197299,1.739352,0.415132,4.210924
Curve,RearOverhand,Extend,0.080500,0.195936,1.738943,0.417722,4.222359
Curve,RearOverhand,Extend,0.081200,0.194572,1.738479,0.420313,4.234540
Curve,RearOverhand,Extend,0.081900,0.193209,1.737960,0.422904,4.247575
Curve,RearOverhand,Extend,0.082600,0.191845,1.737386,0.425494,4.261404
Curve,RearOverhand,Extend,0.083300,0.190482,1.736758,0.428084,4.275710
Curve,RearOverhand,Extend,0.084000,0.189120,1.736076,0.430672,4.290882
Curve,RearOverhand,Extend,0.084700,0.187758,1.735340,0.433259,4.306586
Curve,RearOverhand,Extend,0.085400,0.186398,1.734551,0.435844,4.322797
Curve,RearOverhand,Extend,0.086100,0.185039,1.733709,0.438427,4.339477
Curve,RearOverhand,Extend,0.086800,0.183681,1.732815,0.441007,4.356682
Curve,RearOverhand,Extend,0.087500,0.182324,1.731869,0.443584,4.374170
Curve,RearOverhand,Extend,0.088200,0.180970,1.730872,0.446158,4.391923
Curve,RearOverhand,Extend,0.088900,0.179617,1.729825,0.448727,4.409981
Curve,RearOverhand,Extend,0.089600,0.178267,1.728729,0.451293,4.428163
Curve,RearOverhand,Extend,0.090300,0.176919,1.727583,0.453854,4.446385
Curve,RearOverhand,Extend,0.091000,0.175574,1.726390,0.456410,4.464549
Curve,RearOverhand,Extend,0.091700,0.174231,1.725149,0.458961,4.482659
Curve,RearOverhand,Extend,0.092400,0.172892,1.723863,0.461505,4.500694
Curve,RearOverhand,Extend,0.093100,0.171556,1.722531,0.464044,4.518326
Curve,RearOverhand,Extend,0.093800,0.170223,1.721156,0.466576,4.535745
Curve,RearOverhand,Extend,0.094500,0.168894,1.719737,0.469102,4.552731
Curve,RearOverhand,Extend,0.095200,0.167569,1.718277,0.471620,4.569086
Curve,RearOverhand,Extend,0.095900,0.166247,1.716775,0.474130,4.585115
Curve,RearOverhand,Extend,0.096600,0.164930,1.715234,0.476632,4.600382
Curve,RearOverhand,Extend,0.097300,0.163618,1.713655,0.479126,4.614789
Curve,RearOverhand,Extend,0.098000,0.162310,1.712039,0.481611,4.628707
Curve,RearOverhand,Extend,0.098700,0.161007,1.710387,0.484087,4.641491
Curve,RearOverhand,Extend,0.099400,0.159709,1.708700,0.486553,4.653575
Curve,RearOverhand,Extend,0.100100,0.158416,1.706981,0.489009,4.664543
Curve,RearOverhand,Extend,0.100800,0.157129,1.705229,0.491455,4.674459
Curve,RearOverhand,Extend,0.101500,0.155847,1.703447,0.493890,4.683343
Curve,RearOverhand,Extend,0.102200,0.154572,1.701637,0.496314,4.690856
Curve,RearOverhand,Extend,0.102900,0.153302,1.699798,0.498726,4.697306
Curve,RearOverhand,Extend,0.103600,0.152039,1.697934,0.501127,4.702388
Curve,RearOverhand,Extend,0.104300,0.150782,1.696044,0.503515,4.706230
Curve,RearOverhand,Extend,0.105000,0.149531,1.694132,0.505891,4.708389
Curve,RearOverhand,Extend,0.105700,0.148288,1.692198,0.508253,4.709511
Curve,RearOverhand,Extend,0.106400,0.147052,1.690244,0.510602,4.709030
Curve,RearOverhand,Extend,0.107100,0.145823,1.688271,0.512937,4.707036
Curve,RearOverhand,Extend,0.107800,0.144601,1.686280,0.515258,4.703431
Curve,RearOverhand,Extend,0.108500,0.143387,1.684275,0.517565,4.698236
Curve,RearOverhand,Extend,0.109200,0.142181,1.682254,0.519856,4.691769
Curve,RearOverhand,Extend,0.109900,0.140983,1.680222,0.522132,4.683356
Curve,RearOverhand,Extend,0.110600,0.139794,1.678178,0.524392,4.673255
Curve,RearOverhand,Extend,0.111300,0.138612,1.676124,0.526636,4.661703
Curve,RearOverhand,Extend,0.112000,0.137440,1.674062,0.528864,4.648399
Curve,RearOverhand,Extend,0.112700,0.136277,1.671994,0.531075,4.633374
Curve,RearOverhand,Extend,0.113400,0.135122,1.669920,0.533268,4.616600
Curve,RearOverhand,Extend,0.114100,0.133977,1.667843,0.535444,4.598248
Curve,RearOverhand,Extend,0.114800,0.132841,1.665763,0.537601,4.577946
Curve,RearOverhand,Extend,0.115500,0.131716,1.663683,0.539741,4.556185
Curve,RearOverhand,Extend,0.116200,0.130600,1.661603,0.541861,4.532571
Curve,RearOverhand,Extend,0.116900,0.129494,1.659525,0.543962,4.507534
Curve,RearOverhand,Extend,0.117600,0.128398,1.657451,0.546044,4.480199
Curve,RearOverhand,Extend,0.118300,0.127313,1.655382,0.548105,4.451668
Curve,RearOverhand,Extend,0.119000,0.126239,1.653318,0.550146,4.421204
Curve,RearOverhand,Extend,0.119700,0.125175,1.651262,0.552167,4.389170
Curve,RearOverhand,Extend,0.120400,0.124123,1.649215,0.554166,4.355213
Curve,RearOverhand,Extend,0.121100,0.123082,1.647178,0.556144,4.319815
Curve,RearOverhand,Extend,0.121800,0.122053,1.645153,0.558100,4.282893
Curve,RearOverhand,Extend,0.122500,0.121035,1.643140,0.560033,4.244168
Curve,RearOverhand,Extend,0.123200,0.120030,1.641141,0.561944,4.203725
Curve,RearOverhand,Extend,0.123900,0.119036,1.639157,0.563832,4.161891
Curve,RearOverhand,Extend,0.124600,0.118055,1.637189,0.565696,4.118495
Curve,RearOverhand,Extend,0.125300,0.117086,1.635238,0.567537,4.073350
Curve,RearOverhand,Extend,0.126000,0.116130,1.633306,0.569353,4.026966
Curve,RearOverhand,Extend,0.126700,0.115187,1.631394,0.571145,3.978834
Curve,RearOverhand,Extend,0.127400,0.114257,1.629502,0.572911,3.929369
Curve,RearOverhand,Extend,0.128100,0.113341,1.627631,0.574653,3.878355
Curve,RearOverhand,Extend,0.128800,0.112438,1.625783,0.576368,3.826105
Curve,RearOverhand,Extend,0.129500,0.111549,1.623959,0.578058,3.772096
Curve,RearOverhand,Extend,0.130200,0.110673,1.622159,0.579721,3.717096
Curve,RearOverhand,Extend,0.130900,0.109812,1.620385,0.581357,3.660581
Curve,RearOverhand,Extend,0.131600,0.108966,1.618637,0.582965,3.602624
Curve,RearOverhand,Extend,0.132300,0.108134,1.616917,0.584546,3.543625
Curve,RearOverhand,Extend,0.133000,0.107316,1.615224,0.586099,3.483178
Curve,RearOverhand,Extend,0.133700,0.106514,1.613560,0.587624,3.421588
Curve,RearOverhand,Extend,0.134400,0.105727,1.611925,0.589119,3.358688
Curve,RearOverhand,Extend,0.135100,0.104955,1.610321,0.590586,3.294776
Curve,RearOverhand,Extend,0.135800,0.104199,1.608748,0.592022,3.229463
Curve,RearOverhand,Extend,0.136500,0.103458,1.607207,0.593429,3.163282
Curve,RearOverhand,Extend,0.137200,0.102734,1.605698,0.594806,3.095522
Curve,RearOverhand,Extend,0.137900,0.102026,1.604223,0.596151,3.027214
Curve,RearOverhand,Extend,0.138600,0.101334,1.602781,0.597466,2.957533
Curve,RearOverhand,Extend,0.139300,0.100659,1.601373,0.598749,2.886949
Curve,RearOverhand,Extend,0.140000,0.100000,1.600000,0.600000,2.815283
Curve,RearOverhand,Recover,0.001400,0.101791,1.597911,0.595224,3.937299
Curve,RearOverhand,Recover,0.002800,0.103564,1.595842,0.590496,3.897902
Curve,RearOverhand,Recover,0.004200,0.105319,1.593794,0.585815,3.858724
Curve,RearOverhand,Recover,0.005600,0.107057,1.591767,0.581182,3.819727
Curve,RearOverhand,Recover,0.007000,0.108777,1.589760,0.576595,3.781057
Curve,RearOverhand,Recover,0.008400,0.110479,1.587774,0.572055,3.742367
Curve,RearOverhand,Recover,0.009800,0.112164,1.585809,0.567562,3.704053
Curve,RearOverhand,Recover,0.011200,0.113832,1.583863,0.563116,3.665804
Curve,RearOverhand,Recover,0.012600,0.115482,1.581938,0.558715,3.627857
Curve,RearOverhand,Recover,0.014000,0.117115,1.580032,0.554360,3.590071
Curve,RearOverhand,Recover,0.015400,0.118731,1.578147,0.550051,3.552433
Curve,RearOverhand,Recover,0.016800,0.120330,1.576282,0.545787,3.515086
Curve,RearOverhand,Recover,0.018200,0.121912,1.574436,0.541568,3.477877
Curve,RearOverhand,Recover,0.019600,0.123477,1.572610,0.537394,3.440867
Curve,RearOverhand,Recover,0.021000,0.125026,1.570804,0.533265,3.404096
Curve,RearOverhand,Recover,0.022400,0.126557,1.569016,0.529180,3.367482
Curve,RearOverhand,Recover,0.023800,0.128073,1.567249,0.525140,3.331044
Curve,RearOverhand,Recover,0.025200,0.129572,1.565500,0.521143,3.294876
Curve,RearOverhand,Recover,0.026600,0.131054,1.563771,0.517190,3.258831
Curve,RearOverhand,Recover,0.028000,0.132520,1.562060,0.513280,3.223067
Curve,RearOverhand,Recover,0.029400,0.133970,1.560368,0.509414,3.187428
Curve,RearOverhand,Recover,0.030800,0.135404,1.558696,0.505590,3.152029
Curve,RearOverhand,Recover,0.032200,0.136822,1.557042,0.501809,3.116758
Curve,RearOverhand,Recover,0.033600,0.138223,1.555406,0.498071,3.081812
Curve,RearOverhand,Recover,0.035000,0.139609,1.553789,0.494375,3.046909
Curve,RearOverhand,Recover,0.036400,0.140980,1.552190,0.490721,3.012363
Curve,RearOverhand,Recover,0.037800,0.142334,1.550610,0.487109,2.977899
Curve,RearOverhand,Recover,0.039200,0.143673,1.549048,0.483538,2.943704
Curve,RearOverhand,Recover,0.040600,0.144997,1.547504,0.480009,2.909622
Curve,RearOverhand,Recover,0.042000,0.146305,1.545977,0.476520,2.875832
Curve,RearOverhand,Recover,0.043400,0.147598,1.544469,0.473072,2.842134
Curve,RearOverhand,Recover,0.044800,0.148876,1.542979,0.469665,2.808745
Curve,RearOverhand,Recover,0.046200,0.150138,1.541506,0.466299,2.775538
Curve,RearOverhand,Recover,0.047600,0.151386,1.540050,0.462972,2.742410
Curve,RearOverhand,Recover,0.049000,0.152618,1.538612,0.459685,2.709623
Curve,RearOverhand,Recover,0.050400,0.153836,1.537192,0.456438,2.677001
Curve,RearOverhand,Recover,0.051800,0.155039,1.535788,0.453230,2.644535
Curve,RearOverhand,Recover,0.053200,0.156227,1.534402,0.450061,2.612241
Curve,RearOverhand,Recover,0.054600,0.157401,1.533032,0.446931,2.580224
Curve,RearOverhand,Recover,0.056000,0.158560,1.531680,0.443840,2.548393
Curve,RearOverhand,Recover,0.057400,0.159705,1.530344,0.440787,2.516720
Curve,RearOverhand,Recover,0.058800,0.160835,1.529025,0.437773,2.485224
Curve,RearOverhand,Recover,0.060200,0.161952,1.527723,0.434796,2.453970
Curve,RearOverhand,Recover,0.061600,0.163054,1.526437,0.431857,2.422970
Curve,RearOverhand,Recover,0.063000,0.164142,1.525168,0.428955,2.392045
Curve,RearOverhand,Recover,0.064400,0.165216,1.523915,0.426091,2.361378
Curve,RearOverhand,Recover,0.065800,0.166276,1.522678,0.423263,2.330944
Curve,RearOverhand,Recover,0.067200,0.167323,1.521457,0.420472,2.300639
Curve,RearOverhand,Recover,0.068600,0.168356,1.520252,0.417718,2.270602
Curve,RearOverhand,Recover,0.070000,0.169375,1.519063,0.415000,2.240694
Curve,RearOverhand,Recover,0.071400,0.170381,1.517889,0.412318,2.211038
Curve,RearOverhand,Recover,0.072800,0.171373,1.516731,0.409672,2.181545
Curve,RearOverhand,Recover,0.074200,0.172352,1.515589,0.407061,2.152240
Curve,RearOverhand,Recover,0.075600,0.173318,1.514462,0.404485,2.123239
Curve,RearOverhand,Recover,0.077000,0.174271,1.513351,0.401945,2.094280
Curve,RearOverhand,Recover,0.078400,0.175210,1.512255,0.399439,2.065609
Curve,RearOverhand,Recover,0.079800,0.176137,1.511174,0.396968,2.037105
Curve,RearOverhand,Recover,0.081200,0.177051,1.510108,0.394532,2.008846
Curve,RearOverhand,Recover,0.082600,0.177952,1.509056,0.392129,1.980689
Curve,RearOverhand,Recover,0.084000,0.178840,1.508020,0.389760,1.952842
Curve,RearOverhand,Recover,0.085400,0.179716,1.506998,0.387425,1.925133
Curve,RearOverhand,Recover,0.086800,0.180579,1.505991,0.385123,1.897644
Curve,RearOverhand,Recover,0.088200,0.181430,1.504999,0.382854,1.870326
Curve,RearOverhand,Recover,0.089600,0.182268,1.504021,0.380618,1.843206
Curve,RearOverhand,Recover,0.091000,0.183094,1.503057,0.378415,1.816307
Curve,RearOverhand,Recover,0.092400,0.183908,1.502107,0.376244,1.789613
Curve,RearOverhand,Recover,0.093800,0.184710,1.501171,0.374106,1.763093
Curve,RearOverhand,Recover,0.095200,0.185501,1.500250,0.371999,1.736779
Curve,RearOverhand,Recover,0.096600,0.186279,1.499342,0.369924,1.710672
Curve,RearOverhand,Recover,0.098000,0.187045,1.498448,0.367880,1.684734
Curve,RearOverhand,Recover,0.099400,0.187800,1.497567,0.365868,1.659046
Curve,RearOverhand,Recover,0.100800,0.188543,1.496700,0.363886,1.633490
Curve,RearOverhand,Recover,0.102200,0.189274,1.495847,0.361935,1.608168
Curve,RearOverhand,Recover,0.103600,0.189994,1.495007,0.360015,1.583071
Curve,RearOverhand,Recover,0.105000,0.190703,1.494180,0.358125,1.558078
Curve,RearOverhand,Recover,0.106400,0.191401,1.493366,0.356265,1.533402
Curve,RearOverhand,Recover,0.107800,0.192087,1.492565,0.354435,1.508852
Curve,RearOverhand,Recover,0.109200,0.192762,1.491777,0.352634,1.484479
Curve,RearOverhand,Recover,0.110600,0.193427,1.491002,0.350862,1.460422
Curve,RearOverhand,Recover,0.112000,0.194080,1.490240,0.349120,1.436403
Curve,RearOverhand,Recover,0.113400,0.194723,1.489490,0.347406,1.412724
Curve,RearOverhand,Recover,0.114800,0.195355,1.488753,0.345721,1.389165
Curve,RearOverhand,Recover,0.116200,0.195976,1.488028,0.344065,1.365780
Curve,RearOverhand,Recover,0.117600,0.196587,1.487316,0.342436,1.342690
Curve,RearOverhand,Recover,0.119000,0.197187,1.486615,0.340835,1.319696
Curve,RearOverhand,Recover,0.120400,0.197777,1.485927,0.339262,1.296924
Curve,RearOverhand,Recover,0.121800,0.198357,1.485251,0.337716,1.274435
Curve,RearOverhand,Recover,0.123200,0.198926,1.484586,0.336197,1.252021
Curve,RearOverhand,Recover,0.124600,0.199486,1.483934,0.334705,1.229891
Curve,RearOverhand,Recover,0.126000,0.200035,1.483293,0.333240,1.207899
Curve,RearOverhand,Recover,0.127400,0.200575,1.482663,0.331801,1.186178
Curve,RearOverhand,Recover,0.128800,0.201104,1.482045,0.330389,1.164594
Curve,RearOverhand,Recover,0.130200,0.201624,1.481438,0.329002,1.143209
Curve,RearOverhand,Recover,0.131600,0.202135,1.480843,0.327641,1.122038
Curve,RearOverhand,Recover,0.133000,0.202636,1.480258,0.326305,1.101090
Curve,RearOverhand,Recover,0.134400,0.203127,1.479685,0.324995,1.080295
Curve,RearOverhand,Recover,0.135800,0.203609,1.479123,0.323709,1.059748
Curve,RearOverhand,Recover,0.137200,0.204082,1.478571,0.322448,1.039344
Curve,RearOverhand,Recover,0.138600,0.204546,1.478030,0.321212,1.019151
Curve,RearOverhand,Recover,0.140000,0.205000,1.477500,0.320000,0.999192
Curve,RearOverhand,Recover,0.141400,0.205446,1.476980,0.318812,0.979378
Curve,RearOverhand,Recover,0.142800,0.205882,1.476471,0.317648,0.959820
Curve,RearOverhand,Recover,0.144200,0.206310,1.475972,0.316507,0.940444
Curve,RearOverhand,Recover,0.145600,0.206729,1.475483,0.315390,0.921221
Curve,RearOverhand,Recover,0.147000,0.207139,1.475004,0.314295,0.902243
Curve,RearOverhand,Recover,0.148400,0.207541,1.474535,0.313223,0.883459
Curve,RearOverhand,Recover,0.149800,0.207935,1.474076,0.312174,0.864834
Curve,RearOverhand,Recover,0.151200,0.208320,1.473627,0.311148,0.846444
Curve,RearOverhand,Recover,0.152600,0.208696,1.473188,0.310143,0.828231
Curve,RearOverhand,Recover,0.154000,0.209065,1.472758,0.309160,0.810239
Curve,RearOverhand,Recover,0.155400,0.209426,1.472337,0.308199,0.792442
Curve,RearOverhand,Recover,0.156800,0.209778,1.471926,0.307259,0.774839
Curve,RearOverhand,Recover,0.158200,0.210123,1.471524,0.306340,0.757373
Curve,RearOverhand,Recover,0.159600,0.210459,1.471131,0.305442,0.740225
Curve,RearOverhand,Recover,0.161000,0.210788,1.470747,0.304565,0.723159
Curve,RearOverhand,Recover,0.162400,0.211109,1.470372,0.303708,0.706377
Curve,RearOverhand,Recover,0.163800,0.211423,1.470006,0.302872,0.689742
Curve,RearOverhand,Recover,0.165200,0.211730,1.469649,0.302055,0.673327
Curve,RearOverhand,Recover,0.166600,0.212028,1.469300,0.301258,0.657094
Curve,RearOverhand,Recover,0.168000,0.212320,1.468960,0.300480,0.641070
Curve,RearOverhand,Recover,0.169400,0.212604,1.468628,0.299722,0.625266
Curve,RearOverhand,Recover,0.170800,0.212882,1.468305,0.298982,0.609583
Curve,RearOverhand,Recover,0.172200,0.213152,1.467989,0.298261,0.594219
Curve,RearOverhand,Recover,0.173600,0.213415,1.467682,0.297559,0.578938
Curve,RearOverhand,Recover,0.175000,0.213672,1.467383,0.296875,0.563885
Curve,RearOverhand,Recover,0.176400,0.213922,1.467091,0.296209,0.549102
Curve,RearOverhand,Recover,0.177800,0.214165,1.466808,0.295561,0.534414
Curve,RearOverhand,Recover,0.179200,0.214401,1.466532,0.294930,0.519993
Curve,RearOverhand,Recover,0.180600,0.214631,1.466264,0.294316,0.505729
Curve,RearOverhand,Recover,0.182000,0.214855,1.466003,0.293720,0.491694
Curve,RearOverhand,Recover,0.183400,0.215072,1.465749,0.293140,0.477878
Curve,RearOverhand,Recover,0.184800,0.215284,1.465503,0.292577,0.464164
Curve,RearOverhand,Recover,0.186200,0.215489,1.465263,0.292031,0.450764
Curve,RearOverhand,Recover,0.187600,0.215688,1.465031,0.291500,0.437455
Curve,RearOverhand,Recover,0.189000,0.215881,1.464806,0.290985,0.424453
Curve,RearOverhand,Recover,0.190400,0.216068,1.464588,0.290486,0.411546
Curve,RearOverhand,Recover,0.191800,0.216249,1.464376,0.290002,0.398901
Curve,RearOverhand,Recover,0.193200,0.216425,1.464171,0.289533,0.386446
Curve,RearOverhand,Recover,0.194600,0.216595,1.463972,0.289079,0.374166
Curve,RearOverhand,Recover,0.196000,0.216760,1.463780,0.288640,0.362112
Curve,RearOverhand,Recover,0.197400,0.216919,1.463594,0.288215,0.350223
Curve,RearOverhand,Recover,0.198800,0.217073,1.463415,0.287805,0.338548
Curve,RearOverhand,Recover,0.200200,0.217222,1.463241,0.287408,0.327111
Curve,RearOverhand,Recover,0.201600,0.217366,1.463073,0.287025,0.315773
Curve,RearOverhand,Recover,0.203000,0.217504,1.462912,0.286655,0.304740
Curve,RearOverhand,Recover,0.204400,0.217638,1.462756,0.286299,0.293836
Curve,RearOverhand,Recover,0.205800,0.217767,1.462605,0.285955,0.283164
Curve,RearOverhand,Recover,0.207200,0.217891,1.462461,0.285624,0.272690
Curve,RearOverhand,Recover,0.208600,0.218010,1.462321,0.285306,0.262385
Curve,RearOverhand,Recover,0.210000,0.218125,1.462188,0.285000,0.252290
Curve,RearOverhand,Recover,0.211400,0.218235,1.462059,0.284706,0.242392
Curve,RearOverhand,Recover,0.212800,0.218341,1.461935,0.284424,0.232713
Curve,RearOverhand,Recover,0.214200,0.218443,1.461817,0.284153,0.223213
Curve,RearOverhand,Recover,0.215600,0.218540,1.461703,0.283893,0.213910
Curve,RearOverhand,Recover,0.217000,0.218633,1.461595,0.283645,0.204811
Curve,RearOverhand,Recover,0.218400,0.218722,1.461491,0.283407,0.195903
Curve,RearOverhand,Recover,0.219800,0.218807,1.461391,0.283180,0.187195
Curve,RearOverhand,Recover,0.221200,0.218889,1.461297,0.282964,0.178701
Curve,RearOverhand,Recover,0.222600,0.218966,1.461206,0.282757,0.170376
Curve,RearOverhand,Recover,0.224000,0.219040,1.461120,0.282560,0.162269
Curve,RearOverhand,Recover,0.225400,0.219110,1.461038,0.282373,0.154360
Curve,RearOverhand,Recover,0.226800,0.219177,1.460960,0.282195,0.146652
Curve,RearOverhand,Recover,0.228200,0.219240,1.460886,0.282026,0.139118
Curve,RearOverhand,Recover,0.229600,0.219300,1.460817,0.281866,0.131796
Curve,RearOverhand,Recover,0.231000,0.219357,1.460750,0.281715,0.124685
Curve,RearOverhand,Recover,0.232400,0.219410,1.460688,0.281572,0.117750
Curve,RearOverhand,Recover,0.233800,0.219461,1.460629,0.281438,0.111019
Curve,RearOverhand,Recover,0.235200,0.219509,1.460573,0.281311,0.104511
Curve,RearOverhand,Recover,0.236600,0.219553,1.460521,0.281192,0.098177
Curve,RearOverhand,Recover,0.238000,0.219595,1.460473,0.281080,0.092009
Curve,RearOverhand,Recover,0.239400,0.219634,1.460427,0.280976,0.086131
Curve,RearOverhand,Recover,0.240800,0.219671,1.460384,0.280878,0.080320
Curve,RearOverhand,Recover,0.242200,0.219705,1.460344,0.280787,0.074865
Curve,RearOverhand,Recover,0.243600,0.219736,1.460308,0.280703,0.069466
Curve,RearOverhand,Recover,0.245000,0.219766,1.460274,0.280625,0.064311
Curve,RearOverhand,Recover,0.246400,0.219793,1.460242,0.280553,0.059422
Curve,RearOverhand,Recover,0.247800,0.219818,1.460213,0.280487,0.054632
Curve,RearOverhand,Recover,0.249200,0.219840,1.460186,0.280426,0.050097
Curve,RearOverhand,Recover,0.250600,0.219861,1.460162,0.280370,0.045702
Curve,RearOverhand,Recover,0.252000,0.219880,1.460140,0.280320,0.041622
Curve,RearOverhand,Recover,0.253400,0.219897,1.460120,0.280274,0.037602
Curve,RearOverhand,Recover,0.254800,0.219913,1.460102,0.280233,0.033863
Curve,RearOverhand,Recover,0.256200,0.219926,1.460086,0.280197,0.030320
Curve,RearOverhand,Recover,0.257600,0.219939,1.460072,0.280164,0.026931
Curve,RearOverhand,Recover,0.259000,0.219949,1.460059,0.280135,0.023786
Curve,RearOverhand,Recover,0.260400,0.219959,1.460048,0.280110,0.020788
Curve,RearOverhand,Recover,0.261800,0.219967,1.460038,0.280088,0.018077
Curve,RearOverhand,Recover,0.263200,0.219974,1.460030,0.280069,0.015425
Curve,RearOverhand,Recover,0.264600,0.219980,1.460023,0.280053,0.013119
Curve,RearOverhand,Recover,0.266000,0.219985,1.460018,0.280040,0.010890
Curve,RearOverhand,Recover,0.267400,0.219989,1.460013,0.280029,0.008931
Curve,RearOverhand,Recover,0.268800,0.219992,1.460009,0.280021,0.007173
Curve,RearOverhand,Recover,0.270200,0.219995,1.460006,0.280014,0.005585
Curve,RearOverhand,Recover,0.271600,0.219997,1.460004,0.280009,0.004159
Curve,RearOverhand,Recover,0.273000,0.219998,1.460002,0.280005,0.003017
Curve,RearOverhand,Recover,0.274400,0.219999,1.460001,0.280003,0.002021
Curve,RearOverhand,Recover,0.275800,0.220000,1.460001,0.280001,0.001209
Curve,RearOverhand,Recover,0.277200,0.220000,1.460000,0.280000,0.000624
Curve,RearOverhand,Recover,0.278600,0.220000,1.460000,0.280000,0.000241
Curve,RearOverhand,Recover,0.280000,0.220000,1.460000,0.280000,0.000024
Fast,RearOverhand,Commit,0.000450,0.220006,1.460014,0.279996,0.034221
Fast,RearOverhand,Commit,0.000900,0.220024,1.460054,0.279982,0.102149
Fast,RearOverhand,Commit,0.001350,0.220054,1.460120,0.279960,0.169402
Fast,RearOverhand,Commit,0.001800,0.220095,1.460213,0.279929,0.236069
Fast,RearOverhand,Commit,0.002250,0.220148,1.460332,0.279889,0.301842
Fast,RearOverhand,Commit,0.002700,0.220212,1.460476,0.279841,0.367010
Fast,RearOverhand,Commit,0.003150,0.220287,1.460646,0.279785,0.431786
Fast,RearOverhand,Commit,0.003600,0.220374,1.460841,0.279720,0.495244
Fast,RearOverhand,Commit,0.004050,0.220471,1.461061,0.279646,0.558746
Fast,RearOverhand,Commit,0.004500,0.220580,1.461305,0.279565,0.620975
Fast,RearOverhand,Commit,0.004950,0.220699,1.461574,0.279476,0.682766
Fast,RearOverhand,Commit,0.005400,0.220830,1.461866,0.279378,0.744004
Fast,RearOverhand,Commit,0.005850,0.220970,1.462183,0.279273,0.804252
Fast,RearOverhand,Commit,0.006300,0.221121,1.462523,0.279159,0.864010
Fast,RearOverhand,Commit,0.006750,0.221283,1.462886,0.279038,0.923068
Fast,RearOverhand,Commit,0.007200,0.221454,1.463272,0.278909,0.981533
Fast,RearOverhand,Commit,0.007650,0.221636,1.463681,0.278773,1.039130
Fast,RearOverhand,Commit,0.008100,0.221827,1.464112,0.278630,1.095853
Fast,RearOverhand,Commit,0.008550,0.222029,1.464565,0.278478,1.152434
Fast,RearOverhand,Commit,0.009000,0.222240,1.465040,0.278320,1.207934
Fast,RearOverhand,Commit,0.009450,0.222461,1.465537,0.278154,1.262810
Fast,RearOverhand,Commit,0.009900,0.222691,1.466055,0.277982,1.317031
Fast,RearOverhand,Commit,0.010350,0.222931,1.466594,0.277802,1.370408
Fast,RearOverhand,Commit,0.010800,0.223180,1.467154,0.277615,1.423419
Fast,RearOverhand,Commit,0.011250,0.223438,1.467734,0.277422,1.475793
Fast,RearOverhand,Commit,0.011700,0.223705,1.468335,0.277222,1.527028
Fast,RearOverhand,Commit,0.012150,0.223980,1.468956,0.277015,1.577723
Fast,RearOverhand,Commit,0.012600,0.224265,1.469596,0.276801,1.627942
Fast,RearOverhand,Commit,0.013050,0.224558,1.470256,0.276581,1.677615
Fast,RearOverhand,Commit,0.013500,0.224860,1.470935,0.276355,1.725904
Fast,RearOverhand,Commit,0.013950,0.225170,1.471633,0.276122,1.774296
Fast,RearOverhand,Commit,0.014400,0.225489,1.472350,0.275884,1.821589
Fast,RearOverhand,Commit,0.014850,0.225815,1.473084,0.275639,1.868032
Fast,RearOverhand,Commit,0.015300,0.226150,1.473837,0.275388,1.914276
Fast,RearOverhand,Commit,0.015750,0.226493,1.474608,0.275131,1.959503
Fast,RearOverhand,Commit,0.016200,0.226843,1.475397,0.274868,2.004068
Fast,RearOverhand,Commit,0.016650,0.227201,1.476202,0.274599,2.048015
Fast,RearOverhand,Commit,0.017100,0.227567,1.477025,0.274325,2.091281
Fast,RearOverhand,Commit,0.017550,0.227940,1.477864,0.274045,2.133761
Fast,RearOverhand,Commit,0.018000,0.228320,1.478720,0.273760,2.175837
Fast,RearOverhand,Commit,0.018450,0.228708,1.479592,0.273469,2.216806
Fast,RearOverhand,Commit,0.018900,0.229102,1.480480,0.273173,2.257363
Fast,RearOverhand,Commit,0.019350,0.229504,1.481384,0.272872,2.297104
Fast,RearOverhand,Commit,0.019800,0.229912,1.482303,0.272566,2.336464
Fast,RearOverhand,Commit,0.020250,0.230328,1.483237,0.272254,2.374674
Fast,RearOverhand,Commit,0.020700,0.230749,1.484186,0.271938,2.412542
Fast,RearOverhand,Commit,0.021150,0.231178,1.485150,0.271617,2.449517
Fast,RearOverhand,Commit,0.021600,0.231612,1.486127,0.271291,2.485906
Fast,RearOverhand,Commit,0.022050,0.232053,1.487119,0.270960,2.521633
Fast,RearOverhand,Commit,0.022500,0.232500,1.488125,0.270625,2.556761
Fast,RearOverhand,Commit,0.022950,0.232953,1.489144,0.270285,2.590776
Fast,RearOverhand,Commit,0.023400,0.233412,1.490177,0.269941,2.624676
Fast,RearOverhand,Commit,0.023850,0.233877,1.491222,0.269593,2.657418
Fast,RearOverhand,Commit,0.024300,0.234347,1.492280,0.269240,2.689825
Fast,RearOverhand,Commit,0.024750,0.234823,1.493351,0.268883,2.721345
Fast,RearOverhand,Commit,0.025200,0.235304,1.494433,0.268522,2.752279
Fast,RearOverhand,Commit,0.025650,0.235790,1.495528,0.268157,2.782505
Fast,RearOverhand,Commit,0.026100,0.236282,1.496634,0.267789,2.811979
Fast,RearOverhand,Commit,0.026550,0.236778,1.497751,0.267416,2.840784
Fast,RearOverhand,Commit,0.027000,0.237280,1.498880,0.267040,2.868901
Fast,RearOverhand,Commit,0.027450,0.237786,1.500019,0.266660,2.896497
Fast,RearOverhand,Commit,0.027900,0.238297,1.501169,0.266277,2.923173
Fast,RearOverhand,Commit,0.028350,0.238813,1.502329,0.265890,2.949231
Fast,RearOverhand,Commit,0.028800,0.239333,1.503500,0.265500,2.974691
Fast,RearOverhand,Commit,0.029250,0.239858,1.504679,0.265107,2.999251
Fast,RearOverhand,Commit,0.029700,0.240386,1.505869,0.264710,3.023483
Fast,RearOverhand,Commit,0.030150,0.240919,1.507067,0.264311,3.046530
Fast,RearOverhand,Commit,0.030600,0.241455,1.508275,0.263909,3.069540
Fast,RearOverhand,Commit,0.031050,0.241996,1.509491,0.263503,3.091115
Fast,RearOverhand,Commit,0.031500,0.242540,1.510715,0.263095,3.112586
Fast,RearOverhand,Commit,0.031950,0.243088,1.511948,0.262684,3.133183
Fast,RearOverhand,Commit,0.032400,0.243639,1.513188,0.262271,3.153176
Fast,RearOverhand,Commit,0.032850,0.244194,1.514436,0.261855,3.172268
Fast,RearOverhand,Commit,0.033300,0.244752,1.515691,0.261436,3.190794
Fast,RearOverhand,Commit,0.033750,0.245313,1.516953,0.261016,3.208888
Fast,RearOverhand,Commit,0.034200,0.245877,1.518222,0.260593,3.225671
Fast,RearOverhand,Commit,0.034650,0.246443,1.519498,0.260168,3.242293
Fast,RearOverhand,Commit,0.035100,0.247013,1.520779,0.259740,3.258284
Fast,RearOverhand,Commit,0.035550,0.247585,1.522067,0.259311,3.273214
Fast,RearOverhand,Commit,0.036000,0.248160,1.523360,0.258880,3.287488
Fast,RearOverhand,Commit,0.036450,0.248737,1.524659,0.258447,3.301369
Fast,RearOverhand,Commit,0.036900,0.249317,1.525962,0.258013,3.314396
Fast,RearOverhand,Commit,0.037350,0.249898,1.527271,0.257576,3.326817
Fast,RearOverhand,Commit,0.037800,0.250482,1.528584,0.257139,3.338382
Fast,RearOverhand,Commit,0.038250,0.251068,1.529902,0.256699,3.349517
Fast,RearOverhand,Commit,0.038700,0.251655,1.531224,0.256259,3.359591
Fast,RearOverhand,Commit,0.039150,0.252244,1.532549,0.255817,3.369252
Fast,RearOverhand,Commit,0.039600,0.252835,1.533878,0.255374,3.378335
Fast,RearOverhand,Commit,0.040050,0.253427,1.535210,0.254930,3.386498
Fast,RearOverhand,Commit,0.040500,0.254020,1.536545,0.254485,3.393870
Fast,RearOverhand,Commit,0.040950,0.254615,1.537883,0.254039,3.401055
Fast,RearOverhand,Commit,0.041400,0.255210,1.539223,0.253592,3.406883
Fast,RearOverhand,Commit,0.041850,0.255807,1.540565,0.253145,3.412569
Fast,RearOverhand,Commit,0.042300,0.256404,1.541910,0.252697,3.417419
Fast,RearOverhand,Commit,0.042750,0.257003,1.543256,0.252248,3.421402
Fast,RearOverhand,Commit,0.043200,0.257601,1.544603,0.251799,3.425004
Fast,RearOverhand,Commit,0.043650,0.258201,1.545951,0.251350,3.427500
Fast,RearOverhand,Commit,0.044100,0.258800,1.547300,0.250900,3.429835
Fast,RearOverhand,Commit,0.044550,0.259400,1.548650,0.250450,3.431057
Fast,RearOverhand,Commit,0.045000,0.260000,1.550000,0.250000,3.431706
Fast,RearOverhand,Commit,0.045450,0.260600,1.551350,0.249550,3.431732
Fast,RearOverhand,Commit,0.045900,0.261200,1.552700,0.249100,3.431057
Fast,RearOverhand,Commit,0.046350,0.261800,1.554049,0.248650,3.429835
Fast,RearOverhand,Commit,0.046800,0.262399,1.555397,0.248201,3.427500
Fast,RearOverhand,Commit,0.047250,0.262998,1.556744,0.247752,3.424984
Fast,RearOverhand,Commit,0.047700,0.263596,1.558090,0.247303,3.421395
Fast,RearOverhand,Commit,0.048150,0.264193,1.559435,0.246855,3.417445
Fast,RearOverhand,Commit,0.048600,0.264790,1.560777,0.246408,3.412589
Fast,RearOverhand,Commit,0.049050,0.265385,1.562117,0.245961,3.406883
Fast,RearOverhand,Commit,0.049500,0.265980,1.563455,0.245515,3.401036
Fast,RearOverhand,Commit,0.049950,0.266573,1.564790,0.245070,3.393860
Fast,RearOverhand,Commit,0.050400,0.267166,1.566122,0.244626,3.386508
Fast,RearOverhand,Commit,0.050850,0.267756,1.567451,0.244183,3.378326
Fast,RearOverhand,Commit,0.051300,0.268345,1.568777,0.243741,3.369262
Fast,RearOverhand,Commit,0.051750,0.268933,1.570098,0.243301,3.359617
Fast,RearOverhand,Commit,0.052200,0.269518,1.571416,0.242861,3.349501
Fast,RearOverhand,Commit,0.052650,0.270102,1.572729,0.242424,3.338376
Fast,RearOverhand,Commit,0.053100,0.270683,1.574038,0.241988,3.326791
Fast,RearOverhand,Commit,0.053550,0.271263,1.575341,0.241553,3.314418
Fast,RearOverhand,Commit,0.054000,0.271840,1.576640,0.241120,3.301369
Fast,RearOverhand,Commit,0.054450,0.272415,1.577933,0.240689,3.287511
Fast,RearOverhand,Commit,0.054900,0.272987,1.579221,0.240260,3.273169
Fast,RearOverhand,Commit,0.055350,0.273557,1.580503,0.239833,3.258310
Fast,RearOverhand,Commit,0.055800,0.274124,1.581778,0.239407,3.242277
Fast,RearOverhand,Commit,0.056250,0.274688,1.583047,0.238984,3.225671
Fast,RearOverhand,Commit,0.056700,0.275249,1.584309,0.238564,3.208905
Fast,RearOverhand,Commit,0.057150,0.275806,1.585564,0.238145,3.190768
Fast,RearOverhand,Commit,0.057600,0.276361,1.586812,0.237729,3.172290
Fast,RearOverhand,Commit,0.058050,0.276912,1.588053,0.237316,3.153163
Fast,RearOverhand,Commit,0.058500,0.277460,1.589285,0.236905,3.133206
Fast,RearOverhand,Commit,0.058950,0.278004,1.590510,0.236497,3.112590
Fast,RearOverhand,Commit,0.059400,0.278545,1.591725,0.236092,3.091102
Fast,RearOverhand,Commit,0.059850,0.279081,1.592933,0.235689,3.069530
Fast,RearOverhand,Commit,0.060300,0.279614,1.594131,0.235290,3.046794
Fast,RearOverhand,Commit,0.060750,0.280143,1.595321,0.234893,3.023228
Fast,RearOverhand,Commit,0.061200,0.280667,1.596501,0.234500,2.999251
Fast,RearOverhand,Commit,0.061650,0.281187,1.597671,0.234110,2.974679
Fast,RearOverhand,Commit,0.062100,0.281703,1.598831,0.233723,2.949257
Fast,RearOverhand,Commit,0.062550,0.282214,1.599981,0.233340,2.923160
Fast,RearOverhand,Commit,0.063000,0.282720,1.601120,0.232960,2.896484
Fast,RearOverhand,Commit,0.063450,0.283222,1.602249,0.232584,2.868940
Fast,RearOverhand,Commit,0.063900,0.283718,1.603366,0.232211,2.840759
Fast,RearOverhand,Commit,0.064350,0.284210,1.604472,0.231843,2.811960
Fast,RearOverhand,Commit,0.064800,0.284696,1.605567,0.231478,2.782547
Fast,RearOverhand,Commit,0.065250,0.285178,1.606650,0.231117,2.752234
Fast,RearOverhand,Commit,0.065700,0.285653,1.607720,0.230760,2.721367
Fast,RearOverhand,Commit,0.066150,0.286124,1.608778,0.230407,2.689825
Fast,RearOverhand,Commit,0.066600,0.286588,1.609823,0.230059,2.657424
Fast,RearOverhand,Commit,0.067050,0.287047,1.610856,0.229715,2.624670
Fast,RearOverhand,Commit,0.067500,0.287500,1.611875,0.229375,2.590789
Fast,RearOverhand,Commit,0.067950,0.287947,1.612881,0.229040,2.556751
Fast,RearOverhand,Commit,0.068400,0.288388,1.613873,0.228709,2.521626
Fast,RearOverhand,Commit,0.068850,0.288823,1.614851,0.228383,2.485909
Fast,RearOverhand,Commit,0.069300,0.289251,1.615814,0.228062,2.449517
Fast,RearOverhand,Commit,0.069750,0.289673,1.616763,0.227746,2.412555
Fast,RearOverhand,Commit,0.070200,0.290088,1.617697,0.227434,2.374674
Fast,RearOverhand,Commit,0.070650,0.290496,1.618616,0.227128,2.336429
Fast,RearOverhand,Commit,0.071100,0.290898,1.619520,0.226827,2.297104
Fast,RearOverhand,Commit,0.071550,0.291292,1.620408,0.226531,2.257395
Fast,RearOverhand,Commit,0.072000,0.291680,1.621280,0.226240,2.216806
Fast,RearOverhand,Commit,0.072450,0.292060,1.622136,0.225955,2.175840
Fast,RearOverhand,Commit,0.072900,0.292433,1.622975,0.225675,2.133735
Fast,RearOverhand,Commit,0.073350,0.292799,1.623798,0.225401,2.091300
Fast,RearOverhand,Commit,0.073800,0.293157,1.624604,0.225132,2.048009
Fast,RearOverhand,Commit,0.074250,0.293508,1.625392,0.224869,2.004068
Fast,RearOverhand,Commit,0.074700,0.293850,1.626163,0.224612,1.959484
Fast,RearOverhand,Commit,0.075150,0.294185,1.626916,0.224361,1.914295
Fast,RearOverhand,Commit,0.075600,0.294511,1.627651,0.224117,1.868044
Fast,RearOverhand,Commit,0.076050,0.294830,1.628367,0.223878,1.821589
Fast,RearOverhand,Commit,0.076500,0.295140,1.629065,0.223645,1.774271
Fast,RearOverhand,Commit,0.076950,0.295442,1.629744,0.223419,1.725907
Fast,RearOverhand,Commit,0.077400,0.295735,1.630404,0.223199,1.677624
Fast,RearOverhand,Commit,0.077850,0.296020,1.631044,0.222985,1.627952
Fast,RearOverhand,Commit,0.078300,0.296296,1.631665,0.222778,1.577691
Fast,RearOverhand,Commit,0.078750,0.296563,1.632266,0.222578,1.527073
Fast,RearOverhand,Commit,0.079200,0.296821,1.632846,0.222385,1.475761
Fast,RearOverhand,Commit,0.079650,0.297069,1.633406,0.222198,1.423406
Fast,RearOverhand,Commit,0.080100,0.297309,1.633945,0.222018,1.370443
Fast,RearOverhand,Commit,0.080550,0.297539,1.634463,0.221846,1.317027
Fast,RearOverhand,Commit,0.081000,0.297760,1.634960,0.221680,1.262791
Fast,RearOverhand,Commit,0.081450,0.297971,1.635435,0.221522,1.207931
Fast,RearOverhand,Commit,0.081900,0.298173,1.635889,0.221371,1.152447
Fast,RearOverhand,Commit,0.082350,0.298364,1.636320,0.221227,1.095876
Fast,RearOverhand,Commit,0.082800,0.298546,1.636728,0.221091,1.039108
Fast,RearOverhand,Commit,0.083250,0.298718,1.637115,0.220962,0.981520
Fast,RearOverhand,Commit,0.083700,0.298879,1.637478,0.220841,0.923068
Fast,RearOverhand,Commit,0.084150,0.299030,1.637818,0.220728,0.864001
Fast,RearOverhand,Commit,0.084600,0.299171,1.638134,0.220622,0.804310
Fast,RearOverhand,Commit,0.085050,0.299301,1.638427,0.220525,0.743969
Fast,RearOverhand,Commit,0.085500,0.299420,1.638695,0.220435,0.682753
Fast,RearOverhand,Commit,0.085950,0.299529,1.638939,0.220354,0.620984
Fast,RearOverhand,Commit,0.086400,0.299626,1.639159,0.220280,0.558762
Fast,RearOverhand,Commit,0.086850,0.299713,1.639354,0.220215,0.495231
Fast,RearOverhand,Commit,0.087300,0.299788,1.639524,0.220159,0.431786
Fast,RearOverhand,Commit,0.087750,0.299853,1.639668,0.220111,0.367023
Fast,RearOverhand,Commit,0.088200,0.299905,1.639787,0.220071,0.301861
Fast,RearOverhand,Commit,0.088650,0.299947,1.639880,0.220040,0.236027
Fast,RearOverhand,Commit,0.089100,0.299976,1.639946,0.220018,0.169411
Fast,RearOverhand,Commit,0.089550,0.299994,1.639987,0.220005,0.102127
Fast,RearOverhand,Commit,0.090000,0.300000,1.640000,0.220000,0.034244
Fast,RearOverhand,Extend,0.000525,0.299988,1.640020,0.220022,0.060824
Fast,RearOverhand,Extend,0.001050,0.299953,1.640079,0.220089,0.182172
Fast,RearOverhand,Extend,0.001575,0.299895,1.640177,0.220199,0.302060
Fast,RearOverhand,Extend,0.002100,0.299814,1.640313,0.220353,0.421108
Fast,RearOverhand,Extend,0.002625,0.299711,1.640488,0.220550,0.538957
Fast,RearOverhand,Extend,0.003150,0.299584,1.640701,0.220790,0.656046
Fast,RearOverhand,Extend,0.003675,0.299436,1.640951,0.221072,0.771755
Fast,RearOverhand,Extend,0.004200,0.299265,1.641238,0.221396,0.886524
Fast,RearOverhand,Extend,0.004725,0.299073,1.641562,0.221762,1.000515
Fast,RearOverhand,Extend,0.005250,0.298859,1.641923,0.222168,1.112884
Fast,RearOverhand,Extend,0.005775,0.298623,1.642320,0.222616,1.224595
Fast,RearOverhand,Extend,0.006300,0.298366,1.642752,0.223104,1.335065
Fast,RearOverhand,Extend,0.006825,0.298088,1.643221,0.223632,1.444656
Fast,RearOverhand,Extend,0.007350,0.297790,1.643724,0.224200,1.552987
Fast,RearOverhand,Extend,0.007875,0.297470,1.644262,0.224807,1.660259
Fast,RearOverhand,Extend,0.008400,0.297130,1.644834,0.225453,1.766350
Fast,RearOverhand,Extend,0.008925,0.296770,1.645440,0.226137,1.871482
Fast,RearOverhand,Extend,0.009450,0.296390,1.646079,0.226859,1.975514
Fast,RearOverhand,Extend,0.009975,0.295990,1.646752,0.227620,2.078387
Fast,RearOverhand,Extend,0.010500,0.295570,1.647458,0.228417,2.180019
Fast,RearOverhand,Extend,0.011025,0.295131,1.648196,0.229251,2.280573
Fast,RearOverhand,Extend,0.011550,0.294672,1.648965,0.230123,2.380126
Fast,RearOverhand,Extend,0.012075,0.294195,1.649766,0.231030,2.478201
Fast,RearOverhand,Extend,0.012600,0.293699,1.650598,0.231973,2.575296
Fast,RearOverhand,Extend,0.013125,0.293184,1.651461,0.232951,2.671014
Fast,RearOverhand,Extend,0.013650,0.292650,1.652353,0.233965,2.765650
Fast,RearOverhand,Extend,0.014175,0.292099,1.653275,0.235013,2.859129
Fast,RearOverhand,Extend,0.014700,0.291529,1.654227,0.236095,2.951190
Fast,RearOverhand,Extend,0.015225,0.290941,1.655206,0.237211,3.041774
Fast,RearOverhand,Extend,0.015750,0.290336,1.656213,0.238361,3.131600
Fast,RearOverhand,Extend,0.016275,0.289714,1.657248,0.239544,3.219491
Fast,RearOverhand,Extend,0.016800,0.289074,1.658309,0.240760,3.306466
Fast,RearOverhand,Extend,0.017325,0.288417,1.659396,0.242008,3.391829
Fast,RearOverhand,Extend,0.017850,0.287744,1.660509,0.243287,3.475956
Fast,RearOverhand,Extend,0.018375,0.287053,1.661647,0.244599,3.558632
Fast,RearOverhand,Extend,0.018900,0.286347,1.662809,0.245941,3.639760
Fast,RearOverhand,Extend,0.019425,0.285624,1.663994,0.247315,3.719637
Fast,RearOverhand,Extend,0.019950,0.284885,1.665201,0.248719,3.797714
Fast,RearOverhand,Extend,0.020475,0.284130,1.666431,0.250153,3.874444
Fast,RearOverhand,Extend,0.021000,0.283360,1.667682,0.251616,3.949577
Fast,RearOverhand,Extend,0.021525,0.282574,1.668953,0.253109,4.023230
Fast,RearOverhand,Extend,0.022050,0.281774,1.670244,0.254630,4.095313
Fast,RearOverhand,Extend,0.022575,0.280958,1.671553,0.256181,4.165493
Fast,RearOverhand,Extend,0.023100,0.280127,1.672880,0.257759,4.234436
Fast,RearOverhand,Extend,0.023625,0.279282,1.674224,0.259365,4.301181
Fast,RearOverhand,Extend,0.024150,0.278422,1.675584,0.260998,4.366914
Fast,RearOverhand,Extend,0.024675,0.277548,1.676958,0.262658,4.430395
Fast,RearOverhand,Extend,0.025200,0.276661,1.678347,0.264345,4.492260
Fast,RearOverhand,Extend,0.025725,0.275759,1.679749,0.266058,4.552435
Fast,RearOverhand,Extend,0.026250,0.274844,1.681163,0.267797,4.610865
Fast,RearOverhand,Extend,0.026775,0.273915,1.682588,0.269561,4.667354
Fast,RearOverhand,Extend,0.027300,0.272974,1.684022,0.271350,4.722046
Fast,RearOverhand,Extend,0.027825,0.272019,1.685465,0.273164,4.775041
Fast,RearOverhand,Extend,0.028350,0.271051,1.686916,0.275002,4.826080
Fast,RearOverhand,Extend,0.028875,0.270071,1.688373,0.276864,4.875129
Fast,RearOverhand,Extend,0.029400,0.269079,1.689836,0.278750,4.922634
Fast,RearOverhand,Extend,0.029925,0.268075,1.691302,0.280658,4.967935
Fast,RearOverhand,Extend,0.030450,0.267058,1.692772,0.282590,5.011451
Fast,RearOverhand,Extend,0.030975,0.266030,1.694243,0.284543,5.053074
Fast,RearOverhand,Extend,0.031500,0.264990,1.695714,0.286519,5.092946
Fast,RearOverhand,Extend,0.032025,0.263939,1.697184,0.288516,5.130650
Fast,RearOverhand,Extend,0.032550,0.262877,1.698653,0.290535,5.166729
Fast,RearOverhand,Extend,0.033075,0.261803,1.700117,0.292574,5.200705
Fast,RearOverhand,Extend,0.033600,0.260719,1.701577,0.294633,5.232780
Fast,RearOverhand,Extend,0.034125,0.259625,1.703030,0.296713,5.263257
Fast,RearOverhand,Extend,0.034650,0.258520,1.704476,0.298812,5.291607
Fast,RearOverhand,Extend,0.035175,0.257405,1.705913,0.300931,5.318210
Fast,RearOverhand,Extend,0.035700,0.256280,1.707339,0.303068,5.343063
Fast,RearOverhand,Extend,0.036225,0.255145,1.708754,0.305224,5.366168
Fast,RearOverhand,Extend,0.036750,0.254001,1.710156,0.307398,5.387555
Fast,RearOverhand,Extend,0.037275,0.252848,1.711543,0.309589,5.406946
Fast,RearOverhand,Extend,0.037800,0.251685,1.712914,0.311798,5.425092
Fast,RearOverhand,Extend,0.038325,0.250514,1.714268,0.314024,5.441180
Fast,RearOverhand,Extend,0.038850,0.249333,1.715603,0.316267,5.455891
Fast,RearOverhand,Extend,0.039375,0.248145,1.716919,0.318525,5.469160
Fast,RearOverhand,Extend,0.039900,0.246948,1.718212,0.320800,5.480546
Fast,RearOverhand,Extend,0.040425,0.245742,1.719482,0.323090,5.490938
Fast,RearOverhand,Extend,0.040950,0.244529,1.720729,0.325395,5.499837
Fast,RearOverhand,Extend,0.041475,0.243308,1.721949,0.327714,5.507440
Fast,RearOverhand,Extend,0.042000,0.242080,1.723142,0.330048,5.513556
Fast,RearOverhand,Extend,0.042525,0.240844,1.724307,0.332396,5.518958
Fast,RearOverhand,Extend,0.043050,0.239602,1.725442,0.334757,5.522920
Fast,RearOverhand,Extend,0.043575,0.238352,1.726546,0.337131,5.526125
Fast,RearOverhand,Extend,0.044100,0.237096,1.727617,0.339518,5.528243
Fast,RearOverhand,Extend,0.044625,0.235833,1.728654,0.341917,5.529647
Fast,RearOverhand,Extend,0.045150,0.234564,1.729657,0.344329,5.530169
Fast,RearOverhand,Extend,0.045675,0.233289,1.730623,0.346751,5.530161
Fast,RearOverhand,Extend,0.046200,0.232008,1.731552,0.349185,5.529720
Fast,RearOverhand,Extend,0.046725,0.230721,1.732441,0.351630,5.528456
Fast,RearOverhand,Extend,0.047250,0.229429,1.733291,0.354085,5.527106
Fast,RearOverhand,Extend,0.047775,0.228131,1.734100,0.356551,5.525449
Fast,RearOverhand,Extend,0.048300,0.226829,1.734867,0.359025,5.523557
Fast,RearOverhand,Extend,0.048825,0.225521,1.735590,0.361510,5.521654
Fast,RearOverhand,Extend,0.049350,0.224209,1.736269,0.364003,5.519865
Fast,RearOverhand,Extend,0.049875,0.222893,1.736903,0.366504,5.517957
Fast,RearOverhand,Extend,0.050400,0.221572,1.737491,0.369014,5.516541
Fast,RearOverhand,Extend,0.050925,0.220247,1.738032,0.371531,5.515306
Fast,RearOverhand,Extend,0.051450,0.218918,1.738524,0.374055,5.514494
Fast,RearOverhand,Extend,0.051975,0.217586,1.738968,0.376587,5.514296
Fast,RearOverhand,Extend,0.052500,0.216250,1.739362,0.379125,5.514487
Fast,RearOverhand,Extend,0.053025,0.214911,1.739706,0.381669,5.515384
Fast,RearOverhand,Extend,0.053550,0.213569,1.739998,0.384219,5.517309
Fast,RearOverhand,Extend,0.054075,0.212224,1.740240,0.386775,5.519684
Fast,RearOverhand,Extend,0.054600,0.210876,1.740428,0.389335,5.523059
Fast,RearOverhand,Extend,0.055125,0.209526,1.740564,0.391900,5.527478
Fast,RearOverhand,Extend,0.055650,0.208174,1.740647,0.394470,5.532701
Fast,RearOverhand,Extend,0.056175,0.206820,1.740676,0.397043,5.539188
Fast,RearOverhand,Extend,0.056700,0.205463,1.740651,0.399620,5.546505
Fast,RearOverhand,Extend,0.057225,0.204106,1.740572,0.402200,5.555094
Fast,RearOverhand,Extend,0.057750,0.202746,1.740438,0.404782,5.564662
Fast,RearOverhand,Extend,0.058275,0.201386,1.740249,0.407367,5.575487
Fast,RearOverhand,Extend,0.058800,0.200024,1.740005,0.409954,5.587415
Fast,RearOverhand,Extend,0.059325,0.198662,1.739706,0.412542,5.600331
Fast,RearOverhand,Extend,0.059850,0.197299,1.739352,0.415132,5.614565
Fast,RearOverhand,Extend,0.060375,0.195936,1.738943,0.417722,5.629812
Fast,RearOverhand,Extend,0.060900,0.194572,1.738479,0.420313,5.646054
Fast,RearOverhand,Extend,0.061425,0.193209,1.737960,0.422904,5.663433
Fast,RearOverhand,Extend,0.061950,0.191845,1.737386,0.425494,5.681872
Fast,RearOverhand,Extend,0.062475,0.190482,1.736758,0.428084,5.700947
Fast,RearOverhand,Extend,0.063000,0.189120,1.736076,0.430672,5.721176
Fast,RearOverhand,Extend,0.063525,0.187758,1.735340,0.433259,5.742114
Fast,RearOverhand,Extend,0.064050,0.186398,1.734551,0.435844,5.763730
Fast,RearOverhand,Extend,0.064575,0.185039,1.733709,0.438427,5.785969
Fast,RearOverhand,Extend,0.065100,0.183681,1.732815,0.441007,5.808909
Fast,RearOverhand,Extend,0.065625,0.182324,1.731869,0.443584,5.832227
Fast,RearOverhand,Extend,0.066150,0.180970,1.730872,0.446158,5.855898
Fast,RearOverhand,Extend,0.066675,0.179617,1.729825,0.448727,5.879975
Fast,RearOverhand,Extend,0.067200,0.178267,1.728729,0.451293,5.904217
Fast,RearOverhand,Extend,0.067725,0.176919,1.727583,0.453854,5.928513
Fast,RearOverhand,Extend,0.068250,0.175574,1.726390,0.456410,5.952732
Fast,RearOverhand,Extend,0.068775,0.174231,1.725149,0.458961,5.976880
Fast,RearOverhand,Extend,0.069300,0.172892,1.723863,0.461505,6.000926
Fast,RearOverhand,Extend,0.069825,0.171556,1.722531,0.464044,6.024435
Fast,RearOverhand,Extend,0.070350,0.170223,1.721156,0.466576,6.047659
Fast,RearOverhand,Extend,0.070875,0.168894,1.719737,0.469102,6.070308
Fast,RearOverhand,Extend,0.071400,0.167569,1.718277,0.471620,6.092114
Fast,RearOverhand,Extend,0.071925,0.166247,1.716775,0.474130,6.113487
Fast,RearOverhand,Extend,0.072450,0.164930,1.715234,0.476632,6.133843
Fast,RearOverhand,Extend,0.072975,0.163618,1.713655,0.479126,6.153053
Fast,RearOverhand,Extend,0.073500,0.162310,1.712039,0.481611,6.171609
Fast,RearOverhand,Extend,0.074025,0.161007,1.710387,0.484087,6.188655
Fast,RearOverhand,Extend,0.074550,0.159709,1.708700,0.486553,6.204767
Fast,RearOverhand,Extend,0.075075,0.158416,1.706981,0.489009,6.219390
Fast,RearOverhand,Extend,0.075600,0.157129,1.705229,0.491455,6.232613
Fast,RearOverhand,Extend,0.076125,0.155847,1.703447,0.493890,6.244457
Fast,RearOverhand,Extend,0.076650,0.154572,1.701637,0.496314,6.254475
Fast,RearOverhand,Extend,0.077175,0.153302,1.699798,0.498726,6.263074
Fast,RearOverhand,Extend,0.077700,0.152039,1.697934,0.501127,6.269851
Fast,RearOverhand,Extend,0.078225,0.150782,1.696044,0.503515,6.274973
Fast,RearOverhand,Extend,0.078750,0.149531,1.694132,0.505891,6.277853
Fast,RearOverhand,Extend,0.079275,0.148288,1.692198,0.508253,6.279348
Fast,RearOverhand,Extend,0.079800,0.147052,1.690244,0.510602,6.278707
Fast,RearOverhand,Extend,0.080325,0.145823,1.688271,0.512937,6.276049
Fast,RearOverhand,Extend,0.080850,0.144601,1.686280,0.515258,6.271241
Fast,RearOverhand,Extend,0.081375,0.143387,1.684275,0.517565,6.264315
Fast,RearOverhand,Extend,0.081900,0.142181,1.682254,0.519856,6.255692
Fast,RearOverhand,Extend,0.082425,0.140983,1.680222,0.522132,6.244475
Fast,RearOverhand,Extend,0.082950,0.139794,1.678178,0.524392,6.231007
Fast,RearOverhand,Extend,0.083475,0.138612,1.676124,0.526636,6.215604
Fast,RearOverhand,Extend,0.084000,0.137440,1.674062,0.528864,6.197866
Fast,RearOverhand,Extend,0.084525,0.136277,1.671994,0.531075,6.177832
Fast,RearOverhand,Extend,0.085050,0.135122,1.669920,0.533268,6.155467
Fast,RearOverhand,Extend,0.085575,0.133977,1.667843,0.535444,6.130997
Fast,RearOverhand,Extend,0.086100,0.132841,1.665763,0.537601,6.103928
Fast,RearOverhand,Extend,0.086625,0.131716,1.663683,0.539741,6.074913
Fast,RearOverhand,Extend,0.087150,0.130600,1.661603,0.541861,6.043428
Fast,RearOverhand,Extend,0.087675,0.129494,1.659525,0.543962,6.010045
Fast,RearOverhand,Extend,0.088200,0.128398,1.657451,0.546044,5.973599
Fast,RearOverhand,Extend,0.088725,0.127313,1.655382,0.548105,5.935558
Fast,RearOverhand,Extend,0.089250,0.126239,1.653318,0.550146,5.894938
Fast,RearOverhand,Extend,0.089775,0.125175,1.651262,0.552167,5.852227
Fast,RearOverhand,Extend,0.090300,0.124123,1.649215,0.554166,5.806951
Fast,RearOverhand,Extend,0.090825,0.123082,1.647178,0.556144,5.759753
Fast,RearOverhand,Extend,0.091350,0.122053,1.645153,0.558100,5.710525
Fast,RearOverhand,Extend,0.091875,0.121035,1.643140,0.560033,5.658891
Fast,RearOverhand,Extend,0.092400,0.120030,1.641141,0.561944,5.604967
Fast,RearOverhand,Extend,0.092925,0.119036,1.639157,0.563832,5.549189
Fast,RearOverhand,Extend,0.093450,0.118055,1.637189,0.565696,5.491327
Fast,RearOverhand,Extend,0.093975,0.117086,1.635238,0.567537,5.431133
Fast,RearOverhand,Extend,0.094500,0.116130,1.633306,0.569353,5.369288
Fast,RearOverhand,Extend,0.095025,0.115187,1.631394,0.571145,5.305112
Fast,RearOverhand,Extend,0.095550,0.114257,1.629502,0.572911,5.239159
Fast,RearOverhand,Extend,0.096075,0.113341,1.627631,0.574653,5.171140
Fast,RearOverhand,Extend,0.096600,0.112438,1.625783,0.576368,5.101474
Fast,RearOverhand,Extend,0.097125,0.111549,1.623959,0.578058,5.029461
Fast,RearOverhand,Extend,0.097650,0.110673,1.622159,0.579721,4.956129
Fast,RearOverhand,Extend,0.098175,0.109812,1.620385,0.581357,4.880774
Fast,RearOverhand,Extend,0.098700,0.108966,1.618637,0.582965,4.803499
Fast,RearOverhand,Extend,0.099225,0.108134,1.616917,0.584546,4.724833
Fast,RearOverhand,Extend,0.099750,0.107316,1.615224,0.586099,4.644237
Fast,RearOverhand,Extend,0.100275,0.106514,1.613560,0.587624,4.562118
Fast,RearOverhand,Extend,0.100800,0.105727,1.611925,0.589119,4.478251
Fast,RearOverhand,Extend,0.101325,0.104955,1.610321,0.590586,4.393035
Fast,RearOverhand,Extend,0.101850,0.104199,1.608748,0.592022,4.305951
Fast,RearOverhand,Extend,0.102375,0.103458,1.607207,0.593429,4.217709
Fast,RearOverhand,Extend,0.102900,0.102734,1.605698,0.594806,4.127363
Fast,RearOverhand,Extend,0.103425,0.102026,1.604223,0.596151,4.036285
Fast,RearOverhand,Extend,0.103950,0.101334,1.602781,0.597466,3.943377
Fast,RearOverhand,Extend,0.104475,0.100659,1.601373,0.598749,3.849265
Fast,RearOverhand,Extend,0.105000,0.100000,1.600000,0.600000,3.753711
Fast,RearOverhand,Recover,0.001500,0.101791,1.597911,0.595224,3.674813
Fast,RearOverhand,Recover,0.003000,0.103564,1.595842,0.590496,3.638042
Fast,RearOverhand,Recover,0.004500,0.105319,1.593794,0.585815,3.601475
Fast,RearOverhand,Recover,0.006000,0.107057,1.591767,0.581182,3.565079
Fast,RearOverhand,Recover,0.007500,0.108777,1.589760,0.576595,3.528986
Fast,RearOverhand,Recover,0.009000,0.110479,1.587774,0.572055,3.492876
Fast,RearOverhand,Recover,0.010500,0.112164,1.585809,0.567562,3.457116
Fast,RearOverhand,Recover,0.012000,0.113832,1.583863,0.563116,3.421417
Fast,RearOverhand,Recover,0.013500,0.115482,1.581938,0.558715,3.386000
Fast,RearOverhand,Recover,0.015000,0.117115,1.580032,0.554360,3.350733
Fast,RearOverhand,Recover,0.016500,0.118731,1.578147,0.550051,3.315604
Fast,RearOverhand,Recover,0.018000,0.120330,1.576282,0.545787,3.280747
Fast,RearOverhand,Recover,0.019500,0.121912,1.574436,0.541568,3.246019
Fast,RearOverhand,Recover,0.021000,0.123477,1.572610,0.537394,3.211475
Fast,RearOverhand,Recover,0.022500,0.125026,1.570804,0.533265,3.177156
Fast,RearOverhand,Recover,0.024000,0.126557,1.569016,0.529180,3.142983
Fast,RearOverhand,Recover,0.025500,0.128073,1.567249,0.525140,3.108974
Fast,RearOverhand,Recover,0.027000,0.129572,1.565500,0.521143,3.075217
Fast,RearOverhand,Recover,0.028500,0.131054,1.563771,0.517190,3.041575
Fast,RearOverhand,Recover,0.030000,0.132520,1.562060,0.513280,3.008196
Fast,RearOverhand,Recover,0.031500,0.133970,1.560368,0.509414,2.974932
Fast,RearOverhand,Recover,0.033000,0.135404,1.558696,0.505590,2.941894
Fast,RearOverhand,Recover,0.034500,0.136822,1.557042,0.501809,2.908974
Fast,RearOverhand,Recover,0.036000,0.138223,1.555406,0.498071,2.876357
Fast,RearOverhand,Recover,0.037500,0.139609,1.553789,0.494375,2.843781
Fast,RearOverhand,Recover,0.039000,0.140980,1.552190,0.490721,2.811539
Fast,RearOverhand,Recover,0.040500,0.142334,1.550610,0.487109,2.779372
Fast,RearOverhand,Recover,0.042000,0.143673,1.549048,0.483538,2.747457
Fast,RearOverhand,Recover,0.043500,0.144997,1.547504,0.480009,2.715647
Fast,RearOverhand,Recover,0.045000,0.146305,1.545977,0.476520,2.684110
Fast,RearOverhand,Recover,0.046500,0.147598,1.544469,0.473072,2.652659
Fast,RearOverhand,Recover,0.048000,0.148876,1.542979,0.469665,2.621496
Fast,RearOverhand,Recover,0.049500,0.150138,1.541506,0.466299,2.590503
Fast,RearOverhand,Recover,0.051000,0.151386,1.540050,0.462972,2.559583
Fast,RearOverhand,Recover,0.052500,0.152618,1.538612,0.459685,2.528981
Fast,RearOverhand,Recover,0.054000,0.153836,1.537192,0.456438,2.498534
Fast,RearOverhand,Recover,0.055500,0.155039,1.535788,0.453230,2.468232
Fast,RearOverhand,Recover,0.057000,0.156227,1.534402,0.450061,2.438092
Fast,RearOverhand,Recover,0.058500,0.157401,1.533032,0.446931,2.408209
Fast,RearOverhand,Recover,0.060000,0.158560,1.531680,0.443840,2.378500
Fast,RearOverhand,Recover,0.061500,0.159705,1.530344,0.440787,2.348938
Fast,RearOverhand,Recover,0.063000,0.160835,1.529025,0.437773,2.319542
Fast,RearOverhand,Recover,0.064500,0.161952,1.527723,0.434796,2.290372
Fast,RearOverhand,Recover,0.066000,0.163054,1.526437,0.431857,2.261439
Fast,RearOverhand,Recover,0.067500,0.164142,1.525168,0.428955,2.232575
Fast,RearOverhand,Recover,0.069000,0.165216,1.523915,0.426091,2.203953
Fast,RearOverhand,Recover,0.070500,0.166276,1.522678,0.423263,2.175548
Fast,RearOverhand,Recover,0.072000,0.167323,1.521457,0.420472,2.147263
Fast,RearOverhand,Recover,0.073500,0.168356,1.520252,0.417718,2.119228
Fast,RearOverhand,Recover,0.075000,0.169375,1.519063,0.415000,2.091315
Fast,RearOverhand,Recover,0.076500,0.170381,1.517889,0.412318,2.063635
Fast,RearOverhand,Recover,0.078000,0.171373,1.516731,0.409672,2.036109
Fast,RearOverhand,Recover,0.079500,0.172352,1.515589,0.407061,2.008757
Fast,RearOverhand,Recover,0.081000,0.173318,1.514462,0.404485,1.981690
Fast,RearOverhand,Recover,0.082500,0.174271,1.513351,0.401945,1.954661
Fast,RearOverhand,Recover,0.084000,0.175210,1.512255,0.399439,1.927901
Fast,RearOverhand,Recover,0.085500,0.176137,1.511174,0.396968,1.901298
Fast,RearOverhand,Recover,0.087000,0.177051,1.510108,0.394532,1.874923
Fast,RearOverhand,Recover,0.088500,0.177952,1.509056,0.392129,1.848643
Fast,RearOverhand,Recover,0.090000,0.178840,1.508020,0.389760,1.822652
Fast,RearOverhand,Recover,0.091500,0.179716,1.506998,0.387425,1.796791
Fast,RearOverhand,Recover,0.093000,0.180579,1.505991,0.385123,1.771135
Fast,RearOverhand,Recover,0.094500,0.181430,1.504999,0.382854,1.745637
Fast,RearOverhand,Recover,0.096000,0.182268,1.504021,0.380618,1.720325
Fast,RearOverhand,Recover,0.097500,0.183094,1.503057,0.378415,1.695220
Fast,RearOverhand,Recover,0.099000,0.183908,1.502107,0.376244,1.670306
Fast,RearOverhand,Recover,0.100500,0.184710,1.501171,0.374106,1.645554
Fast,RearOverhand,Recover,0.102000,0.185501,1.500250,0.371999,1.620994
Fast,RearOverhand,Recover,0.103500,0.186279,1.499342,0.369924,1.596627
Fast,RearOverhand,Recover,0.105000,0.187045,1.498448,0.367880,1.572418
Fast,RearOverhand,Recover,0.106500,0.187800,1.497567,0.365868,1.548443
Fast,RearOverhand,Recover,0.108000,0.188543,1.496700,0.363886,1.524591
Fast,RearOverhand,Recover,0.109500,0.189274,1.495847,0.361935,1.500957
Fast,RearOverhand,Recover,0.111000,0.189994,1.495007,0.360015,1.477533
Fast,RearOverhand,Recover,0.112500,0.190703,1.494180,0.358125,1.454206
Fast,RearOverhand,Recover,0.114000,0.191401,1.493366,0.356265,1.431175
Fast,RearOverhand,Recover,0.115500,0.192087,1.492565,0.354435,1.408262
Fast,RearOverhand,Recover,0.117000,0.192762,1.491777,0.352634,1.385514
Fast,RearOverhand,Recover,0.118500,0.193427,1.491002,0.350862,1.363060
Fast,RearOverhand,Recover,0.120000,0.194080,1.490240,0.349120,1.340642
Fast,RearOverhand,Recover,0.121500,0.194723,1.489490,0.347406,1.318543
Fast,RearOverhand,Recover,0.123000,0.195355,1.488753,0.345721,1.296554
Fast,RearOverhand,Recover,0.124500,0.195976,1.488028,0.344065,1.274728
Fast,RearOverhand,Recover,0.126000,0.196587,1.487316,0.342436,1.253177
Fast,RearOverhand,Recover,0.127500,0.197187,1.486615,0.340835,1.231716
Fast,RearOverhand,Recover,0.129000,0.197777,1.485927,0.339262,1.210462
Fast,RearOverhand,Recover,0.130500,0.198357,1.485251,0.337716,1.189473
Fast,RearOverhand,Recover,0.132000,0.198926,1.484586,0.336197,1.168553
Fast,RearOverhand,Recover,0.133500,0.199486,1.483934,0.334705,1.147898
Fast,RearOverhand,Recover,0.135000,0.200035,1.483293,0.333240,1.127373
Fast,RearOverhand,Recover,0.136500,0.200575,1.482663,0.331801,1.107099
Fast,RearOverhand,Recover,0.138000,0.201104,1.482045,0.330389,1.086954
Fast,RearOverhand,Recover,0.139500,0.201624,1.481438,0.329002,1.066995
Fast,RearOverhand,Recover,0.141000,0.202135,1.480843,0.327641,1.047236
Fast,RearOverhand,Recover,0.142500,0.202636,1.480258,0.326305,1.027684
Fast,RearOverhand,Recover,0.144000,0.203127,1.479685,0.324995,1.008275
Fast,RearOverhand,Recover,0.145500,0.203609,1.479123,0.323709,0.989098
Fast,RearOverhand,Recover,0.147000,0.204082,1.478571,0.322448,0.970054
Fast,RearOverhand,Recover,0.148500,0.204546,1.478030,0.321212,0.951207
Fast,RearOverhand,Recover,0.150000,0.205000,1.477500,0.320000,0.932579
Fast,RearOverhand,Recover,0.151500,0.205446,1.476980,0.318812,0.914086
Fast,RearOverhand,Recover,0.153000,0.205882,1.476471,0.317648,0.895832
Fast,RearOverhand,Recover,0.154500,0.206310,1.475972,0.316507,0.877748
Fast,RearOverhand,Recover,0.156000,0.206729,1.475483,0.315390,0.859806
Fast,RearOverhand,Recover,0.157500,0.207139,1.475004,0.314295,0.842094
Fast,RearOverhand,Recover,0.159000,0.207541,1.474535,0.313223,0.824561
Fast,RearOverhand,Recover,0.160500,0.207935,1.474076,0.312174,0.807179
Fast,RearOverhand,Recover,0.162000,0.208320,1.473627,0.311148,0.790015
Fast,RearOverhand,Recover,0.163500,0.208696,1.473188,0.310143,0.773016
Fast,RearOverhand,Recover,0.165000,0.209065,1.472758,0.309160,0.756223
Fast,RearOverhand,Recover,0.166500,0.209426,1.472337,0.308199,0.739613
Fast,RearOverhand,Recover,0.168000,0.209778,1.471926,0.307259,0.723184
Fast,RearOverhand,Recover,0.169500,0.210123,1.471524,0.306340,0.706881
Fast,RearOverhand,Recover,0.171000,0.210459,1.471131,0.305442,0.690877
Fast,RearOverhand,Recover,0.172500,0.210788,1.470747,0.304565,0.674949
Fast,RearOverhand,Recover,0.174000,0.211109,1.470372,0.303708,0.659285
Fast,RearOverhand,Recover,0.175500,0.211423,1.470006,0.302872,0.643759
Fast,RearOverhand,Recover,0.177000,0.211730,1.469649,0.302055,0.628439
Fast,RearOverhand,Recover,0.178500,0.212028,1.469300,0.301258,0.613288
Fast,RearOverhand,Recover,0.180000,0.212320,1.468960,0.300480,0.598332
Fast,RearOverhand,Recover,0.181500,0.212604,1.468628,0.299722,0.583581
Fast,RearOverhand,Recover,0.183000,0.212882,1.468305,0.298982,0.568944
Fast,RearOverhand,Recover,0.184500,0.213152,1.467989,0.298261,0.554605
Fast,RearOverhand,Recover,0.186000,0.213415,1.467682,0.297559,0.540342
Fast,RearOverhand,Recover,0.187500,0.213672,1.467383,0.296875,0.526293
Fast,RearOverhand,Recover,0.189000,0.213922,1.467091,0.296209,0.512495
Fast,RearOverhand,Recover,0.190500,0.214165,1.466808,0.295561,0.498787
Fast,RearOverhand,Recover,0.192000,0.214401,1.466532,0.294930,0.485327
Fast,RearOverhand,Recover,0.193500,0.214631,1.466264,0.294316,0.472013
Fast,RearOverhand,Recover,0.195000,0.214855,1.466003,0.293720,0.458914
Fast,RearOverhand,Recover,0.196500,0.215072,1.465749,0.293140,0.446019
Fast,RearOverhand,Recover,0.198000,0.215284,1.465503,0.292577,0.433220
Fast,RearOverhand,Recover,0.199500,0.215489,1.465263,0.292031,0.420713
Fast,RearOverhand,Recover,0.201000,0.215688,1.465031,0.291500,0.408292
Fast,RearOverhand,Recover,0.202500,0.215881,1.464806,0.290985,0.396156
Fast,RearOverhand,Recover,0.204000,0.216068,1.464588,0.290486,0.384109
Fast,RearOverhand,Recover,0.205500,0.216249,1.464376,0.290002,0.372307
Fast,RearOverhand,Recover,0.207000,0.216425,1.464171,0.289533,0.360683
Fast,RearOverhand,Recover,0.208500,0.216595,1.463972,0.289079,0.349221
Fast,RearOverhand,Recover,0.210000,0.216760,1.463780,0.288640,0.337971
Fast,RearOverhand,Recover,0.211500,0.216919,1.463594,0.288215,0.326874
Fast,RearOverhand,Recover,0.213000,0.217073,1.463415,0.287805,0.315979
Fast,RearOverhand,Recover,0.214500,0.217222,1.463241,0.287408,0.305303
Fast,RearOverhand,Recover,0.216000,0.217366,1.463073,0.287025,0.294722
Fast,RearOverhand,Recover,0.217500,0.217504,1.462912,0.286655,0.284424
Fast,RearOverhand,Recover,0.219000,0.217638,1.462756,0.286299,0.274247
Fast,RearOverhand,Recover,0.220500,0.217767,1.462605,0.285955,0.264287
Fast,RearOverhand,Recover,0.222000,0.217891,1.462461,0.285624,0.254511
Fast,RearOverhand,Recover,0.223500,0.218010,1.462321,0.285306,0.244892
Fast,RearOverhand,Recover,0.225000,0.218125,1.462188,0.285000,0.235470
Fast,RearOverhand,Recover,0.226500,0.218235,1.462059,0.284706,0.226232
Fast,RearOverhand,Recover,0.228000,0.218341,1.461935,0.284424,0.217199
Fast,RearOverhand,Recover,0.229500,0.218443,1.461817,0.284153,0.208332
Fast,RearOverhand,Recover,0.231000,0.218540,1.461703,0.283893,0.199650
Fast,RearOverhand,Recover,0.232500,0.218633,1.461595,0.283645,0.191157
Fast,RearOverhand,Recover,0.234000,0.218722,1.461491,0.283407,0.182843
Fast,RearOverhand,Recover,0.235500,0.218807,1.461391,0.283180,0.174715
Fast,RearOverhand,Recover,0.237000,0.218889,1.461297,0.282964,0.166788
Fast,RearOverhand,Recover,0.238500,0.218966,1.461206,0.282757,0.159017
Fast,RearOverhand,Recover,0.240000,0.219040,1.461120,0.282560,0.151451
Fast,RearOverhand,Recover,0.241500,0.219110,1.461038,0.282373,0.144070
Fast,RearOverhand,Recover,0.243000,0.219177,1.460960,0.282195,0.136875
Fast,RearOverhand,Recover,0.244500,0.219240,1.460886,0.282026,0.129844
Fast,RearOverhand,Recover,0.246000,0.219300,1.460817,0.281866,0.123009
Fast,RearOverhand,Recover,0.247500,0.219357,1.460750,0.281715,0.116373
Fast,RearOverhand,Recover,0.249000,0.219410,1.460688,0.281572,0.109900
Fast,RearOverhand,Recover,0.250500,0.219461,1.460629,0.281438,0.103618
Fast,RearOverhand,Recover,0.252000,0.219509,1.460573,0.281311,0.097543
Fast,RearOverhand,Recover,0.253500,0.219553,1.460521,0.281192,0.091632
Fast,RearOverhand,Recover,0.255000,0.219595,1.460473,0.281080,0.085875
Fast,RearOverhand,Recover,0.256500,0.219634,1.460427,0.280976,0.080389
Fast,RearOverhand,Recover,0.258000,0.219671,1.460384,0.280878,0.074965
Fast,RearOverhand,Recover,0.259500,0.219705,1.460344,0.280787,0.069874
Fast,RearOverhand,Recover,0.261000,0.219736,1.460308,0.280703,0.064835
Fast,RearOverhand,Recover,0.262500,0.219766,1.460274,0.280625,0.060024
Fast,RearOverhand,Recover,0.264000,0.219793,1.460242,0.280553,0.055461
Fast,RearOverhand,Recover,0.265500,0.219818,1.460213,0.280487,0.050990
Fast,RearOverhand,Recover,0.267000,0.219840,1.460186,0.280426,0.046758
Fast,RearOverhand,Recover,0.268500,0.219861,1.460162,0.280370,0.042655
Fast,RearOverhand,Recover,0.270000,0.219880,1.460140,0.280320,0.038847
Fast,RearOverhand,Recover,0.271500,0.219897,1.460120,0.280274,0.035096
Fast,RearOverhand,Recover,0.273000,0.219913,1.460102,0.280233,0.031605
Fast,RearOverhand,Recover,0.274500,0.219926,1.460086,0.280197,0.028299
Fast,RearOverhand,Recover,0.276000,0.219939,1.460072,0.280164,0.025136
Fast,RearOverhand,Recover,0.277500,0.219949,1.460059,0.280135,0.022201
Fast,RearOverhand,Recover,0.279000,0.219959,1.460048,0.280110,0.019402
Fast,RearOverhand,Recover,0.280500,0.219967,1.460038,0.280088,0.016872
Fast,RearOverhand,Recover,0.282000,0.219974,1.460030,0.280069,0.014397
Fast,RearOverhand,Recover,0.283500,0.219980,1.460023,0.280053,0.012244
Fast,RearOverhand,Recover,0.285000,0.219985,1.460018,0.280040,0.010164
Fast,RearOverhand,Recover,0.286500,0.219989,1.460013,0.280029,0.008335
Fast,RearOverhand,Recover,0.288000,0.219992,1.460009,0.280021,0.006694
Fast,RearOverhand,Recover,0.289500,0.219995,1.460006,0.280014,0.005213
Fast,RearOverhand,Recover,0.291000,0.219997,1.460004,0.280009,0.003882
Fast,RearOverhand,Recover,0.292500,0.219998,1.460002,0.280005,0.002816
Fast,RearOverhand,Recover,0.294000,0.219999,1.460001,0.280003,0.001886
Fast,RearOverhand,Recover,0.295500,0.220000,1.460001,0.280001,0.001128
Fast,RearOverhand,Recover,0.297000,0.220000,1.460000,0.280000,0.000582
Fast,RearOverhand,Recover,0.298500,0.220000,1.460000,0.280000,0.000225
Fast,RearOverhand,Recover,0.300000,0.220000,1.460000,0.280000,0.000022
